id_celda,area_km2,delitos_ponderados,cant_paradas,densidad_delitos,densidad_paradas
385,0.0625,0.15,0.0,2.4,0.0
483,0.0625,0.15,0.0,2.4,0.0
671,0.0625,0.3,0.0,4.8,0.0
893,0.0625,0.15,0.0,2.4,0.0
991,0.0625,0.3,0.0,4.8,0.0
1439,0.0625,0.44999999999999996,0.0,7.199999999999999,0.0
1690,0.0625,0.15,0.0,2.4,0.0
1839,0.0625,5.1,0.0,81.6,0.0
1992,0.0625,0.15,0.0,2.4,0.0
2000,0.0625,0.75,0.0,12.0,0.0
2430,0.0625,0.15,0.0,2.4,0.0
2433,0.0625,0.15,0.0,2.4,0.0
2626,0.0625,0.15,0.0,2.4,0.0
2664,0.0625,0.15,0.0,2.4,0.0
2684,0.0625,0.15,0.0,2.4,0.0
2744,0.0625,0.15,0.0,2.4,0.0
2750,0.0625,0.15,0.0,2.4,0.0
2777,0.0625,0.3,0.0,4.8,0.0
2793,0.0625,0.15,0.0,2.4,0.0
2900,0.0625,0.15,0.0,2.4,0.0
3009,0.0625,0.15,0.0,2.4,0.0
3010,0.0625,0.15,0.0,2.4,0.0
3060,0.0625,0.3,0.0,4.8,0.0
3202,0.0625,0.15,0.0,2.4,0.0
3275,0.0625,0.15,0.0,2.4,0.0
3302,0.0625,0.15,0.0,2.4,0.0
3303,0.0625,0.15,0.0,2.4,0.0
3306,0.0625,5.25,0.0,84.0,0.0
3307,0.0625,1.05,0.0,16.8,0.0
3308,0.0625,3.3,0.0,52.8,0.0
3309,0.0625,1.5999999999999999,1.0,25.599999999999998,16.0
3310,0.0625,3.35,0.0,53.6,0.0
3311,0.0625,10.85,0.0,173.6,0.0
3312,0.0625,3.5999999999999996,0.0,57.599999999999994,0.0
3313,0.0625,1.3499999999999999,0.0,21.599999999999998,0.0
3314,0.0625,6.95,0.0,111.2,0.0
3315,0.0625,17.35,0.0,277.6,0.0
3316,0.0625,24.85,0.0,397.6,0.0
3324,0.0625,0.6,0.0,9.6,0.0
3346,0.0625,0.15,0.0,2.4,0.0
3383,0.0625,0.44999999999999996,0.0,7.199999999999999,0.0
3403,0.0625,10.0,0.0,160.0,0.0
3404,0.0625,8.75,0.0,140.0,0.0
3405,0.0625,51.45,0.0,823.2,0.0
3406,0.0625,13.45,0.0,215.2,0.0
3407,0.0625,32.95,0.0,527.2,0.0
3408,0.0625,96.65,6.0,1546.4,96.0
3409,0.0625,62.949999999999996,6.0,1007.1999999999999,96.0
3410,0.0625,145.85,3.0,2333.6,48.0
3411,0.0625,405.0,2.0,6480.0,32.0
3412,0.0625,183.95,2.0,2943.2,32.0
3413,0.0625,29.4,0.0,470.4,0.0
3414,0.0625,107.4,0.0,1718.4,0.0
3415,0.0625,87.15,1.0,1394.4,16.0
3416,0.0625,47.75,1.0,764.0,16.0
3417,0.0625,58.8,0.0,940.8,0.0
3418,0.0625,44.25,3.0,708.0,48.0
3419,0.0625,90.7,1.0,1451.2,16.0
3420,0.0625,55.35,0.0,885.6,0.0
3421,0.0625,65.95,1.0,1055.2,16.0
3422,0.0625,106.3,3.0,1700.8,48.0
3423,0.0625,147.5,6.0,2360.0,96.0
3424,0.0625,79.1,0.0,1265.6,0.0
3425,0.0625,36.4,2.0,582.4,32.0
3426,0.0625,42.3,3.0,676.8,48.0
3427,0.0625,65.9,0.0,1054.4,0.0
3428,0.0625,1.75,0.0,28.0,0.0
3441,0.0625,0.3,0.0,4.8,0.0
3454,0.0625,1.65,0.0,26.4,0.0
3503,0.0625,0.15,0.0,2.4,0.0
3511,0.0625,0.95,0.0,15.2,0.0
3512,0.0625,29.0,0.0,464.0,0.0
3513,0.0625,27.7,1.0,443.2,16.0
3514,0.0625,30.25,1.0,484.0,16.0
3515,0.0625,52.95,0.0,847.2,0.0
3516,0.0625,50.65,1.0,810.4,16.0
3517,0.0625,58.95,1.0,943.2,16.0
3518,0.0625,112.85,0.0,1805.6,0.0
3519,0.0625,126.3,1.0,2020.8,16.0
3520,0.0625,612.95,5.0,9807.2,80.0
3521,0.0625,365.15,5.0,5842.4,80.0
3522,0.0625,108.6,3.0,1737.6,48.0
3523,0.0625,79.65,3.0,1274.4,48.0
3524,0.0625,37.0,0.0,592.0,0.0
3525,0.0625,57.1,2.0,913.6,32.0
3526,0.0625,29.75,0.0,476.0,0.0
3527,0.0625,31.8,1.0,508.8,16.0
3528,0.0625,48.3,3.0,772.8,48.0
3529,0.0625,44.8,0.0,716.8,0.0
3530,0.0625,38.4,1.0,614.4,16.0
3531,0.0625,63.4,0.0,1014.4,0.0
3532,0.0625,63.95,0.0,1023.2,0.0
3533,0.0625,91.75,3.0,1468.0,48.0
3534,0.0625,62.6,0.0,1001.6,0.0
3535,0.0625,77.25,2.0,1236.0,32.0
3536,0.0625,36.25,0.0,580.0,0.0
3537,0.0625,41.65,2.0,666.4,32.0
3538,0.0625,7.2,1.0,115.2,16.0
3539,0.0625,7.4,0.0,118.4,0.0
3540,0.0625,0.75,0.0,12.0,0.0
3549,0.0625,0.44999999999999996,0.0,7.199999999999999,0.0
3562,0.0625,0.15,0.0,2.4,0.0
3619,0.0625,0.8999999999999999,0.0,14.399999999999999,0.0
3620,0.0625,59.35,3.0,949.6,48.0
3621,0.0625,47.3,1.0,756.8,16.0
3622,0.0625,44.7,0.0,715.2,0.0
3623,0.0625,47.4,1.0,758.4,16.0
3624,0.0625,65.5,0.0,1048.0,0.0
3625,0.0625,41.25,1.0,660.0,16.0
3626,0.0625,44.35,0.0,709.6,0.0
3627,0.0625,71.55,0.0,1144.8,0.0
3628,0.0625,87.45,1.0,1399.2,16.0
3629,0.0625,214.5,4.0,3432.0,64.0
3630,0.0625,165.3,4.0,2644.8,64.0
3631,0.0625,101.05,0.0,1616.8,0.0
3632,0.0625,118.15,3.0,1890.4,48.0
3633,0.0625,44.5,0.0,712.0,0.0
3634,0.0625,41.8,1.0,668.8,16.0
3635,0.0625,53.1,1.0,849.6,16.0
3636,0.0625,35.4,0.0,566.4,0.0
3637,0.0625,46.6,1.0,745.6,16.0
3638,0.0625,52.95,2.0,847.2,32.0
3639,0.0625,60.75,1.0,972.0,16.0
3640,0.0625,45.9,0.0,734.4,0.0
3641,0.0625,54.2,0.0,867.2,0.0
3642,0.0625,65.65,0.0,1050.4,0.0
3643,0.0625,152.25,10.0,2436.0,160.0
3644,0.0625,72.0,0.0,1152.0,0.0
3645,0.0625,40.1,1.0,641.6,16.0
3646,0.0625,44.7,1.0,715.2,16.0
3647,0.0625,13.75,1.0,220.0,16.0
3648,0.0625,34.3,3.0,548.8,48.0
3649,0.0625,87.6,2.0,1401.6,32.0
3650,0.0625,10.3,0.0,164.8,0.0
3651,0.0625,0.5,0.0,8.0,0.0
3656,0.0625,0.3,0.0,4.8,0.0
3663,0.0625,0.3,0.0,4.8,0.0
3727,0.0625,1.5,0.0,24.0,0.0
3728,0.0625,28.15,0.0,450.4,0.0
3729,0.0625,34.2,0.0,547.2,0.0
3730,0.0625,80.65,3.0,1290.4,48.0
3731,0.0625,41.85,0.0,669.6,0.0
3732,0.0625,33.95,1.0,543.2,16.0
3733,0.0625,38.85,0.0,621.6,0.0
3734,0.0625,29.25,0.0,468.0,0.0
3735,0.0625,34.85,2.0,557.6,32.0
3736,0.0625,44.9,1.0,718.4,16.0
3737,0.0625,104.35,0.0,1669.6,0.0
3738,0.0625,139.75,0.0,2236.0,0.0
3739,0.0625,92.2,3.0,1475.2,48.0
3740,0.0625,54.55,0.0,872.8,0.0
3741,0.0625,61.15,6.0,978.4,96.0
3742,0.0625,46.1,1.0,737.6,16.0
3743,0.0625,33.95,0.0,543.2,0.0
3744,0.0625,40.5,1.0,648.0,16.0
3745,0.0625,60.2,1.0,963.2,16.0
3746,0.0625,74.15,1.0,1186.4,16.0
3747,0.0625,54.55,5.0,872.8,80.0
3748,0.0625,51.7,0.0,827.2,0.0
3749,0.0625,46.65,0.0,746.4,0.0
3750,0.0625,52.65,1.0,842.4,16.0
3751,0.0625,98.3,0.0,1572.8,0.0
3752,0.0625,37.5,2.0,600.0,32.0
3753,0.0625,116.65,8.0,1866.4,128.0
3754,0.0625,31.4,0.0,502.4,0.0
3755,0.0625,33.65,1.0,538.4,16.0
3756,0.0625,39.25,4.0,628.0,64.0
3757,0.0625,30.25,0.0,484.0,0.0
3758,0.0625,31.75,0.0,508.0,0.0
3759,0.0625,26.6,1.0,425.6,16.0
3760,0.0625,40.95,2.0,655.2,32.0
3761,0.0625,39.15,0.0,626.4,0.0
3762,0.0625,0.44999999999999996,0.0,7.199999999999999,0.0
3763,0.0625,1.0,0.0,16.0,0.0
3779,0.0625,0.15,0.0,2.4,0.0
3835,0.0625,3.2,0.0,51.2,0.0
3836,0.0625,12.3,1.0,196.8,16.0
3837,0.0625,32.7,0.0,523.2,0.0
3838,0.0625,44.35,0.0,709.6,0.0
3839,0.0625,59.25,1.0,948.0,16.0
3840,0.0625,47.15,4.0,754.4,64.0
3841,0.0625,31.05,0.0,496.8,0.0
3842,0.0625,49.95,0.0,799.2,0.0
3843,0.0625,28.25,1.0,452.0,16.0
3844,0.0625,43.95,2.0,703.2,32.0
3845,0.0625,60.45,2.0,967.2,32.0
3846,0.0625,71.35,0.0,1141.6,0.0
3847,0.0625,136.45,6.0,2183.2,96.0
3848,0.0625,67.4,6.0,1078.4,96.0
3849,0.0625,3.6,0.0,57.6,0.0
3850,0.0625,400.15,1.0,6402.4,16.0
3851,0.0625,100.6,3.0,1609.6,48.0
3852,0.0625,51.5,0.0,824.0,0.0
3853,0.0625,26.4,1.0,422.4,16.0
3854,0.0625,50.15,0.0,802.4,0.0
3855,0.0625,55.85,1.0,893.6,16.0
3856,0.0625,53.25,0.0,852.0,0.0
3857,0.0625,45.9,1.0,734.4,16.0
3858,0.0625,54.1,0.0,865.6,0.0
3859,0.0625,81.3,3.0,1300.8,48.0
3860,0.0625,44.45,0.0,711.2,0.0
3861,0.0625,60.3,2.0,964.8,32.0
3862,0.0625,45.25,0.0,724.0,0.0
3863,0.0625,105.65,3.0,1690.4,48.0
3864,0.0625,35.3,2.0,564.8,32.0
3865,0.0625,42.65,1.0,682.4,16.0
3866,0.0625,22.95,2.0,367.2,32.0
3867,0.0625,24.45,1.0,391.2,16.0
3868,0.0625,28.05,1.0,448.8,16.0
3869,0.0625,35.85,0.0,573.6,0.0
3870,0.0625,24.95,0.0,399.2,0.0
3871,0.0625,56.75,1.0,908.0,16.0
3872,0.0625,22.25,0.0,356.0,0.0
3873,0.0625,18.35,1.0,293.6,16.0
3874,0.0625,3.05,0.0,48.8,0.0
3943,0.0625,2.85,0.0,45.6,0.0
3944,0.0625,208.75,0.0,3340.0,0.0
3945,0.0625,40.4,0.0,646.4,0.0
3946,0.0625,40.05,0.0,640.8,0.0
3947,0.0625,53.85,0.0,861.6,0.0
3948,0.0625,42.1,0.0,673.6,0.0
3949,0.0625,47.25,3.0,756.0,48.0
3950,0.0625,48.05,1.0,768.8,16.0
3951,0.0625,63.9,2.0,1022.4,32.0
3952,0.0625,54.05,0.0,864.8,0.0
3953,0.0625,47.1,0.0,753.6,0.0
3954,0.0625,45.35,1.0,725.6,16.0
3955,0.0625,44.85,0.0,717.6,0.0
3956,0.0625,187.05,3.0,2992.8,48.0
3957,0.0625,56.75,0.0,908.0,0.0
3959,0.0625,2.9,0.0,46.4,0.0
3960,0.0625,62.75,0.0,1004.0,0.0
3961,0.0625,54.2,2.0,867.2,32.0
3962,0.0625,33.55,0.0,536.8,0.0
3963,0.0625,64.65,3.0,1034.4,48.0
3964,0.0625,45.1,0.0,721.6,0.0
3965,0.0625,52.6,0.0,841.6,0.0
3966,0.0625,38.55,1.0,616.8,16.0
3967,0.0625,110.15,3.0,1762.4,48.0
3968,0.0625,53.25,0.0,852.0,0.0
3969,0.0625,49.7,2.0,795.2,32.0
3970,0.0625,44.15,0.0,706.4,0.0
3971,0.0625,181.9,1.0,2910.4,16.0
3972,0.0625,124.25,4.0,1988.0,64.0
3973,0.0625,67.55,0.0,1080.8,0.0
3974,0.0625,16.95,0.0,271.2,0.0
3975,0.0625,23.75,0.0,380.0,0.0
3976,0.0625,32.15,1.0,514.4,16.0
3977,0.0625,24.0,0.0,384.0,0.0
3978,0.0625,32.05,2.0,512.8,32.0
3979,0.0625,25.4,0.0,406.4,0.0
3980,0.0625,36.55,0.0,584.8,0.0
3981,0.0625,28.849999999999998,0.0,461.59999999999997,0.0
3982,0.0625,50.75,0.0,812.0,0.0
3983,0.0625,101.95,0.0,1631.2,0.0
3984,0.0625,15.15,1.0,242.4,16.0
3985,0.0625,3.4,0.0,54.4,0.0
3986,0.0625,1.6,0.0,25.6,0.0
4051,0.0625,0.75,0.0,12.0,0.0
4052,0.0625,31.9,0.0,510.4,0.0
4053,0.0625,77.8,3.0,1244.8,48.0
4054,0.0625,68.7,2.0,1099.2,32.0
4055,0.0625,52.45,0.0,839.2,0.0
4056,0.0625,37.9,0.0,606.4,0.0
4057,0.0625,50.4,0.0,806.4,0.0
4058,0.0625,49.6,0.0,793.6,0.0
4059,0.0625,65.7,1.0,1051.2,16.0
4060,0.0625,209.3,4.0,3348.8,64.0
4061,0.0625,53.55,0.0,856.8,0.0
4062,0.0625,46.75,0.0,748.0,0.0
4063,0.0625,58.15,1.0,930.4,16.0
4064,0.0625,65.35,0.0,1045.6,0.0
4065,0.0625,94.5,4.0,1512.0,64.0
4066,0.0625,33.4,0.0,534.4,0.0
4067,0.0625,0.3,0.0,4.8,0.0
4068,0.0625,1.5999999999999999,0.0,25.599999999999998,0.0
4069,0.0625,91.8,0.0,1468.8,0.0
4070,0.0625,33.4,1.0,534.4,16.0
4071,0.0625,41.6,3.0,665.6,48.0
4072,0.0625,54.55,1.0,872.8,16.0
4073,0.0625,49.85,1.0,797.6,16.0
4074,0.0625,53.8,0.0,860.8,0.0
4075,0.0625,85.8,0.0,1372.8,0.0
4076,0.0625,44.55,4.0,712.8,64.0
4077,0.0625,50.75,0.0,812.0,0.0
4078,0.0625,89.1,2.0,1425.6,32.0
4079,0.0625,23.85,1.0,381.6,16.0
4080,0.0625,64.9,0.0,1038.4,0.0
4081,0.0625,84.1,0.0,1345.6,0.0
4082,0.0625,106.3,0.0,1700.8,0.0
4083,0.0625,39.65,0.0,634.4,0.0
4084,0.0625,31.05,1.0,496.8,16.0
4085,0.0625,58.7,0.0,939.2,0.0
4086,0.0625,13.35,2.0,213.6,32.0
4087,0.0625,40.9,1.0,654.4,16.0
4088,0.0625,53.05,0.0,848.8,0.0
4089,0.0625,48.25,0.0,772.0,0.0
4090,0.0625,29.75,0.0,476.0,0.0
4091,0.0625,32.7,0.0,523.2,0.0
4092,0.0625,56.35,4.0,901.6,64.0
4093,0.0625,54.0,0.0,864.0,0.0
4094,0.0625,58.2,0.0,931.2,0.0
4095,0.0625,20.2,1.0,323.2,16.0
4096,0.0625,17.85,1.0,285.6,16.0
4097,0.0625,3.45,0.0,55.2,0.0
4160,0.0625,32.05,0.0,512.8,0.0
4161,0.0625,81.05,0.0,1296.8,0.0
4162,0.0625,54.1,1.0,865.6,16.0
4163,0.0625,69.05,2.0,1104.8,32.0
4164,0.0625,40.85,1.0,653.6,16.0
4165,0.0625,52.05,0.0,832.8,0.0
4166,0.0625,50.2,0.0,803.2,0.0
4167,0.0625,53.05,0.0,848.8,0.0
4168,0.0625,76.4,2.0,1222.4,32.0
4169,0.0625,47.25,1.0,756.0,16.0
4170,0.0625,30.65,0.0,490.4,0.0
4171,0.0625,54.65,0.0,874.4,0.0
4172,0.0625,41.1,1.0,657.6,16.0
4173,0.0625,47.75,0.0,764.0,0.0
4174,0.0625,100.85,6.0,1613.6,96.0
4175,0.0625,42.65,0.0,682.4,0.0
4177,0.0625,16.1,1.0,257.6,16.0
4178,0.0625,66.2,1.0,1059.2,16.0
4179,0.0625,40.0,1.0,640.0,16.0
4180,0.0625,44.5,0.0,712.0,0.0
4181,0.0625,44.85,0.0,717.6,0.0
4182,0.0625,67.75,1.0,1084.0,16.0
4183,0.0625,97.7,4.0,1563.2,64.0
4184,0.0625,49.4,1.0,790.4,16.0
4185,0.0625,55.2,0.0,883.2,0.0
4186,0.0625,42.65,1.0,682.4,16.0
4187,0.0625,61.3,4.0,980.8,64.0
4188,0.0625,25.05,0.0,400.8,0.0
4189,0.0625,46.85,0.0,749.6,0.0
4190,0.0625,58.15,0.0,930.4,0.0
4191,0.0625,68.6,1.0,1097.6,16.0
4192,0.0625,98.6,3.0,1577.6,48.0
4193,0.0625,29.9,1.0,478.4,16.0
4194,0.0625,55.75,2.0,892.0,32.0
4195,0.0625,134.6,5.0,2153.6,80.0
4196,0.0625,78.45,1.0,1255.2,16.0
4197,0.0625,45.5,0.0,728.0,0.0
4198,0.0625,36.65,0.0,586.4,0.0
4199,0.0625,31.35,0.0,501.6,0.0
4200,0.0625,40.55,1.0,648.8,16.0
4201,0.0625,56.55,1.0,904.8,16.0
4202,0.0625,54.4,2.0,870.4,32.0
4203,0.0625,27.05,0.0,432.8,0.0
4204,0.0625,40.8,0.0,652.8,0.0
4205,0.0625,22.7,0.0,363.2,0.0
4206,0.0625,26.8,2.0,428.8,32.0
4207,0.0625,37.75,0.0,604.0,0.0
4208,0.0625,13.05,1.0,208.8,16.0
4209,0.0625,0.15,1.0,2.4,16.0
4232,0.0625,0.15,0.0,2.4,0.0
4268,0.0625,26.1,0.0,417.6,0.0
4269,0.0625,59.45,0.0,951.2,0.0
4270,0.0625,51.3,1.0,820.8,16.0
4271,0.0625,41.4,1.0,662.4,16.0
4272,0.0625,60.6,0.0,969.6,0.0
4273,0.0625,101.05,4.0,1616.8,64.0
4274,0.0625,48.45,0.0,775.2,0.0
4275,0.0625,71.2,1.0,1139.2,16.0
4276,0.0625,48.15,0.0,770.4,0.0
4277,0.0625,38.9,1.0,622.4,16.0
4278,0.0625,46.85,1.0,749.6,16.0
4279,0.0625,37.25,0.0,596.0,0.0
4280,0.0625,45.85,0.0,733.6,0.0
4281,0.0625,52.35,1.0,837.6,16.0
4282,0.0625,40.95,0.0,655.2,0.0
4283,0.0625,93.4,3.0,1494.4,48.0
4284,0.0625,43.55,0.0,696.8,0.0
4286,0.0625,28.45,0.0,455.2,0.0
4287,0.0625,49.0,3.0,784.0,48.0
4288,0.0625,41.1,0.0,657.6,0.0
4289,0.0625,41.95,0.0,671.2,0.0
4290,0.0625,36.95,0.0,591.2,0.0
4291,0.0625,86.9,1.0,1390.4,16.0
4292,0.0625,77.35,4.0,1237.6,64.0
4293,0.0625,56.5,0.0,904.0,0.0
4294,0.0625,31.25,0.0,500.0,0.0
4295,0.0625,66.15,2.0,1058.4,32.0
4296,0.0625,41.65,0.0,666.4,0.0
4297,0.0625,43.4,1.0,694.4,16.0
4298,0.0625,53.4,0.0,854.4,0.0
4299,0.0625,54.9,0.0,878.4,0.0
4300,0.0625,55.45,0.0,887.2,0.0
4301,0.0625,78.7,1.0,1259.2,16.0
4302,0.0625,64.1,4.0,1025.6,64.0
4303,0.0625,44.45,1.0,711.2,16.0
4304,0.0625,85.8,3.0,1372.8,48.0
4305,0.0625,116.55,2.0,1864.8,32.0
4306,0.0625,45.05,2.0,720.8,32.0
4307,0.0625,68.55,2.0,1096.8,32.0
4308,0.0625,41.85,1.0,669.6,16.0
4309,0.0625,91.45,5.0,1463.2,80.0
4310,0.0625,47.95,2.0,767.2,32.0
4311,0.0625,50.85,0.0,813.6,0.0
4312,0.0625,58.6,1.0,937.6,16.0
4313,0.0625,58.5,1.0,936.0,16.0
4314,0.0625,26.55,1.0,424.8,16.0
4315,0.0625,34.0,1.0,544.0,16.0
4316,0.0625,35.1,1.0,561.6,16.0
4317,0.0625,45.15,3.0,722.4,48.0
4318,0.0625,23.4,1.0,374.4,16.0
4319,0.0625,15.65,2.0,250.4,32.0
4320,0.0625,2.25,0.0,36.0,0.0
4321,0.0625,0.0,1.0,0.0,16.0
4376,0.0625,48.85,0.0,781.6,0.0
4377,0.0625,66.35,0.0,1061.6,0.0
4378,0.0625,42.35,0.0,677.6,0.0
4379,0.0625,55.55,1.0,888.8,16.0
4380,0.0625,37.85,1.0,605.6,16.0
4381,0.0625,66.55,0.0,1064.8,0.0
4382,0.0625,55.45,0.0,887.2,0.0
4383,0.0625,107.85,1.0,1725.6,16.0
4384,0.0625,68.65,2.0,1098.4,32.0
4385,0.0625,52.5,0.0,840.0,0.0
4386,0.0625,41.3,0.0,660.8,0.0
4387,0.0625,54.45,1.0,871.2,16.0
4388,0.0625,64.6,0.0,1033.6,0.0
4389,0.0625,40.25,2.0,644.0,32.0
4390,0.0625,42.3,0.0,676.8,0.0
4391,0.0625,79.05,0.0,1264.8,0.0
4392,0.0625,81.7,5.0,1307.2,80.0
4393,0.0625,88.75,3.0,1420.0,48.0
4394,0.0625,11.05,0.0,176.8,0.0
4395,0.0625,55.3,0.0,884.8,0.0
4396,0.0625,43.2,2.0,691.2,32.0
4397,0.0625,55.3,0.0,884.8,0.0
4398,0.0625,54.15,0.0,866.4,0.0
4399,0.0625,51.65,2.0,826.4,32.0
4400,0.0625,52.75,0.0,844.0,0.0
4401,0.0625,58.65,0.0,938.4,0.0
4402,0.0625,69.15,3.0,1106.4,48.0
4403,0.0625,51.8,2.0,828.8,32.0
4404,0.0625,14.4,0.0,230.4,0.0
4405,0.0625,25.05,1.0,400.8,16.0
4406,0.0625,54.05,2.0,864.8,32.0
4407,0.0625,66.2,2.0,1059.2,32.0
4408,0.0625,43.45,1.0,695.2,16.0
4409,0.0625,58.45,1.0,935.2,16.0
4410,0.0625,60.8,2.0,972.8,32.0
4411,0.0625,63.55,3.0,1016.8,48.0
4412,0.0625,81.6,0.0,1305.6,0.0
4413,0.0625,38.3,0.0,612.8,0.0
4414,0.0625,39.3,1.0,628.8,16.0
4415,0.0625,41.55,0.0,664.8,0.0
4416,0.0625,51.05,0.0,816.8,0.0
4417,0.0625,100.3,0.0,1604.8,0.0
4418,0.0625,60.6,0.0,969.6,0.0
4419,0.0625,79.2,0.0,1267.2,0.0
4420,0.0625,44.7,2.0,715.2,32.0
4421,0.0625,38.35,1.0,613.6,16.0
4422,0.0625,40.2,0.0,643.2,0.0
4423,0.0625,36.6,0.0,585.6,0.0
4424,0.0625,26.6,0.0,425.6,0.0
4425,0.0625,42.2,0.0,675.2,0.0
4426,0.0625,54.8,1.0,876.8,16.0
4427,0.0625,45.65,1.0,730.4,16.0
4428,0.0625,50.65,2.0,810.4,32.0
4429,0.0625,25.25,1.0,404.0,16.0
4430,0.0625,168.1,7.0,2689.6,112.0
4431,0.0625,9.15,1.0,146.4,16.0
4432,0.0625,0.15,0.0,2.4,0.0
4484,0.0625,14.25,0.0,228.0,0.0
4485,0.0625,39.8,2.0,636.8,32.0
4486,0.0625,75.4,1.0,1206.4,16.0
4487,0.0625,51.2,2.0,819.2,32.0
4488,0.0625,45.1,0.0,721.6,0.0
4489,0.0625,44.1,1.0,705.6,16.0
4490,0.0625,47.7,1.0,763.2,16.0
4491,0.0625,65.55,0.0,1048.8,0.0
4492,0.0625,154.4,8.0,2470.4,128.0
4493,0.0625,152.25,4.0,2436.0,64.0
4494,0.0625,54.4,0.0,870.4,0.0
4495,0.0625,62.7,0.0,1003.2,0.0
4496,0.0625,69.15,0.0,1106.4,0.0
4497,0.0625,62.45,4.0,999.2,64.0
4498,0.0625,32.75,0.0,524.0,0.0
4499,0.0625,54.35,2.0,869.6,32.0
4500,0.0625,40.55,0.0,648.8,0.0
4501,0.0625,64.05,0.0,1024.8,0.0
4502,0.0625,108.4,1.0,1734.4,16.0
4503,0.0625,25.0,0.0,400.0,0.0
4504,0.0625,40.95,2.0,655.2,32.0
4505,0.0625,36.95,0.0,591.2,0.0
4506,0.0625,53.5,2.0,856.0,32.0
4507,0.0625,63.45,2.0,1015.2,32.0
4508,0.0625,40.7,0.0,651.2,0.0
4509,0.0625,87.35,0.0,1397.6,0.0
4510,0.0625,53.35,1.0,853.6,16.0
4511,0.0625,69.15,3.0,1106.4,48.0
4512,0.0625,74.85,0.0,1197.6,0.0
4513,0.0625,30.95,1.0,495.2,16.0
4514,0.0625,49.1,0.0,785.6,0.0
4515,0.0625,61.5,1.0,984.0,16.0
4516,0.0625,55.05,3.0,880.8,48.0
4517,0.0625,63.4,1.0,1014.4,16.0
4518,0.0625,42.15,0.0,674.4,0.0
4519,0.0625,45.1,2.0,721.6,32.0
4520,0.0625,66.4,0.0,1062.4,0.0
4521,0.0625,97.5,1.0,1560.0,16.0
4522,0.0625,38.5,0.0,616.0,0.0
4523,0.0625,30.0,1.0,480.0,16.0
4524,0.0625,26.2,1.0,419.2,16.0
4525,0.0625,29.35,0.0,469.6,0.0
4526,0.0625,68.45,3.0,1095.2,48.0
4527,0.0625,67.15,2.0,1074.4,32.0
4528,0.0625,83.75,1.0,1340.0,16.0
4529,0.0625,64.3,0.0,1028.8,0.0
4530,0.0625,50.6,2.0,809.6,32.0
4531,0.0625,33.5,1.0,536.0,16.0
4532,0.0625,44.2,0.0,707.2,0.0
4533,0.0625,43.9,1.0,702.4,16.0
4534,0.0625,42.9,0.0,686.4,0.0
4535,0.0625,38.35,0.0,613.6,0.0
4536,0.0625,37.9,3.0,606.4,48.0
4537,0.0625,8.65,1.0,138.4,16.0
4538,0.0625,84.55,4.0,1352.8,64.0
4539,0.0625,52.65,1.0,842.4,16.0
4540,0.0625,20.7,0.0,331.2,0.0
4541,0.0625,12.0,1.0,192.0,16.0
4542,0.0625,47.15,1.0,754.4,16.0
4543,0.0625,6.35,0.0,101.6,0.0
4592,0.0625,10.9,0.0,174.4,0.0
4593,0.0625,45.35,0.0,725.6,0.0
4594,0.0625,67.75,1.0,1084.0,16.0
4595,0.0625,62.1,2.0,993.6,32.0
4596,0.0625,47.7,3.0,763.2,48.0
4597,0.0625,54.25,2.0,868.0,32.0
4598,0.0625,63.0,1.0,1008.0,16.0
4599,0.0625,72.05,0.0,1152.8,0.0
4600,0.0625,60.85,5.0,973.6,80.0
4601,0.0625,63.1,0.0,1009.6,0.0
4602,0.0625,64.8,4.0,1036.8,64.0
4603,0.0625,120.65,2.0,1930.4,32.0
4604,0.0625,48.75,0.0,780.0,0.0
4605,0.0625,40.75,0.0,652.0,0.0
4606,0.0625,67.1,1.0,1073.6,16.0
4607,0.0625,49.45,1.0,791.2,16.0
4608,0.0625,53.25,0.0,852.0,0.0
4609,0.0625,55.95,0.0,895.2,0.0
4610,0.0625,72.9,0.0,1166.4,0.0
4611,0.0625,109.75,3.0,1756.0,48.0
4612,0.0625,43.5,0.0,696.0,0.0
4613,0.0625,62.35,0.0,997.6,0.0
4614,0.0625,34.0,0.0,544.0,0.0
4615,0.0625,38.45,1.0,615.2,16.0
4616,0.0625,56.85,2.0,909.6,32.0
4617,0.0625,56.9,1.0,910.4,16.0
4618,0.0625,55.1,1.0,881.6,16.0
4619,0.0625,62.35,1.0,997.6,16.0
4620,0.0625,49.55,0.0,792.8,0.0
4621,0.0625,46.9,2.0,750.4,32.0
4622,0.0625,67.6,1.0,1081.6,16.0
4623,0.0625,47.6,0.0,761.6,0.0
4624,0.0625,57.85,4.0,925.6,64.0
4625,0.0625,66.25,1.0,1060.0,16.0
4626,0.0625,56.75,1.0,908.0,16.0
4627,0.0625,49.35,2.0,789.6,32.0
4628,0.0625,43.3,1.0,692.8,16.0
4629,0.0625,48.95,0.0,783.2,0.0
4630,0.0625,40.65,0.0,650.4,0.0
4631,0.0625,81.45,2.0,1303.2,32.0
4632,0.0625,40.9,0.0,654.4,0.0
4633,0.0625,24.65,0.0,394.4,0.0
4634,0.0625,33.1,1.0,529.6,16.0
4635,0.0625,72.05,1.0,1152.8,16.0
4636,0.0625,38.65,1.0,618.4,16.0
4637,0.0625,69.9,0.0,1118.4,0.0
4638,0.0625,88.75,1.0,1420.0,16.0
4639,0.0625,69.1,1.0,1105.6,16.0
4640,0.0625,57.95,2.0,927.2,32.0
4641,0.0625,38.15,2.0,610.4,32.0
4642,0.0625,32.4,0.0,518.4,0.0
4643,0.0625,29.95,0.0,479.2,0.0
4644,0.0625,48.25,2.0,772.0,32.0
4645,0.0625,40.25,5.0,644.0,80.0
4646,0.0625,52.6,1.0,841.6,16.0
4647,0.0625,140.35,2.0,2245.6,32.0
4648,0.0625,50.9,1.0,814.4,16.0
4649,0.0625,35.9,1.0,574.4,16.0
4650,0.0625,4.95,0.0,79.2,0.0
4651,0.0625,19.35,0.0,309.6,0.0
4652,0.0625,18.25,0.0,292.0,0.0
4653,0.0625,15.45,0.0,247.2,0.0
4654,0.0625,30.4,0.0,486.4,0.0
4655,0.0625,5.1,0.0,81.6,0.0
4656,0.0625,0.15,0.0,2.4,0.0
4660,0.0625,0.75,0.0,12.0,0.0
4671,0.0625,0.15,0.0,2.4,0.0
4700,0.0625,4.8,0.0,76.8,0.0
4701,0.0625,121.8,2.0,1948.8,32.0
4702,0.0625,56.35,1.0,901.6,16.0
4703,0.0625,42.55,0.0,680.8,0.0
4704,0.0625,73.25,2.0,1172.0,32.0
4705,0.0625,67.8,3.0,1084.8,48.0
4706,0.0625,46.7,4.0,747.2,64.0
4707,0.0625,84.85,2.0,1357.6,32.0
4708,0.0625,115.7,4.0,1851.2,64.0
4709,0.0625,6.35,0.0,101.6,0.0
4710,0.0625,30.75,1.0,492.0,16.0
4711,0.0625,52.95,0.0,847.2,0.0
4712,0.0625,98.35,0.0,1573.6,0.0
4713,0.0625,128.65,6.0,2058.4,96.0
4714,0.0625,88.6,0.0,1417.6,0.0
4715,0.0625,61.1,1.0,977.6,16.0
4716,0.0625,61.3,2.0,980.8,32.0
4717,0.0625,56.15,0.0,898.4,0.0
4718,0.0625,62.5,0.0,1000.0,0.0
4719,0.0625,72.75,0.0,1164.0,0.0
4720,0.0625,91.15,5.0,1458.4,80.0
4721,0.0625,54.95,0.0,879.2,0.0
4722,0.0625,52.55,0.0,840.8,0.0
4723,0.0625,69.35,2.0,1109.6,32.0
4724,0.0625,59.3,1.0,948.8,16.0
4725,0.0625,38.7,0.0,619.2,0.0
4726,0.0625,58.8,1.0,940.8,16.0
4727,0.0625,52.5,1.0,840.0,16.0
4728,0.0625,67.3,0.0,1076.8,0.0
4729,0.0625,43.4,0.0,694.4,0.0
4730,0.0625,61.55,0.0,984.8,0.0
4731,0.0625,82.05,6.0,1312.8,96.0
4732,0.0625,61.35,0.0,981.6,0.0
4733,0.0625,41.5,1.0,664.0,16.0
4734,0.0625,48.2,1.0,771.2,16.0
4735,0.0625,41.0,2.0,656.0,32.0
4736,0.0625,35.05,2.0,560.8,32.0
4737,0.0625,34.7,1.0,555.2,16.0
4738,0.0625,45.75,0.0,732.0,0.0
4739,0.0625,29.25,3.0,468.0,48.0
4740,0.0625,69.25,0.0,1108.0,0.0
4741,0.0625,76.35,1.0,1221.6,16.0
4742,0.0625,30.05,0.0,480.8,0.0
4743,0.0625,46.05,1.0,736.8,16.0
4744,0.0625,47.3,1.0,756.8,16.0
4745,0.0625,39.05,3.0,624.8,48.0
4746,0.0625,75.25,0.0,1204.0,0.0
4747,0.0625,56.55,0.0,904.8,0.0
4748,0.0625,95.9,5.0,1534.4,80.0
4749,0.0625,53.75,1.0,860.0,16.0
4750,0.0625,51.5,2.0,824.0,32.0
4751,0.0625,36.9,1.0,590.4,16.0
4752,0.0625,49.3,1.0,788.8,16.0
4753,0.0625,48.0,5.0,768.0,80.0
4754,0.0625,50.65,1.0,810.4,16.0
4755,0.0625,58.35,3.0,933.6,48.0
4756,0.0625,52.15,0.0,834.4,0.0
4757,0.0625,39.25,0.0,628.0,0.0
4758,0.0625,37.95,1.0,607.2,16.0
4759,0.0625,30.75,1.0,492.0,16.0
4760,0.0625,14.049999999999999,0.0,224.79999999999998,0.0
4761,0.0625,13.45,0.0,215.2,0.0
4762,0.0625,7.5,0.0,120.0,0.0
4763,0.0625,1.15,0.0,18.4,0.0
4764,0.0625,19.7,1.0,315.2,16.0
4765,0.0625,37.35,0.0,597.6,0.0
4766,0.0625,8.2,0.0,131.2,0.0
4767,0.0625,0.15,0.0,2.4,0.0
4808,0.0625,0.9,0.0,14.4,0.0
4809,0.0625,29.55,2.0,472.8,32.0
4810,0.0625,83.65,4.0,1338.4,64.0
4811,0.0625,78.65,1.0,1258.4,16.0
4812,0.0625,41.7,4.0,667.2,64.0
4813,0.0625,30.0,0.0,480.0,0.0
4814,0.0625,59.1,0.0,945.6,0.0
4815,0.0625,75.8,0.0,1212.8,0.0
4816,0.0625,73.95,6.0,1183.2,96.0
4817,0.0625,8.25,0.0,132.0,0.0
4818,0.0625,53.45,2.0,855.2,32.0
4819,0.0625,39.05,0.0,624.8,0.0
4820,0.0625,41.55,1.0,664.8,16.0
4821,0.0625,53.3,0.0,852.8,0.0
4822,0.0625,59.2,0.0,947.2,0.0
4823,0.0625,112.0,7.0,1792.0,112.0
4824,0.0625,58.8,0.0,940.8,0.0
4825,0.0625,70.55,2.0,1128.8,32.0
4826,0.0625,77.9,2.0,1246.4,32.0
4827,0.0625,54.15,1.0,866.4,16.0
4828,0.0625,54.35,0.0,869.6,0.0
4829,0.0625,157.35,5.0,2517.6,80.0
4830,0.0625,52.6,0.0,841.6,0.0
4831,0.0625,61.75,0.0,988.0,0.0
4832,0.0625,92.4,3.0,1478.4,48.0
4833,0.0625,58.6,0.0,937.6,0.0
4834,0.0625,51.05,1.0,816.8,16.0
4835,0.0625,30.2,1.0,483.2,16.0
4836,0.0625,60.85,1.0,973.6,16.0
4837,0.0625,52.45,0.0,839.2,0.0
4838,0.0625,74.0,0.0,1184.0,0.0
4839,0.0625,84.25,1.0,1348.0,16.0
4840,0.0625,45.15,0.0,722.4,0.0
4841,0.0625,61.8,2.0,988.8,32.0
4842,0.0625,44.05,0.0,704.8,0.0
4843,0.0625,35.75,0.0,572.0,0.0
4844,0.0625,34.45,2.0,551.2,32.0
4845,0.0625,44.5,0.0,712.0,0.0
4846,0.0625,40.65,1.0,650.4,16.0
4847,0.0625,31.25,0.0,500.0,0.0
4848,0.0625,39.1,2.0,625.6,32.0
4849,0.0625,52.6,0.0,841.6,0.0
4850,0.0625,87.3,1.0,1396.8,16.0
4851,0.0625,60.85,1.0,973.6,16.0
4852,0.0625,82.5,3.0,1320.0,48.0
4853,0.0625,47.1,0.0,753.6,0.0
4854,0.0625,41.95,3.0,671.2,48.0
4855,0.0625,42.0,0.0,672.0,0.0
4856,0.0625,40.85,2.0,653.6,32.0
4857,0.0625,72.7,1.0,1163.2,16.0
4858,0.0625,57.6,1.0,921.6,16.0
4859,0.0625,47.45,1.0,759.2,16.0
4860,0.0625,58.95,3.0,943.2,48.0
4861,0.0625,47.2,0.0,755.2,0.0
4862,0.0625,40.7,1.0,651.2,16.0
4863,0.0625,74.4,3.0,1190.4,48.0
4864,0.0625,52.25,0.0,836.0,0.0
4865,0.0625,55.85,0.0,893.6,0.0
4866,0.0625,45.4,0.0,726.4,0.0
4867,0.0625,43.1,1.0,689.6,16.0
4868,0.0625,43.0,0.0,688.0,0.0
4869,0.0625,16.85,0.0,269.6,0.0
4870,0.0625,1.8,0.0,28.8,0.0
4871,0.0625,1.0,0.0,16.0,0.0
4872,0.0625,14.799999999999999,0.0,236.79999999999998,0.0
4874,0.0625,1.75,0.0,28.0,0.0
4875,0.0625,4.55,1.0,72.8,16.0
4876,0.0625,64.89999999999999,2.0,1038.3999999999999,32.0
4877,0.0625,116.55,0.0,1864.8,0.0
4878,0.0625,0.75,0.0,12.0,0.0
4904,0.0625,2.0,0.0,32.0,0.0
4910,0.0625,0.15,0.0,2.4,0.0
4916,0.0625,0.3,0.0,4.8,0.0
4917,0.0625,44.4,1.0,710.4,16.0
4918,0.0625,3.3,0.0,52.8,0.0
4919,0.0625,25.8,1.0,412.8,16.0
4920,0.0625,63.55,4.0,1016.8,64.0
4921,0.0625,62.6,0.0,1001.6,0.0
4922,0.0625,31.85,0.0,509.6,0.0
4923,0.0625,54.2,0.0,867.2,0.0
4924,0.0625,31.65,1.0,506.4,16.0
4926,0.0625,14.05,0.0,224.8,0.0
4927,0.0625,35.35,0.0,565.6,0.0
4928,0.0625,80.2,5.0,1283.2,80.0
4929,0.0625,61.85,1.0,989.6,16.0
4930,0.0625,35.1,0.0,561.6,0.0
4931,0.0625,60.8,1.0,972.8,16.0
4932,0.0625,62.8,0.0,1004.8,0.0
4933,0.0625,97.85,7.0,1565.6,112.0
4934,0.0625,102.15,0.0,1634.4,0.0
4935,0.0625,66.75,3.0,1068.0,48.0
4936,0.0625,40.75,0.0,652.0,0.0
4937,0.0625,53.85,2.0,861.6,32.0
4938,0.0625,82.15,6.0,1314.4,96.0
4939,0.0625,64.05,0.0,1024.8,0.0
4940,0.0625,53.8,0.0,860.8,0.0
4941,0.0625,46.55,0.0,744.8,0.0
4942,0.0625,41.0,1.0,656.0,16.0
4943,0.0625,43.1,1.0,689.6,16.0
4944,0.0625,57.2,2.0,915.2,32.0
4945,0.0625,37.6,1.0,601.6,16.0
4946,0.0625,63.45,1.0,1015.2,16.0
4947,0.0625,56.7,0.0,907.2,0.0
4948,0.0625,55.15,1.0,882.4,16.0
4949,0.0625,39.05,0.0,624.8,0.0
4950,0.0625,80.85,0.0,1293.6,0.0
4951,0.0625,57.0,1.0,912.0,16.0
4952,0.0625,44.95,1.0,719.2,16.0
4953,0.0625,24.6,0.0,393.6,0.0
4954,0.0625,35.35,2.0,565.6,32.0
4955,0.0625,70.8,1.0,1132.8,16.0
4956,0.0625,57.7,2.0,923.2,32.0
4957,0.0625,51.3,1.0,820.8,16.0
4958,0.0625,53.65,0.0,858.4,0.0
4959,0.0625,83.0,0.0,1328.0,0.0
4960,0.0625,117.9,3.0,1886.4,48.0
4961,0.0625,50.1,1.0,801.6,16.0
4962,0.0625,39.75,0.0,636.0,0.0
4963,0.0625,51.05,2.0,816.8,32.0
4964,0.0625,64.95,4.0,1039.2,64.0
4965,0.0625,37.75,0.0,604.0,0.0
4966,0.0625,37.85,0.0,605.6,0.0
4967,0.0625,65.35,4.0,1045.6,64.0
4968,0.0625,80.05,2.0,1280.8,32.0
4969,0.0625,47.95,2.0,767.2,32.0
4970,0.0625,30.25,0.0,484.0,0.0
4971,0.0625,76.65,3.0,1226.4,48.0
4972,0.0625,48.1,0.0,769.6,0.0
4973,0.0625,52.1,0.0,833.6,0.0
4974,0.0625,35.3,0.0,564.8,0.0
4975,0.0625,53.55,0.0,856.8,0.0
4976,0.0625,45.25,0.0,724.0,0.0
4977,0.0625,42.7,0.0,683.2,0.0
4978,0.0625,20.8,1.0,332.8,16.0
4979,0.0625,3.35,0.0,53.6,0.0
4981,0.0625,0.75,0.0,12.0,0.0
4982,0.0625,4.0,0.0,64.0,0.0
4983,0.0625,3.6,2.0,57.6,32.0
4984,0.0625,115.0,3.0,1840.0,48.0
4985,0.0625,78.95,3.0,1263.2,48.0
4986,0.0625,33.45,0.0,535.2,0.0
4987,0.0625,4.1,0.0,65.6,0.0
5024,0.0625,0.5,0.0,8.0,0.0
5025,0.0625,116.3,1.0,1860.8,16.0
5026,0.0625,133.1,0.0,2129.6,0.0
5027,0.0625,60.15,0.0,962.4,0.0
5028,0.0625,21.0,1.0,336.0,16.0
5029,0.0625,79.95,6.0,1279.2,96.0
5030,0.0625,150.5,4.0,2408.0,64.0
5031,0.0625,63.3,1.0,1012.8,16.0
5032,0.0625,47.95,0.0,767.2,0.0
5034,0.0625,8.3,0.0,132.8,0.0
5035,0.0625,19.349999999999998,0.0,309.59999999999997,0.0
5036,0.0625,20.55,1.0,328.8,16.0
5037,0.0625,47.85,1.0,765.6,16.0
5038,0.0625,48.55,1.0,776.8,16.0
5039,0.0625,64.25,0.0,1028.0,0.0
5040,0.0625,48.25,1.0,772.0,16.0
5041,0.0625,62.35,0.0,997.6,0.0
5042,0.0625,80.9,0.0,1294.4,0.0
5043,0.0625,89.2,6.0,1427.2,96.0
5044,0.0625,57.05,0.0,912.8,0.0
5045,0.0625,42.6,0.0,681.6,0.0
5046,0.0625,58.65,1.0,938.4,16.0
5047,0.0625,88.15,0.0,1410.4,0.0
5048,0.0625,96.7,5.0,1547.2,80.0
5049,0.0625,26.35,0.0,421.6,0.0
5050,0.0625,38.0,0.0,608.0,0.0
5051,0.0625,65.1,1.0,1041.6,16.0
5052,0.0625,123.85,4.0,1981.6,64.0
5053,0.0625,30.9,0.0,494.4,0.0
5054,0.0625,47.3,0.0,756.8,0.0
5055,0.0625,64.3,4.0,1028.8,64.0
5056,0.0625,61.1,1.0,977.6,16.0
5057,0.0625,63.05,0.0,1008.8,0.0
5058,0.0625,36.95,0.0,591.2,0.0
5059,0.0625,59.9,2.0,958.4,32.0
5060,0.0625,63.35,2.0,1013.6,32.0
5061,0.0625,41.85,2.0,669.6,32.0
5062,0.0625,37.55,0.0,600.8,0.0
5063,0.0625,41.85,0.0,669.6,0.0
5064,0.0625,47.15,2.0,754.4,32.0
5065,0.0625,116.65,2.0,1866.4,32.0
5066,0.0625,113.3,1.0,1812.8,16.0
5067,0.0625,138.15,1.0,2210.4,16.0
5068,0.0625,56.35,0.0,901.6,0.0
5069,0.0625,69.85,2.0,1117.6,32.0
5070,0.0625,33.65,0.0,538.4,0.0
5071,0.0625,63.8,0.0,1020.8,0.0
5072,0.0625,39.8,1.0,636.8,16.0
5073,0.0625,49.45,3.0,791.2,48.0
5074,0.0625,55.05,1.0,880.8,16.0
5075,0.0625,38.55,1.0,616.8,16.0
5076,0.0625,55.4,1.0,886.4,16.0
5077,0.0625,84.1,1.0,1345.6,16.0
5078,0.0625,47.45,0.0,759.2,0.0
5079,0.0625,68.15,1.0,1090.4,16.0
5080,0.0625,50.0,0.0,800.0,0.0
5081,0.0625,56.0,1.0,896.0,16.0
5082,0.0625,59.15,0.0,946.4,0.0
5083,0.0625,55.75,2.0,892.0,32.0
5084,0.0625,50.55,0.0,808.8,0.0
5085,0.0625,56.65,0.0,906.4,0.0
5086,0.0625,39.85,1.0,637.6,16.0
5087,0.0625,71.75,1.0,1148.0,16.0
5088,0.0625,13.45,0.0,215.2,0.0
5089,0.0625,11.65,0.0,186.4,0.0
5090,0.0625,14.8,0.0,236.8,0.0
5091,0.0625,33.1,1.0,529.6,16.0
5092,0.0625,60.1,1.0,961.6,16.0
5093,0.0625,50.35,0.0,805.6,0.0
5094,0.0625,39.15,4.0,626.4,64.0
5095,0.0625,40.25,0.0,644.0,0.0
5096,0.0625,29.0,0.0,464.0,0.0
5097,0.0625,0.75,0.0,12.0,0.0
5132,0.0625,1.45,0.0,23.2,0.0
5133,0.0625,60.0,1.0,960.0,16.0
5134,0.0625,84.75,0.0,1356.0,0.0
5135,0.0625,88.05,2.0,1408.8,32.0
5136,0.0625,28.0,3.0,448.0,48.0
5137,0.0625,236.55,4.0,3784.8,64.0
5138,0.0625,23.9,4.0,382.4,64.0
5139,0.0625,69.8,1.0,1116.8,16.0
5140,0.0625,320.1,4.0,5121.6,64.0
5141,0.0625,17.8,0.0,284.8,0.0
5142,0.0625,9.55,0.0,152.8,0.0
5143,0.0625,30.55,0.0,488.8,0.0
5144,0.0625,21.45,1.0,343.2,16.0
5145,0.0625,41.1,2.0,657.6,32.0
5146,0.0625,43.5,0.0,696.0,0.0
5147,0.0625,44.5,0.0,712.0,0.0
5148,0.0625,66.55,4.0,1064.8,64.0
5149,0.0625,56.0,0.0,896.0,0.0
5150,0.0625,40.0,0.0,640.0,0.0
5151,0.0625,62.699999999999996,0.0,1003.1999999999999,0.0
5152,0.0625,69.6,1.0,1113.6,16.0
5153,0.0625,100.85,3.0,1613.6,48.0
5154,0.0625,59.35,2.0,949.6,32.0
5155,0.0625,59.1,0.0,945.6,0.0
5156,0.0625,41.05,2.0,656.8,32.0
5157,0.0625,108.85,4.0,1741.6,64.0
5158,0.0625,41.5,0.0,664.0,0.0
5159,0.0625,40.35,0.0,645.6,0.0
5160,0.0625,50.95,3.0,815.2,48.0
5161,0.0625,49.45,2.0,791.2,32.0
5162,0.0625,51.45,0.0,823.2,0.0
5163,0.0625,58.85,0.0,941.6,0.0
5164,0.0625,62.85,3.0,1005.6,48.0
5165,0.0625,72.65,2.0,1162.4,32.0
5166,0.0625,42.7,0.0,683.2,0.0
5167,0.0625,48.95,1.0,783.2,16.0
5168,0.0625,36.95,1.0,591.2,16.0
5169,0.0625,73.8,1.0,1180.8,16.0
5170,0.0625,54.85,0.0,877.6,0.0
5171,0.0625,27.25,0.0,436.0,0.0
5172,0.0625,26.9,0.0,430.4,0.0
5173,0.0625,54.35,0.0,869.6,0.0
5174,0.0625,84.3,2.0,1348.8,32.0
5175,0.0625,100.55,3.0,1608.8,48.0
5176,0.0625,69.75,0.0,1116.0,0.0
5177,0.0625,44.9,0.0,718.4,0.0
5178,0.0625,72.7,1.0,1163.2,16.0
5179,0.0625,29.45,4.0,471.2,64.0
5180,0.0625,54.5,1.0,872.0,16.0
5181,0.0625,32.25,0.0,516.0,0.0
5182,0.0625,43.15,0.0,690.4,0.0
5183,0.0625,43.25,6.0,692.0,96.0
5184,0.0625,38.75,1.0,620.0,16.0
5185,0.0625,37.1,0.0,593.6,0.0
5186,0.0625,62.2,0.0,995.2,0.0
5187,0.0625,116.85,3.0,1869.6,48.0
5188,0.0625,78.0,0.0,1248.0,0.0
5189,0.0625,76.8,1.0,1228.8,16.0
5190,0.0625,53.7,1.0,859.2,16.0
5191,0.0625,44.95,0.0,719.2,0.0
5192,0.0625,64.15,0.0,1026.4,0.0
5193,0.0625,67.05,0.0,1072.8,0.0
5194,0.0625,50.75,1.0,812.0,16.0
5195,0.0625,31.7,1.0,507.2,16.0
5196,0.0625,47.1,1.0,753.6,16.0
5197,0.0625,37.75,1.0,604.0,16.0
5198,0.0625,15.2,0.0,243.2,0.0
5199,0.0625,15.45,1.0,247.2,16.0
5200,0.0625,22.15,0.0,354.4,0.0
5201,0.0625,93.55,4.0,1496.8,64.0
5202,0.0625,68.75,1.0,1100.0,16.0
5203,0.0625,49.25,2.0,788.0,32.0
5204,0.0625,50.1,2.0,801.6,32.0
5205,0.0625,68.65,0.0,1098.4,0.0
5206,0.0625,8.15,0.0,130.4,0.0
5240,0.0625,0.5,0.0,8.0,0.0
5241,0.0625,93.3,0.0,1492.8,0.0
5242,0.0625,66.1,1.0,1057.6,16.0
5243,0.0625,250.6,1.0,4009.6,16.0
5244,0.0625,64.8,2.0,1036.8,32.0
5245,0.0625,146.4,4.0,2342.4,64.0
5246,0.0625,10.75,2.0,172.0,32.0
5247,0.0625,846.45,0.0,13543.2,0.0
5248,0.0625,25.8,0.0,412.8,0.0
5249,0.0625,102.15,0.0,1634.4,0.0
5250,0.0625,112.7,6.0,1803.2,96.0
5251,0.0625,37.25,0.0,596.0,0.0
5252,0.0625,25.65,1.0,410.4,16.0
5253,0.0625,40.7,0.0,651.2,0.0
5254,0.0625,55.05,2.0,880.8,32.0
5255,0.0625,50.8,1.0,812.8,16.0
5256,0.0625,57.35,0.0,917.6,0.0
5257,0.0625,57.1,0.0,913.6,0.0
5258,0.0625,71.9,4.0,1150.4,64.0
5259,0.0625,49.9,0.0,798.4,0.0
5260,0.0625,36.65,0.0,586.4,0.0
5261,0.0625,58.75,3.0,940.0,48.0
5262,0.0625,87.9,1.0,1406.4,16.0
5263,0.0625,53.6,0.0,857.6,0.0
5264,0.0625,40.35,1.0,645.6,16.0
5265,0.0625,67.45,2.0,1079.2,32.0
5266,0.0625,106.4,4.0,1702.4,64.0
5267,0.0625,35.3,0.0,564.8,0.0
5268,0.0625,50.2,1.0,803.2,16.0
5269,0.0625,39.75,0.0,636.0,0.0
5270,0.0625,65.55,1.0,1048.8,16.0
5271,0.0625,144.75,4.0,2316.0,64.0
5272,0.0625,67.8,1.0,1084.8,16.0
5273,0.0625,71.2,0.0,1139.2,0.0
5274,0.0625,36.8,2.0,588.8,32.0
5275,0.0625,34.35,2.0,549.6,32.0
5276,0.0625,61.4,2.0,982.4,32.0
5277,0.0625,54.55,0.0,872.8,0.0
5278,0.0625,49.7,0.0,795.2,0.0
5279,0.0625,56.7,1.0,907.2,16.0
5280,0.0625,49.3,2.0,788.8,32.0
5281,0.0625,57.95,1.0,927.2,16.0
5282,0.0625,63.4,1.0,1014.4,16.0
5283,0.0625,54.3,5.0,868.8,80.0
5284,0.0625,81.25,2.0,1300.0,32.0
5285,0.0625,67.7,2.0,1083.2,32.0
5286,0.0625,67.2,2.0,1075.2,32.0
5287,0.0625,93.55,2.0,1496.8,32.0
5289,0.0625,6.55,0.0,104.8,0.0
5290,0.0625,32.45,0.0,519.2,0.0
5291,0.0625,35.35,1.0,565.6,16.0
5292,0.0625,33.75,1.0,540.0,16.0
5293,0.0625,52.85,2.0,845.6,32.0
5294,0.0625,48.3,0.0,772.8,0.0
5295,0.0625,67.75,2.0,1084.0,32.0
5296,0.0625,41.1,0.0,657.6,0.0
5297,0.0625,72.2,3.0,1155.2,48.0
5298,0.0625,64.35,1.0,1029.6,16.0
5299,0.0625,75.35,0.0,1205.6,0.0
5300,0.0625,52.85,2.0,845.6,32.0
5301,0.0625,67.35,3.0,1077.6,48.0
5302,0.0625,97.7,3.0,1563.2,48.0
5303,0.0625,49.9,2.0,798.4,32.0
5304,0.0625,38.4,0.0,614.4,0.0
5305,0.0625,47.85,0.0,765.6,0.0
5306,0.0625,56.4,2.0,902.4,32.0
5307,0.0625,34.2,1.0,547.2,16.0
5308,0.0625,33.95,2.0,543.2,32.0
5309,0.0625,43.8,2.0,700.8,32.0
5310,0.0625,77.75,4.0,1244.0,64.0
5311,0.0625,43.85,1.0,701.6,16.0
5312,0.0625,58.55,4.0,936.8,64.0
5313,0.0625,44.6,3.0,713.6,48.0
5314,0.0625,64.25,2.0,1028.0,32.0
5315,0.0625,27.5,0.0,440.0,0.0
5347,0.0625,0.3,0.0,4.8,0.0
5349,0.0625,51.0,1.0,816.0,16.0
5350,0.0625,90.1,0.0,1441.6,0.0
5351,0.0625,141.2,0.0,2259.2,0.0
5352,0.0625,98.25,1.0,1572.0,16.0
5353,0.0625,139.45,6.0,2231.2,96.0
5354,0.0625,7.15,1.0,114.4,16.0
5355,0.0625,9.2,0.0,147.2,0.0
5356,0.0625,158.7,0.0,2539.2,0.0
5357,0.0625,153.55,0.0,2456.8,0.0
5358,0.0625,96.1,0.0,1537.6,0.0
5359,0.0625,58.5,1.0,936.0,16.0
5360,0.0625,75.75,3.0,1212.0,48.0
5361,0.0625,58.9,0.0,942.4,0.0
5362,0.0625,43.6,1.0,697.6,16.0
5363,0.0625,47.75,1.0,764.0,16.0
5364,0.0625,50.8,3.0,812.8,48.0
5365,0.0625,42.05,4.0,672.8,64.0
5366,0.0625,61.6,2.0,985.6,32.0
5367,0.0625,44.05,2.0,704.8,32.0
5368,0.0625,96.95,6.0,1551.2,96.0
5369,0.0625,47.9,3.0,766.4,48.0
5370,0.0625,59.3,0.0,948.8,0.0
5371,0.0625,47.4,1.0,758.4,16.0
5372,0.0625,87.2,1.0,1395.2,16.0
5373,0.0625,37.95,0.0,607.2,0.0
5374,0.0625,39.85,0.0,637.6,0.0
5375,0.0625,111.95,6.0,1791.2,96.0
5376,0.0625,104.0,3.0,1664.0,48.0
5377,0.0625,53.9,1.0,862.4,16.0
5378,0.0625,60.15,0.0,962.4,0.0
5379,0.0625,78.1,3.0,1249.6,48.0
5380,0.0625,72.95,3.0,1167.2,48.0
5381,0.0625,67.2,1.0,1075.2,16.0
5382,0.0625,49.85,1.0,797.6,16.0
5383,0.0625,46.3,0.0,740.8,0.0
5384,0.0625,45.9,1.0,734.4,16.0
5385,0.0625,70.55,3.0,1128.8,48.0
5386,0.0625,37.9,0.0,606.4,0.0
5387,0.0625,53.8,0.0,860.8,0.0
5388,0.0625,36.8,0.0,588.8,0.0
5389,0.0625,63.75,2.0,1020.0,32.0
5390,0.0625,75.4,2.0,1206.4,32.0
5391,0.0625,54.15,2.0,866.4,32.0
5392,0.0625,58.0,0.0,928.0,0.0
5393,0.0625,81.35,2.0,1301.6,32.0
5394,0.0625,68.65,1.0,1098.4,16.0
5395,0.0625,74.8,0.0,1196.8,0.0
5396,0.0625,76.1,0.0,1217.6,0.0
5397,0.0625,8.85,0.0,141.6,0.0
5398,0.0625,1.0,0.0,16.0,0.0
5399,0.0625,19.8,0.0,316.8,0.0
5400,0.0625,18.5,1.0,296.0,16.0
5401,0.0625,37.0,0.0,592.0,0.0
5402,0.0625,40.05,1.0,640.8,16.0
5403,0.0625,70.55,3.0,1128.8,48.0
5404,0.0625,54.5,0.0,872.0,0.0
5405,0.0625,43.3,0.0,692.8,0.0
5406,0.0625,67.35,0.0,1077.6,0.0
5407,0.0625,73.55,2.0,1176.8,32.0
5408,0.0625,114.35,3.0,1829.6,48.0
5409,0.0625,118.3,6.0,1892.8,96.0
5410,0.0625,86.65,4.0,1386.4,64.0
5411,0.0625,98.6,2.0,1577.6,32.0
5412,0.0625,71.95,0.0,1151.2,0.0
5413,0.0625,51.95,0.0,831.2,0.0
5414,0.0625,48.9,0.0,782.4,0.0
5415,0.0625,35.65,0.0,570.4,0.0
5416,0.0625,39.1,3.0,625.6,48.0
5417,0.0625,58.75,3.0,940.0,48.0
5418,0.0625,55.8,1.0,892.8,16.0
5419,0.0625,75.95,5.0,1215.2,80.0
5420,0.0625,60.8,2.0,972.8,32.0
5421,0.0625,68.6,2.0,1097.6,32.0
5422,0.0625,52.15,1.0,834.4,16.0
5423,0.0625,12.8,0.0,204.8,0.0
5424,0.0625,113.5,0.0,1816.0,0.0
5425,0.0625,6.9,0.0,110.4,0.0
5452,0.0625,0.3,0.0,4.8,0.0
5456,0.0625,1.0,0.0,16.0,0.0
5457,0.0625,4.75,0.0,76.0,0.0
5458,0.0625,205.2,0.0,3283.2,0.0
5459,0.0625,16.45,0.0,263.2,0.0
5460,0.0625,0.6,1.0,9.6,16.0
5461,0.0625,125.95,6.0,2015.2,96.0
5462,0.0625,15.5,0.0,248.0,0.0
5463,0.0625,58.1,0.0,929.6,0.0
5464,0.0625,75.7,0.0,1211.2,0.0
5465,0.0625,108.65,0.0,1738.4,0.0
5466,0.0625,74.45,0.0,1191.2,0.0
5467,0.0625,82.0,2.0,1312.0,32.0
5468,0.0625,51.75,1.0,828.0,16.0
5469,0.0625,27.95,0.0,447.2,0.0
5470,0.0625,65.3,2.0,1044.8,32.0
5471,0.0625,39.2,1.0,627.2,16.0
5472,0.0625,55.8,1.0,892.8,16.0
5473,0.0625,35.2,0.0,563.2,0.0
5474,0.0625,40.5,1.0,648.0,16.0
5475,0.0625,59.95,3.0,959.2,48.0
5476,0.0625,42.7,2.0,683.2,32.0
5477,0.0625,75.85,0.0,1213.6,0.0
5478,0.0625,68.95,1.0,1103.2,16.0
5479,0.0625,39.85,0.0,637.6,0.0
5480,0.0625,60.6,0.0,969.6,0.0
5481,0.0625,62.7,6.0,1003.2,96.0
5482,0.0625,96.4,3.0,1542.4,48.0
5483,0.0625,66.6,2.0,1065.6,32.0
5484,0.0625,91.35,9.0,1461.6,144.0
5485,0.0625,177.65,6.0,2842.4,96.0
5486,0.0625,68.85,0.0,1101.6,0.0
5487,0.0625,97.8,1.0,1564.8,16.0
5488,0.0625,54.95,0.0,879.2,0.0
5489,0.0625,110.6,5.0,1769.6,80.0
5490,0.0625,104.2,2.0,1667.2,32.0
5491,0.0625,64.3,1.0,1028.8,16.0
5492,0.0625,47.15,1.0,754.4,16.0
5493,0.0625,53.75,1.0,860.0,16.0
5494,0.0625,45.1,0.0,721.6,0.0
5495,0.0625,58.4,1.0,934.4,16.0
5496,0.0625,41.9,0.0,670.4,0.0
5497,0.0625,58.9,0.0,942.4,0.0
5498,0.0625,56.699999999999996,2.0,907.1999999999999,32.0
5499,0.0625,69.4,0.0,1110.4,0.0
5500,0.0625,66.95,1.0,1071.2,16.0
5501,0.0625,76.3,3.0,1220.8,48.0
5502,0.0625,40.55,0.0,648.8,0.0
5503,0.0625,45.15,1.0,722.4,16.0
5504,0.0625,59.4,2.0,950.4,32.0
5505,0.0625,65.55,2.0,1048.8,32.0
5506,0.0625,31.9,0.0,510.4,0.0
5507,0.0625,2.1,0.0,33.6,0.0
5508,0.0625,0.5,0.0,8.0,0.0
5509,0.0625,33.95,2.0,543.2,32.0
5510,0.0625,35.25,0.0,564.0,0.0
5511,0.0625,54.35,2.0,869.6,32.0
5512,0.0625,28.05,1.0,448.8,16.0
5513,0.0625,31.599999999999998,1.0,505.59999999999997,16.0
5514,0.0625,49.7,1.0,795.2,16.0
5515,0.0625,52.9,0.0,846.4,0.0
5516,0.0625,93.4,1.0,1494.4,16.0
5517,0.0625,143.25,6.0,2292.0,96.0
5518,0.0625,326.85,3.0,5229.6,48.0
5519,0.0625,81.2,0.0,1299.2,0.0
5520,0.0625,111.6,0.0,1785.6,0.0
5521,0.0625,100.0,1.0,1600.0,16.0
5522,0.0625,73.75,0.0,1180.0,0.0
5523,0.0625,42.3,1.0,676.8,16.0
5524,0.0625,49.3,2.0,788.8,32.0
5525,0.0625,39.3,2.0,628.8,32.0
5526,0.0625,45.85,0.0,733.6,0.0
5527,0.0625,39.05,2.0,624.8,32.0
5528,0.0625,79.7,2.0,1275.2,32.0
5529,0.0625,66.45,1.0,1063.2,16.0
5530,0.0625,63.3,2.0,1012.8,32.0
5531,0.0625,89.4,0.0,1430.4,0.0
5532,0.0625,54.25,0.0,868.0,0.0
5533,0.0625,198.0,3.0,3168.0,48.0
5534,0.0625,65.2,3.0,1043.2,48.0
5565,0.0625,3.4,1.0,54.4,16.0
5566,0.0625,34.95,0.0,559.2,0.0
5567,0.0625,16.45,0.0,263.2,0.0
5568,0.0625,50.9,0.0,814.4,0.0
5569,0.0625,24.7,2.0,395.2,32.0
5570,0.0625,51.55,0.0,824.8,0.0
5571,0.0625,29.45,1.0,471.2,16.0
5572,0.0625,41.0,2.0,656.0,32.0
5573,0.0625,81.4,1.0,1302.4,16.0
5574,0.0625,73.25,2.0,1172.0,32.0
5575,0.0625,35.4,2.0,566.4,32.0
5576,0.0625,56.5,1.0,904.0,16.0
5577,0.0625,66.4,1.0,1062.4,16.0
5578,0.0625,41.05,1.0,656.8,16.0
5579,0.0625,59.9,2.0,958.4,32.0
5580,0.0625,81.1,3.0,1297.6,48.0
5581,0.0625,31.25,0.0,500.0,0.0
5582,0.0625,52.3,0.0,836.8,0.0
5583,0.0625,42.3,2.0,676.8,32.0
5584,0.0625,50.6,0.0,809.6,0.0
5585,0.0625,51.8,1.0,828.8,16.0
5586,0.0625,50.65,0.0,810.4,0.0
5587,0.0625,53.6,4.0,857.6,64.0
5588,0.0625,106.5,3.0,1704.0,48.0
5589,0.0625,36.2,4.0,579.2,64.0
5590,0.0625,84.4,0.0,1350.4,0.0
5591,0.0625,86.2,0.0,1379.2,0.0
5592,0.0625,92.5,0.0,1480.0,0.0
5593,0.0625,140.7,1.0,2251.2,16.0
5594,0.0625,103.65,6.0,1658.4,96.0
5595,0.0625,125.6,2.0,2009.6,32.0
5596,0.0625,83.55,2.0,1336.8,32.0
5597,0.0625,117.7,0.0,1883.2,0.0
5598,0.0625,73.3,0.0,1172.8,0.0
5599,0.0625,87.1,3.0,1393.6,48.0
5600,0.0625,70.8,1.0,1132.8,16.0
5601,0.0625,53.05,1.0,848.8,16.0
5602,0.0625,37.15,1.0,594.4,16.0
5603,0.0625,38.2,0.0,611.2,0.0
5604,0.0625,57.05,1.0,912.8,16.0
5605,0.0625,50.8,1.0,812.8,16.0
5606,0.0625,54.55,1.0,872.8,16.0
5607,0.0625,64.7,0.0,1035.2,0.0
5608,0.0625,105.8,4.0,1692.8,64.0
5609,0.0625,56.35,3.0,901.6,48.0
5610,0.0625,34.9,1.0,558.4,16.0
5611,0.0625,41.85,0.0,669.6,0.0
5612,0.0625,45.1,0.0,721.6,0.0
5613,0.0625,80.05,1.0,1280.8,16.0
5614,0.0625,58.65,2.0,938.4,32.0
5615,0.0625,13.45,0.0,215.2,0.0
5616,0.0625,1.3,0.0,20.8,0.0
5617,0.0625,0.15,0.0,2.4,0.0
5618,0.0625,12.95,3.0,207.2,48.0
5619,0.0625,76.25,1.0,1220.0,16.0
5620,0.0625,43.9,0.0,702.4,0.0
5621,0.0625,37.25,0.0,596.0,0.0
5622,0.0625,30.65,0.0,490.4,0.0
5623,0.0625,42.6,3.0,681.6,48.0
5624,0.0625,49.3,0.0,788.8,0.0
5625,0.0625,75.05,0.0,1200.8,0.0
5626,0.0625,194.45,4.0,3111.2,64.0
5627,0.0625,133.05,5.0,2128.8,80.0
5628,0.0625,60.199999999999996,0.0,963.1999999999999,0.0
5629,0.0625,91.25,0.0,1460.0,0.0
5630,0.0625,55.0,2.0,880.0,32.0
5631,0.0625,59.15,2.0,946.4,32.0
5632,0.0625,49.3,1.0,788.8,16.0
5633,0.0625,40.75,0.0,652.0,0.0
5634,0.0625,38.75,2.0,620.0,32.0
5635,0.0625,46.5,1.0,744.0,16.0
5636,0.0625,41.4,1.0,662.4,16.0
5637,0.0625,102.85,4.0,1645.6,64.0
5638,0.0625,73.9,3.0,1182.4,48.0
5639,0.0625,59.9,0.0,958.4,0.0
5640,0.0625,80.1,2.0,1281.6,32.0
5641,0.0625,81.65,1.0,1306.4,16.0
5642,0.0625,44.65,1.0,714.4,16.0
5643,0.0625,23.45,4.0,375.2,64.0
5644,0.0625,3.0,0.0,48.0,0.0
5652,0.0625,0.15,0.0,2.4,0.0
5673,0.0625,22.25,0.0,356.0,0.0
5674,0.0625,34.5,0.0,552.0,0.0
5675,0.0625,125.05,0.0,2000.8,0.0
5676,0.0625,61.25,1.0,980.0,16.0
5677,0.0625,86.5,0.0,1384.0,0.0
5678,0.0625,20.05,0.0,320.8,0.0
5679,0.0625,42.75,1.0,684.0,16.0
5680,0.0625,22.6,1.0,361.6,16.0
5681,0.0625,32.75,2.0,524.0,32.0
5682,0.0625,53.3,0.0,852.8,0.0
5683,0.0625,66.7,2.0,1067.2,32.0
5684,0.0625,46.05,2.0,736.8,32.0
5685,0.0625,60.1,0.0,961.6,0.0
5686,0.0625,45.85,0.0,733.6,0.0
5687,0.0625,48.75,0.0,780.0,0.0
5688,0.0625,59.15,2.0,946.4,32.0
5689,0.0625,77.65,2.0,1242.4,32.0
5690,0.0625,23.05,0.0,368.8,0.0
5691,0.0625,27.35,1.0,437.6,16.0
5692,0.0625,42.3,1.0,676.8,16.0
5693,0.0625,68.75,2.0,1100.0,32.0
5694,0.0625,44.7,0.0,715.2,0.0
5695,0.0625,37.2,0.0,595.2,0.0
5696,0.0625,43.55,0.0,696.8,0.0
5697,0.0625,0.15,0.0,2.4,0.0
5698,0.0625,74.45,3.0,1191.2,48.0
5699,0.0625,51.5,1.0,824.0,16.0
5700,0.0625,85.0,1.0,1360.0,16.0
5701,0.0625,95.35,2.0,1525.6,32.0
5702,0.0625,59.85,0.0,957.6,0.0
5703,0.0625,175.3,9.0,2804.8,144.0
5704,0.0625,77.15,0.0,1234.4,0.0
5705,0.0625,123.64999999999999,0.0,1978.3999999999999,0.0
5706,0.0625,101.95,1.0,1631.2,16.0
5707,0.0625,104.35,2.0,1669.6,32.0
5708,0.0625,82.8,0.0,1324.8,0.0
5709,0.0625,85.4,1.0,1366.4,16.0
5710,0.0625,57.0,1.0,912.0,16.0
5711,0.0625,44.35,0.0,709.6,0.0
5712,0.0625,44.9,0.0,718.4,0.0
5713,0.0625,54.05,0.0,864.8,0.0
5714,0.0625,66.8,1.0,1068.8,16.0
5715,0.0625,108.75,0.0,1740.0,0.0
5716,0.0625,109.65,7.0,1754.4,112.0
5717,0.0625,90.7,3.0,1451.2,48.0
5718,0.0625,72.65,1.0,1162.4,16.0
5719,0.0625,70.25,1.0,1124.0,16.0
5720,0.0625,46.2,1.0,739.2,16.0
5721,0.0625,58.7,2.0,939.2,32.0
5722,0.0625,66.15,2.0,1058.4,32.0
5723,0.0625,40.1,1.0,641.6,16.0
5724,0.0625,3.3499999999999996,0.0,53.599999999999994,0.0
5727,0.0625,23.4,2.0,374.4,32.0
5728,0.0625,39.6,1.0,633.6,16.0
5729,0.0625,57.4,0.0,918.4,0.0
5730,0.0625,43.2,0.0,691.2,0.0
5731,0.0625,30.15,0.0,482.4,0.0
5732,0.0625,61.4,1.0,982.4,16.0
5733,0.0625,53.95,2.0,863.2,32.0
5734,0.0625,126.65,4.0,2026.4,64.0
5735,0.0625,82.55,0.0,1320.8,0.0
5736,0.0625,88.45,2.0,1415.2,32.0
5737,0.0625,70.7,2.0,1131.2,32.0
5738,0.0625,53.7,0.0,859.2,0.0
5739,0.0625,48.9,4.0,782.4,64.0
5740,0.0625,115.4,4.0,1846.4,64.0
5741,0.0625,45.55,2.0,728.8,32.0
5742,0.0625,31.4,1.0,502.4,16.0
5743,0.0625,41.6,0.0,665.6,0.0
5744,0.0625,43.75,0.0,700.0,0.0
5745,0.0625,62.75,2.0,1004.0,32.0
5746,0.0625,65.25,1.0,1044.0,16.0
5747,0.0625,65.55,0.0,1048.8,0.0
5748,0.0625,25.9,1.0,414.4,16.0
5749,0.0625,60.65,0.0,970.4,0.0
5750,0.0625,54.1,1.0,865.6,16.0
5751,0.0625,52.4,0.0,838.4,0.0
5752,0.0625,47.7,2.0,763.2,32.0
5753,0.0625,23.55,0.0,376.8,0.0
5754,0.0625,1.0,0.0,16.0,0.0
5781,0.0625,21.4,0.0,342.4,0.0
5782,0.0625,52.5,2.0,840.0,32.0
5783,0.0625,64.85,0.0,1037.6,0.0
5784,0.0625,51.2,1.0,819.2,16.0
5785,0.0625,56.85,1.0,909.6,16.0
5786,0.0625,34.0,1.0,544.0,16.0
5787,0.0625,49.9,1.0,798.4,16.0
5788,0.0625,29.85,0.0,477.6,0.0
5789,0.0625,46.15,2.0,738.4,32.0
5790,0.0625,28.7,2.0,459.2,32.0
5791,0.0625,51.3,3.0,820.8,48.0
5792,0.0625,36.85,1.0,589.6,16.0
5793,0.0625,40.35,0.0,645.6,0.0
5794,0.0625,60.55,5.0,968.8,80.0
5795,0.0625,84.5,0.0,1352.0,0.0
5796,0.0625,50.15,2.0,802.4,32.0
5797,0.0625,43.45,0.0,695.2,0.0
5798,0.0625,47.15,0.0,754.4,0.0
5799,0.0625,136.6,5.0,2185.6,80.0
5800,0.0625,56.1,3.0,897.6,48.0
5801,0.0625,60.8,0.0,972.8,0.0
5802,0.0625,44.15,0.0,706.4,0.0
5803,0.0625,39.6,0.0,633.6,0.0
5804,0.0625,37.7,0.0,603.2,0.0
5805,0.0625,3.5,0.0,56.0,0.0
5806,0.0625,30.75,0.0,492.0,0.0
5807,0.0625,5.7,0.0,91.2,0.0
5808,0.0625,174.85,2.0,2797.6,32.0
5809,0.0625,109.85,1.0,1757.6,16.0
5810,0.0625,90.55,0.0,1448.8,0.0
5811,0.0625,79.3,1.0,1268.8,16.0
5812,0.0625,87.0,2.0,1392.0,32.0
5813,0.0625,211.35,0.0,3381.6,0.0
5814,0.0625,156.3,0.0,2500.8,0.0
5815,0.0625,170.6,0.0,2729.6,0.0
5816,0.0625,80.15,0.0,1282.4,0.0
5817,0.0625,61.55,2.0,984.8,32.0
5818,0.0625,92.45,3.0,1479.2,48.0
5819,0.0625,82.25,3.0,1316.0,48.0
5820,0.0625,53.55,0.0,856.8,0.0
5821,0.0625,65.75,0.0,1052.0,0.0
5822,0.0625,82.0,0.0,1312.0,0.0
5823,0.0625,146.95,6.0,2351.2,96.0
5824,0.0625,114.3,4.0,1828.8,64.0
5825,0.0625,96.3,0.0,1540.8,0.0
5826,0.0625,93.85,4.0,1501.6,64.0
5827,0.0625,46.35,1.0,741.6,16.0
5828,0.0625,65.0,4.0,1040.0,64.0
5829,0.0625,65.75,0.0,1052.0,0.0
5830,0.0625,29.8,0.0,476.8,0.0
5831,0.0625,75.8,3.0,1212.8,48.0
5832,0.0625,0.15,0.0,2.4,0.0
5836,0.0625,46.75,1.0,748.0,16.0
5837,0.0625,30.7,0.0,491.2,0.0
5838,0.0625,48.2,0.0,771.2,0.0
5839,0.0625,50.6,3.0,809.6,48.0
5840,0.0625,27.3,0.0,436.8,0.0
5841,0.0625,44.3,0.0,708.8,0.0
5842,0.0625,146.2,4.0,2339.2,64.0
5843,0.0625,56.3,0.0,900.8,0.0
5844,0.0625,47.1,0.0,753.6,0.0
5845,0.0625,129.1,3.0,2065.6,48.0
5846,0.0625,89.45,0.0,1431.2,0.0
5847,0.0625,72.55,4.0,1160.8,64.0
5848,0.0625,88.7,0.0,1419.2,0.0
5849,0.0625,79.05,2.0,1264.8,32.0
5850,0.0625,62.5,3.0,1000.0,48.0
5851,0.0625,41.35,0.0,661.6,0.0
5852,0.0625,30.35,0.0,485.6,0.0
5853,0.0625,28.8,0.0,460.8,0.0
5854,0.0625,68.15,5.0,1090.4,80.0
5855,0.0625,44.5,1.0,712.0,16.0
5856,0.0625,53.85,0.0,861.6,0.0
5857,0.0625,15.2,0.0,243.2,0.0
5858,0.0625,25.8,0.0,412.8,0.0
5859,0.0625,52.5,0.0,840.0,0.0
5860,0.0625,42.8,1.0,684.8,16.0
5861,0.0625,60.3,1.0,964.8,16.0
5862,0.0625,71.85,3.0,1149.6,48.0
5863,0.0625,7.95,0.0,127.2,0.0
5889,0.0625,5.6,0.0,89.6,0.0
5890,0.0625,34.1,0.0,545.6,0.0
5891,0.0625,76.1,3.0,1217.6,48.0
5892,0.0625,80.35,2.0,1285.6,32.0
5893,0.0625,61.35,1.0,981.6,16.0
5894,0.0625,53.4,2.0,854.4,32.0
5895,0.0625,36.05,0.0,576.8,0.0
5896,0.0625,34.6,0.0,553.6,0.0
5897,0.0625,59.05,3.0,944.8,48.0
5898,0.0625,75.9,4.0,1214.4,64.0
5899,0.0625,78.7,6.0,1259.2,96.0
5900,0.0625,66.2,0.0,1059.2,0.0
5901,0.0625,45.35,3.0,725.6,48.0
5902,0.0625,22.05,1.0,352.8,16.0
5903,0.0625,94.2,0.0,1507.2,0.0
5904,0.0625,86.3,2.0,1380.8,32.0
5905,0.0625,67.8,2.0,1084.8,32.0
5906,0.0625,51.4,0.0,822.4,0.0
5907,0.0625,59.95,0.0,959.2,0.0
5908,0.0625,135.9,5.0,2174.4,80.0
5909,0.0625,172.85,6.0,2765.6,96.0
5910,0.0625,71.4,0.0,1142.4,0.0
5911,0.0625,50.65,0.0,810.4,0.0
5912,0.0625,49.9,0.0,798.4,0.0
5913,0.0625,5.05,0.0,80.8,0.0
5914,0.0625,10.65,0.0,170.4,0.0
5915,0.0625,3.05,0.0,48.8,0.0
5916,0.0625,39.15,1.0,626.4,16.0
5917,0.0625,86.0,1.0,1376.0,16.0
5918,0.0625,106.85,1.0,1709.6,16.0
5919,0.0625,78.45,2.0,1255.2,32.0
5920,0.0625,129.85,1.0,2077.6,16.0
5921,0.0625,93.8,0.0,1500.8,0.0
5922,0.0625,183.05,9.0,2928.8,144.0
5923,0.0625,149.8,0.0,2396.8,0.0
5924,0.0625,158.5,2.0,2536.0,32.0
5925,0.0625,99.6,0.0,1593.6,0.0
5926,0.0625,68.55,2.0,1096.8,32.0
5927,0.0625,72.25,1.0,1156.0,16.0
5928,0.0625,82.3,1.0,1316.8,16.0
5929,0.0625,58.25,0.0,932.0,0.0
5930,0.0625,83.9,2.0,1342.4,32.0
5931,0.0625,97.65,3.0,1562.4,48.0
5932,0.0625,68.05,1.0,1088.8,16.0
5933,0.0625,68.45,1.0,1095.2,16.0
5934,0.0625,67.7,2.0,1083.2,32.0
5935,0.0625,60.4,2.0,966.4,32.0
5936,0.0625,72.85,2.0,1165.6,32.0
5937,0.0625,54.65,0.0,874.4,0.0
5938,0.0625,63.9,0.0,1022.4,0.0
5939,0.0625,49.8,1.0,796.8,16.0
5940,0.0625,40.4,3.0,646.4,48.0
5941,0.0625,54.9,1.0,878.4,16.0
5942,0.0625,30.25,1.0,484.0,16.0
5943,0.0625,3.7,3.0,59.2,48.0
5944,0.0625,11.15,0.0,178.4,0.0
5945,0.0625,37.6,1.0,601.6,16.0
5946,0.0625,30.0,2.0,480.0,32.0
5947,0.0625,50.85,1.0,813.6,16.0
5948,0.0625,65.55,0.0,1048.8,0.0
5949,0.0625,48.85,0.0,781.6,0.0
5950,0.0625,27.5,0.0,440.0,0.0
5951,0.0625,81.2,4.0,1299.2,64.0
5952,0.0625,55.0,2.0,880.0,32.0
5953,0.0625,64.05,1.0,1024.8,16.0
5954,0.0625,60.9,0.0,974.4,0.0
5955,0.0625,84.3,3.0,1348.8,48.0
5956,0.0625,97.95,0.0,1567.2,0.0
5957,0.0625,52.4,2.0,838.4,32.0
5958,0.0625,45.45,1.0,727.2,16.0
5959,0.0625,53.65,0.0,858.4,0.0
5960,0.0625,49.8,1.0,796.8,16.0
5961,0.0625,27.5,1.0,440.0,16.0
5962,0.0625,60.45,0.0,967.2,0.0
5963,0.0625,60.95,2.0,975.2,32.0
5964,0.0625,47.45,2.0,759.2,32.0
5965,0.0625,48.1,1.0,769.6,16.0
5966,0.0625,41.65,1.0,666.4,16.0
5967,0.0625,41.85,1.0,669.6,16.0
5968,0.0625,44.45,2.0,711.2,32.0
5969,0.0625,69.2,2.0,1107.2,32.0
5970,0.0625,58.95,2.0,943.2,32.0
5971,0.0625,81.85,3.0,1309.6,48.0
5972,0.0625,43.7,0.0,699.2,0.0
5973,0.0625,2.1,0.0,33.6,0.0
5981,0.0625,0.15,0.0,2.4,0.0
5997,0.0625,8.35,0.0,133.6,0.0
5998,0.0625,49.2,0.0,787.2,0.0
5999,0.0625,38.4,0.0,614.4,0.0
6000,0.0625,60.8,0.0,972.8,0.0
6001,0.0625,63.5,4.0,1016.0,64.0
6002,0.0625,74.5,1.0,1192.0,16.0
6003,0.0625,35.45,0.0,567.2,0.0
6004,0.0625,42.6,0.0,681.6,0.0
6005,0.0625,44.9,1.0,718.4,16.0
6006,0.0625,90.2,0.0,1443.2,0.0
6007,0.0625,174.95,5.0,2799.2,80.0
6008,0.0625,58.35,0.0,933.6,0.0
6009,0.0625,68.6,3.0,1097.6,48.0
6010,0.0625,35.3,1.0,564.8,16.0
6011,0.0625,53.25,3.0,852.0,48.0
6012,0.0625,98.55,3.0,1576.8,48.0
6013,0.0625,165.1,2.0,2641.6,32.0
6014,0.0625,92.95,2.0,1487.2,32.0
6015,0.0625,139.7,2.0,2235.2,32.0
6016,0.0625,134.9,3.0,2158.4,48.0
6017,0.0625,125.25,0.0,2004.0,0.0
6018,0.0625,109.9,0.0,1758.4,0.0
6019,0.0625,134.3,1.0,2148.8,16.0
6020,0.0625,64.2,0.0,1027.2,0.0
6021,0.0625,42.0,0.0,672.0,0.0
6022,0.0625,29.75,0.0,476.0,0.0
6023,0.0625,3.4,0.0,54.4,0.0
6024,0.0625,51.45,0.0,823.2,0.0
6025,0.0625,66.25,2.0,1060.0,32.0
6026,0.0625,82.5,1.0,1320.0,16.0
6027,0.0625,64.65,1.0,1034.4,16.0
6028,0.0625,81.05,1.0,1296.8,16.0
6029,0.0625,76.6,0.0,1225.6,0.0
6030,0.0625,130.2,0.0,2083.2,0.0
6031,0.0625,280.7,6.0,4491.2,96.0
6032,0.0625,103.95,0.0,1663.2,0.0
6033,0.0625,170.85,1.0,2733.6,16.0
6034,0.0625,183.0,2.0,2928.0,32.0
6035,0.0625,66.8,1.0,1068.8,16.0
6036,0.0625,80.4,0.0,1286.4,0.0
6037,0.0625,82.4,2.0,1318.4,32.0
6038,0.0625,64.7,3.0,1035.2,48.0
6039,0.0625,157.85,6.0,2525.6,96.0
6040,0.0625,94.95,0.0,1519.2,0.0
6041,0.0625,75.3,0.0,1204.8,0.0
6042,0.0625,53.6,1.0,857.6,16.0
6043,0.0625,65.5,3.0,1048.0,48.0
6044,0.0625,62.05,0.0,992.8,0.0
6045,0.0625,69.85,1.0,1117.6,16.0
6046,0.0625,54.4,2.0,870.4,32.0
6047,0.0625,55.35,2.0,885.6,32.0
6048,0.0625,91.4,0.0,1462.4,0.0
6049,0.0625,6.3,0.0,100.8,0.0
6050,0.0625,64.3,3.0,1028.8,48.0
6051,0.0625,2.05,0.0,32.8,0.0
6052,0.0625,6.85,0.0,109.6,0.0
6053,0.0625,45.65,0.0,730.4,0.0
6054,0.0625,26.45,0.0,423.2,0.0
6055,0.0625,42.35,1.0,677.6,16.0
6056,0.0625,44.4,2.0,710.4,32.0
6057,0.0625,40.85,0.0,653.6,0.0
6058,0.0625,84.05,0.0,1344.8,0.0
6059,0.0625,167.85,7.0,2685.6,112.0
6060,0.0625,40.7,3.0,651.2,48.0
6061,0.0625,62.1,5.0,993.6,80.0
6062,0.0625,53.95,3.0,863.2,48.0
6063,0.0625,50.3,0.0,804.8,0.0
6064,0.0625,68.95,0.0,1103.2,0.0
6065,0.0625,54.95,1.0,879.2,16.0
6066,0.0625,60.4,1.0,966.4,16.0
6067,0.0625,51.5,0.0,824.0,0.0
6068,0.0625,38.7,1.0,619.2,16.0
6069,0.0625,65.8,3.0,1052.8,48.0
6070,0.0625,38.15,0.0,610.4,0.0
6071,0.0625,59.4,1.0,950.4,16.0
6072,0.0625,45.25,1.0,724.0,16.0
6073,0.0625,44.5,1.0,712.0,16.0
6074,0.0625,50.6,3.0,809.6,48.0
6075,0.0625,66.65,1.0,1066.4,16.0
6076,0.0625,48.1,1.0,769.6,16.0
6077,0.0625,45.7,2.0,731.2,32.0
6078,0.0625,64.05,1.0,1024.8,16.0
6079,0.0625,57.55,1.0,920.8,16.0
6080,0.0625,79.9,3.0,1278.4,48.0
6081,0.0625,463.35,11.0,7413.6,176.0
6082,0.0625,39.1,9.0,625.6,144.0
6083,0.0625,0.5,0.0,8.0,0.0
6091,0.0625,0.15,0.0,2.4,0.0
6105,0.0625,4.25,0.0,68.0,0.0
6106,0.0625,26.2,1.0,419.2,16.0
6107,0.0625,33.65,0.0,538.4,0.0
6108,0.0625,48.35,2.0,773.6,32.0
6109,0.0625,57.85,0.0,925.6,0.0
6110,0.0625,69.15,0.0,1106.4,0.0
6111,0.0625,63.949999999999996,1.0,1023.1999999999999,16.0
6112,0.0625,69.5,3.0,1112.0,48.0
6113,0.0625,46.55,2.0,744.8,32.0
6114,0.0625,47.95,1.0,767.2,16.0
6115,0.0625,62.75,1.0,1004.0,16.0
6116,0.0625,86.6,2.0,1385.6,32.0
6117,0.0625,126.05,4.0,2016.8,64.0
6118,0.0625,44.95,0.0,719.2,0.0
6119,0.0625,43.4,2.0,694.4,32.0
6120,0.0625,39.75,1.0,636.0,16.0
6121,0.0625,81.0,8.0,1296.0,128.0
6122,0.0625,142.25,5.0,2276.0,80.0
6123,0.0625,190.4,3.0,3046.4,48.0
6124,0.0625,106.8,5.0,1708.8,80.0
6125,0.0625,125.4,0.0,2006.4,0.0
6126,0.0625,158.65,0.0,2538.4,0.0
6127,0.0625,112.65,0.0,1802.4,0.0
6128,0.0625,85.35,2.0,1365.6,32.0
6129,0.0625,124.75,3.0,1996.0,48.0
6130,0.0625,71.8,0.0,1148.8,0.0
6131,0.0625,35.95,0.0,575.2,0.0
6132,0.0625,44.1,1.0,705.6,16.0
6133,0.0625,56.5,1.0,904.0,16.0
6134,0.0625,67.3,2.0,1076.8,32.0
6135,0.0625,58.5,1.0,936.0,16.0
6136,0.0625,70.95,1.0,1135.2,16.0
6137,0.0625,82.0,1.0,1312.0,16.0
6138,0.0625,99.2,3.0,1587.2,48.0
6139,0.0625,102.75,2.0,1644.0,32.0
6140,0.0625,134.2,9.0,2147.2,144.0
6141,0.0625,175.8,5.0,2812.8,80.0
6142,0.0625,142.25,0.0,2276.0,0.0
6143,0.0625,222.55,1.0,3560.8,16.0
6144,0.0625,142.25,1.0,2276.0,16.0
6145,0.0625,82.8,6.0,1324.8,96.0
6146,0.0625,97.2,5.0,1555.2,80.0
6147,0.0625,134.15,2.0,2146.4,32.0
6148,0.0625,64.1,0.0,1025.6,0.0
6149,0.0625,89.1,1.0,1425.6,16.0
6150,0.0625,90.55,2.0,1448.8,32.0
6151,0.0625,53.1,2.0,849.6,32.0
6152,0.0625,47.85,0.0,765.6,0.0
6153,0.0625,54.75,2.0,876.0,32.0
6154,0.0625,65.7,0.0,1051.2,0.0
6155,0.0625,89.95,6.0,1439.2,96.0
6156,0.0625,72.3,1.0,1156.8,16.0
6157,0.0625,110.75,3.0,1772.0,48.0
6158,0.0625,52.6,0.0,841.6,0.0
6159,0.0625,1.6,0.0,25.6,0.0
6160,0.0625,3.15,0.0,50.4,0.0
6161,0.0625,1.1,0.0,17.6,0.0
6162,0.0625,21.15,0.0,338.4,0.0
6163,0.0625,29.9,3.0,478.4,48.0
6164,0.0625,33.8,2.0,540.8,32.0
6165,0.0625,11.65,0.0,186.4,0.0
6166,0.0625,54.55,4.0,872.8,64.0
6167,0.0625,85.75,3.0,1372.0,48.0
6168,0.0625,88.6,3.0,1417.6,48.0
6169,0.0625,41.25,0.0,660.0,0.0
6170,0.0625,53.05,4.0,848.8,64.0
6171,0.0625,74.8,2.0,1196.8,32.0
6172,0.0625,49.9,1.0,798.4,16.0
6173,0.0625,40.85,0.0,653.6,0.0
6174,0.0625,35.35,1.0,565.6,16.0
6175,0.0625,47.65,1.0,762.4,16.0
6176,0.0625,45.9,0.0,734.4,0.0
6177,0.0625,53.5,1.0,856.0,16.0
6178,0.0625,62.65,2.0,1002.4,32.0
6179,0.0625,36.0,4.0,576.0,64.0
6180,0.0625,41.4,2.0,662.4,32.0
6181,0.0625,45.85,0.0,733.6,0.0
6182,0.0625,53.45,1.0,855.2,16.0
6183,0.0625,58.9,1.0,942.4,16.0
6184,0.0625,89.0,3.0,1424.0,48.0
6185,0.0625,68.1,1.0,1089.6,16.0
6186,0.0625,81.05,1.0,1296.8,16.0
6187,0.0625,71.2,0.0,1139.2,0.0
6188,0.0625,128.0,3.0,2048.0,48.0
6189,0.0625,156.25,6.0,2500.0,96.0
6190,0.0625,88.45,1.0,1415.2,16.0
6191,0.0625,45.95,0.0,735.2,0.0
6192,0.0625,1.0,0.0,16.0,0.0
6195,0.0625,0.3,0.0,4.8,0.0
6198,0.0625,0.15,0.0,2.4,0.0
6213,0.0625,9.1,0.0,145.6,0.0
6214,0.0625,92.5,3.0,1480.0,48.0
6215,0.0625,44.25,0.0,708.0,0.0
6216,0.0625,44.75,0.0,716.0,0.0
6217,0.0625,33.3,1.0,532.8,16.0
6218,0.0625,55.35,0.0,885.6,0.0
6219,0.0625,53.65,2.0,858.4,32.0
6220,0.0625,44.3,0.0,708.8,0.0
6221,0.0625,51.8,1.0,828.8,16.0
6222,0.0625,42.1,0.0,673.6,0.0
6223,0.0625,58.9,1.0,942.4,16.0
6224,0.0625,73.25,2.0,1172.0,32.0
6225,0.0625,97.45,1.0,1559.2,16.0
6226,0.0625,136.25,0.0,2180.0,0.0
6227,0.0625,78.7,0.0,1259.2,0.0
6228,0.0625,68.75,1.0,1100.0,16.0
6229,0.0625,29.95,3.0,479.2,48.0
6230,0.0625,50.55,0.0,808.8,0.0
6231,0.0625,129.55,5.0,2072.8,80.0
6232,0.0625,120.75,2.0,1932.0,32.0
6233,0.0625,35.3,2.0,564.8,32.0
6234,0.0625,78.45,2.0,1255.2,32.0
6235,0.0625,150.65,3.0,2410.4,48.0
6236,0.0625,30.2,0.0,483.2,0.0
6237,0.0625,59.4,0.0,950.4,0.0
6238,0.0625,49.65,0.0,794.4,0.0
6239,0.0625,73.0,7.0,1168.0,112.0
6240,0.0625,72.9,0.0,1166.4,0.0
6241,0.0625,75.5,0.0,1208.0,0.0
6242,0.0625,69.7,3.0,1115.2,48.0
6243,0.0625,55.35,2.0,885.6,32.0
6244,0.0625,59.65,1.0,954.4,16.0
6245,0.0625,68.3,0.0,1092.8,0.0
6246,0.0625,64.05,1.0,1024.8,16.0
6247,0.0625,134.6,1.0,2153.6,16.0
6248,0.0625,141.1,1.0,2257.6,16.0
6249,0.0625,107.8,0.0,1724.8,0.0
6250,0.0625,283.85,9.0,4541.6,144.0
6251,0.0625,325.05,0.0,5200.8,0.0
6252,0.0625,659.8,5.0,10556.8,80.0
6253,0.0625,110.8,3.0,1772.8,48.0
6254,0.0625,75.7,1.0,1211.2,16.0
6255,0.0625,46.9,0.0,750.4,0.0
6256,0.0625,85.55,2.0,1368.8,32.0
6257,0.0625,72.7,1.0,1163.2,16.0
6258,0.0625,52.6,1.0,841.6,16.0
6259,0.0625,48.3,1.0,772.8,16.0
6260,0.0625,68.9,0.0,1102.4,0.0
6261,0.0625,60.15,2.0,962.4,32.0
6262,0.0625,54.3,1.0,868.8,16.0
6263,0.0625,63.5,1.0,1016.0,16.0
6264,0.0625,88.45,2.0,1415.2,32.0
6265,0.0625,109.1,3.0,1745.6,48.0
6266,0.0625,71.45,2.0,1143.2,32.0
6267,0.0625,17.5,0.0,280.0,0.0
6268,0.0625,1.5,1.0,24.0,16.0
6269,0.0625,44.4,1.0,710.4,16.0
6270,0.0625,9.45,0.0,151.2,0.0
6271,0.0625,35.95,0.0,575.2,0.0
6272,0.0625,13.3,0.0,212.8,0.0
6273,0.0625,97.6,4.0,1561.6,64.0
6274,0.0625,36.4,3.0,582.4,48.0
6275,0.0625,37.85,0.0,605.6,0.0
6276,0.0625,46.45,3.0,743.2,48.0
6277,0.0625,42.0,3.0,672.0,48.0
6278,0.0625,49.25,4.0,788.0,64.0
6279,0.0625,51.5,3.0,824.0,48.0
6280,0.0625,38.6,1.0,617.6,16.0
6281,0.0625,26.7,3.0,427.2,48.0
6282,0.0625,25.45,0.0,407.2,0.0
6283,0.0625,17.0,1.0,272.0,16.0
6284,0.0625,45.55,2.0,728.8,32.0
6285,0.0625,179.4,0.0,2870.4,0.0
6286,0.0625,110.2,3.0,1763.2,48.0
6287,0.0625,56.55,2.0,904.8,32.0
6288,0.0625,72.35,3.0,1157.6,48.0
6289,0.0625,43.45,1.0,695.2,16.0
6290,0.0625,73.8,0.0,1180.8,0.0
6291,0.0625,80.55,2.0,1288.8,32.0
6292,0.0625,72.7,1.0,1163.2,16.0
6293,0.0625,106.3,1.0,1700.8,16.0
6294,0.0625,109.6,1.0,1753.6,16.0
6295,0.0625,98.65,0.0,1578.4,0.0
6296,0.0625,141.1,5.0,2257.6,80.0
6297,0.0625,114.45,3.0,1831.2,48.0
6298,0.0625,62.05,2.0,992.8,32.0
6299,0.0625,38.85,0.0,621.6,0.0
6300,0.0625,63.8,0.0,1020.8,0.0
6301,0.0625,26.2,1.0,419.2,16.0
6322,0.0625,8.2,1.0,131.2,16.0
6323,0.0625,42.85,3.0,685.6,48.0
6324,0.0625,46.85,0.0,749.6,0.0
6325,0.0625,55.95,1.0,895.2,16.0
6326,0.0625,42.1,0.0,673.6,0.0
6327,0.0625,49.3,1.0,788.8,16.0
6328,0.0625,40.35,0.0,645.6,0.0
6329,0.0625,39.7,2.0,635.2,32.0
6330,0.0625,221.45,3.0,3543.2,48.0
6331,0.0625,49.75,3.0,796.0,48.0
6332,0.0625,100.65,4.0,1610.4,64.0
6333,0.0625,148.45,2.0,2375.2,32.0
6334,0.0625,171.55,0.0,2744.8,0.0
6335,0.0625,195.95,0.0,3135.2,0.0
6336,0.0625,124.39999999999999,0.0,1990.3999999999999,0.0
6337,0.0625,63.3,4.0,1012.8,64.0
6338,0.0625,23.4,0.0,374.4,0.0
6339,0.0625,17.75,0.0,284.0,0.0
6340,0.0625,80.1,1.0,1281.6,16.0
6341,0.0625,24.15,0.0,386.4,0.0
6342,0.0625,41.1,3.0,657.6,48.0
6343,0.0625,111.95,7.0,1791.2,112.0
6344,0.0625,15.25,6.0,244.0,96.0
6345,0.0625,28.35,1.0,453.6,16.0
6346,0.0625,41.8,1.0,668.8,16.0
6347,0.0625,29.45,2.0,471.2,32.0
6348,0.0625,51.3,1.0,820.8,16.0
6349,0.0625,64.5,0.0,1032.0,0.0
6350,0.0625,117.75,7.0,1884.0,112.0
6351,0.0625,84.95,1.0,1359.2,16.0
6352,0.0625,71.1,1.0,1137.6,16.0
6353,0.0625,57.5,0.0,920.0,0.0
6354,0.0625,45.65,0.0,730.4,0.0
6355,0.0625,65.15,0.0,1042.4,0.0
6356,0.0625,104.1,1.0,1665.6,16.0
6357,0.0625,110.0,1.0,1760.0,16.0
6358,0.0625,206.15,2.0,3298.4,32.0
6359,0.0625,751.85,6.0,12029.6,96.0
6360,0.0625,136.9,0.0,2190.4,0.0
6361,0.0625,111.15,0.0,1778.4,0.0
6362,0.0625,155.3,0.0,2484.8,0.0
6363,0.0625,82.9,2.0,1326.4,32.0
6364,0.0625,56.1,1.0,897.6,16.0
6365,0.0625,79.55,2.0,1272.8,32.0
6366,0.0625,118.7,4.0,1899.2,64.0
6367,0.0625,53.75,0.0,860.0,0.0
6368,0.0625,57.25,1.0,916.0,16.0
6369,0.0625,86.25,2.0,1380.0,32.0
6370,0.0625,117.1,2.0,1873.6,32.0
6371,0.0625,40.6,0.0,649.6,0.0
6372,0.0625,66.5,1.0,1064.0,16.0
6373,0.0625,59.15,0.0,946.4,0.0
6374,0.0625,88.0,2.0,1408.0,32.0
6375,0.0625,109.25,1.0,1748.0,16.0
6376,0.0625,83.3,0.0,1332.8,0.0
6377,0.0625,27.7,0.0,443.2,0.0
6378,0.0625,28.0,0.0,448.0,0.0
6379,0.0625,36.2,1.0,579.2,16.0
6380,0.0625,39.25,0.0,628.0,0.0
6381,0.0625,33.3,0.0,532.8,0.0
6382,0.0625,25.45,0.0,407.2,0.0
6383,0.0625,34.9,0.0,558.4,0.0
6384,0.0625,49.8,0.0,796.8,0.0
6385,0.0625,62.2,2.0,995.2,32.0
6386,0.0625,46.15,0.0,738.4,0.0
6387,0.0625,76.1,1.0,1217.6,16.0
6388,0.0625,36.1,2.0,577.6,32.0
6389,0.0625,10.65,0.0,170.4,0.0
6390,0.0625,27.35,1.0,437.6,16.0
6391,0.0625,8.1,2.0,129.6,32.0
6392,0.0625,15.4,0.0,246.4,0.0
6393,0.0625,34.7,1.0,555.2,16.0
6394,0.0625,49.95,0.0,799.2,0.0
6395,0.0625,131.6,5.0,2105.6,80.0
6396,0.0625,93.5,0.0,1496.0,0.0
6397,0.0625,84.15,2.0,1346.4,32.0
6398,0.0625,66.9,0.0,1070.4,0.0
6399,0.0625,67.15,0.0,1074.4,0.0
6400,0.0625,64.2,0.0,1027.2,0.0
6401,0.0625,96.15,0.0,1538.4,0.0
6402,0.0625,121.1,1.0,1937.6,16.0
6403,0.0625,187.8,5.0,3004.8,80.0
6404,0.0625,115.6,4.0,1849.6,64.0
6405,0.0625,74.55,0.0,1192.8,0.0
6406,0.0625,52.2,0.0,835.2,0.0
6407,0.0625,26.6,1.0,425.6,16.0
6408,0.0625,49.8,3.0,796.8,48.0
6409,0.0625,58.05,0.0,928.8,0.0
6410,0.0625,62.75,0.0,1004.0,0.0
6411,0.0625,1.7,0.0,27.2,0.0
6431,0.0625,0.15,0.0,2.4,0.0
6433,0.0625,16.4,3.0,262.4,48.0
6434,0.0625,68.15,1.0,1090.4,16.0
6435,0.0625,58.75,1.0,940.0,16.0
6436,0.0625,59.2,1.0,947.2,16.0
6437,0.0625,45.25,1.0,724.0,16.0
6438,0.0625,137.75,2.0,2204.0,32.0
6439,0.0625,35.85,0.0,573.6,0.0
6440,0.0625,230.65,6.0,3690.4,96.0
6441,0.0625,107.0,2.0,1712.0,32.0
6442,0.0625,207.95,2.0,3327.2,32.0
6443,0.0625,323.4,0.0,5174.4,0.0
6444,0.0625,925.65,0.0,14810.4,0.0
6445,0.0625,51.45,0.0,823.2,0.0
6446,0.0625,36.6,1.0,585.6,16.0
6447,0.0625,1.7,0.0,27.2,0.0
6448,0.0625,4.1,0.0,65.6,0.0
6449,0.0625,1.75,0.0,28.0,0.0
6450,0.0625,0.15,0.0,2.4,0.0
6451,0.0625,30.95,0.0,495.2,0.0
6452,0.0625,32.5,1.0,520.0,16.0
6453,0.0625,5.7,0.0,91.2,0.0
6454,0.0625,35.9,2.0,574.4,32.0
6455,0.0625,25.9,2.0,414.4,32.0
6456,0.0625,27.2,6.0,435.2,96.0
6457,0.0625,50.6,0.0,809.6,0.0
6458,0.0625,24.8,0.0,396.8,0.0
6459,0.0625,84.4,3.0,1350.4,48.0
6460,0.0625,148.7,7.0,2379.2,112.0
6461,0.0625,76.4,0.0,1222.4,0.0
6462,0.0625,70.05,0.0,1120.8,0.0
6463,0.0625,57.7,2.0,923.2,32.0
6464,0.0625,71.25,0.0,1140.0,0.0
6465,0.0625,145.15,1.0,2322.4,16.0
6466,0.0625,165.75,0.0,2652.0,0.0
6467,0.0625,140.2,1.0,2243.2,16.0
6468,0.0625,201.05,3.0,3216.8,48.0
6469,0.0625,212.25,1.0,3396.0,16.0
6470,0.0625,130.95,0.0,2095.2,0.0
6471,0.0625,136.5,3.0,2184.0,48.0
6472,0.0625,79.85,2.0,1277.6,32.0
6473,0.0625,69.7,1.0,1115.2,16.0
6474,0.0625,78.8,0.0,1260.8,0.0
6475,0.0625,92.55,2.0,1480.8,32.0
6476,0.0625,88.55,1.0,1416.8,16.0
6477,0.0625,70.9,0.0,1134.4,0.0
6478,0.0625,67.15,0.0,1074.4,0.0
6479,0.0625,77.35,0.0,1237.6,0.0
6480,0.0625,52.0,0.0,832.0,0.0
6481,0.0625,50.6,1.0,809.6,16.0
6482,0.0625,55.3,0.0,884.8,0.0
6483,0.0625,163.25,2.0,2612.0,32.0
6484,0.0625,93.35,1.0,1493.6,16.0
6485,0.0625,55.9,1.0,894.4,16.0
6486,0.0625,103.5,1.0,1656.0,16.0
6487,0.0625,51.15,0.0,818.4,0.0
6488,0.0625,39.2,0.0,627.2,0.0
6489,0.0625,38.2,2.0,611.2,32.0
6490,0.0625,34.5,9.0,552.0,144.0
6491,0.0625,20.1,0.0,321.6,0.0
6492,0.0625,30.3,0.0,484.8,0.0
6493,0.0625,102.1,4.0,1633.6,64.0
6494,0.0625,61.65,0.0,986.4,0.0
6495,0.0625,46.45,2.0,743.2,32.0
6496,0.0625,80.55,3.0,1288.8,48.0
6497,0.0625,38.6,1.0,617.6,16.0
6498,0.0625,21.25,1.0,340.0,16.0
6499,0.0625,16.35,3.0,261.6,48.0
6500,0.0625,14.3,0.0,228.8,0.0
6501,0.0625,28.7,2.0,459.2,32.0
6502,0.0625,29.2,1.0,467.2,16.0
6503,0.0625,47.6,0.0,761.6,0.0
6504,0.0625,105.75,0.0,1692.0,0.0
6505,0.0625,156.75,6.0,2508.0,96.0
6506,0.0625,72.8,1.0,1164.8,16.0
6507,0.0625,104.65,2.0,1674.4,32.0
6508,0.0625,72.75,4.0,1164.0,64.0
6509,0.0625,90.8,0.0,1452.8,0.0
6510,0.0625,94.95,0.0,1519.2,0.0
6511,0.0625,218.4,6.0,3494.4,96.0
6512,0.0625,122.8,0.0,1964.8,0.0
6513,0.0625,98.7,0.0,1579.2,0.0
6514,0.0625,47.8,0.0,764.8,0.0
6515,0.0625,37.05,0.0,592.8,0.0
6516,0.0625,70.6,0.0,1129.6,0.0
6517,0.0625,66.0,1.0,1056.0,16.0
6518,0.0625,64.4,1.0,1030.4,16.0
6519,0.0625,154.75,2.0,2476.0,32.0
6520,0.0625,20.6,0.0,329.6,0.0
6541,0.0625,0.75,0.0,12.0,0.0
6543,0.0625,13.75,1.0,220.0,16.0
6544,0.0625,70.4,2.0,1126.4,32.0
6545,0.0625,10.35,1.0,165.6,16.0
6546,0.0625,158.75,2.0,2540.0,32.0
6547,0.0625,134.55,3.0,2152.8,48.0
6548,0.0625,325.85,6.0,5213.6,96.0
6549,0.0625,90.65,0.0,1450.4,0.0
6550,0.0625,20.6,0.0,329.6,0.0
6551,0.0625,130.9,0.0,2094.4,0.0
6552,0.0625,72.9,0.0,1166.4,0.0
6553,0.0625,16.35,0.0,261.6,0.0
6554,0.0625,35.65,0.0,570.4,0.0
6555,0.0625,5.6,0.0,89.6,0.0
6556,0.0625,46.15,1.0,738.4,16.0
6557,0.0625,0.75,0.0,12.0,0.0
6558,0.0625,0.75,0.0,12.0,0.0
6559,0.0625,3.3,0.0,52.8,0.0
6561,0.0625,19.85,0.0,317.6,0.0
6562,0.0625,0.9500000000000001,0.0,15.200000000000001,0.0
6563,0.0625,0.0,1.0,0.0,16.0
6564,0.0625,38.85,1.0,621.6,16.0
6565,0.0625,8.0,0.0,128.0,0.0
6566,0.0625,8.5,1.0,136.0,16.0
6567,0.0625,57.5,5.0,920.0,80.0
6568,0.0625,59.55,3.0,952.8,48.0
6569,0.0625,95.85,3.0,1533.6,48.0
6570,0.0625,92.45,2.0,1479.2,32.0
6571,0.0625,86.2,0.0,1379.2,0.0
6572,0.0625,77.6,0.0,1241.6,0.0
6573,0.0625,73.25,0.0,1172.0,0.0
6574,0.0625,63.4,0.0,1014.4,0.0
6575,0.0625,114.25,3.0,1828.0,48.0
6576,0.0625,165.7,1.0,2651.2,16.0
6577,0.0625,157.95,1.0,2527.2,16.0
6578,0.0625,567.6,9.0,9081.6,144.0
6579,0.0625,159.1,0.0,2545.6,0.0
6580,0.0625,97.35,0.0,1557.6,0.0
6581,0.0625,118.25,0.0,1892.0,0.0
6582,0.0625,60.75,0.0,972.0,0.0
6583,0.0625,68.4,1.0,1094.4,16.0
6584,0.0625,112.05,4.0,1792.8,64.0
6585,0.0625,152.9,4.0,2446.4,64.0
6586,0.0625,71.0,0.0,1136.0,0.0
6587,0.0625,75.25,0.0,1204.0,0.0
6588,0.0625,48.4,0.0,774.4,0.0
6589,0.0625,90.4,2.0,1446.4,32.0
6590,0.0625,99.25,3.0,1588.0,48.0
6591,0.0625,89.55,1.0,1432.8,16.0
6592,0.0625,146.0,2.0,2336.0,32.0
6593,0.0625,64.9,1.0,1038.4,16.0
6594,0.0625,84.5,0.0,1352.0,0.0
6595,0.0625,59.3,1.0,948.8,16.0
6596,0.0625,12.1,3.0,193.6,48.0
6597,0.0625,14.35,0.0,229.6,0.0
6598,0.0625,13.55,3.0,216.8,48.0
6599,0.0625,1.8,0.0,28.8,0.0
6600,0.0625,23.6,0.0,377.6,0.0
6601,0.0625,21.0,0.0,336.0,0.0
6602,0.0625,55.1,2.0,881.6,32.0
6603,0.0625,43.8,0.0,700.8,0.0
6604,0.0625,46.5,3.0,744.0,48.0
6605,0.0625,86.55,1.0,1384.8,16.0
6606,0.0625,53.15,0.0,850.4,0.0
6607,0.0625,53.9,3.0,862.4,48.0
6608,0.0625,7.95,0.0,127.2,0.0
6609,0.0625,16.0,2.0,256.0,32.0
6610,0.0625,29.25,2.0,468.0,32.0
6611,0.0625,38.6,0.0,617.6,0.0
6612,0.0625,70.05,0.0,1120.8,0.0
6613,0.0625,115.5,1.0,1848.0,16.0
6614,0.0625,134.05,3.0,2144.8,48.0
6615,0.0625,129.15,3.0,2066.4,48.0
6616,0.0625,112.9,0.0,1806.4,0.0
6617,0.0625,131.1,3.0,2097.6,48.0
6618,0.0625,183.8,4.0,2940.8,64.0
6619,0.0625,202.6,4.0,3241.6,64.0
6620,0.0625,88.0,1.0,1408.0,16.0
6621,0.0625,119.35,0.0,1909.6,0.0
6622,0.0625,61.25,1.0,980.0,16.0
6623,0.0625,51.9,0.0,830.4,0.0
6624,0.0625,84.55,0.0,1352.8,0.0
6625,0.0625,121.85,0.0,1949.6,0.0
6626,0.0625,55.05,1.0,880.8,16.0
6627,0.0625,24.55,1.0,392.8,16.0
6628,0.0625,9.8,0.0,156.8,0.0
6629,0.0625,11.7,0.0,187.2,0.0
6651,0.0625,3.35,0.0,53.6,0.0
6653,0.0625,3.4,0.0,54.4,0.0
6654,0.0625,81.5,0.0,1304.0,0.0
6655,0.0625,171.7,6.0,2747.2,96.0
6656,0.0625,232.1,3.0,3713.6,48.0
6657,0.0625,104.0,0.0,1664.0,0.0
6658,0.0625,36.45,0.0,583.2,0.0
6659,0.0625,3.55,0.0,56.8,0.0
6661,0.0625,40.55,0.0,648.8,0.0
6662,0.0625,226.7,1.0,3627.2,16.0
6663,0.0625,12.3,0.0,196.8,0.0
6664,0.0625,43.55,0.0,696.8,0.0
6665,0.0625,3.15,0.0,50.4,0.0
6666,0.0625,0.15,0.0,2.4,0.0
6667,0.0625,5.4,0.0,86.4,0.0
6669,0.0625,0.15,0.0,2.4,0.0
6671,0.0625,19.95,0.0,319.2,0.0
6672,0.0625,6.95,0.0,111.2,0.0
6673,0.0625,1.4,0.0,22.4,0.0
6675,0.0625,43.6,2.0,697.6,32.0
6676,0.0625,54.6,4.0,873.6,64.0
6677,0.0625,70.85,0.0,1133.6,0.0
6678,0.0625,46.35,0.0,741.6,0.0
6679,0.0625,73.0,2.0,1168.0,32.0
6680,0.0625,79.7,2.0,1275.2,32.0
6681,0.0625,69.25,0.0,1108.0,0.0
6682,0.0625,63.15,0.0,1010.4,0.0
6683,0.0625,99.1,2.0,1585.6,32.0
6684,0.0625,160.1,2.0,2561.6,32.0
6685,0.0625,154.9,1.0,2478.4,16.0
6686,0.0625,149.75,2.0,2396.0,32.0
6687,0.0625,282.3,4.0,4516.8,64.0
6688,0.0625,99.5,0.0,1592.0,0.0
6689,0.0625,113.95,0.0,1823.2,0.0
6690,0.0625,117.8,1.0,1884.8,16.0
6691,0.0625,96.35,2.0,1541.6,32.0
6692,0.0625,100.95,0.0,1615.2,0.0
6693,0.0625,83.55,0.0,1336.8,0.0
6694,0.0625,111.7,3.0,1787.2,48.0
6695,0.0625,97.45,1.0,1559.2,16.0
6696,0.0625,34.8,0.0,556.8,0.0
6697,0.0625,66.15,2.0,1058.4,32.0
6698,0.0625,74.1,0.0,1185.6,0.0
6699,0.0625,169.55,2.0,2712.8,32.0
6700,0.0625,55.0,1.0,880.0,16.0
6701,0.0625,169.3,2.0,2708.8,32.0
6702,0.0625,46.3,0.0,740.8,0.0
6703,0.0625,42.45,0.0,679.2,0.0
6704,0.0625,47.35,0.0,757.6,0.0
6705,0.0625,6.2,0.0,99.2,0.0
6706,0.0625,0.75,0.0,12.0,0.0
6707,0.0625,0.15,0.0,2.4,0.0
6709,0.0625,1.0,0.0,16.0,0.0
6710,0.0625,25.0,5.0,400.0,80.0
6711,0.0625,43.95,3.0,703.2,48.0
6712,0.0625,43.6,0.0,697.6,0.0
6713,0.0625,35.1,2.0,561.6,32.0
6714,0.0625,62.5,1.0,1000.0,16.0
6715,0.0625,53.9,1.0,862.4,16.0
6716,0.0625,47.25,1.0,756.0,16.0
6717,0.0625,39.7,1.0,635.2,16.0
6718,0.0625,14.15,1.0,226.4,16.0
6719,0.0625,42.55,1.0,680.8,16.0
6720,0.0625,45.2,0.0,723.2,0.0
6721,0.0625,81.2,0.0,1299.2,0.0
6722,0.0625,120.25,2.0,1924.0,32.0
6723,0.0625,127.6,2.0,2041.6,32.0
6724,0.0625,138.1,4.0,2209.6,64.0
6725,0.0625,122.95,0.0,1967.2,0.0
6726,0.0625,188.9,4.0,3022.4,64.0
6727,0.0625,338.0,3.0,5408.0,48.0
6728,0.0625,80.7,0.0,1291.2,0.0
6729,0.0625,91.8,0.0,1468.8,0.0
6730,0.0625,78.0,0.0,1248.0,0.0
6731,0.0625,80.5,0.0,1288.0,0.0
6732,0.0625,73.5,1.0,1176.0,16.0
6733,0.0625,76.5,0.0,1224.0,0.0
6734,0.0625,31.65,2.0,506.4,32.0
6735,0.0625,24.15,0.0,386.4,0.0
6736,0.0625,0.8999999999999999,0.0,14.399999999999999,0.0
6737,0.0625,1.0999999999999999,0.0,17.599999999999998,0.0
6738,0.0625,5.25,0.0,84.0,0.0
6739,0.0625,0.5,0.0,8.0,0.0
6763,0.0625,18.85,2.0,301.6,32.0
6764,0.0625,100.75,0.0,1612.0,0.0
6765,0.0625,116.05,0.0,1856.8,0.0
6766,0.0625,86.7,0.0,1387.2,0.0
6769,0.0625,0.5,0.0,8.0,0.0
6770,0.0625,0.3,0.0,4.8,0.0
6771,0.0625,81.95,1.0,1311.2,16.0
6772,0.0625,158.35,0.0,2533.6,0.0
6773,0.0625,12.65,0.0,202.4,0.0
6776,0.0625,1.95,0.0,31.2,0.0
6777,0.0625,0.75,0.0,12.0,0.0
6779,0.0625,0.65,0.0,10.4,0.0
6780,0.0625,19.2,0.0,307.2,0.0
6781,0.0625,179.9,0.0,2878.4,0.0
6782,0.0625,1.7,0.0,27.2,0.0
6783,0.0625,10.15,1.0,162.4,16.0
6784,0.0625,35.15,1.0,562.4,16.0
6785,0.0625,54.85,0.0,877.6,0.0
6786,0.0625,65.3,1.0,1044.8,16.0
6787,0.0625,74.0,0.0,1184.0,0.0
6788,0.0625,143.25,2.0,2292.0,32.0
6789,0.0625,89.35,5.0,1429.6,80.0
6790,0.0625,95.1,0.0,1521.6,0.0
6791,0.0625,90.95,1.0,1455.2,16.0
6792,0.0625,56.75,0.0,908.0,0.0
6793,0.0625,72.45,0.0,1159.2,0.0
6794,0.0625,116.65,1.0,1866.4,16.0
6795,0.0625,130.75,0.0,2092.0,0.0
6796,0.0625,138.25,4.0,2212.0,64.0
6797,0.0625,234.45,6.0,3751.2,96.0
6798,0.0625,86.95,0.0,1391.2,0.0
6799,0.0625,145.9,3.0,2334.4,48.0
6800,0.0625,92.05,2.0,1472.8,32.0
6801,0.0625,59.85,0.0,957.6,0.0
6802,0.0625,89.6,1.0,1433.6,16.0
6803,0.0625,83.5,3.0,1336.0,48.0
6804,0.0625,99.95,6.0,1599.2,96.0
6805,0.0625,29.05,0.0,464.8,0.0
6806,0.0625,59.75,0.0,956.0,0.0
6807,0.0625,46.45,0.0,743.2,0.0
6808,0.0625,95.05,0.0,1520.8,0.0
6809,0.0625,130.35,4.0,2085.6,64.0
6810,0.0625,48.55,0.0,776.8,0.0
6811,0.0625,75.1,1.0,1201.6,16.0
6812,0.0625,49.8,2.0,796.8,32.0
6813,0.0625,49.4,1.0,790.4,16.0
6814,0.0625,1.5,0.0,24.0,0.0
6816,0.0625,8.7,0.0,139.2,0.0
6817,0.0625,0.3,0.0,4.8,0.0
6819,0.0625,31.05,6.0,496.8,96.0
6820,0.0625,116.45,0.0,1863.2,0.0
6821,0.0625,47.8,1.0,764.8,16.0
6822,0.0625,55.4,1.0,886.4,16.0
6823,0.0625,154.35,6.0,2469.6,96.0
6824,0.0625,73.45,0.0,1175.2,0.0
6825,0.0625,78.3,2.0,1252.8,32.0
6826,0.0625,125.35,1.0,2005.6,16.0
6827,0.0625,85.95,6.0,1375.2,96.0
6828,0.0625,56.3,3.0,900.8,48.0
6829,0.0625,81.95,1.0,1311.2,16.0
6830,0.0625,138.2,3.0,2211.2,48.0
6831,0.0625,122.75,1.0,1964.0,16.0
6832,0.0625,157.85,1.0,2525.6,16.0
6833,0.0625,170.3,3.0,2724.8,48.0
6834,0.0625,337.85,8.0,5405.6,128.0
6835,0.0625,177.95,0.0,2847.2,0.0
6836,0.0625,117.1,0.0,1873.6,0.0
6837,0.0625,101.05,0.0,1616.8,0.0
6838,0.0625,85.0,0.0,1360.0,0.0
6839,0.0625,87.3,0.0,1396.8,0.0
6840,0.0625,128.15,1.0,2050.4,16.0
6841,0.0625,139.3,2.0,2228.8,32.0
6842,0.0625,76.8,1.0,1228.8,16.0
6843,0.0625,10.4,0.0,166.4,0.0
6844,0.0625,0.8,0.0,12.8,0.0
6845,0.0625,15.05,0.0,240.8,0.0
6846,0.0625,2.05,0.0,32.8,0.0
6848,0.0625,3.5,0.0,56.0,0.0
6849,0.0625,2.85,0.0,45.6,0.0
6850,0.0625,0.5,0.0,8.0,0.0
6870,0.0625,3.2,0.0,51.2,0.0
6873,0.0625,0.6,0.0,9.6,0.0
6874,0.0625,67.25,5.0,1076.0,80.0
6875,0.0625,2.0,0.0,32.0,0.0
6877,0.0625,6.15,0.0,98.4,0.0
6878,0.0625,0.15,0.0,2.4,0.0
6880,0.0625,47.65,0.0,762.4,0.0
6881,0.0625,198.9,0.0,3182.4,0.0
6882,0.0625,84.0,2.0,1344.0,32.0
6885,0.0625,2.4,0.0,38.4,0.0
6886,0.0625,33.05,0.0,528.8,0.0
6887,0.0625,1.55,0.0,24.8,0.0
6888,0.0625,19.35,0.0,309.6,0.0
6889,0.0625,202.2,0.0,3235.2,0.0
6890,0.0625,115.4,0.0,1846.4,0.0
6891,0.0625,225.15,2.0,3602.4,32.0
6892,0.0625,20.0,0.0,320.0,0.0
6893,0.0625,20.3,0.0,324.8,0.0
6894,0.0625,59.8,1.0,956.8,16.0
6895,0.0625,106.7,2.0,1707.2,32.0
6896,0.0625,138.85,3.0,2221.6,48.0
6897,0.0625,75.9,1.0,1214.4,16.0
6898,0.0625,137.35,8.0,2197.6,128.0
6899,0.0625,90.65,2.0,1450.4,32.0
6900,0.0625,76.8,0.0,1228.8,0.0
6901,0.0625,48.05,0.0,768.8,0.0
6902,0.0625,56.25,0.0,900.0,0.0
6903,0.0625,122.7,0.0,1963.2,0.0
6904,0.0625,192.25,2.0,3076.0,32.0
6905,0.0625,171.05,0.0,2736.8,0.0
6906,0.0625,401.2,10.0,6419.2,160.0
6907,0.0625,151.05,1.0,2416.8,16.0
6908,0.0625,66.5,0.0,1064.0,0.0
6909,0.0625,88.45,1.0,1415.2,16.0
6910,0.0625,94.0,3.0,1504.0,48.0
6911,0.0625,89.0,2.0,1424.0,32.0
6912,0.0625,75.5,3.0,1208.0,48.0
6913,0.0625,45.65,2.0,730.4,32.0
6914,0.0625,82.55,2.0,1320.8,32.0
6915,0.0625,45.95,0.0,735.2,0.0
6916,0.0625,48.7,0.0,779.2,0.0
6917,0.0625,85.2,0.0,1363.2,0.0
6918,0.0625,226.8,5.0,3628.8,80.0
6919,0.0625,102.25,0.0,1636.0,0.0
6920,0.0625,64.6,0.0,1033.6,0.0
6921,0.0625,41.7,1.0,667.2,16.0
6922,0.0625,44.25,2.0,708.0,32.0
6923,0.0625,49.75,0.0,796.0,0.0
6924,0.0625,8.75,2.0,140.0,32.0
6927,0.0625,1.0,0.0,16.0,0.0
6928,0.0625,15.7,7.0,251.2,112.0
6929,0.0625,70.6,3.0,1129.6,48.0
6930,0.0625,82.55,0.0,1320.8,0.0
6931,0.0625,70.05,4.0,1120.8,64.0
6932,0.0625,102.6,1.0,1641.6,16.0
6933,0.0625,54.4,0.0,870.4,0.0
6934,0.0625,66.8,0.0,1068.8,0.0
6935,0.0625,39.65,2.0,634.4,32.0
6936,0.0625,68.4,2.0,1094.4,32.0
6937,0.0625,88.6,0.0,1417.6,0.0
6938,0.0625,120.15,5.0,1922.4,80.0
6939,0.0625,128.65,0.0,2058.4,0.0
6940,0.0625,158.65,1.0,2538.4,16.0
6941,0.0625,607.8,2.0,9724.8,32.0
6942,0.0625,350.15,7.0,5602.4,112.0
6943,0.0625,128.0,1.0,2048.0,16.0
6944,0.0625,116.05,1.0,1856.8,16.0
6945,0.0625,90.75,0.0,1452.0,0.0
6946,0.0625,76.75,0.0,1228.0,0.0
6947,0.0625,73.2,0.0,1171.2,0.0
6948,0.0625,72.0,0.0,1152.0,0.0
6949,0.0625,139.4,1.0,2230.4,16.0
6950,0.0625,89.95,0.0,1439.2,0.0
6951,0.0625,17.0,0.0,272.0,0.0
6952,0.0625,0.3,0.0,4.8,0.0
6953,0.0625,0.75,0.0,12.0,0.0
6954,0.0625,4.6,0.0,73.6,0.0
6955,0.0625,1.0,0.0,16.0,0.0
6956,0.0625,0.15,0.0,2.4,0.0
6957,0.0625,0.15,0.0,2.4,0.0
6958,0.0625,2.9499999999999997,0.0,47.199999999999996,0.0
6959,0.0625,4.9,0.0,78.4,0.0
6983,0.0625,2.5,0.0,40.0,0.0
6984,0.0625,32.0,2.0,512.0,32.0
6985,0.0625,1.75,0.0,28.0,0.0
6988,0.0625,39.95,0.0,639.2,0.0
6989,0.0625,28.75,0.0,460.0,0.0
6990,0.0625,12.7,0.0,203.2,0.0
6991,0.0625,1.6,0.0,25.6,0.0
6992,0.0625,33.65,0.0,538.4,0.0
6994,0.0625,17.15,0.0,274.4,0.0
6995,0.0625,62.65,0.0,1002.4,0.0
6996,0.0625,19.5,0.0,312.0,0.0
6997,0.0625,195.5,0.0,3128.0,0.0
6998,0.0625,181.55,0.0,2904.8,0.0
6999,0.0625,79.85,2.0,1277.6,32.0
7000,0.0625,16.1,0.0,257.6,0.0
7001,0.0625,28.2,0.0,451.2,0.0
7002,0.0625,39.15,1.0,626.4,16.0
7003,0.0625,26.95,0.0,431.2,0.0
7004,0.0625,61.9,1.0,990.4,16.0
7005,0.0625,17.4,0.0,278.4,0.0
7006,0.0625,185.55,2.0,2968.8,32.0
7007,0.0625,77.05,1.0,1232.8,16.0
7008,0.0625,93.65,2.0,1498.4,32.0
7009,0.0625,66.8,0.0,1068.8,0.0
7010,0.0625,64.15,0.0,1026.4,0.0
7011,0.0625,100.75,0.0,1612.0,0.0
7012,0.0625,126.25,3.0,2020.0,48.0
7013,0.0625,191.0,1.0,3056.0,16.0
7014,0.0625,203.7,1.0,3259.2,16.0
7015,0.0625,182.65,0.0,2922.4,0.0
7016,0.0625,225.55,8.0,3608.8,128.0
7017,0.0625,94.35,0.0,1509.6,0.0
7018,0.0625,135.05,2.0,2160.8,32.0
7019,0.0625,62.0,0.0,992.0,0.0
7020,0.0625,50.55,1.0,808.8,16.0
7021,0.0625,75.9,6.0,1214.4,96.0
7022,0.0625,31.45,0.0,503.2,0.0
7023,0.0625,97.45,2.0,1559.2,32.0
7024,0.0625,51.9,1.0,830.4,16.0
7025,0.0625,60.7,0.0,971.2,0.0
7026,0.0625,70.65,0.0,1130.4,0.0
7027,0.0625,120.1,0.0,1921.6,0.0
7028,0.0625,89.45,0.0,1431.2,0.0
7029,0.0625,74.55,0.0,1192.8,0.0
7030,0.0625,48.1,0.0,769.6,0.0
7031,0.0625,65.2,2.0,1043.2,32.0
7032,0.0625,42.95,0.0,687.2,0.0
7033,0.0625,41.25,1.0,660.0,16.0
7034,0.0625,12.7,1.0,203.2,16.0
7035,0.0625,0.65,0.0,10.4,0.0
7036,0.0625,174.7,8.0,2795.2,128.0
7037,0.0625,210.95,17.0,3375.2,272.0
7038,0.0625,285.85,2.0,4573.6,32.0
7039,0.0625,93.7,3.0,1499.2,48.0
7040,0.0625,64.85,0.0,1037.6,0.0
7041,0.0625,114.45,3.0,1831.2,48.0
7042,0.0625,46.95,0.0,751.2,0.0
7043,0.0625,53.6,1.0,857.6,16.0
7044,0.0625,52.15,3.0,834.4,48.0
7045,0.0625,57.45,0.0,919.2,0.0
7046,0.0625,69.55,0.0,1112.8,0.0
7047,0.0625,116.95,4.0,1871.2,64.0
7048,0.0625,145.7,2.0,2331.2,32.0
7049,0.0625,218.25,5.0,3492.0,80.0
7050,0.0625,267.05,3.0,4272.8,48.0
7051,0.0625,129.25,6.0,2068.0,96.0
7052,0.0625,81.65,1.0,1306.4,16.0
7053,0.0625,148.65,1.0,2378.4,16.0
7054,0.0625,90.1,1.0,1441.6,16.0
7055,0.0625,75.95,0.0,1215.2,0.0
7056,0.0625,53.65,0.0,858.4,0.0
7057,0.0625,114.25,0.0,1828.0,0.0
7058,0.0625,32.05,1.0,512.8,16.0
7059,0.0625,0.8999999999999999,0.0,14.399999999999999,0.0
7060,0.0625,0.75,0.0,12.0,0.0
7061,0.0625,51.35,0.0,821.6,0.0
7062,0.0625,2.6,0.0,41.6,0.0
7063,0.0625,1.65,0.0,26.4,0.0
7065,0.0625,0.15,0.0,2.4,0.0
7067,0.0625,0.9,0.0,14.4,0.0
7094,0.0625,7.1,0.0,113.6,0.0
7095,0.0625,5.45,0.0,87.2,0.0
7096,0.0625,35.1,0.0,561.6,0.0
7097,0.0625,41.95,0.0,671.2,0.0
7098,0.0625,8.85,0.0,141.6,0.0
7100,0.0625,0.15,0.0,2.4,0.0
7101,0.0625,2.05,0.0,32.8,0.0
7102,0.0625,14.6,0.0,233.6,0.0
7103,0.0625,1.7999999999999998,0.0,28.799999999999997,0.0
7104,0.0625,52.35,0.0,837.6,0.0
7105,0.0625,303.1,0.0,4849.6,0.0
7106,0.0625,303.65,0.0,4858.4,0.0
7107,0.0625,126.7,3.0,2027.2,48.0
7108,0.0625,254.6,1.0,4073.6,16.0
7109,0.0625,10.05,0.0,160.8,0.0
7110,0.0625,1.75,0.0,28.0,0.0
7111,0.0625,23.0,2.0,368.0,32.0
7112,0.0625,2.8,0.0,44.8,0.0
7113,0.0625,6.2,0.0,99.2,0.0
7114,0.0625,80.6,4.0,1289.6,64.0
7115,0.0625,242.54999999999998,3.0,3880.7999999999997,48.0
7116,0.0625,65.65,0.0,1050.4,0.0
7117,0.0625,81.2,0.0,1299.2,0.0
7118,0.0625,82.5,5.0,1320.0,80.0
7119,0.0625,92.65,0.0,1482.4,0.0
7120,0.0625,109.45,1.0,1751.2,16.0
7121,0.0625,112.2,1.0,1795.2,16.0
7122,0.0625,131.15,1.0,2098.4,16.0
7123,0.0625,145.2,3.0,2323.2,48.0
7124,0.0625,186.9,1.0,2990.4,16.0
7125,0.0625,140.8,9.0,2252.8,144.0
7126,0.0625,50.15,0.0,802.4,0.0
7127,0.0625,23.25,0.0,372.0,0.0
7128,0.0625,75.75,0.0,1212.0,0.0
7129,0.0625,69.5,2.0,1112.0,32.0
7130,0.0625,53.8,2.0,860.8,32.0
7131,0.0625,47.95,1.0,767.2,16.0
7132,0.0625,75.55,4.0,1208.8,64.0
7133,0.0625,90.8,2.0,1452.8,32.0
7134,0.0625,66.25,1.0,1060.0,16.0
7135,0.0625,127.1,3.0,2033.6,48.0
7136,0.0625,71.4,0.0,1142.4,0.0
7137,0.0625,78.0,0.0,1248.0,0.0
7138,0.0625,75.2,1.0,1203.2,16.0
7139,0.0625,108.5,1.0,1736.0,16.0
7140,0.0625,46.95,0.0,751.2,0.0
7141,0.0625,49.45,1.0,791.2,16.0
7142,0.0625,42.75,0.0,684.0,0.0
7143,0.0625,50.95,2.0,815.2,32.0
7144,0.0625,66.45,1.0,1063.2,16.0
7145,0.0625,112.0,12.0,1792.0,192.0
7146,0.0625,180.0,0.0,2880.0,0.0
7147,0.0625,190.7,5.0,3051.2,80.0
7148,0.0625,168.25,7.0,2692.0,112.0
7149,0.0625,100.15,0.0,1602.4,0.0
7150,0.0625,112.4,2.0,1798.4,32.0
7151,0.0625,50.35,0.0,805.6,0.0
7152,0.0625,51.9,3.0,830.4,48.0
7153,0.0625,52.7,0.0,843.2,0.0
7154,0.0625,59.85,0.0,957.6,0.0
7155,0.0625,63.15,0.0,1010.4,0.0
7156,0.0625,118.3,2.0,1892.8,32.0
7157,0.0625,371.1,2.0,5937.6,32.0
7158,0.0625,99.6,0.0,1593.6,0.0
7159,0.0625,112.4,0.0,1798.4,0.0
7160,0.0625,148.25,5.0,2372.0,80.0
7161,0.0625,169.7,3.0,2715.2,48.0
7162,0.0625,124.1,0.0,1985.6,0.0
7163,0.0625,110.9,0.0,1774.4,0.0
7164,0.0625,100.9,1.0,1614.4,16.0
7165,0.0625,110.5,2.0,1768.0,32.0
7166,0.0625,36.0,1.0,576.0,16.0
7167,0.0625,33.8,2.0,540.8,32.0
7168,0.0625,55.95,0.0,895.2,0.0
7170,0.0625,0.15,0.0,2.4,0.0
7171,0.0625,2.7,0.0,43.2,0.0
7204,0.0625,57.949999999999996,2.0,927.1999999999999,32.0
7205,0.0625,54.0,0.0,864.0,0.0
7206,0.0625,5.45,0.0,87.2,0.0
7207,0.0625,5.15,0.0,82.4,0.0
7208,0.0625,0.6,0.0,9.6,0.0
7209,0.0625,5.8,0.0,92.8,0.0
7212,0.0625,174.85,0.0,2797.6,0.0
7213,0.0625,154.05,0.0,2464.8,0.0
7214,0.0625,76.85,0.0,1229.6,0.0
7215,0.0625,223.2,0.0,3571.2,0.0
7216,0.0625,53.15,1.0,850.4,16.0
7217,0.0625,98.1,0.0,1569.6,0.0
7218,0.0625,6.0,0.0,96.0,0.0
7219,0.0625,20.6,0.0,329.6,0.0
7220,0.0625,1.45,0.0,23.2,0.0
7221,0.0625,2.0,0.0,32.0,0.0
7222,0.0625,29.25,0.0,468.0,0.0
7223,0.0625,112.95,3.0,1807.2,48.0
7224,0.0625,91.4,0.0,1462.4,0.0
7225,0.0625,55.25,1.0,884.0,16.0
7226,0.0625,90.7,0.0,1451.2,0.0
7227,0.0625,124.25,4.0,1988.0,64.0
7228,0.0625,112.6,3.0,1801.6,48.0
7229,0.0625,65.5,0.0,1048.0,0.0
7230,0.0625,90.3,1.0,1444.8,16.0
7231,0.0625,147.55,2.0,2360.8,32.0
7232,0.0625,103.55,3.0,1656.8,48.0
7233,0.0625,155.75,0.0,2492.0,0.0
7234,0.0625,126.45,2.0,2023.2,32.0
7235,0.0625,131.25,3.0,2100.0,48.0
7236,0.0625,2.15,0.0,34.4,0.0
7237,0.0625,33.5,0.0,536.0,0.0
7238,0.0625,70.85,0.0,1133.6,0.0
7239,0.0625,77.65,1.0,1242.4,16.0
7240,0.0625,39.5,0.0,632.0,0.0
7241,0.0625,50.7,0.0,811.2,0.0
7242,0.0625,108.55,0.0,1736.8,0.0
7243,0.0625,94.7,0.0,1515.2,0.0
7244,0.0625,141.55,5.0,2264.8,80.0
7245,0.0625,87.25,0.0,1396.0,0.0
7246,0.0625,64.5,0.0,1032.0,0.0
7247,0.0625,84.35,0.0,1349.6,0.0
7248,0.0625,93.1,2.0,1489.6,32.0
7249,0.0625,69.4,2.0,1110.4,32.0
7250,0.0625,67.25,2.0,1076.0,32.0
7251,0.0625,41.55,0.0,664.8,0.0
7252,0.0625,42.85,0.0,685.6,0.0
7253,0.0625,120.5,3.0,1928.0,48.0
7254,0.0625,179.0,1.0,2864.0,16.0
7255,0.0625,86.45,2.0,1383.2,32.0
7256,0.0625,113.35,0.0,1813.6,0.0
7257,0.0625,140.25,5.0,2244.0,80.0
7258,0.0625,334.2,8.0,5347.2,128.0
7259,0.0625,150.65,2.0,2410.4,32.0
7260,0.0625,127.8,4.0,2044.8,64.0
7261,0.0625,96.05,0.0,1536.8,0.0
7262,0.0625,77.0,0.0,1232.0,0.0
7263,0.0625,50.0,0.0,800.0,0.0
7264,0.0625,136.85,0.0,2189.6,0.0
7265,0.0625,148.85,1.0,2381.6,16.0
7266,0.0625,124.3,2.0,1988.8,32.0
7267,0.0625,82.5,1.0,1320.0,16.0
7268,0.0625,96.95,0.0,1551.2,0.0
7269,0.0625,89.15,0.0,1426.4,0.0
7270,0.0625,282.15,7.0,4514.4,112.0
7271,0.0625,259.55,1.0,4152.8,16.0
7272,0.0625,99.55,1.0,1592.8,16.0
7273,0.0625,166.4,2.0,2662.4,32.0
7274,0.0625,35.05,0.0,560.8,0.0
7275,0.0625,23.85,0.0,381.6,0.0
7276,0.0625,66.95,1.0,1071.2,16.0
7277,0.0625,36.1,4.0,577.6,64.0
7278,0.0625,9.45,0.0,151.2,0.0
7279,0.0625,1.75,0.0,28.0,0.0
7280,0.0625,4.9,0.0,78.4,0.0
7281,0.0625,0.15,0.0,2.4,0.0
7283,0.0625,0.15,0.0,2.4,0.0
7312,0.0625,0.8999999999999999,0.0,14.399999999999999,0.0
7313,0.0625,2.4,0.0,38.4,0.0
7314,0.0625,8.7,0.0,139.2,0.0
7315,0.0625,9.049999999999999,2.0,144.79999999999998,32.0
7316,0.0625,25.5,0.0,408.0,0.0
7317,0.0625,0.15,0.0,2.4,0.0
7320,0.0625,3.05,0.0,48.8,0.0
7321,0.0625,139.3,0.0,2228.8,0.0
7322,0.0625,116.75,2.0,1868.0,32.0
7323,0.0625,79.25,0.0,1268.0,0.0
7324,0.0625,86.15,1.0,1378.4,16.0
7325,0.0625,39.95,1.0,639.2,16.0
7326,0.0625,5.7,0.0,91.2,0.0
7327,0.0625,35.0,0.0,560.0,0.0
7328,0.0625,1.3,0.0,20.8,0.0
7329,0.0625,2.2,0.0,35.2,0.0
7330,0.0625,10.05,0.0,160.8,0.0
7331,0.0625,112.2,2.0,1795.2,32.0
7332,0.0625,79.7,0.0,1275.2,0.0
7333,0.0625,59.2,0.0,947.2,0.0
7334,0.0625,85.25,3.0,1364.0,48.0
7335,0.0625,79.7,4.0,1275.2,64.0
7336,0.0625,79.4,1.0,1270.4,16.0
7337,0.0625,77.2,3.0,1235.2,48.0
7338,0.0625,108.5,1.0,1736.0,16.0
7339,0.0625,108.25,1.0,1732.0,16.0
7340,0.0625,160.55,1.0,2568.8,16.0
7341,0.0625,80.3,0.0,1284.8,0.0
7342,0.0625,103.75,0.0,1660.0,0.0
7343,0.0625,164.2,1.0,2627.2,16.0
7344,0.0625,273.35,0.0,4373.6,0.0
7345,0.0625,39.65,0.0,634.4,0.0
7346,0.0625,4.8,0.0,76.8,0.0
7347,0.0625,121.8,3.0,1948.8,48.0
7348,0.0625,71.8,0.0,1148.8,0.0
7349,0.0625,49.65,0.0,794.4,0.0
7350,0.0625,28.7,0.0,459.2,0.0
7351,0.0625,50.8,2.0,812.8,32.0
7352,0.0625,119.6,2.0,1913.6,32.0
7353,0.0625,120.55,6.0,1928.8,96.0
7354,0.0625,124.45,2.0,1991.2,32.0
7355,0.0625,54.6,0.0,873.6,0.0
7356,0.0625,55.95,1.0,895.2,16.0
7357,0.0625,84.5,1.0,1352.0,16.0
7358,0.0625,137.55,3.0,2200.8,48.0
7359,0.0625,210.1,2.0,3361.6,32.0
7360,0.0625,123.25,0.0,1972.0,0.0
7361,0.0625,279.15,10.0,4466.4,160.0
7362,0.0625,205.15,1.0,3282.4,16.0
7363,0.0625,138.4,2.0,2214.4,32.0
7364,0.0625,79.0,0.0,1264.0,0.0
7365,0.0625,90.65,1.0,1450.4,16.0
7366,0.0625,115.7,2.0,1851.2,32.0
7367,0.0625,113.3,3.0,1812.8,48.0
7368,0.0625,112.75,2.0,1804.0,32.0
7369,0.0625,155.35,3.0,2485.6,48.0
7370,0.0625,125.1,3.0,2001.6,48.0
7371,0.0625,62.1,0.0,993.6,0.0
7372,0.0625,89.85,0.0,1437.6,0.0
7373,0.0625,114.1,1.0,1825.6,16.0
7374,0.0625,200.1,5.0,3201.6,80.0
7375,0.0625,69.7,0.0,1115.2,0.0
7376,0.0625,31.3,0.0,500.8,0.0
7377,0.0625,62.95,1.0,1007.2,16.0
7378,0.0625,90.15,3.0,1442.4,48.0
7379,0.0625,169.0,6.0,2704.0,96.0
7380,0.0625,201.2,4.0,3219.2,64.0
7381,0.0625,151.4,2.0,2422.4,32.0
7382,0.0625,120.95,0.0,1935.2,0.0
7383,0.0625,24.2,1.0,387.2,16.0
7384,0.0625,22.65,0.0,362.4,0.0
7385,0.0625,122.55,2.0,1960.8,32.0
7386,0.0625,51.2,0.0,819.2,0.0
7387,0.0625,23.7,0.0,379.2,0.0
7388,0.0625,13.95,0.0,223.2,0.0
7389,0.0625,25.8,0.0,412.8,0.0
7390,0.0625,0.15,0.0,2.4,0.0
7391,0.0625,1.95,0.0,31.2,0.0
7420,0.0625,0.15,0.0,2.4,0.0
7421,0.0625,2.2,0.0,35.2,0.0
7423,0.0625,0.5,0.0,8.0,0.0
7424,0.0625,0.75,0.0,12.0,0.0
7425,0.0625,16.3,0.0,260.8,0.0
7426,0.0625,2.9,2.0,46.4,32.0
7427,0.0625,1.7,0.0,27.2,0.0
7428,0.0625,98.8,0.0,1580.8,0.0
7429,0.0625,44.95,0.0,719.2,0.0
7430,0.0625,36.05,0.0,576.8,0.0
7431,0.0625,85.65,0.0,1370.4,0.0
7432,0.0625,165.9,2.0,2654.4,32.0
7433,0.0625,71.95,0.0,1151.2,0.0
7434,0.0625,34.25,0.0,548.0,0.0
7435,0.0625,35.55,3.0,568.8,48.0
7436,0.0625,2.55,0.0,40.8,0.0
7437,0.0625,14.45,0.0,231.2,0.0
7438,0.0625,83.05,0.0,1328.8,0.0
7439,0.0625,28.35,0.0,453.6,0.0
7440,0.0625,1.45,0.0,23.2,0.0
7441,0.0625,79.5,0.0,1272.0,0.0
7442,0.0625,371.55,1.0,5944.8,16.0
7443,0.0625,131.9,1.0,2110.4,16.0
7444,0.0625,103.1,1.0,1649.6,16.0
7445,0.0625,92.15,1.0,1474.4,16.0
7446,0.0625,78.05,1.0,1248.8,16.0
7447,0.0625,68.4,4.0,1094.4,64.0
7448,0.0625,125.05,0.0,2000.8,0.0
7449,0.0625,127.0,2.0,2032.0,32.0
7450,0.0625,101.8,0.0,1628.8,0.0
7451,0.0625,89.2,3.0,1427.2,48.0
7452,0.0625,90.7,1.0,1451.2,16.0
7453,0.0625,169.9,6.0,2718.4,96.0
7454,0.0625,150.1,4.0,2401.6,64.0
7455,0.0625,28.85,0.0,461.6,0.0
7456,0.0625,113.3,1.0,1812.8,16.0
7457,0.0625,78.55,1.0,1256.8,16.0
7458,0.0625,79.95,0.0,1279.2,0.0
7459,0.0625,47.3,0.0,756.8,0.0
7460,0.0625,65.7,2.0,1051.2,32.0
7461,0.0625,117.1,0.0,1873.6,0.0
7462,0.0625,165.25,1.0,2644.0,16.0
7463,0.0625,84.45,4.0,1351.2,64.0
7464,0.0625,118.05,3.0,1888.8,48.0
7465,0.0625,82.2,2.0,1315.2,32.0
7466,0.0625,114.45,1.0,1831.2,16.0
7467,0.0625,102.3,0.0,1636.8,0.0
7468,0.0625,89.75,2.0,1436.0,32.0
7469,0.0625,147.45,2.0,2359.2,32.0
7470,0.0625,103.95,2.0,1663.2,32.0
7471,0.0625,142.9,2.0,2286.4,32.0
7472,0.0625,96.6,4.0,1545.6,64.0
7473,0.0625,61.05,2.0,976.8,32.0
7474,0.0625,138.5,1.0,2216.0,16.0
7475,0.0625,108.8,3.0,1740.8,48.0
7476,0.0625,51.6,0.0,825.6,0.0
7477,0.0625,47.7,2.0,763.2,32.0
7478,0.0625,87.25,2.0,1396.0,32.0
7479,0.0625,86.2,2.0,1379.2,32.0
7480,0.0625,82.35,0.0,1317.6,0.0
7481,0.0625,173.95,2.0,2783.2,32.0
7482,0.0625,163.65,4.0,2618.4,64.0
7483,0.0625,61.9,0.0,990.4,0.0
7484,0.0625,31.6,0.0,505.6,0.0
7485,0.0625,43.45,0.0,695.2,0.0
7486,0.0625,34.05,0.0,544.8,0.0
7487,0.0625,86.25,4.0,1380.0,64.0
7488,0.0625,145.7,0.0,2331.2,0.0
7489,0.0625,145.8,1.0,2332.8,16.0
7490,0.0625,82.55,2.0,1320.8,32.0
7491,0.0625,32.1,0.0,513.6,0.0
7492,0.0625,20.65,0.0,330.4,0.0
7493,0.0625,8.45,1.0,135.2,16.0
7494,0.0625,22.5,0.0,360.0,0.0
7495,0.0625,0.6,0.0,9.6,0.0
7496,0.0625,17.1,0.0,273.6,0.0
7497,0.0625,1.9000000000000001,4.0,30.400000000000002,64.0
7498,0.0625,1.9,0.0,30.4,0.0
7529,0.0625,32.8,0.0,524.8,0.0
7530,0.0625,0.5,0.0,8.0,0.0
7536,0.0625,9.95,0.0,159.2,0.0
7537,0.0625,145.35,2.0,2325.6,32.0
7538,0.0625,11.65,0.0,186.4,0.0
7539,0.0625,330.75,0.0,5292.0,0.0
7540,0.0625,297.6,0.0,4761.6,0.0
7541,0.0625,60.4,1.0,966.4,16.0
7542,0.0625,77.25,2.0,1236.0,32.0
7543,0.0625,66.35,0.0,1061.6,0.0
7544,0.0625,27.75,0.0,444.0,0.0
7545,0.0625,5.55,2.0,88.8,32.0
7546,0.0625,1.3,0.0,20.8,0.0
7547,0.0625,569.95,7.0,9119.2,112.0
7548,0.0625,16.85,1.0,269.6,16.0
7549,0.0625,49.9,0.0,798.4,0.0
7550,0.0625,182.3,0.0,2916.8,0.0
7551,0.0625,205.0,2.0,3280.0,32.0
7552,0.0625,138.25,4.0,2212.0,64.0
7553,0.0625,99.15,3.0,1586.4,48.0
7554,0.0625,62.5,1.0,1000.0,16.0
7555,0.0625,89.2,1.0,1427.2,16.0
7556,0.0625,43.85,0.0,701.6,0.0
7557,0.0625,89.0,4.0,1424.0,64.0
7558,0.0625,93.75,1.0,1500.0,16.0
7559,0.0625,184.05,2.0,2944.8,32.0
7560,0.0625,98.45,3.0,1575.2,48.0
7561,0.0625,65.85,2.0,1053.6,32.0
7562,0.0625,174.4,0.0,2790.4,0.0
7563,0.0625,205.65,5.0,3290.4,80.0
7564,0.0625,102.75,0.0,1644.0,0.0
7565,0.0625,99.3,0.0,1588.8,0.0
7566,0.0625,109.1,0.0,1745.6,0.0
7567,0.0625,57.05,3.0,912.8,48.0
7568,0.0625,55.8,0.0,892.8,0.0
7569,0.0625,98.3,0.0,1572.8,0.0
7570,0.0625,111.35,6.0,1781.6,96.0
7571,0.0625,150.6,5.0,2409.6,80.0
7572,0.0625,96.5,1.0,1544.0,16.0
7573,0.0625,125.4,3.0,2006.4,48.0
7574,0.0625,137.25,3.0,2196.0,48.0
7575,0.0625,106.65,1.0,1706.4,16.0
7576,0.0625,62.5,3.0,1000.0,48.0
7577,0.0625,259.7,2.0,4155.2,32.0
7578,0.0625,177.65,3.0,2842.4,48.0
7579,0.0625,105.7,0.0,1691.2,0.0
7580,0.0625,44.0,2.0,704.0,32.0
7581,0.0625,78.5,1.0,1256.0,16.0
7582,0.0625,120.25,1.0,1924.0,16.0
7583,0.0625,164.3,6.0,2628.8,96.0
7584,0.0625,104.2,1.0,1667.2,16.0
7585,0.0625,50.7,1.0,811.2,16.0
7586,0.0625,20.9,1.0,334.4,16.0
7587,0.0625,29.25,2.0,468.0,32.0
7588,0.0625,96.35,1.0,1541.6,16.0
7589,0.0625,58.2,0.0,931.2,0.0
7590,0.0625,114.85,2.0,1837.6,32.0
7591,0.0625,391.65,3.0,6266.4,48.0
7592,0.0625,125.9,1.0,2014.4,16.0
7593,0.0625,15.049999999999999,0.0,240.79999999999998,0.0
7594,0.0625,38.95,3.0,623.2,48.0
7595,0.0625,98.9,4.0,1582.4,64.0
7596,0.0625,102.05,0.0,1632.8,0.0
7597,0.0625,117.85,0.0,1885.6,0.0
7598,0.0625,52.8,0.0,844.8,0.0
7599,0.0625,39.1,1.0,625.6,16.0
7600,0.0625,25.05,0.0,400.8,0.0
7601,0.0625,18.3,0.0,292.8,0.0
7602,0.0625,23.05,0.0,368.8,0.0
7603,0.0625,15.75,2.0,252.0,32.0
7604,0.0625,1.7,0.0,27.2,0.0
7605,0.0625,0.8,0.0,12.8,0.0
7606,0.0625,38.65,7.0,618.4,112.0
7607,0.0625,1.0,0.0,16.0,0.0
7631,0.0625,0.15,0.0,2.4,0.0
7639,0.0625,0.5,0.0,8.0,0.0
7643,0.0625,0.3,0.0,4.8,0.0
7646,0.0625,8.6,0.0,137.6,0.0
7647,0.0625,161.2,0.0,2579.2,0.0
7648,0.0625,126.75,2.0,2028.0,32.0
7649,0.0625,62.55,0.0,1000.8,0.0
7650,0.0625,63.85,0.0,1021.6,0.0
7651,0.0625,131.55,5.0,2104.8,80.0
7652,0.0625,55.65,1.0,890.4,16.0
7653,0.0625,15.35,0.0,245.6,0.0
7654,0.0625,5.75,0.0,92.0,0.0
7655,0.0625,22.75,0.0,364.0,0.0
7656,0.0625,58.65,0.0,938.4,0.0
7657,0.0625,536.7,0.0,8587.2,0.0
7658,0.0625,39.75,0.0,636.0,0.0
7659,0.0625,93.35,0.0,1493.6,0.0
7660,0.0625,257.7,3.0,4123.2,48.0
7661,0.0625,106.65,0.0,1706.4,0.0
7662,0.0625,80.4,1.0,1286.4,16.0
7663,0.0625,68.05,1.0,1088.8,16.0
7664,0.0625,172.9,2.0,2766.4,32.0
7665,0.0625,3.1999999999999997,0.0,51.199999999999996,0.0
7666,0.0625,82.05,0.0,1312.8,0.0
7667,0.0625,190.25,3.0,3044.0,48.0
7668,0.0625,86.5,2.0,1384.0,32.0
7669,0.0625,105.0,1.0,1680.0,16.0
7670,0.0625,60.95,1.0,975.2,16.0
7671,0.0625,167.7,2.0,2683.2,32.0
7672,0.0625,249.35,12.0,3989.6,192.0
7673,0.0625,279.55,7.0,4472.8,112.0
7674,0.0625,88.45,0.0,1415.2,0.0
7675,0.0625,69.3,1.0,1108.8,16.0
7676,0.0625,88.7,1.0,1419.2,16.0
7677,0.0625,106.05,2.0,1696.8,32.0
7678,0.0625,109.35,1.0,1749.6,16.0
7679,0.0625,193.35,0.0,3093.6,0.0
7680,0.0625,125.0,2.0,2000.0,32.0
7681,0.0625,102.85,0.0,1645.6,0.0
7682,0.0625,137.05,4.0,2192.8,64.0
7683,0.0625,165.15,5.0,2642.4,80.0
7684,0.0625,129.1,2.0,2065.6,32.0
7685,0.0625,190.05,4.0,3040.8,64.0
7686,0.0625,126.9,0.0,2030.4,0.0
7687,0.0625,135.9,3.0,2174.4,48.0
7688,0.0625,100.05,2.0,1600.8,32.0
7689,0.0625,76.0,0.0,1216.0,0.0
7690,0.0625,162.25,0.0,2596.0,0.0
7691,0.0625,180.5,7.0,2888.0,112.0
7692,0.0625,105.1,1.0,1681.6,16.0
7693,0.0625,101.15,1.0,1618.4,16.0
7694,0.0625,77.25,0.0,1236.0,0.0
7695,0.0625,75.55,2.0,1208.8,32.0
7696,0.0625,71.05,0.0,1136.8,0.0
7697,0.0625,64.6,0.0,1033.6,0.0
7698,0.0625,102.35,0.0,1637.6,0.0
7699,0.0625,222.1,4.0,3553.6,64.0
7700,0.0625,70.35,0.0,1125.6,0.0
7701,0.0625,40.75,0.0,652.0,0.0
7702,0.0625,49.6,3.0,793.6,48.0
7703,0.0625,106.3,1.0,1700.8,16.0
7704,0.0625,52.95,0.0,847.2,0.0
7705,0.0625,17.65,0.0,282.4,0.0
7706,0.0625,58.15,0.0,930.4,0.0
7707,0.0625,65.3,0.0,1044.8,0.0
7708,0.0625,40.45,1.0,647.2,16.0
7709,0.0625,35.1,1.0,561.6,16.0
7710,0.0625,25.099999999999998,2.0,401.59999999999997,32.0
7711,0.0625,10.05,0.0,160.8,0.0
7712,0.0625,37.5,1.0,600.0,16.0
7713,0.0625,3.75,0.0,60.0,0.0
7714,0.0625,0.44999999999999996,1.0,7.199999999999999,16.0
7715,0.0625,1.05,0.0,16.8,0.0
7749,0.0625,0.15,0.0,2.4,0.0
7750,0.0625,0.15,0.0,2.4,0.0
7753,0.0625,0.44999999999999996,0.0,7.199999999999999,0.0
7755,0.0625,0.3,0.0,4.8,0.0
7756,0.0625,0.75,0.0,12.0,0.0
7757,0.0625,56.3,0.0,900.8,0.0
7758,0.0625,51.8,0.0,828.8,0.0
7759,0.0625,60.75,2.0,972.0,32.0
7760,0.0625,52.7,1.0,843.2,16.0
7761,0.0625,38.15,0.0,610.4,0.0
7762,0.0625,6.3,1.0,100.8,16.0
7763,0.0625,89.65,4.0,1434.4,64.0
7765,0.0625,80.4,0.0,1286.4,0.0
7766,0.0625,492.55,2.0,7880.8,32.0
7767,0.0625,50.2,1.0,803.2,16.0
7768,0.0625,141.65,0.0,2266.4,0.0
7769,0.0625,130.5,2.0,2088.0,32.0
7770,0.0625,72.5,0.0,1160.0,0.0
7771,0.0625,105.2,0.0,1683.2,0.0
7772,0.0625,73.25,1.0,1172.0,16.0
7773,0.0625,96.75,2.0,1548.0,32.0
7774,0.0625,121.5,3.0,1944.0,48.0
7775,0.0625,95.05,0.0,1520.8,0.0
7776,0.0625,104.2,1.0,1667.2,16.0
7777,0.0625,146.75,3.0,2348.0,48.0
7778,0.0625,97.35,1.0,1557.6,16.0
7779,0.0625,75.9,0.0,1214.4,0.0
7780,0.0625,119.25,0.0,1908.0,0.0
7781,0.0625,86.0,9.0,1376.0,144.0
7782,0.0625,269.4,2.0,4310.4,32.0
7783,0.0625,98.6,0.0,1577.6,0.0
7784,0.0625,113.9,0.0,1822.4,0.0
7785,0.0625,187.35,3.0,2997.6,48.0
7786,0.0625,112.65,2.0,1802.4,32.0
7787,0.0625,150.3,2.0,2404.8,32.0
7788,0.0625,190.35,7.0,3045.6,112.0
7789,0.0625,155.35,4.0,2485.6,64.0
7790,0.0625,104.45,7.0,1671.2,112.0
7791,0.0625,120.55,2.0,1928.8,32.0
7792,0.0625,155.2,3.0,2483.2,48.0
7793,0.0625,500.15,8.0,8002.4,128.0
7794,0.0625,145.55,0.0,2328.8,0.0
7795,0.0625,130.35,3.0,2085.6,48.0
7796,0.0625,105.05,0.0,1680.8,0.0
7797,0.0625,151.0,1.0,2416.0,16.0
7798,0.0625,101.9,1.0,1630.4,16.0
7799,0.0625,324.35,2.0,5189.6,32.0
7800,0.0625,396.7,0.0,6347.2,0.0
7801,0.0625,136.55,2.0,2184.8,32.0
7802,0.0625,89.7,2.0,1435.2,32.0
7803,0.0625,98.85,1.0,1581.6,16.0
7804,0.0625,112.75,2.0,1804.0,32.0
7805,0.0625,120.45,0.0,1927.2,0.0
7806,0.0625,88.0,0.0,1408.0,0.0
7807,0.0625,140.2,4.0,2243.2,64.0
7808,0.0625,13.3,1.0,212.8,16.0
7809,0.0625,22.45,0.0,359.2,0.0
7810,0.0625,23.55,0.0,376.8,0.0
7811,0.0625,139.15,4.0,2226.4,64.0
7812,0.0625,130.8,1.0,2092.8,16.0
7813,0.0625,29.35,2.0,469.6,32.0
7814,0.0625,2.1,0.0,33.6,0.0
7816,0.0625,27.5,0.0,440.0,0.0
7817,0.0625,54.7,0.0,875.2,0.0
7818,0.0625,34.85,3.0,557.6,48.0
7819,0.0625,15.45,0.0,247.2,0.0
7820,0.0625,21.25,2.0,340.0,32.0
7821,0.0625,13.85,0.0,221.6,0.0
7822,0.0625,8.15,5.0,130.4,80.0
7823,0.0625,2.85,0.0,45.6,0.0
7824,0.0625,3.25,0.0,52.0,0.0
7850,0.0625,0.3,0.0,4.8,0.0
7860,0.0625,0.75,0.0,12.0,0.0
7861,0.0625,0.15,0.0,2.4,0.0
7862,0.0625,9.6,0.0,153.6,0.0
7864,0.0625,1.5,0.0,24.0,0.0
7865,0.0625,38.15,0.0,610.4,0.0
7866,0.0625,9.0,0.0,144.0,0.0
7867,0.0625,42.8,2.0,684.8,32.0
7868,0.0625,53.2,0.0,851.2,0.0
7869,0.0625,53.45,0.0,855.2,0.0
7870,0.0625,21.45,1.0,343.2,16.0
7871,0.0625,50.35,0.0,805.6,0.0
7872,0.0625,41.35,1.0,661.6,16.0
7873,0.0625,0.15,0.0,2.4,0.0
7874,0.0625,36.7,0.0,587.2,0.0
7875,0.0625,71.55,0.0,1144.8,0.0
7876,0.0625,214.8,1.0,3436.8,16.0
7877,0.0625,74.65,0.0,1194.4,0.0
7878,0.0625,122.35,0.0,1957.6,0.0
7879,0.0625,110.0,3.0,1760.0,48.0
7880,0.0625,50.8,0.0,812.8,0.0
7881,0.0625,70.3,0.0,1124.8,0.0
7882,0.0625,72.95,0.0,1167.2,0.0
7883,0.0625,87.2,1.0,1395.2,16.0
7884,0.0625,95.25,1.0,1524.0,16.0
7885,0.0625,117.25,0.0,1876.0,0.0
7886,0.0625,97.05,0.0,1552.8,0.0
7887,0.0625,79.75,1.0,1276.0,16.0
7888,0.0625,111.35,2.0,1781.6,32.0
7889,0.0625,150.45,4.0,2407.2,64.0
7890,0.0625,117.9,0.0,1886.4,0.0
7891,0.0625,295.9,4.0,4734.4,64.0
7892,0.0625,652.65,10.0,10442.4,160.0
7893,0.0625,138.55,4.0,2216.8,64.0
7894,0.0625,194.7,5.0,3115.2,80.0
7895,0.0625,97.45,0.0,1559.2,0.0
7896,0.0625,91.35,0.0,1461.6,0.0
7897,0.0625,327.4,4.0,5238.4,64.0
7898,0.0625,34.2,0.0,547.2,0.0
7899,0.0625,101.8,0.0,1628.8,0.0
7900,0.0625,132.75,1.0,2124.0,16.0
7901,0.0625,187.05,5.0,2992.8,80.0
7902,0.0625,191.6,5.0,3065.6,80.0
7903,0.0625,106.55,6.0,1704.8,96.0
7904,0.0625,116.5,0.0,1864.0,0.0
7905,0.0625,102.8,1.0,1644.8,16.0
7906,0.0625,121.25,0.0,1940.0,0.0
7907,0.0625,230.5,0.0,3688.0,0.0
7908,0.0625,245.1,4.0,3921.6,64.0
7909,0.0625,314.85,2.0,5037.6,32.0
7910,0.0625,172.45,2.0,2759.2,32.0
7911,0.0625,104.05,2.0,1664.8,32.0
7912,0.0625,119.25,2.0,1908.0,32.0
7913,0.0625,89.1,0.0,1425.6,0.0
7914,0.0625,114.55,0.0,1832.8,0.0
7915,0.0625,54.55,0.0,872.8,0.0
7916,0.0625,78.65,0.0,1258.4,0.0
7917,0.0625,1.7,0.0,27.2,0.0
7918,0.0625,55.35,7.0,885.6,112.0
7919,0.0625,179.35,6.0,2869.6,96.0
7920,0.0625,99.25,0.0,1588.0,0.0
7921,0.0625,152.4,1.0,2438.4,16.0
7922,0.0625,37.7,1.0,603.2,16.0
7923,0.0625,0.9,0.0,14.4,0.0
7924,0.0625,0.15,0.0,2.4,0.0
7925,0.0625,0.5,0.0,8.0,0.0
7926,0.0625,46.65,0.0,746.4,0.0
7927,0.0625,59.25,0.0,948.0,0.0
7928,0.0625,42.3,2.0,676.8,32.0
7929,0.0625,20.35,0.0,325.6,0.0
7930,0.0625,8.2,0.0,131.2,0.0
7931,0.0625,3.75,0.0,60.0,0.0
7932,0.0625,1.95,0.0,31.2,0.0
7933,0.0625,1.5,1.0,24.0,16.0
7934,0.0625,1.65,0.0,26.4,0.0
7971,0.0625,22.3,0.0,356.8,0.0
7973,0.0625,12.45,0.0,199.2,0.0
7974,0.0625,16.65,0.0,266.4,0.0
7975,0.0625,49.85,0.0,797.6,0.0
7976,0.0625,31.55,0.0,504.8,0.0
7977,0.0625,48.5,1.0,776.0,16.0
7978,0.0625,71.15,0.0,1138.4,0.0
7979,0.0625,41.65,2.0,666.4,32.0
7980,0.0625,70.65,0.0,1130.4,0.0
7981,0.0625,48.75,0.0,780.0,0.0
7982,0.0625,52.85,2.0,845.6,32.0
7983,0.0625,17.5,0.0,280.0,0.0
7984,0.0625,53.9,0.0,862.4,0.0
7985,0.0625,138.1,0.0,2209.6,0.0
7986,0.0625,175.4,2.0,2806.4,32.0
7987,0.0625,77.35,1.0,1237.6,16.0
7988,0.0625,75.6,1.0,1209.6,16.0
7989,0.0625,54.85,0.0,877.6,0.0
7990,0.0625,78.1,1.0,1249.6,16.0
7991,0.0625,83.4,3.0,1334.4,48.0
7992,0.0625,88.25,3.0,1412.0,48.0
7993,0.0625,29.55,0.0,472.8,0.0
7994,0.0625,52.5,0.0,840.0,0.0
7995,0.0625,208.4,4.0,3334.4,64.0
7996,0.0625,148.25,4.0,2372.0,64.0
7997,0.0625,122.0,5.0,1952.0,80.0
7998,0.0625,109.15,3.0,1746.4,48.0
7999,0.0625,89.85,2.0,1437.6,32.0
8000,0.0625,179.7,5.0,2875.2,80.0
8001,0.0625,174.3,1.0,2788.8,16.0
8002,0.0625,42.8,1.0,684.8,16.0
8003,0.0625,105.15,0.0,1682.4,0.0
8004,0.0625,98.4,2.0,1574.4,32.0
8005,0.0625,109.8,1.0,1756.8,16.0
8006,0.0625,111.95,6.0,1791.2,96.0
8007,0.0625,96.9,0.0,1550.4,0.0
8008,0.0625,113.2,3.0,1811.2,48.0
8009,0.0625,173.3,3.0,2772.8,48.0
8010,0.0625,204.55,3.0,3272.8,48.0
8011,0.0625,178.9,2.0,2862.4,32.0
8012,0.0625,172.8,4.0,2764.8,64.0
8013,0.0625,138.0,0.0,2208.0,0.0
8014,0.0625,134.9,0.0,2158.4,0.0
8015,0.0625,147.35,1.0,2357.6,16.0
8016,0.0625,217.3,3.0,3476.8,48.0
8017,0.0625,169.75,1.0,2716.0,16.0
8018,0.0625,183.8,3.0,2940.8,48.0
8019,0.0625,238.3,2.0,3812.8,32.0
8020,0.0625,125.65,2.0,2010.4,32.0
8021,0.0625,85.25,1.0,1364.0,16.0
8022,0.0625,123.35,0.0,1973.6,0.0
8023,0.0625,104.75,1.0,1676.0,16.0
8024,0.0625,246.5,1.0,3944.0,16.0
8025,0.0625,16.85,0.0,269.6,0.0
8026,0.0625,64.55,3.0,1032.8,48.0
8027,0.0625,152.9,1.0,2446.4,16.0
8028,0.0625,78.95,2.0,1263.2,32.0
8029,0.0625,99.1,1.0,1585.6,16.0
8030,0.0625,54.6,0.0,873.6,0.0
8031,0.0625,40.35,0.0,645.6,0.0
8032,0.0625,1.05,0.0,16.8,0.0
8033,0.0625,27.85,0.0,445.6,0.0
8034,0.0625,17.55,0.0,280.8,0.0
8035,0.0625,57.9,1.0,926.4,16.0
8036,0.0625,80.7,2.0,1291.2,32.0
8037,0.0625,2.6,0.0,41.6,0.0
8038,0.0625,1.3,0.0,20.8,0.0
8039,0.0625,5.15,0.0,82.4,0.0
8040,0.0625,1.0,0.0,16.0,0.0
8041,0.0625,1.9,0.0,30.4,0.0
8042,0.0625,4.95,1.0,79.2,16.0
8081,0.0625,7.45,0.0,119.2,0.0
8082,0.0625,13.4,0.0,214.4,0.0
8083,0.0625,5.8,0.0,92.8,0.0
8084,0.0625,25.45,0.0,407.2,0.0
8085,0.0625,35.8,0.0,572.8,0.0
8086,0.0625,49.95,1.0,799.2,16.0
8087,0.0625,45.85,2.0,733.6,32.0
8088,0.0625,39.35,0.0,629.6,0.0
8089,0.0625,37.55,0.0,600.8,0.0
8090,0.0625,84.7,0.0,1355.2,0.0
8091,0.0625,98.2,0.0,1571.2,0.0
8092,0.0625,90.5,3.0,1448.0,48.0
8093,0.0625,72.3,0.0,1156.8,0.0
8094,0.0625,212.85,0.0,3405.6,0.0
8095,0.0625,115.85,2.0,1853.6,32.0
8096,0.0625,56.25,0.0,900.0,0.0
8097,0.0625,130.8,4.0,2092.8,64.0
8098,0.0625,86.25,0.0,1380.0,0.0
8099,0.0625,99.2,2.0,1587.2,32.0
8100,0.0625,82.3,3.0,1316.8,48.0
8101,0.0625,88.55,2.0,1416.8,32.0
8102,0.0625,93.0,3.0,1488.0,48.0
8103,0.0625,81.4,0.0,1302.4,0.0
8104,0.0625,108.0,2.0,1728.0,32.0
8105,0.0625,110.0,0.0,1760.0,0.0
8106,0.0625,133.4,3.0,2134.4,48.0
8107,0.0625,154.9,1.0,2478.4,16.0
8108,0.0625,93.2,1.0,1491.2,16.0
8109,0.0625,104.9,0.0,1678.4,0.0
8110,0.0625,74.65,0.0,1194.4,0.0
8111,0.0625,212.4,6.0,3398.4,96.0
8112,0.0625,94.5,0.0,1512.0,0.0
8113,0.0625,111.9,0.0,1790.4,0.0
8114,0.0625,79.35,0.0,1269.6,0.0
8115,0.0625,139.6,3.0,2233.6,48.0
8116,0.0625,153.7,4.0,2459.2,64.0
8117,0.0625,187.4,4.0,2998.4,64.0
8118,0.0625,157.95,2.0,2527.2,32.0
8119,0.0625,241.85,9.0,3869.6,144.0
8120,0.0625,119.35,1.0,1909.6,16.0
8121,0.0625,147.1,2.0,2353.6,32.0
8122,0.0625,177.4,0.0,2838.4,0.0
8123,0.0625,133.85,0.0,2141.6,0.0
8124,0.0625,229.55,4.0,3672.8,64.0
8125,0.0625,162.35,2.0,2597.6,32.0
8126,0.0625,260.95,1.0,4175.2,16.0
8127,0.0625,444.65,3.0,7114.4,48.0
8128,0.0625,24.55,0.0,392.8,0.0
8129,0.0625,92.1,1.0,1473.6,16.0
8130,0.0625,143.85,3.0,2301.6,48.0
8131,0.0625,124.95,1.0,1999.2,16.0
8132,0.0625,147.8,4.0,2364.8,64.0
8133,0.0625,136.35,0.0,2181.6,0.0
8134,0.0625,151.75,5.0,2428.0,80.0
8135,0.0625,77.3,0.0,1236.8,0.0
8136,0.0625,82.3,1.0,1316.8,16.0
8137,0.0625,83.25,0.0,1332.0,0.0
8138,0.0625,71.5,2.0,1144.0,32.0
8140,0.0625,4.15,0.0,66.4,0.0
8141,0.0625,3.6,0.0,57.6,0.0
8142,0.0625,6.3,0.0,100.8,0.0
8143,0.0625,3.35,0.0,53.6,0.0
8144,0.0625,4.75,2.0,76.0,32.0
8145,0.0625,1.75,1.0,28.0,16.0
8146,0.0625,12.55,0.0,200.8,0.0
8147,0.0625,0.3,0.0,4.8,0.0
8148,0.0625,1.9,0.0,30.4,0.0
8150,0.0625,11.35,1.0,181.6,16.0
8191,0.0625,9.6,0.0,153.6,0.0
8192,0.0625,6.3,0.0,100.8,0.0
8193,0.0625,1.8,0.0,28.8,0.0
8194,0.0625,23.45,0.0,375.2,0.0
8195,0.0625,45.0,0.0,720.0,0.0
8196,0.0625,38.6,1.0,617.6,16.0
8197,0.0625,69.25,2.0,1108.0,32.0
8198,0.0625,36.65,0.0,586.4,0.0
8199,0.0625,58.55,0.0,936.8,0.0
8200,0.0625,66.7,0.0,1067.2,0.0
8201,0.0625,281.15,1.0,4498.4,16.0
8202,0.0625,189.45,2.0,3031.2,32.0
8203,0.0625,119.55,0.0,1912.8,0.0
8204,0.0625,101.85,4.0,1629.6,64.0
8205,0.0625,103.95,0.0,1663.2,0.0
8206,0.0625,126.0,4.0,2016.0,64.0
8207,0.0625,74.85,1.0,1197.6,16.0
8208,0.0625,53.35,0.0,853.6,0.0
8209,0.0625,70.25,0.0,1124.0,0.0
8210,0.0625,50.85,0.0,813.6,0.0
8211,0.0625,94.8,4.0,1516.8,64.0
8212,0.0625,88.8,0.0,1420.8,0.0
8213,0.0625,114.35,0.0,1829.6,0.0
8214,0.0625,162.75,1.0,2604.0,16.0
8215,0.0625,85.1,3.0,1361.6,48.0
8216,0.0625,104.25,0.0,1668.0,0.0
8217,0.0625,84.3,0.0,1348.8,0.0
8218,0.0625,84.9,1.0,1358.4,16.0
8219,0.0625,153.85,3.0,2461.6,48.0
8220,0.0625,265.4,2.0,4246.4,32.0
8221,0.0625,130.1,0.0,2081.6,0.0
8222,0.0625,113.25,1.0,1812.0,16.0
8223,0.0625,85.05,1.0,1360.8,16.0
8224,0.0625,151.2,2.0,2419.2,32.0
8225,0.0625,132.9,1.0,2126.4,16.0
8226,0.0625,133.9,2.0,2142.4,32.0
8227,0.0625,191.85,2.0,3069.6,32.0
8228,0.0625,145.6,1.0,2329.6,16.0
8229,0.0625,173.2,2.0,2771.2,32.0
8230,0.0625,171.3,1.0,2740.8,16.0
8231,0.0625,120.95,3.0,1935.2,48.0
8232,0.0625,355.25,7.0,5684.0,112.0
8233,0.0625,136.6,0.0,2185.6,0.0
8234,0.0625,223.3,0.0,3572.8,0.0
8235,0.0625,584.4,0.0,9350.4,0.0
8236,0.0625,117.5,3.0,1880.0,48.0
8237,0.0625,88.0,0.0,1408.0,0.0
8238,0.0625,91.1,1.0,1457.6,16.0
8239,0.0625,131.65,1.0,2106.4,16.0
8240,0.0625,145.25,1.0,2324.0,16.0
8241,0.0625,184.95,5.0,2959.2,80.0
8242,0.0625,66.3,4.0,1060.8,64.0
8243,0.0625,77.2,0.0,1235.2,0.0
8244,0.0625,90.85,0.0,1453.6,0.0
8245,0.0625,18.35,0.0,293.6,0.0
8246,0.0625,71.9,1.0,1150.4,16.0
8247,0.0625,8.15,1.0,130.4,16.0
8249,0.0625,6.85,0.0,109.6,0.0
8250,0.0625,24.1,0.0,385.6,0.0
8251,0.0625,6.45,0.0,103.2,0.0
8252,0.0625,23.5,1.0,376.0,16.0
8253,0.0625,1.0,0.0,16.0,0.0
8254,0.0625,1.15,0.0,18.4,0.0
8255,0.0625,35.0,0.0,560.0,0.0
8256,0.0625,36.0,3.0,576.0,48.0
8257,0.0625,7.4,1.0,118.4,16.0
8258,0.0625,2.65,5.0,42.4,80.0
8301,0.0625,0.15,0.0,2.4,0.0
8302,0.0625,3.65,0.0,58.4,0.0
8303,0.0625,8.1,0.0,129.6,0.0
8304,0.0625,30.45,0.0,487.2,0.0
8305,0.0625,56.8,1.0,908.8,16.0
8306,0.0625,43.65,0.0,698.4,0.0
8307,0.0625,47.85,2.0,765.6,32.0
8308,0.0625,69.5,2.0,1112.0,32.0
8309,0.0625,58.05,0.0,928.8,0.0
8310,0.0625,28.35,0.0,453.6,0.0
8311,0.0625,37.25,2.0,596.0,32.0
8312,0.0625,165.15,3.0,2642.4,48.0
8313,0.0625,132.2,2.0,2115.2,32.0
8314,0.0625,100.6,0.0,1609.6,0.0
8315,0.0625,105.85,2.0,1693.6,32.0
8316,0.0625,67.8,1.0,1084.8,16.0
8317,0.0625,67.55,0.0,1080.8,0.0
8318,0.0625,61.4,0.0,982.4,0.0
8319,0.0625,59.25,0.0,948.0,0.0
8320,0.0625,41.0,1.0,656.0,16.0
8321,0.0625,77.55,0.0,1240.8,0.0
8322,0.0625,147.25,1.0,2356.0,16.0
8323,0.0625,109.9,2.0,1758.4,32.0
8324,0.0625,151.85,5.0,2429.6,80.0
8325,0.0625,124.55,3.0,1992.8,48.0
8326,0.0625,193.55,6.0,3096.8,96.0
8327,0.0625,112.15,1.0,1794.4,16.0
8328,0.0625,206.95,8.0,3311.2,128.0
8329,0.0625,201.25,5.0,3220.0,80.0
8330,0.0625,205.65,4.0,3290.4,64.0
8331,0.0625,82.3,0.0,1316.8,0.0
8332,0.0625,103.75,0.0,1660.0,0.0
8333,0.0625,161.9,0.0,2590.4,0.0
8334,0.0625,229.9,1.0,3678.4,16.0
8335,0.0625,199.15,1.0,3186.4,16.0
8336,0.0625,201.25,3.0,3220.0,48.0
8337,0.0625,105.1,0.0,1681.6,0.0
8338,0.0625,190.3,1.0,3044.8,16.0
8339,0.0625,138.1,0.0,2209.6,0.0
8340,0.0625,166.05,0.0,2656.8,0.0
8341,0.0625,200.55,5.0,3208.8,80.0
8342,0.0625,165.15,0.0,2642.4,0.0
8343,0.0625,270.8,0.0,4332.8,0.0
8344,0.0625,253.55,2.0,4056.8,32.0
8345,0.0625,130.05,1.0,2080.8,16.0
8346,0.0625,144.2,1.0,2307.2,16.0
8347,0.0625,131.35,0.0,2101.6,0.0
8348,0.0625,156.45,0.0,2503.2,0.0
8349,0.0625,104.0,2.0,1664.0,32.0
8350,0.0625,219.75,6.0,3516.0,96.0
8351,0.0625,0.15,0.0,2.4,0.0
8352,0.0625,46.5,0.0,744.0,0.0
8353,0.0625,2.4,0.0,38.4,0.0
8354,0.0625,24.45,0.0,391.2,0.0
8355,0.0625,12.0,0.0,192.0,0.0
8356,0.0625,0.5,0.0,8.0,0.0
8358,0.0625,1.5,0.0,24.0,0.0
8359,0.0625,12.5,2.0,200.0,32.0
8360,0.0625,100.45,2.0,1607.2,32.0
8361,0.0625,0.0,1.0,0.0,16.0
8362,0.0625,0.15,0.0,2.4,0.0
8363,0.0625,1.0,0.0,16.0,0.0
8364,0.0625,122.0,2.0,1952.0,32.0
8365,0.0625,1.75,0.0,28.0,0.0
8412,0.0625,0.44999999999999996,0.0,7.199999999999999,0.0
8413,0.0625,8.7,0.0,139.2,0.0
8414,0.0625,23.5,0.0,376.0,0.0
8415,0.0625,50.35,3.0,805.6,48.0
8416,0.0625,53.5,0.0,856.0,0.0
8417,0.0625,56.15,1.0,898.4,16.0
8418,0.0625,53.35,1.0,853.6,16.0
8419,0.0625,47.3,1.0,756.8,16.0
8420,0.0625,44.75,1.0,716.0,16.0
8421,0.0625,50.25,0.0,804.0,0.0
8422,0.0625,111.0,0.0,1776.0,0.0
8423,0.0625,72.4,1.0,1158.4,16.0
8424,0.0625,47.45,0.0,759.2,0.0
8425,0.0625,84.2,0.0,1347.2,0.0
8426,0.0625,60.8,0.0,972.8,0.0
8427,0.0625,67.3,0.0,1076.8,0.0
8428,0.0625,113.0,4.0,1808.0,64.0
8429,0.0625,87.25,3.0,1396.0,48.0
8430,0.0625,122.95,6.0,1967.2,96.0
8431,0.0625,161.5,1.0,2584.0,16.0
8432,0.0625,239.2,5.0,3827.2,80.0
8433,0.0625,122.75,0.0,1964.0,0.0
8434,0.0625,83.95,1.0,1343.2,16.0
8435,0.0625,138.7,0.0,2219.2,0.0
8436,0.0625,86.0,3.0,1376.0,48.0
8437,0.0625,90.9,2.0,1454.4,32.0
8438,0.0625,76.35,0.0,1221.6,0.0
8439,0.0625,176.4,5.0,2822.4,80.0
8440,0.0625,91.65,0.0,1466.4,0.0
8441,0.0625,77.4,0.0,1238.4,0.0
8442,0.0625,75.85,1.0,1213.6,16.0
8443,0.0625,183.6,1.0,2937.6,16.0
8444,0.0625,123.25,1.0,1972.0,16.0
8445,0.0625,155.15,3.0,2482.4,48.0
8446,0.0625,127.45,1.0,2039.2,16.0
8447,0.0625,160.95,3.0,2575.2,48.0
8448,0.0625,246.0,1.0,3936.0,16.0
8449,0.0625,192.75,4.0,3084.0,64.0
8450,0.0625,150.95,2.0,2415.2,32.0
8451,0.0625,241.95,3.0,3871.2,48.0
8452,0.0625,245.9,1.0,3934.4,16.0
8453,0.0625,340.3,1.0,5444.8,16.0
8454,0.0625,128.8,0.0,2060.8,0.0
8455,0.0625,159.2,0.0,2547.2,0.0
8456,0.0625,155.25,2.0,2484.0,32.0
8457,0.0625,203.55,1.0,3256.8,16.0
8458,0.0625,686.1,1.0,10977.6,16.0
8459,0.0625,22.75,4.0,364.0,64.0
8460,0.0625,120.0,0.0,1920.0,0.0
8461,0.0625,23.6,2.0,377.6,32.0
8462,0.0625,7.9,5.0,126.4,80.0
8463,0.0625,219.95,0.0,3519.2,0.0
8464,0.0625,0.65,0.0,10.4,0.0
8465,0.0625,0.8999999999999999,0.0,14.399999999999999,0.0
8466,0.0625,0.15,0.0,2.4,0.0
8467,0.0625,11.45,0.0,183.2,0.0
8468,0.0625,39.8,4.0,636.8,64.0
8469,0.0625,20.15,2.0,322.4,32.0
8470,0.0625,0.44999999999999996,0.0,7.199999999999999,0.0
8472,0.0625,5.6,0.0,89.6,0.0
8473,0.0625,15.55,0.0,248.8,0.0
8522,0.0625,4.7,0.0,75.2,0.0
8523,0.0625,13.5,0.0,216.0,0.0
8524,0.0625,25.9,0.0,414.4,0.0
8525,0.0625,74.75,1.0,1196.0,16.0
8526,0.0625,39.35,0.0,629.6,0.0
8527,0.0625,62.05,1.0,992.8,16.0
8528,0.0625,87.15,5.0,1394.4,80.0
8529,0.0625,39.9,0.0,638.4,0.0
8530,0.0625,36.85,0.0,589.6,0.0
8531,0.0625,64.55,0.0,1032.8,0.0
8532,0.0625,149.85,1.0,2397.6,16.0
8533,0.0625,78.9,1.0,1262.4,16.0
8534,0.0625,103.05,5.0,1648.8,80.0
8535,0.0625,49.3,2.0,788.8,32.0
8536,0.0625,92.45,1.0,1479.2,16.0
8537,0.0625,53.05,0.0,848.8,0.0
8538,0.0625,62.5,1.0,1000.0,16.0
8539,0.0625,101.2,1.0,1619.2,16.0
8540,0.0625,70.45,0.0,1127.2,0.0
8541,0.0625,177.25,4.0,2836.0,64.0
8542,0.0625,98.05,3.0,1568.8,48.0
8543,0.0625,72.4,0.0,1158.4,0.0
8544,0.0625,88.85,2.0,1421.6,32.0
8545,0.0625,56.55,0.0,904.8,0.0
8546,0.0625,87.3,1.0,1396.8,16.0
8547,0.0625,116.8,1.0,1868.8,16.0
8548,0.0625,124.4,3.0,1990.4,48.0
8549,0.0625,143.15,3.0,2290.4,48.0
8550,0.0625,154.8,0.0,2476.8,0.0
8551,0.0625,156.35,1.0,2501.6,16.0
8552,0.0625,250.1,1.0,4001.6,16.0
8553,0.0625,165.75,3.0,2652.0,48.0
8554,0.0625,164.7,5.0,2635.2,80.0
8555,0.0625,176.4,3.0,2822.4,48.0
8556,0.0625,296.35,0.0,4741.6,0.0
8557,0.0625,311.45,6.0,4983.2,96.0
8558,0.0625,260.4,3.0,4166.4,48.0
8559,0.0625,173.7,1.0,2779.2,16.0
8560,0.0625,150.1,1.0,2401.6,16.0
8561,0.0625,213.35,5.0,3413.6,80.0
8562,0.0625,174.55,0.0,2792.8,0.0
8563,0.0625,117.8,1.0,1884.8,16.0
8564,0.0625,156.5,2.0,2504.0,32.0
8565,0.0625,170.4,2.0,2726.4,32.0
8566,0.0625,265.8,4.0,4252.8,64.0
8567,0.0625,356.75,8.0,5708.0,128.0
8568,0.0625,150.75,0.0,2412.0,0.0
8569,0.0625,81.95,0.0,1311.2,0.0
8570,0.0625,35.4,0.0,566.4,0.0
8571,0.0625,192.0,3.0,3072.0,48.0
8572,0.0625,37.8,1.0,604.8,16.0
8575,0.0625,12.65,0.0,202.4,0.0
8576,0.0625,88.45,0.0,1415.2,0.0
8577,0.0625,10.9,0.0,174.4,0.0
8578,0.0625,4.25,0.0,68.0,0.0
8579,0.0625,24.7,0.0,395.2,0.0
8581,0.0625,1.7,0.0,27.2,0.0
8612,0.0625,0.3,0.0,4.8,0.0
8632,0.0625,1.65,0.0,26.4,0.0
8633,0.0625,19.25,0.0,308.0,0.0
8634,0.0625,25.15,1.0,402.4,16.0
8635,0.0625,46.85,0.0,749.6,0.0
8636,0.0625,70.45,2.0,1127.2,32.0
8637,0.0625,54.7,1.0,875.2,16.0
8638,0.0625,44.15,2.0,706.4,32.0
8639,0.0625,21.8,0.0,348.8,0.0
8640,0.0625,85.15,4.0,1362.4,64.0
8641,0.0625,78.35,2.0,1253.6,32.0
8642,0.0625,93.2,2.0,1491.2,32.0
8643,0.0625,61.9,0.0,990.4,0.0
8644,0.0625,70.5,0.0,1128.0,0.0
8645,0.0625,78.75,0.0,1260.0,0.0
8646,0.0625,58.8,0.0,940.8,0.0
8647,0.0625,78.05,0.0,1248.8,0.0
8648,0.0625,45.9,0.0,734.4,0.0
8649,0.0625,107.7,1.0,1723.2,16.0
8650,0.0625,121.5,1.0,1944.0,16.0
8651,0.0625,91.7,3.0,1467.2,48.0
8652,0.0625,98.4,0.0,1574.4,0.0
8653,0.0625,156.7,0.0,2507.2,0.0
8654,0.0625,126.6,2.0,2025.6,32.0
8655,0.0625,81.95,0.0,1311.2,0.0
8656,0.0625,86.25,1.0,1380.0,16.0
8657,0.0625,123.85,4.0,1981.6,64.0
8658,0.0625,293.7,0.0,4699.2,0.0
8659,0.0625,165.25,4.0,2644.0,64.0
8660,0.0625,155.65,6.0,2490.4,96.0
8661,0.0625,185.0,3.0,2960.0,48.0
8662,0.0625,142.1,4.0,2273.6,64.0
8663,0.0625,431.75,3.0,6908.0,48.0
8664,0.0625,239.25,3.0,3828.0,48.0
8665,0.0625,171.85,0.0,2749.6,0.0
8666,0.0625,241.25,3.0,3860.0,48.0
8667,0.0625,137.9,0.0,2206.4,0.0
8668,0.0625,44.3,1.0,708.8,16.0
8669,0.0625,96.15,0.0,1538.4,0.0
8670,0.0625,149.85,1.0,2397.6,16.0
8671,0.0625,195.55,3.0,3128.8,48.0
8672,0.0625,142.0,0.0,2272.0,0.0
8673,0.0625,149.9,0.0,2398.4,0.0
8674,0.0625,232.0,0.0,3712.0,0.0
8675,0.0625,597.05,2.0,9552.8,32.0
8676,0.0625,54.85,0.0,877.6,0.0
8677,0.0625,36.1,0.0,577.6,0.0
8678,0.0625,75.3,0.0,1204.8,0.0
8679,0.0625,61.05,0.0,976.8,0.0
8680,0.0625,138.95,0.0,2223.2,0.0
8681,0.0625,102.7,1.0,1643.2,16.0
8682,0.0625,74.25,2.0,1188.0,32.0
8683,0.0625,7.1499999999999995,1.0,114.39999999999999,16.0
8684,0.0625,16.7,0.0,267.2,0.0
8685,0.0625,0.8,1.0,12.8,16.0
8686,0.0625,31.6,0.0,505.6,0.0
8687,0.0625,0.44999999999999996,0.0,7.199999999999999,0.0
8688,0.0625,3.45,0.0,55.2,0.0
8689,0.0625,1.9,0.0,30.4,0.0
8690,0.0625,2.3,8.0,36.8,128.0
8741,0.0625,14.75,0.0,236.0,0.0
8742,0.0625,17.75,0.0,284.0,0.0
8743,0.0625,33.4,0.0,534.4,0.0
8744,0.0625,87.6,0.0,1401.6,0.0
8745,0.0625,51.9,0.0,830.4,0.0
8746,0.0625,79.3,1.0,1268.8,16.0
8747,0.0625,41.05,0.0,656.8,0.0
8748,0.0625,57.65,2.0,922.4,32.0
8749,0.0625,86.85,0.0,1389.6,0.0
8750,0.0625,78.8,0.0,1260.8,0.0
8751,0.0625,66.55,0.0,1064.8,0.0
8752,0.0625,100.25,4.0,1604.0,64.0
8753,0.0625,106.2,3.0,1699.2,48.0
8754,0.0625,59.15,1.0,946.4,16.0
8755,0.0625,46.8,0.0,748.8,0.0
8756,0.0625,81.45,1.0,1303.2,16.0
8757,0.0625,54.1,2.0,865.6,32.0
8758,0.0625,87.25,0.0,1396.0,0.0
8759,0.0625,121.25,1.0,1940.0,16.0
8760,0.0625,159.9,4.0,2558.4,64.0
8761,0.0625,67.1,1.0,1073.6,16.0
8762,0.0625,99.9,0.0,1598.4,0.0
8763,0.0625,132.65,1.0,2122.4,16.0
8764,0.0625,151.2,6.0,2419.2,96.0
8765,0.0625,177.3,2.0,2836.8,32.0
8766,0.0625,108.25,2.0,1732.0,32.0
8767,0.0625,148.3,2.0,2372.8,32.0
8768,0.0625,302.6,7.0,4841.6,112.0
8769,0.0625,208.55,4.0,3336.8,64.0
8770,0.0625,208.25,3.0,3332.0,48.0
8771,0.0625,247.45,2.0,3959.2,32.0
8772,0.0625,222.6,6.0,3561.6,96.0
8773,0.0625,143.45,2.0,2295.2,32.0
8774,0.0625,229.95,2.0,3679.2,32.0
8775,0.0625,334.3,3.0,5348.8,48.0
8776,0.0625,156.2,1.0,2499.2,16.0
8777,0.0625,93.9,0.0,1502.4,0.0
8778,0.0625,91.5,2.0,1464.0,32.0
8779,0.0625,153.7,3.0,2459.2,48.0
8780,0.0625,290.05,4.0,4640.8,64.0
8781,0.0625,171.4,1.0,2742.4,16.0
8782,0.0625,140.25,0.0,2244.0,0.0
8783,0.0625,223.95,9.0,3583.2,144.0
8784,0.0625,170.85,15.0,2733.6,240.0
8785,0.0625,26.05,4.0,416.8,64.0
8786,0.0625,5.0,0.0,80.0,0.0
8787,0.0625,41.05,1.0,656.8,16.0
8788,0.0625,51.65,1.0,826.4,16.0
8789,0.0625,10.6,1.0,169.6,16.0
8790,0.0625,71.75,0.0,1148.0,0.0
8791,0.0625,37.2,0.0,595.2,0.0
8792,0.0625,126.5,5.0,2024.0,80.0
8793,0.0625,11.6,1.0,185.6,16.0
8795,0.0625,2.35,0.0,37.6,0.0
8796,0.0625,1.8,0.0,28.8,0.0
8797,0.0625,7.1,0.0,113.6,0.0
8798,0.0625,28.1,0.0,449.6,0.0
8799,0.0625,0.0,1.0,0.0,16.0
8850,0.0625,3.1,0.0,49.6,0.0
8851,0.0625,88.55,2.0,1416.8,32.0
8852,0.0625,139.3,1.0,2228.8,16.0
8853,0.0625,200.65,16.0,3210.4,256.0
8854,0.0625,290.8,9.0,4652.8,144.0
8855,0.0625,228.4,12.0,3654.4,192.0
8856,0.0625,217.05,5.0,3472.8,80.0
8857,0.0625,132.35,10.0,2117.6,160.0
8858,0.0625,128.8,6.0,2060.8,96.0
8859,0.0625,119.05,3.0,1904.8,48.0
8860,0.0625,82.15,4.0,1314.4,64.0
8861,0.0625,90.9,8.0,1454.4,128.0
8862,0.0625,135.65,4.0,2170.4,64.0
8863,0.0625,93.0,4.0,1488.0,64.0
8864,0.0625,76.05,1.0,1216.8,16.0
8865,0.0625,80.45,2.0,1287.2,32.0
8866,0.0625,146.45,7.0,2343.2,112.0
8867,0.0625,122.55,1.0,1960.8,16.0
8868,0.0625,107.45,0.0,1719.2,0.0
8869,0.0625,223.45,9.0,3575.2,144.0
8870,0.0625,186.1,2.0,2977.6,32.0
8871,0.0625,187.7,8.0,3003.2,128.0
8872,0.0625,94.05,1.0,1504.8,16.0
8873,0.0625,136.4,3.0,2182.4,48.0
8874,0.0625,159.5,3.0,2552.0,48.0
8875,0.0625,201.65,3.0,3226.4,48.0
8876,0.0625,124.05,0.0,1984.8,0.0
8877,0.0625,222.85,8.0,3565.6,128.0
8878,0.0625,199.6,2.0,3193.6,32.0
8879,0.0625,140.75,1.0,2252.0,16.0
8880,0.0625,172.25,3.0,2756.0,48.0
8881,0.0625,251.1,4.0,4017.6,64.0
8882,0.0625,184.3,2.0,2948.8,32.0
8883,0.0625,156.5,1.0,2504.0,16.0
8884,0.0625,258.45,4.0,4135.2,64.0
8885,0.0625,123.7,1.0,1979.2,16.0
8886,0.0625,89.15,1.0,1426.4,16.0
8887,0.0625,156.7,1.0,2507.2,16.0
8888,0.0625,173.95,2.0,2783.2,32.0
8889,0.0625,146.05,1.0,2336.8,16.0
8890,0.0625,329.2,5.0,5267.2,80.0
8891,0.0625,554.4,9.0,8870.4,144.0
8892,0.0625,7.1,1.0,113.6,16.0
8893,0.0625,124.85,3.0,1997.6,48.0
8894,0.0625,7.8999999999999995,0.0,126.39999999999999,0.0
8895,0.0625,31.85,4.0,509.6,64.0
8896,0.0625,9.85,1.0,157.6,16.0
8897,0.0625,47.35,1.0,757.6,16.0
8898,0.0625,12.3,0.0,196.8,0.0
8899,0.0625,12.8,0.0,204.8,0.0
8900,0.0625,6.0,0.0,96.0,0.0
8901,0.0625,29.45,1.0,471.2,16.0
8902,0.0625,4.6,0.0,73.6,0.0
8903,0.0625,20.6,1.0,329.6,16.0
8905,0.0625,12.15,0.0,194.4,0.0
8907,0.0625,36.45,0.0,583.2,0.0
8960,0.0625,25.45,0.0,407.2,0.0
8961,0.0625,61.25,5.0,980.0,80.0
8962,0.0625,93.9,1.0,1502.4,16.0
8963,0.0625,100.25,4.0,1604.0,64.0
8964,0.0625,117.6,2.0,1881.6,32.0
8965,0.0625,41.5,1.0,664.0,16.0
8966,0.0625,117.85,5.0,1885.6,80.0
8967,0.0625,89.6,5.0,1433.6,80.0
8968,0.0625,81.8,0.0,1308.8,0.0
8969,0.0625,84.35,3.0,1349.6,48.0
8970,0.0625,40.1,0.0,641.6,0.0
8971,0.0625,52.8,0.0,844.8,0.0
8972,0.0625,87.55,4.0,1400.8,64.0
8973,0.0625,80.0,2.0,1280.0,32.0
8974,0.0625,56.15,0.0,898.4,0.0
8975,0.0625,87.75,3.0,1404.0,48.0
8976,0.0625,63.1,2.0,1009.6,32.0
8977,0.0625,109.65,1.0,1754.4,16.0
8978,0.0625,161.35,3.0,2581.6,48.0
8979,0.0625,120.7,3.0,1931.2,48.0
8980,0.0625,177.2,3.0,2835.2,48.0
8981,0.0625,98.95,1.0,1583.2,16.0
8982,0.0625,107.85,3.0,1725.6,48.0
8983,0.0625,154.1,3.0,2465.6,48.0
8984,0.0625,116.1,2.0,1857.6,32.0
8985,0.0625,199.2,0.0,3187.2,0.0
8986,0.0625,269.65,1.0,4314.4,16.0
8987,0.0625,106.6,3.0,1705.6,48.0
8988,0.0625,265.4,1.0,4246.4,16.0
8989,0.0625,252.0,5.0,4032.0,80.0
8990,0.0625,272.5,1.0,4360.0,16.0
8991,0.0625,176.55,1.0,2824.8,16.0
8992,0.0625,179.75,1.0,2876.0,16.0
8993,0.0625,225.1,4.0,3601.6,64.0
8994,0.0625,115.1,1.0,1841.6,16.0
8995,0.0625,183.05,1.0,2928.8,16.0
8996,0.0625,187.95,1.0,3007.2,16.0
8997,0.0625,180.45,0.0,2887.2,0.0
8998,0.0625,173.7,1.0,2779.2,16.0
8999,0.0625,296.55,8.0,4744.8,128.0
9000,0.0625,187.1,2.0,2993.6,32.0
9001,0.0625,93.15,3.0,1490.4,48.0
9002,0.0625,163.75,5.0,2620.0,80.0
9003,0.0625,76.2,1.0,1219.2,16.0
9004,0.0625,19.85,0.0,317.6,0.0
9005,0.0625,176.65,4.0,2826.4,64.0
9006,0.0625,12.75,2.0,204.0,32.0
9007,0.0625,10.2,0.0,163.2,0.0
9008,0.0625,7.65,1.0,122.4,16.0
9009,0.0625,0.8999999999999999,0.0,14.399999999999999,0.0
9010,0.0625,3.75,1.0,60.0,16.0
9011,0.0625,1.2,0.0,19.2,0.0
9012,0.0625,1.15,0.0,18.4,0.0
9013,0.0625,1.0,0.0,16.0,0.0
9014,0.0625,0.75,0.0,12.0,0.0
9015,0.0625,9.6,0.0,153.6,0.0
9016,0.0625,1.6,5.0,25.6,80.0
9069,0.0625,5.3999999999999995,0.0,86.39999999999999,0.0
9070,0.0625,55.95,0.0,895.2,0.0
9071,0.0625,48.6,2.0,777.6,32.0
9072,0.0625,47.8,0.0,764.8,0.0
9073,0.0625,104.0,2.0,1664.0,32.0
9074,0.0625,77.55,0.0,1240.8,0.0
9075,0.0625,56.95,2.0,911.2,32.0
9076,0.0625,63.95,0.0,1023.2,0.0
9077,0.0625,110.9,5.0,1774.4,80.0
9078,0.0625,93.35,2.0,1493.6,32.0
9079,0.0625,113.35,0.0,1813.6,0.0
9080,0.0625,124.3,7.0,1988.8,112.0
9081,0.0625,56.5,1.0,904.0,16.0
9082,0.0625,46.9,0.0,750.4,0.0
9083,0.0625,92.85,1.0,1485.6,16.0
9084,0.0625,81.3,2.0,1300.8,32.0
9085,0.0625,112.65,1.0,1802.4,16.0
9086,0.0625,107.1,1.0,1713.6,16.0
9087,0.0625,150.4,0.0,2406.4,0.0
9088,0.0625,115.25,0.0,1844.0,0.0
9089,0.0625,102.5,1.0,1640.0,16.0
9090,0.0625,78.05,1.0,1248.8,16.0
9091,0.0625,69.25,3.0,1108.0,48.0
9092,0.0625,139.95,2.0,2239.2,32.0
9093,0.0625,180.05,4.0,2880.8,64.0
9094,0.0625,209.05,2.0,3344.8,32.0
9095,0.0625,301.3,3.0,4820.8,48.0
9096,0.0625,306.1,3.0,4897.6,48.0
9097,0.0625,227.3,3.0,3636.8,48.0
9098,0.0625,827.4,2.0,13238.4,32.0
9099,0.0625,521.35,0.0,8341.6,0.0
9100,0.0625,258.9,1.0,4142.4,16.0
9101,0.0625,225.75,1.0,3612.0,16.0
9102,0.0625,282.6,6.0,4521.6,96.0
9103,0.0625,181.8,0.0,2908.8,0.0
9104,0.0625,198.7,5.0,3179.2,80.0
9105,0.0625,213.1,5.0,3409.6,80.0
9106,0.0625,116.65,0.0,1866.4,0.0
9107,0.0625,462.85,2.0,7405.6,32.0
9108,0.0625,280.35,4.0,4485.6,64.0
9109,0.0625,116.05,2.0,1856.8,32.0
9110,0.0625,174.3,5.0,2788.8,80.0
9111,0.0625,145.65,0.0,2330.4,0.0
9112,0.0625,98.0,0.0,1568.0,0.0
9113,0.0625,98.5,0.0,1576.0,0.0
9114,0.0625,36.1,0.0,577.6,0.0
9115,0.0625,3.8,0.0,60.8,0.0
9116,0.0625,144.3,1.0,2308.8,16.0
9117,0.0625,25.35,0.0,405.6,0.0
9118,0.0625,10.7,0.0,171.2,0.0
9119,0.0625,2.3,0.0,36.8,0.0
9120,0.0625,1.5,0.0,24.0,0.0
9121,0.0625,1.0,0.0,16.0,0.0
9124,0.0625,27.7,0.0,443.2,0.0
9178,0.0625,10.45,0.0,167.2,0.0
9179,0.0625,46.35,0.0,741.6,0.0
9180,0.0625,41.05,2.0,656.8,32.0
9181,0.0625,64.65,1.0,1034.4,16.0
9182,0.0625,63.1,4.0,1009.6,64.0
9183,0.0625,61.0,1.0,976.0,16.0
9184,0.0625,74.9,1.0,1198.4,16.0
9185,0.0625,83.7,1.0,1339.2,16.0
9186,0.0625,124.7,2.0,1995.2,32.0
9187,0.0625,49.35,2.0,789.6,32.0
9188,0.0625,16.45,3.0,263.2,48.0
9189,0.0625,41.05,9.0,656.8,144.0
9190,0.0625,91.15,2.0,1458.4,32.0
9191,0.0625,69.15,2.0,1106.4,32.0
9192,0.0625,56.15,2.0,898.4,32.0
9193,0.0625,103.55,2.0,1656.8,32.0
9194,0.0625,67.25,1.0,1076.0,16.0
9195,0.0625,126.9,5.0,2030.4,80.0
9196,0.0625,177.95,6.0,2847.2,96.0
9197,0.0625,131.65,3.0,2106.4,48.0
9198,0.0625,126.5,4.0,2024.0,64.0
9199,0.0625,200.5,5.0,3208.0,80.0
9200,0.0625,287.85,4.0,4605.6,64.0
9201,0.0625,185.05,4.0,2960.8,64.0
9202,0.0625,166.5,4.0,2664.0,64.0
9203,0.0625,196.3,4.0,3140.8,64.0
9204,0.0625,259.85,4.0,4157.6,64.0
9205,0.0625,204.3,1.0,3268.8,16.0
9206,0.0625,409.95,3.0,6559.2,48.0
9207,0.0625,862.25,4.0,13796.0,64.0
9208,0.0625,536.55,0.0,8584.8,0.0
9209,0.0625,301.05,0.0,4816.8,0.0
9210,0.0625,117.6,0.0,1881.6,0.0
9211,0.0625,252.65,3.0,4042.4,48.0
9212,0.0625,148.5,3.0,2376.0,48.0
9213,0.0625,121.9,2.0,1950.4,32.0
9214,0.0625,213.1,0.0,3409.6,0.0
9215,0.0625,280.0,4.0,4480.0,64.0
9216,0.0625,860.35,7.0,13765.6,112.0
9217,0.0625,129.2,0.0,2067.2,0.0
9218,0.0625,67.05,2.0,1072.8,32.0
9219,0.0625,176.15,3.0,2818.4,48.0
9220,0.0625,153.7,2.0,2459.2,32.0
9221,0.0625,93.9,0.0,1502.4,0.0
9222,0.0625,106.75,0.0,1708.0,0.0
9223,0.0625,6.55,0.0,104.8,0.0
9224,0.0625,10.2,0.0,163.2,0.0
9225,0.0625,10.35,1.0,165.6,16.0
9226,0.0625,58.05,3.0,928.8,48.0
9227,0.0625,9.75,0.0,156.0,0.0
9228,0.0625,4.85,0.0,77.6,0.0
9230,0.0625,2.3,0.0,36.8,0.0
9231,0.0625,0.5,0.0,8.0,0.0
9232,0.0625,26.95,2.0,431.2,32.0
9233,0.0625,10.15,2.0,162.4,32.0
9287,0.0625,12.2,0.0,195.2,0.0
9288,0.0625,35.45,0.0,567.2,0.0
9289,0.0625,5.6,0.0,89.6,0.0
9290,0.0625,62.35,4.0,997.6,64.0
9291,0.0625,128.35,2.0,2053.6,32.0
9292,0.0625,68.0,1.0,1088.0,16.0
9293,0.0625,50.3,0.0,804.8,0.0
9294,0.0625,50.6,2.0,809.6,32.0
9295,0.0625,32.1,1.0,513.6,16.0
9296,0.0625,50.85,0.0,813.6,0.0
9297,0.0625,73.95,2.0,1183.2,32.0
9298,0.0625,159.4,1.0,2550.4,16.0
9299,0.0625,91.0,1.0,1456.0,16.0
9300,0.0625,70.75,2.0,1132.0,32.0
9301,0.0625,94.25,2.0,1508.0,32.0
9302,0.0625,66.9,0.0,1070.4,0.0
9303,0.0625,87.8,4.0,1404.8,64.0
9304,0.0625,101.15,0.0,1618.4,0.0
9305,0.0625,216.8,6.0,3468.8,96.0
9306,0.0625,182.2,1.0,2915.2,16.0
9307,0.0625,112.05,3.0,1792.8,48.0
9308,0.0625,97.95,2.0,1567.2,32.0
9309,0.0625,120.5,1.0,1928.0,16.0
9310,0.0625,206.3,3.0,3300.8,48.0
9311,0.0625,212.15,1.0,3394.4,16.0
9312,0.0625,322.3,3.0,5156.8,48.0
9313,0.0625,480.3,7.0,7684.8,112.0
9314,0.0625,238.9,16.0,3822.4,256.0
9315,0.0625,212.85,0.0,3405.6,0.0
9316,0.0625,361.95,0.0,5791.2,0.0
9317,0.0625,244.05,3.0,3904.8,48.0
9318,0.0625,168.6,0.0,2697.6,0.0
9319,0.0625,111.05,2.0,1776.8,32.0
9320,0.0625,223.3,6.0,3572.8,96.0
9321,0.0625,174.2,1.0,2787.2,16.0
9322,0.0625,159.8,2.0,2556.8,32.0
9323,0.0625,459.05,2.0,7344.8,32.0
9324,0.0625,307.6,4.0,4921.6,64.0
9325,0.0625,192.85,2.0,3085.6,32.0
9326,0.0625,195.65,1.0,3130.4,16.0
9327,0.0625,97.05,0.0,1552.8,0.0
9328,0.0625,178.7,11.0,2859.2,176.0
9329,0.0625,237.75,1.0,3804.0,16.0
9330,0.0625,131.9,1.0,2110.4,16.0
9331,0.0625,27.85,0.0,445.6,0.0
9332,0.0625,66.0,3.0,1056.0,48.0
9333,0.0625,8.6,1.0,137.6,16.0
9334,0.0625,4.0,1.0,64.0,16.0
9335,0.0625,1.9,0.0,30.4,0.0
9336,0.0625,107.85,0.0,1725.6,0.0
9337,0.0625,8.2,0.0,131.2,0.0
9338,0.0625,3.35,0.0,53.6,0.0
9340,0.0625,19.65,1.0,314.4,16.0
9341,0.0625,0.75,0.0,12.0,0.0
9395,0.0625,2.2,0.0,35.2,0.0
9396,0.0625,0.6,0.0,9.6,0.0
9397,0.0625,60.55,1.0,968.8,16.0
9398,0.0625,125.65,2.0,2010.4,32.0
9399,0.0625,58.35,0.0,933.6,0.0
9400,0.0625,174.9,3.0,2798.4,48.0
9401,0.0625,193.2,1.0,3091.2,16.0
9402,0.0625,119.05,1.0,1904.8,16.0
9403,0.0625,56.35,1.0,901.6,16.0
9404,0.0625,108.55,1.0,1736.8,16.0
9405,0.0625,129.25,2.0,2068.0,32.0
9406,0.0625,65.0,4.0,1040.0,64.0
9407,0.0625,76.65,7.0,1226.4,112.0
9408,0.0625,260.1,4.0,4161.6,64.0
9409,0.0625,83.8,2.0,1340.8,32.0
9410,0.0625,83.3,1.0,1332.8,16.0
9411,0.0625,108.85,4.0,1741.6,64.0
9412,0.0625,132.75,1.0,2124.0,16.0
9413,0.0625,120.05,3.0,1920.8,48.0
9414,0.0625,95.35,0.0,1525.6,0.0
9415,0.0625,182.9,1.0,2926.4,16.0
9416,0.0625,99.39999999999999,0.0,1590.3999999999999,0.0
9417,0.0625,170.65,3.0,2730.4,48.0
9418,0.0625,160.45,2.0,2567.2,32.0
9419,0.0625,134.55,3.0,2152.8,48.0
9420,0.0625,317.6,13.0,5081.6,208.0
9421,0.0625,175.25,8.0,2804.0,128.0
9422,0.0625,863.8,6.0,13820.8,96.0
9423,0.0625,1367.25,14.0,21876.0,224.0
9424,0.0625,691.7,14.0,11067.2,224.0
9425,0.0625,1349.95,12.0,21599.2,192.0
9426,0.0625,313.85,11.0,5021.6,176.0
9427,0.0625,269.1,5.0,4305.6,80.0
9428,0.0625,156.7,1.0,2507.2,16.0
9429,0.0625,318.85,3.0,5101.6,48.0
9430,0.0625,147.2,0.0,2355.2,0.0
9431,0.0625,282.05,6.0,4512.8,96.0
9432,0.0625,238.5,2.0,3816.0,32.0
9433,0.0625,140.2,0.0,2243.2,0.0
9434,0.0625,108.25,0.0,1732.0,0.0
9435,0.0625,108.15,1.0,1730.4,16.0
9436,0.0625,90.65,0.0,1450.4,0.0
9437,0.0625,292.95,4.0,4687.2,64.0
9438,0.0625,175.9,2.0,2814.4,32.0
9439,0.0625,74.9,0.0,1198.4,0.0
9440,0.0625,109.7,1.0,1755.2,16.0
9441,0.0625,37.05,1.0,592.8,16.0
9442,0.0625,0.6,0.0,9.6,0.0
9443,0.0625,11.55,0.0,184.8,0.0
9444,0.0625,0.9,0.0,14.4,0.0
9445,0.0625,12.3,3.0,196.8,48.0
9446,0.0625,9.45,0.0,151.2,0.0
9447,0.0625,11.7,1.0,187.2,16.0
9448,0.0625,10.35,3.0,165.6,48.0
9449,0.0625,0.15,0.0,2.4,0.0
9505,0.0625,0.3,0.0,4.8,0.0
9506,0.0625,144.15,2.0,2306.4,32.0
9507,0.0625,207.65,2.0,3322.4,32.0
9508,0.0625,102.25,0.0,1636.0,0.0
9509,0.0625,56.85,3.0,909.6,48.0
9510,0.0625,58.6,1.0,937.6,16.0
9511,0.0625,110.5,1.0,1768.0,16.0
9512,0.0625,40.2,0.0,643.2,0.0
9513,0.0625,88.8,2.0,1420.8,32.0
9514,0.0625,102.7,2.0,1643.2,32.0
9515,0.0625,54.25,0.0,868.0,0.0
9516,0.0625,55.85,2.0,893.6,32.0
9517,0.0625,137.3,3.0,2196.8,48.0
9518,0.0625,93.55,1.0,1496.8,16.0
9519,0.0625,61.55,0.0,984.8,0.0
9520,0.0625,63.5,0.0,1016.0,0.0
9521,0.0625,83.1,1.0,1329.6,16.0
9522,0.0625,128.95,0.0,2063.2,0.0
9523,0.0625,100.3,1.0,1604.8,16.0
9524,0.0625,247.6,2.0,3961.6,32.0
9525,0.0625,120.35,1.0,1925.6,16.0
9526,0.0625,169.6,3.0,2713.6,48.0
9527,0.0625,97.15,3.0,1554.4,48.0
9528,0.0625,187.95,1.0,3007.2,16.0
9529,0.0625,182.85,2.0,2925.6,32.0
9530,0.0625,113.64999999999999,3.0,1818.3999999999999,48.0
9531,0.0625,338.35,4.0,5413.6,64.0
9532,0.0625,209.6,4.0,3353.6,64.0
9533,0.0625,259.05,3.0,4144.8,48.0
9534,0.0625,357.05,3.0,5712.8,48.0
9535,0.0625,120.2,0.0,1923.2,0.0
9536,0.0625,224.25,7.0,3588.0,112.0
9537,0.0625,488.85,6.0,7821.6,96.0
9538,0.0625,244.45,11.0,3911.2,176.0
9539,0.0625,274.95,8.0,4399.2,128.0
9540,0.0625,462.2,2.0,7395.2,32.0
9541,0.0625,172.35,0.0,2757.6,0.0
9542,0.0625,129.0,0.0,2064.0,0.0
9543,0.0625,127.95,0.0,2047.2,0.0
9544,0.0625,104.65,0.0,1674.4,0.0
9545,0.0625,58.9,0.0,942.4,0.0
9546,0.0625,129.2,11.0,2067.2,176.0
9547,0.0625,57.35,1.0,917.6,16.0
9548,0.0625,51.3,0.0,820.8,0.0
9549,0.0625,53.7,2.0,859.2,32.0
9550,0.0625,93.6,0.0,1497.6,0.0
9551,0.0625,31.1,0.0,497.6,0.0
9552,0.0625,0.65,0.0,10.4,0.0
9553,0.0625,0.15,0.0,2.4,0.0
9554,0.0625,33.5,0.0,536.0,0.0
9555,0.0625,5.9,0.0,94.4,0.0
9556,0.0625,62.1,3.0,993.6,48.0
9557,0.0625,2.8,0.0,44.8,0.0
9613,0.0625,27.75,0.0,444.0,0.0
9614,0.0625,65.95,0.0,1055.2,0.0
9615,0.0625,101.5,0.0,1624.0,0.0
9616,0.0625,52.1,0.0,833.6,0.0
9617,0.0625,21.85,0.0,349.6,0.0
9618,0.0625,345.8,4.0,5532.8,64.0
9619,0.0625,16.6,2.0,265.6,32.0
9620,0.0625,9.75,3.0,156.0,48.0
9621,0.0625,186.5,1.0,2984.0,16.0
9622,0.0625,24.65,1.0,394.4,16.0
9623,0.0625,23.65,1.0,378.4,16.0
9624,0.0625,25.6,1.0,409.6,16.0
9625,0.0625,55.1,1.0,881.6,16.0
9626,0.0625,156.5,5.0,2504.0,80.0
9627,0.0625,92.8,0.0,1484.8,0.0
9628,0.0625,57.45,1.0,919.2,16.0
9629,0.0625,119.35,1.0,1909.6,16.0
9630,0.0625,86.6,2.0,1385.6,32.0
9631,0.0625,86.4,4.0,1382.4,64.0
9632,0.0625,109.05,2.0,1744.8,32.0
9633,0.0625,296.7,3.0,4747.2,48.0
9634,0.0625,135.3,5.0,2164.8,80.0
9635,0.0625,128.85,2.0,2061.6,32.0
9636,0.0625,125.9,0.0,2014.4,0.0
9637,0.0625,119.05,3.0,1904.8,48.0
9638,0.0625,155.85,7.0,2493.6,112.0
9639,0.0625,152.45,2.0,2439.2,32.0
9640,0.0625,306.2,2.0,4899.2,32.0
9641,0.0625,291.7,1.0,4667.2,16.0
9642,0.0625,313.0,0.0,5008.0,0.0
9643,0.0625,363.75,2.0,5820.0,32.0
9644,0.0625,223.3,4.0,3572.8,64.0
9645,0.0625,108.55,2.0,1736.8,32.0
9646,0.0625,313.85,7.0,5021.6,112.0
9647,0.0625,290.1,3.0,4641.6,48.0
9648,0.0625,249.4,2.0,3990.4,32.0
9649,0.0625,632.65,10.0,10122.4,160.0
9650,0.0625,224.8,1.0,3596.8,16.0
9651,0.0625,196.05,2.0,3136.8,32.0
9652,0.0625,103.7,0.0,1659.2,0.0
9653,0.0625,133.45,0.0,2135.2,0.0
9654,0.0625,211.9,11.0,3390.4,176.0
9655,0.0625,190.85,3.0,3053.6,48.0
9656,0.0625,15.05,0.0,240.8,0.0
9657,0.0625,36.1,0.0,577.6,0.0
9658,0.0625,14.15,0.0,226.4,0.0
9659,0.0625,13.799999999999999,0.0,220.79999999999998,0.0
9660,0.0625,85.85,0.0,1373.6,0.0
9661,0.0625,38.95,0.0,623.2,0.0
9662,0.0625,65.25,0.0,1044.0,0.0
9663,0.0625,113.55,0.0,1816.8,0.0
9664,0.0625,71.8,5.0,1148.8,80.0
9665,0.0625,28.25,0.0,452.0,0.0
9722,0.0625,2.0,0.0,32.0,0.0
9723,0.0625,4.9,0.0,78.4,0.0
9724,0.0625,168.3,1.0,2692.8,16.0
9725,0.0625,1088.3,0.0,17412.8,0.0
9726,0.0625,22.05,0.0,352.8,0.0
9727,0.0625,135.05,1.0,2160.8,16.0
9728,0.0625,5.05,0.0,80.8,0.0
9729,0.0625,6.35,0.0,101.6,0.0
9730,0.0625,16.3,1.0,260.8,16.0
9731,0.0625,24.3,1.0,388.8,16.0
9732,0.0625,43.75,1.0,700.0,16.0
9733,0.0625,53.25,1.0,852.0,16.0
9734,0.0625,89.55,1.0,1432.8,16.0
9735,0.0625,176.15,10.0,2818.4,160.0
9736,0.0625,77.1,2.0,1233.6,32.0
9737,0.0625,56.2,0.0,899.2,0.0
9738,0.0625,78.65,0.0,1258.4,0.0
9739,0.0625,102.85,3.0,1645.6,48.0
9740,0.0625,61.75,1.0,988.0,16.0
9741,0.0625,90.3,0.0,1444.8,0.0
9742,0.0625,118.75,4.0,1900.0,64.0
9743,0.0625,166.85,2.0,2669.6,32.0
9744,0.0625,121.8,1.0,1948.8,16.0
9745,0.0625,164.85,2.0,2637.6,32.0
9746,0.0625,113.2,2.0,1811.2,32.0
9747,0.0625,124.1,0.0,1985.6,0.0
9748,0.0625,137.45,0.0,2199.2,0.0
9749,0.0625,243.25,7.0,3892.0,112.0
9750,0.0625,110.75,3.0,1772.0,48.0
9751,0.0625,243.3,1.0,3892.8,16.0
9752,0.0625,478.05,2.0,7648.8,32.0
9753,0.0625,245.1,4.0,3921.6,64.0
9754,0.0625,121.25,2.0,1940.0,32.0
9755,0.0625,346.75,3.0,5548.0,48.0
9756,0.0625,195.25,1.0,3124.0,16.0
9757,0.0625,333.95,7.0,5343.2,112.0
9758,0.0625,152.55,0.0,2440.8,0.0
9759,0.0625,173.95,1.0,2783.2,16.0
9760,0.0625,150.1,0.0,2401.6,0.0
9761,0.0625,213.4,2.0,3414.4,32.0
9762,0.0625,172.15,7.0,2754.4,112.0
9763,0.0625,156.3,1.0,2500.8,16.0
9764,0.0625,57.45,0.0,919.2,0.0
9765,0.0625,25.95,0.0,415.2,0.0
9766,0.0625,15.2,0.0,243.2,0.0
9767,0.0625,7.35,0.0,117.6,0.0
9768,0.0625,22.95,0.0,367.2,0.0
9769,0.0625,8.35,0.0,133.6,0.0
9770,0.0625,17.95,0.0,287.2,0.0
9771,0.0625,282.0,2.0,4512.0,32.0
9772,0.0625,2.75,0.0,44.0,0.0
9773,0.0625,5.25,0.0,84.0,0.0
9774,0.0625,7.85,0.0,125.6,0.0
9809,0.0625,1.0,0.0,16.0,0.0
9831,0.0625,0.15,0.0,2.4,0.0
9832,0.0625,0.15,0.0,2.4,0.0
9833,0.0625,62.35,1.0,997.6,16.0
9834,0.0625,5.15,0.0,82.4,0.0
9835,0.0625,9.0,0.0,144.0,0.0
9836,0.0625,401.55,4.0,6424.8,64.0
9837,0.0625,93.85,0.0,1501.6,0.0
9838,0.0625,36.1,0.0,577.6,0.0
9839,0.0625,17.3,4.0,276.8,64.0
9840,0.0625,210.35,1.0,3365.6,16.0
9841,0.0625,44.75,0.0,716.0,0.0
9842,0.0625,52.85,1.0,845.6,16.0
9843,0.0625,46.8,1.0,748.8,16.0
9844,0.0625,149.5,3.0,2392.0,48.0
9845,0.0625,68.25,1.0,1092.0,16.0
9846,0.0625,82.35,3.0,1317.6,48.0
9847,0.0625,114.7,7.0,1835.2,112.0
9848,0.0625,86.15,2.0,1378.4,32.0
9849,0.0625,74.35,4.0,1189.6,64.0
9850,0.0625,138.05,1.0,2208.8,16.0
9851,0.0625,185.0,1.0,2960.0,16.0
9852,0.0625,130.75,1.0,2092.0,16.0
9853,0.0625,91.8,1.0,1468.8,16.0
9854,0.0625,190.95,2.0,3055.2,32.0
9855,0.0625,119.0,3.0,1904.0,48.0
9856,0.0625,164.55,3.0,2632.8,48.0
9857,0.0625,158.65,4.0,2538.4,64.0
9858,0.0625,287.65,0.0,4602.4,0.0
9859,0.0625,194.6,5.0,3113.6,80.0
9860,0.0625,175.65,1.0,2810.4,16.0
9861,0.0625,189.55,2.0,3032.8,32.0
9862,0.0625,145.0,4.0,2320.0,64.0
9863,0.0625,150.95,3.0,2415.2,48.0
9864,0.0625,497.4,7.0,7958.4,112.0
9865,0.0625,178.25,1.0,2852.0,16.0
9866,0.0625,356.35,8.0,5701.6,128.0
9867,0.0625,214.3,3.0,3428.8,48.0
9868,0.0625,141.65,2.0,2266.4,32.0
9869,0.0625,108.65,1.0,1738.4,16.0
9870,0.0625,337.2,12.0,5395.2,192.0
9871,0.0625,99.1,6.0,1585.6,96.0
9872,0.0625,37.35,0.0,597.6,0.0
9873,0.0625,51.4,2.0,822.4,32.0
9874,0.0625,27.9,1.0,446.4,16.0
9875,0.0625,4.8,0.0,76.8,0.0
9876,0.0625,7.35,0.0,117.6,0.0
9878,0.0625,5.2,0.0,83.2,0.0
9879,0.0625,27.45,2.0,439.2,32.0
9880,0.0625,10.9,0.0,174.4,0.0
9881,0.0625,6.3999999999999995,0.0,102.39999999999999,0.0
9939,0.0625,2.05,0.0,32.8,0.0
9940,0.0625,66.75,0.0,1068.0,0.0
9941,0.0625,35.65,0.0,570.4,0.0
9942,0.0625,80.75,0.0,1292.0,0.0
9943,0.0625,128.15,2.0,2050.4,32.0
9944,0.0625,134.4,0.0,2150.4,0.0
9945,0.0625,412.3,2.0,6596.8,32.0
9946,0.0625,100.4,0.0,1606.4,0.0
9947,0.0625,0.8999999999999999,2.0,14.399999999999999,32.0
9948,0.0625,21.75,2.0,348.0,32.0
9949,0.0625,17.2,0.0,275.2,0.0
9950,0.0625,37.35,3.0,597.6,48.0
9951,0.0625,37.3,0.0,596.8,0.0
9952,0.0625,73.65,1.0,1178.4,16.0
9953,0.0625,44.25,1.0,708.0,16.0
9954,0.0625,99.25,3.0,1588.0,48.0
9955,0.0625,27.8,1.0,444.8,16.0
9956,0.0625,10.6,0.0,169.6,0.0
9957,0.0625,4.5,0.0,72.0,0.0
9958,0.0625,113.75,4.0,1820.0,64.0
9959,0.0625,115.65,0.0,1850.4,0.0
9960,0.0625,225.9,2.0,3614.4,32.0
9961,0.0625,121.05,1.0,1936.8,16.0
9962,0.0625,114.7,0.0,1835.2,0.0
9963,0.0625,117.0,1.0,1872.0,16.0
9964,0.0625,138.25,2.0,2212.0,32.0
9965,0.0625,129.3,2.0,2068.8,32.0
9966,0.0625,135.6,4.0,2169.6,64.0
9967,0.0625,143.95,2.0,2303.2,32.0
9968,0.0625,309.8,5.0,4956.8,80.0
9969,0.0625,192.25,1.0,3076.0,16.0
9970,0.0625,269.15,1.0,4306.4,16.0
9971,0.0625,199.85,1.0,3197.6,16.0
9972,0.0625,133.65,4.0,2138.4,64.0
9973,0.0625,194.4,3.0,3110.4,48.0
9974,0.0625,118.25,0.0,1892.0,0.0
9975,0.0625,342.15,3.0,5474.4,48.0
9976,0.0625,87.7,0.0,1403.2,0.0
9977,0.0625,101.85,0.0,1629.6,0.0
9978,0.0625,238.15,11.0,3810.4,176.0
9979,0.0625,255.25,1.0,4084.0,16.0
9980,0.0625,78.75,1.0,1260.0,16.0
9981,0.0625,51.85,1.0,829.6,16.0
9982,0.0625,18.3,0.0,292.8,0.0
9983,0.0625,8.7,0.0,139.2,0.0
9984,0.0625,8.7,0.0,139.2,0.0
9985,0.0625,3.05,0.0,48.8,0.0
9986,0.0625,3.45,0.0,55.2,0.0
9987,0.0625,22.75,2.0,364.0,32.0
9988,0.0625,117.7,1.0,1883.2,16.0
9989,0.0625,26.8,0.0,428.8,0.0
10028,0.0625,1.05,0.0,16.8,0.0
10048,0.0625,1.75,0.0,28.0,0.0
10049,0.0625,35.15,0.0,562.4,0.0
10050,0.0625,16.3,1.0,260.8,16.0
10051,0.0625,28.25,1.0,452.0,16.0
10052,0.0625,52.3,0.0,836.8,0.0
10053,0.0625,50.55,0.0,808.8,0.0
10054,0.0625,91.9,2.0,1470.4,32.0
10055,0.0625,136.3,0.0,2180.8,0.0
10056,0.0625,25.5,0.0,408.0,0.0
10057,0.0625,14.05,2.0,224.8,32.0
10058,0.0625,33.95,4.0,543.2,64.0
10059,0.0625,33.0,1.0,528.0,16.0
10060,0.0625,11.95,0.0,191.2,0.0
10061,0.0625,37.85,0.0,605.6,0.0
10062,0.0625,177.0,0.0,2832.0,0.0
10063,0.0625,81.4,2.0,1302.4,32.0
10064,0.0625,31.45,1.0,503.2,16.0
10065,0.0625,114.1,3.0,1825.6,48.0
10066,0.0625,74.95,4.0,1199.2,64.0
10067,0.0625,284.7,9.0,4555.2,144.0
10068,0.0625,200.55,7.0,3208.8,112.0
10069,0.0625,525.95,8.0,8415.2,128.0
10070,0.0625,231.0,5.0,3696.0,80.0
10071,0.0625,270.5,8.0,4328.0,128.0
10072,0.0625,355.75,9.0,5692.0,144.0
10073,0.0625,230.5,8.0,3688.0,128.0
10074,0.0625,290.4,9.0,4646.4,144.0
10075,0.0625,254.4,6.0,4070.4,96.0
10076,0.0625,208.1,6.0,3329.6,96.0
10077,0.0625,673.9,5.0,10782.4,80.0
10078,0.0625,244.65,2.0,3914.4,32.0
10079,0.0625,741.35,9.0,11861.6,144.0
10080,0.0625,247.0,5.0,3952.0,80.0
10081,0.0625,321.25,7.0,5140.0,112.0
10082,0.0625,570.9,7.0,9134.4,112.0
10083,0.0625,198.25,4.0,3172.0,64.0
10084,0.0625,519.1,9.0,8305.6,144.0
10085,0.0625,171.55,4.0,2744.8,64.0
10086,0.0625,227.9,6.0,3646.4,96.0
10087,0.0625,161.9,0.0,2590.4,0.0
10088,0.0625,169.35,0.0,2709.6,0.0
10089,0.0625,73.65,0.0,1178.4,0.0
10090,0.0625,189.0,6.0,3024.0,96.0
10091,0.0625,126.15,2.0,2018.4,32.0
10092,0.0625,19.45,0.0,311.2,0.0
10094,0.0625,2.35,0.0,37.6,0.0
10095,0.0625,8.95,0.0,143.2,0.0
10096,0.0625,12.9,2.0,206.4,32.0
10097,0.0625,12.15,0.0,194.4,0.0
10137,0.0625,0.15,0.0,2.4,0.0
10159,0.0625,18.05,0.0,288.8,0.0
10160,0.0625,31.45,0.0,503.2,0.0
10161,0.0625,49.05,0.0,784.8,0.0
10162,0.0625,45.75,0.0,732.0,0.0
10163,0.0625,81.65,4.0,1306.4,64.0
10164,0.0625,73.4,1.0,1174.4,16.0
10165,0.0625,55.699999999999996,3.0,891.1999999999999,48.0
10166,0.0625,24.0,0.0,384.0,0.0
10167,0.0625,73.8,2.0,1180.8,32.0
10168,0.0625,23.95,4.0,383.2,64.0
10169,0.0625,80.35,6.0,1285.6,96.0
10170,0.0625,71.25,0.0,1140.0,0.0
10171,0.0625,92.0,2.0,1472.0,32.0
10172,0.0625,255.8,9.0,4092.8,144.0
10173,0.0625,154.05,1.0,2464.8,16.0
10174,0.0625,156.5,5.0,2504.0,80.0
10175,0.0625,193.5,2.0,3096.0,32.0
10176,0.0625,216.45,9.0,3463.2,144.0
10177,0.0625,140.2,3.0,2243.2,48.0
10178,0.0625,281.5,0.0,4504.0,0.0
10179,0.0625,164.75,2.0,2636.0,32.0
10180,0.0625,233.1,3.0,3729.6,48.0
10181,0.0625,178.65,2.0,2858.4,32.0
10182,0.0625,222.4,3.0,3558.4,48.0
10183,0.0625,187.35,2.0,2997.6,32.0
10184,0.0625,132.8,0.0,2124.8,0.0
10185,0.0625,260.25,7.0,4164.0,112.0
10186,0.0625,420.7,9.0,6731.2,144.0
10187,0.0625,216.8,3.0,3468.8,48.0
10188,0.0625,562.75,2.0,9004.0,32.0
10189,0.0625,142.1,1.0,2273.6,16.0
10190,0.0625,197.75,1.0,3164.0,16.0
10191,0.0625,181.8,2.0,2908.8,32.0
10192,0.0625,79.9,0.0,1278.4,0.0
10193,0.0625,208.05,5.0,3328.8,80.0
10194,0.0625,104.0,2.0,1664.0,32.0
10195,0.0625,174.65,2.0,2794.4,32.0
10196,0.0625,167.45,2.0,2679.2,32.0
10197,0.0625,173.55,1.0,2776.8,16.0
10198,0.0625,51.6,1.0,825.6,16.0
10199,0.0625,148.05,8.0,2368.8,128.0
10200,0.0625,61.7,0.0,987.2,0.0
10201,0.0625,7.7,0.0,123.2,0.0
10202,0.0625,16.75,0.0,268.0,0.0
10203,0.0625,16.5,0.0,264.0,0.0
10204,0.0625,9.05,0.0,144.8,0.0
10205,0.0625,4.35,0.0,69.6,0.0
10207,0.0625,0.5,0.0,8.0,0.0
10267,0.0625,6.2,0.0,99.2,0.0
10268,0.0625,35.75,3.0,572.0,48.0
10269,0.0625,49.7,2.0,795.2,32.0
10270,0.0625,108.7,3.0,1739.2,48.0
10271,0.0625,63.6,0.0,1017.6,0.0
10272,0.0625,16.85,2.0,269.6,32.0
10273,0.0625,38.0,0.0,608.0,0.0
10274,0.0625,71.75,1.0,1148.0,16.0
10275,0.0625,19.25,0.0,308.0,0.0
10276,0.0625,71.95,0.0,1151.2,0.0
10277,0.0625,36.15,0.0,578.4,0.0
10278,0.0625,52.3,0.0,836.8,0.0
10279,0.0625,83.55,1.0,1336.8,16.0
10280,0.0625,92.8,0.0,1484.8,0.0
10281,0.0625,156.3,2.0,2500.8,32.0
10282,0.0625,74.5,0.0,1192.0,0.0
10283,0.0625,124.95,4.0,1999.2,64.0
10284,0.0625,177.45,0.0,2839.2,0.0
10285,0.0625,273.6,6.0,4377.6,96.0
10286,0.0625,213.15,1.0,3410.4,16.0
10287,0.0625,267.75,2.0,4284.0,32.0
10288,0.0625,168.0,1.0,2688.0,16.0
10289,0.0625,233.85,2.0,3741.6,32.0
10290,0.0625,151.95,3.0,2431.2,48.0
10291,0.0625,198.9,2.0,3182.4,32.0
10292,0.0625,105.45,5.0,1687.2,80.0
10293,0.0625,66.95,0.0,1071.2,0.0
10294,0.0625,226.4,6.0,3622.4,96.0
10295,0.0625,271.45,6.0,4343.2,96.0
10296,0.0625,124.6,0.0,1993.6,0.0
10297,0.0625,387.3,7.0,6196.8,112.0
10298,0.0625,176.6,4.0,2825.6,64.0
10299,0.0625,215.2,8.0,3443.2,128.0
10300,0.0625,261.85,4.0,4189.6,64.0
10301,0.0625,208.85,3.0,3341.6,48.0
10302,0.0625,206.5,6.0,3304.0,96.0
10303,0.0625,123.65,1.0,1978.4,16.0
10304,0.0625,99.0,3.0,1584.0,48.0
10305,0.0625,108.35,1.0,1733.6,16.0
10306,0.0625,110.05,1.0,1760.8,16.0
10307,0.0625,98.95,0.0,1583.2,0.0
10308,0.0625,88.1,0.0,1409.6,0.0
10309,0.0625,11.4,0.0,182.4,0.0
10310,0.0625,24.599999999999998,0.0,393.59999999999997,0.0
10311,0.0625,15.6,0.0,249.6,0.0
10312,0.0625,39.95,0.0,639.2,0.0
10313,0.0625,7.65,0.0,122.4,0.0
10377,0.0625,1.15,0.0,18.4,0.0
10378,0.0625,6.8999999999999995,1.0,110.39999999999999,16.0
10379,0.0625,31.45,1.0,503.2,16.0
10380,0.0625,55.85,1.0,893.6,16.0
10381,0.0625,68.35,1.0,1093.6,16.0
10382,0.0625,36.75,0.0,588.0,0.0
10383,0.0625,93.2,2.0,1491.2,32.0
10384,0.0625,7.45,0.0,119.2,0.0
10385,0.0625,4.05,0.0,64.8,0.0
10386,0.0625,1.05,0.0,16.8,0.0
10387,0.0625,37.8,0.0,604.8,0.0
10388,0.0625,3.6,0.0,57.6,0.0
10389,0.0625,41.45,2.0,663.2,32.0
10390,0.0625,34.05,1.0,544.8,16.0
10391,0.0625,94.5,1.0,1512.0,16.0
10392,0.0625,102.85,1.0,1645.6,16.0
10393,0.0625,175.9,0.0,2814.4,0.0
10394,0.0625,182.65,6.0,2922.4,96.0
10395,0.0625,272.3,3.0,4356.8,48.0
10396,0.0625,209.4,0.0,3350.4,0.0
10397,0.0625,213.65,5.0,3418.4,80.0
10398,0.0625,116.3,1.0,1860.8,16.0
10399,0.0625,186.95,2.0,2991.2,32.0
10400,0.0625,168.15,1.0,2690.4,16.0
10401,0.0625,166.05,2.0,2656.8,32.0
10402,0.0625,95.5,4.0,1528.0,64.0
10403,0.0625,176.4,3.0,2822.4,48.0
10404,0.0625,310.7,7.0,4971.2,112.0
10405,0.0625,160.75,0.0,2572.0,0.0
10406,0.0625,568.4,2.0,9094.4,32.0
10407,0.0625,351.85,1.0,5629.6,16.0
10408,0.0625,209.3,5.0,3348.8,80.0
10409,0.0625,114.3,4.0,1828.8,64.0
10410,0.0625,152.0,0.0,2432.0,0.0
10411,0.0625,170.0,7.0,2720.0,112.0
10412,0.0625,155.65,0.0,2490.4,0.0
10413,0.0625,74.3,0.0,1188.8,0.0
10414,0.0625,47.4,0.0,758.4,0.0
10415,0.0625,72.95,0.0,1167.2,0.0
10416,0.0625,122.2,6.0,1955.2,96.0
10417,0.0625,6.25,0.0,100.0,0.0
10418,0.0625,5.8,0.0,92.8,0.0
10419,0.0625,25.05,0.0,400.8,0.0
10420,0.0625,166.9,7.0,2670.4,112.0
10421,0.0625,16.6,0.0,265.6,0.0
10423,0.0625,0.15,0.0,2.4,0.0
10487,0.0625,24.65,0.0,394.4,0.0
10488,0.0625,34.45,0.0,551.2,0.0
10489,0.0625,35.25,1.0,564.0,16.0
10490,0.0625,64.95,1.0,1039.2,16.0
10491,0.0625,74.95,1.0,1199.2,16.0
10492,0.0625,56.3,0.0,900.8,0.0
10493,0.0625,21.2,1.0,339.2,16.0
10495,0.0625,7.25,0.0,116.0,0.0
10496,0.0625,19.75,0.0,316.0,0.0
10497,0.0625,7.1,0.0,113.6,0.0
10498,0.0625,10.85,0.0,173.6,0.0
10499,0.0625,43.65,4.0,698.4,64.0
10500,0.0625,181.95,7.0,2911.2,112.0
10501,0.0625,249.15,9.0,3986.4,144.0
10502,0.0625,498.25,10.0,7972.0,160.0
10503,0.0625,1283.3,17.0,20532.8,272.0
10504,0.0625,702.25,10.0,11236.0,160.0
10505,0.0625,207.55,2.0,3320.8,32.0
10506,0.0625,321.05,3.0,5136.8,48.0
10507,0.0625,166.65,1.0,2666.4,16.0
10508,0.0625,237.6,3.0,3801.6,48.0
10509,0.0625,183.05,0.0,2928.8,0.0
10510,0.0625,123.6,2.0,1977.6,32.0
10511,0.0625,81.15,1.0,1298.4,16.0
10512,0.0625,106.15,4.0,1698.4,64.0
10513,0.0625,267.25,4.0,4276.0,64.0
10514,0.0625,109.8,1.0,1756.8,16.0
10515,0.0625,161.9,6.0,2590.4,96.0
10516,0.0625,490.6,5.0,7849.6,80.0
10517,0.0625,244.85,0.0,3917.6,0.0
10518,0.0625,116.7,4.0,1867.2,64.0
10519,0.0625,170.35,2.0,2725.6,32.0
10520,0.0625,252.35,8.0,4037.6,128.0
10521,0.0625,74.5,0.0,1192.0,0.0
10522,0.0625,85.25,1.0,1364.0,16.0
10523,0.0625,71.5,0.0,1144.0,0.0
10524,0.0625,99.95,4.0,1599.2,64.0
10525,0.0625,3.95,0.0,63.2,0.0
10526,0.0625,3.4,0.0,54.4,0.0
10527,0.0625,382.3,0.0,6116.8,0.0
10528,0.0625,21.85,0.0,349.6,0.0
10529,0.0625,26.4,1.0,422.4,16.0
10530,0.0625,0.15,0.0,2.4,0.0
10532,0.0625,0.5,0.0,8.0,0.0
10596,0.0625,21.65,1.0,346.4,16.0
10597,0.0625,24.1,0.0,385.6,0.0
10598,0.0625,56.1,2.0,897.6,32.0
10599,0.0625,38.05,0.0,608.8,0.0
10600,0.0625,116.95,2.0,1871.2,32.0
10601,0.0625,90.65,1.0,1450.4,16.0
10602,0.0625,35.0,1.0,560.0,16.0
10603,0.0625,10.5,0.0,168.0,0.0
10604,0.0625,64.6,3.0,1033.6,48.0
10605,0.0625,25.3,0.0,404.8,0.0
10606,0.0625,76.4,5.0,1222.4,80.0
10607,0.0625,88.85,6.0,1421.6,96.0
10608,0.0625,46.2,1.0,739.2,16.0
10609,0.0625,53.25,0.0,852.0,0.0
10610,0.0625,157.75,3.0,2524.0,48.0
10611,0.0625,251.5,5.0,4024.0,80.0
10612,0.0625,982.65,38.0,15722.4,608.0
10613,0.0625,295.75,8.0,4732.0,128.0
10614,0.0625,81.2,0.0,1299.2,0.0
10615,0.0625,368.0,1.0,5888.0,16.0
10616,0.0625,167.25,4.0,2676.0,64.0
10617,0.0625,416.95,4.0,6671.2,64.0
10618,0.0625,195.05,6.0,3120.8,96.0
10619,0.0625,108.5,9.0,1736.0,144.0
10620,0.0625,268.95,0.0,4303.2,0.0
10621,0.0625,184.1,6.0,2945.6,96.0
10622,0.0625,458.35,3.0,7333.6,48.0
10623,0.0625,235.65,6.0,3770.4,96.0
10624,0.0625,711.75,4.0,11388.0,64.0
10625,0.0625,1287.95,3.0,20607.2,48.0
10626,0.0625,230.2,8.0,3683.2,128.0
10627,0.0625,203.9,11.0,3262.4,176.0
10628,0.0625,144.9,4.0,2318.4,64.0
10629,0.0625,206.25,9.0,3300.0,144.0
10630,0.0625,170.3,1.0,2724.8,16.0
10631,0.0625,112.25,3.0,1796.0,48.0
10632,0.0625,68.7,3.0,1099.2,48.0
10633,0.0625,43.95,0.0,703.2,0.0
10634,0.0625,7.1,0.0,113.6,0.0
10635,0.0625,30.75,0.0,492.0,0.0
10636,0.0625,194.25,0.0,3108.0,0.0
10637,0.0625,779.9,4.0,12478.4,64.0
10638,0.0625,27.1,0.0,433.6,0.0
10639,0.0625,0.75,0.0,12.0,0.0
10640,0.0625,2.5,0.0,40.0,0.0
10705,0.0625,9.9,1.0,158.4,16.0
10706,0.0625,38.1,0.0,609.6,0.0
10707,0.0625,108.35,0.0,1733.6,0.0
10708,0.0625,56.95,0.0,911.2,0.0
10709,0.0625,123.95,5.0,1983.2,80.0
10710,0.0625,85.55,2.0,1368.8,32.0
10711,0.0625,109.3,3.0,1748.8,48.0
10712,0.0625,68.95,3.0,1103.2,48.0
10713,0.0625,101.4,2.0,1622.4,32.0
10714,0.0625,44.0,0.0,704.0,0.0
10715,0.0625,95.15,0.0,1522.4,0.0
10716,0.0625,52.45,2.0,839.2,32.0
10717,0.0625,22.7,0.0,363.2,0.0
10718,0.0625,48.55,5.0,776.8,80.0
10719,0.0625,78.05,2.0,1248.8,32.0
10720,0.0625,148.55,14.0,2376.8,224.0
10721,0.0625,472.6,6.0,7561.6,96.0
10722,0.0625,255.5,2.0,4088.0,32.0
10723,0.0625,148.85,0.0,2381.6,0.0
10724,0.0625,207.5,1.0,3320.0,16.0
10725,0.0625,107.45,0.0,1719.2,0.0
10726,0.0625,260.9,1.0,4174.4,16.0
10727,0.0625,137.5,0.0,2200.0,0.0
10728,0.0625,91.85,0.0,1469.6,0.0
10729,0.0625,129.0,1.0,2064.0,16.0
10730,0.0625,136.4,0.0,2182.4,0.0
10731,0.0625,327.3,7.0,5236.8,112.0
10732,0.0625,121.45,1.0,1943.2,16.0
10733,0.0625,470.2,7.0,7523.2,112.0
10734,0.0625,614.05,3.0,9824.8,48.0
10735,0.0625,238.15,0.0,3810.4,0.0
10736,0.0625,325.35,3.0,5205.6,48.0
10737,0.0625,162.6,0.0,2601.6,0.0
10738,0.0625,293.1,1.0,4689.6,16.0
10739,0.0625,139.5,1.0,2232.0,16.0
10740,0.0625,122.5,3.0,1960.0,48.0
10741,0.0625,45.2,2.0,723.2,32.0
10742,0.0625,4.25,0.0,68.0,0.0
10743,0.0625,5.85,0.0,93.6,0.0
10744,0.0625,64.75,0.0,1036.0,0.0
10745,0.0625,55.15,0.0,882.4,0.0
10746,0.0625,35.55,5.0,568.8,80.0
10747,0.0625,1.0,0.0,16.0,0.0
10748,0.0625,3.2,0.0,51.2,0.0
10749,0.0625,0.3,0.0,4.8,0.0
10810,0.0625,0.15,0.0,2.4,0.0
10814,0.0625,56.0,1.0,896.0,16.0
10815,0.0625,33.85,0.0,541.6,0.0
10816,0.0625,89.85,3.0,1437.6,48.0
10817,0.0625,94.65,0.0,1514.4,0.0
10818,0.0625,128.2,5.0,2051.2,80.0
10819,0.0625,100.8,4.0,1612.8,64.0
10820,0.0625,58.5,1.0,936.0,16.0
10821,0.0625,87.8,2.0,1404.8,32.0
10822,0.0625,88.65,0.0,1418.4,0.0
10823,0.0625,160.9,8.0,2574.4,128.0
10824,0.0625,91.3,4.0,1460.8,64.0
10825,0.0625,71.55,2.0,1144.8,32.0
10826,0.0625,93.8,4.0,1500.8,64.0
10827,0.0625,141.6,4.0,2265.6,64.0
10828,0.0625,113.2,2.0,1811.2,32.0
10829,0.0625,170.1,4.0,2721.6,64.0
10830,0.0625,265.1,3.0,4241.6,48.0
10831,0.0625,182.65,2.0,2922.4,32.0
10832,0.0625,168.45,0.0,2695.2,0.0
10833,0.0625,283.55,1.0,4536.8,16.0
10834,0.0625,406.75,0.0,6508.0,0.0
10835,0.0625,315.7,0.0,5051.2,0.0
10836,0.0625,220.75,0.0,3532.0,0.0
10837,0.0625,164.1,0.0,2625.6,0.0
10838,0.0625,198.3,9.0,3172.8,144.0
10839,0.0625,98.35,2.0,1573.6,32.0
10840,0.0625,192.54999999999998,6.0,3080.7999999999997,96.0
10841,0.0625,173.35,2.0,2773.6,32.0
10842,0.0625,98.45,0.0,1575.2,0.0
10843,0.0625,343.75,3.0,5500.0,48.0
10844,0.0625,241.0,3.0,3856.0,48.0
10845,0.0625,266.8,5.0,4268.8,80.0
10846,0.0625,141.45,0.0,2263.2,0.0
10847,0.0625,156.7,5.0,2507.2,80.0
10848,0.0625,224.3,0.0,3588.8,0.0
10849,0.0625,204.7,5.0,3275.2,80.0
10850,0.0625,4.6,0.0,73.6,0.0
10851,0.0625,26.15,0.0,418.4,0.0
10852,0.0625,21.8,0.0,348.8,0.0
10853,0.0625,297.5,0.0,4760.0,0.0
10854,0.0625,261.35,3.0,4181.6,48.0
10855,0.0625,20.95,1.0,335.2,16.0
10856,0.0625,0.3,0.0,4.8,0.0
10923,0.0625,39.7,0.0,635.2,0.0
10924,0.0625,62.8,2.0,1004.8,32.0
10925,0.0625,20.95,0.0,335.2,0.0
10926,0.0625,23.05,1.0,368.8,16.0
10927,0.0625,113.55,4.0,1816.8,64.0
10928,0.0625,113.95,2.0,1823.2,32.0
10929,0.0625,85.75,2.0,1372.0,32.0
10930,0.0625,165.7,5.0,2651.2,80.0
10931,0.0625,126.1,4.0,2017.6,64.0
10932,0.0625,148.6,0.0,2377.6,0.0
10933,0.0625,189.6,9.0,3033.6,144.0
10934,0.0625,149.85,3.0,2397.6,48.0
10935,0.0625,155.6,0.0,2489.6,0.0
10936,0.0625,215.4,0.0,3446.4,0.0
10937,0.0625,133.85,1.0,2141.6,16.0
10938,0.0625,142.45,1.0,2279.2,16.0
10939,0.0625,135.75,1.0,2172.0,16.0
10940,0.0625,205.4,4.0,3286.4,64.0
10941,0.0625,138.4,0.0,2214.4,0.0
10942,0.0625,133.45,0.0,2135.2,0.0
10943,0.0625,158.55,0.0,2536.8,0.0
10944,0.0625,253.5,1.0,4056.0,16.0
10945,0.0625,145.2,0.0,2323.2,0.0
10946,0.0625,369.0,0.0,5904.0,0.0
10947,0.0625,235.35,3.0,3765.6,48.0
10948,0.0625,156.75,7.0,2508.0,112.0
10949,0.0625,770.4,7.0,12326.4,112.0
10950,0.0625,272.1,3.0,4353.6,48.0
10951,0.0625,213.15,0.0,3410.4,0.0
10952,0.0625,652.05,1.0,10432.8,16.0
10953,0.0625,357.55,0.0,5720.8,0.0
10954,0.0625,472.05,5.0,7552.8,80.0
10955,0.0625,165.6,0.0,2649.6,0.0
10956,0.0625,143.0,0.0,2288.0,0.0
10957,0.0625,178.45,1.0,2855.2,16.0
10958,0.0625,638.7,29.0,10219.2,464.0
10959,0.0625,507.9,5.0,8126.4,80.0
10960,0.0625,58.9,0.0,942.4,0.0
10961,0.0625,104.1,7.0,1665.6,112.0
10962,0.0625,84.64999999999999,1.0,1354.3999999999999,16.0
10963,0.0625,333.55,0.0,5336.8,0.0
10964,0.0625,83.25,1.0,1332.0,16.0
10965,0.0625,3.9,0.0,62.4,0.0
11033,0.0625,8.7,0.0,139.2,0.0
11034,0.0625,16.8,0.0,268.8,0.0
11035,0.0625,38.85,0.0,621.6,0.0
11036,0.0625,39.6,0.0,633.6,0.0
11037,0.0625,180.9,8.0,2894.4,128.0
11038,0.0625,120.05,4.0,1920.8,64.0
11039,0.0625,73.35,0.0,1173.6,0.0
11040,0.0625,101.25,2.0,1620.0,32.0
11041,0.0625,96.55,0.0,1544.8,0.0
11042,0.0625,101.1,3.0,1617.6,48.0
11043,0.0625,117.6,0.0,1881.6,0.0
11044,0.0625,99.3,0.0,1588.8,0.0
11045,0.0625,92.25,0.0,1476.0,0.0
11046,0.0625,180.55,4.0,2888.8,64.0
11047,0.0625,161.1,4.0,2577.6,64.0
11048,0.0625,169.2,5.0,2707.2,80.0
11049,0.0625,240.15,6.0,3842.4,96.0
11050,0.0625,208.55,2.0,3336.8,32.0
11051,0.0625,355.55,1.0,5688.8,16.0
11052,0.0625,542.4,0.0,8678.4,0.0
11053,0.0625,384.2,1.0,6147.2,16.0
11054,0.0625,241.5,0.0,3864.0,0.0
11055,0.0625,160.0,0.0,2560.0,0.0
11056,0.0625,142.1,4.0,2273.6,64.0
11057,0.0625,111.0,0.0,1776.0,0.0
11058,0.0625,251.4,8.0,4022.4,128.0
11059,0.0625,52.0,3.0,832.0,48.0
11060,0.0625,109.7,0.0,1755.2,0.0
11061,0.0625,160.6,2.0,2569.6,32.0
11062,0.0625,202.9,0.0,3246.4,0.0
11063,0.0625,399.25,4.0,6388.0,64.0
11064,0.0625,196.2,9.0,3139.2,144.0
11065,0.0625,175.85,4.0,2813.6,64.0
11066,0.0625,12.4,1.0,198.4,16.0
11067,0.0625,64.35,2.0,1029.6,32.0
11068,0.0625,364.5,30.0,5832.0,480.0
11069,0.0625,363.9,11.0,5822.4,176.0
11070,0.0625,145.35,11.0,2325.6,176.0
11071,0.0625,80.8,8.0,1292.8,128.0
11072,0.0625,16.4,0.0,262.4,0.0
11073,0.0625,1.8,0.0,28.8,0.0
11142,0.0625,9.45,0.0,151.2,0.0
11143,0.0625,16.05,0.0,256.8,0.0
11144,0.0625,30.9,0.0,494.4,0.0
11145,0.0625,4.65,1.0,74.4,16.0
11146,0.0625,78.25,0.0,1252.0,0.0
11147,0.0625,96.9,0.0,1550.4,0.0
11148,0.0625,43.95,4.0,703.2,64.0
11149,0.0625,84.95,2.0,1359.2,32.0
11150,0.0625,89.4,7.0,1430.4,112.0
11151,0.0625,158.5,1.0,2536.0,16.0
11152,0.0625,85.05,8.0,1360.8,128.0
11153,0.0625,75.45,2.0,1207.2,32.0
11154,0.0625,96.35,6.0,1541.6,96.0
11155,0.0625,128.4,5.0,2054.4,80.0
11156,0.0625,260.1,4.0,4161.6,64.0
11157,0.0625,79.9,2.0,1278.4,32.0
11158,0.0625,82.1,0.0,1313.6,0.0
11159,0.0625,158.4,2.0,2534.4,32.0
11160,0.0625,138.2,0.0,2211.2,0.0
11161,0.0625,150.65,2.0,2410.4,32.0
11162,0.0625,271.05,1.0,4336.8,16.0
11163,0.0625,264.0,8.0,4224.0,128.0
11164,0.0625,141.05,4.0,2256.8,64.0
11165,0.0625,173.8,4.0,2780.8,64.0
11166,0.0625,126.05,8.0,2016.8,128.0
11167,0.0625,71.75,0.0,1148.0,0.0
11168,0.0625,64.65,0.0,1034.4,0.0
11169,0.0625,144.05,7.0,2304.8,112.0
11170,0.0625,475.05,6.0,7600.8,96.0
11171,0.0625,196.35,6.0,3141.6,96.0
11172,0.0625,105.65,2.0,1690.4,32.0
11173,0.0625,67.4,20.0,1078.4,320.0
11174,0.0625,19.25,0.0,308.0,0.0
11175,0.0625,1.95,1.0,31.2,16.0
11176,0.0625,6.65,0.0,106.4,0.0
11177,0.0625,46.1,2.0,737.6,32.0
11178,0.0625,23.85,3.0,381.6,48.0
11179,0.0625,24.2,3.0,387.2,48.0
11180,0.0625,52.95,4.0,847.2,64.0
11181,0.0625,18.2,0.0,291.2,0.0
11245,0.0625,0.15,0.0,2.4,0.0
11248,0.0625,0.15,0.0,2.4,0.0
11253,0.0625,1.45,0.0,23.2,0.0
11254,0.0625,18.95,0.0,303.2,0.0
11255,0.0625,47.8,4.0,764.8,64.0
11256,0.0625,116.1,1.0,1857.6,16.0
11257,0.0625,46.55,3.0,744.8,48.0
11258,0.0625,61.0,1.0,976.0,16.0
11259,0.0625,68.35,1.0,1093.6,16.0
11260,0.0625,137.05,1.0,2192.8,16.0
11261,0.0625,111.75,2.0,1788.0,32.0
11262,0.0625,60.85,0.0,973.6,0.0
11263,0.0625,52.35,0.0,837.6,0.0
11264,0.0625,61.6,0.0,985.6,0.0
11265,0.0625,135.95,1.0,2175.2,16.0
11266,0.0625,110.35,4.0,1765.6,64.0
11267,0.0625,144.15,6.0,2306.4,96.0
11268,0.0625,161.65,4.0,2586.4,64.0
11269,0.0625,132.7,4.0,2123.2,64.0
11270,0.0625,103.95,8.0,1663.2,128.0
11271,0.0625,120.05,1.0,1920.8,16.0
11272,0.0625,43.3,3.0,692.8,48.0
11273,0.0625,45.5,1.0,728.0,16.0
11274,0.0625,58.85,3.0,941.6,48.0
11275,0.0625,25.7,2.0,411.2,32.0
11276,0.0625,69.75,0.0,1116.0,0.0
11277,0.0625,31.5,2.0,504.0,32.0
11278,0.0625,57.8,3.0,924.8,48.0
11279,0.0625,107.35,4.0,1717.6,64.0
11280,0.0625,75.2,0.0,1203.2,0.0
11281,0.0625,58.3,0.0,932.8,0.0
11282,0.0625,13.3,1.0,212.8,16.0
11284,0.0625,2.05,0.0,32.8,0.0
11285,0.0625,0.75,0.0,12.0,0.0
11287,0.0625,10.55,2.0,168.8,32.0
11288,0.0625,7.8999999999999995,3.0,126.39999999999999,48.0
11289,0.0625,17.4,6.0,278.4,96.0
11290,0.0625,1.0,0.0,16.0,0.0
11354,0.0625,0.5,0.0,8.0,0.0
11363,0.0625,13.65,0.0,218.4,0.0
11364,0.0625,15.4,0.0,246.4,0.0
11365,0.0625,56.6,0.0,905.6,0.0
11366,0.0625,65.55,1.0,1048.8,16.0
11367,0.0625,62.0,2.0,992.0,32.0
11368,0.0625,144.8,1.0,2316.8,16.0
11369,0.0625,131.55,4.0,2104.8,64.0
11370,0.0625,77.1,1.0,1233.6,16.0
11371,0.0625,19.1,0.0,305.6,0.0
11372,0.0625,21.8,0.0,348.8,0.0
11373,0.0625,31.45,0.0,503.2,0.0
11374,0.0625,295.8,6.0,4732.8,96.0
11375,0.0625,161.8,2.0,2588.8,32.0
11376,0.0625,28.5,4.0,456.0,64.0
11377,0.0625,49.0,0.0,784.0,0.0
11378,0.0625,29.2,0.0,467.2,0.0
11379,0.0625,42.65,3.0,682.4,48.0
11380,0.0625,17.75,0.0,284.0,0.0
11381,0.0625,13.15,3.0,210.4,48.0
11382,0.0625,7.5,1.0,120.0,16.0
11383,0.0625,45.0,0.0,720.0,0.0
11384,0.0625,52.35,2.0,837.6,32.0
11385,0.0625,37.75,0.0,604.0,0.0
11386,0.0625,19.85,0.0,317.6,0.0
11387,0.0625,20.75,0.0,332.0,0.0
11388,0.0625,7.2,0.0,115.2,0.0
11389,0.0625,20.5,0.0,328.0,0.0
11390,0.0625,9.45,0.0,151.2,0.0
11391,0.0625,48.15,0.0,770.4,0.0
11396,0.0625,0.15,0.0,2.4,0.0
11398,0.0625,0.75,0.0,12.0,0.0
11473,0.0625,15.65,0.0,250.4,0.0
11474,0.0625,69.6,0.0,1113.6,0.0
11475,0.0625,45.4,1.0,726.4,16.0
11476,0.0625,63.75,1.0,1020.0,16.0
11477,0.0625,158.65,0.0,2538.4,0.0
11478,0.0625,159.0,1.0,2544.0,16.0
11479,0.0625,140.75,3.0,2252.0,48.0
11480,0.0625,103.3,1.0,1652.8,16.0
11481,0.0625,86.1,0.0,1377.6,0.0
11482,0.0625,198.25,3.0,3172.0,48.0
11483,0.0625,109.05,3.0,1744.8,48.0
11484,0.0625,105.0,0.0,1680.0,0.0
11485,0.0625,28.3,0.0,452.8,0.0
11486,0.0625,14.299999999999999,0.0,228.79999999999998,0.0
11487,0.0625,19.4,0.0,310.4,0.0
11488,0.0625,10.4,0.0,166.4,0.0
11489,0.0625,18.1,0.0,289.6,0.0
11490,0.0625,28.35,0.0,453.6,0.0
11491,0.0625,16.7,0.0,267.2,0.0
11492,0.0625,40.3,1.0,644.8,16.0
11493,0.0625,48.75,0.0,780.0,0.0
11494,0.0625,31.55,0.0,504.8,0.0
11495,0.0625,43.65,0.0,698.4,0.0
11496,0.0625,61.3,0.0,980.8,0.0
11497,0.0625,16.15,0.0,258.4,0.0
11498,0.0625,26.35,0.0,421.6,0.0
11499,0.0625,11.55,0.0,184.8,0.0
11500,0.0625,13.799999999999999,0.0,220.79999999999998,0.0
11582,0.0625,17.95,0.0,287.2,0.0
11583,0.0625,24.8,0.0,396.8,0.0
11584,0.0625,64.1,1.0,1025.6,16.0
11585,0.0625,52.05,3.0,832.8,48.0
11586,0.0625,48.4,4.0,774.4,64.0
11587,0.0625,149.7,3.0,2395.2,48.0
11588,0.0625,151.3,0.0,2420.8,0.0
11589,0.0625,142.55,0.0,2280.8,0.0
11590,0.0625,235.65,1.0,3770.4,16.0
11591,0.0625,103.5,4.0,1656.0,64.0
11592,0.0625,96.6,0.0,1545.6,0.0
11593,0.0625,71.45,0.0,1143.2,0.0
11594,0.0625,31.7,1.0,507.2,16.0
11595,0.0625,19.6,1.0,313.6,16.0
11596,0.0625,15.4,1.0,246.4,16.0
11597,0.0625,31.45,0.0,503.2,0.0
11598,0.0625,36.65,1.0,586.4,16.0
11599,0.0625,36.2,2.0,579.2,32.0
11600,0.0625,27.1,2.0,433.6,32.0
11601,0.0625,22.45,1.0,359.2,16.0
11602,0.0625,14.35,0.0,229.6,0.0
11603,0.0625,9.4,0.0,150.4,0.0
11604,0.0625,6.0,0.0,96.0,0.0
11605,0.0625,56.15,0.0,898.4,0.0
11606,0.0625,2.8,0.0,44.8,0.0
11692,0.0625,3.1,0.0,49.6,0.0
11693,0.0625,21.6,0.0,345.6,0.0
11694,0.0625,19.9,1.0,318.4,16.0
11695,0.0625,1.3,0.0,20.8,0.0
11696,0.0625,156.7,1.0,2507.2,16.0
11697,0.0625,173.0,7.0,2768.0,112.0
11698,0.0625,238.25,4.0,3812.0,64.0
11699,0.0625,161.2,1.0,2579.2,16.0
11700,0.0625,131.15,3.0,2098.4,48.0
11701,0.0625,47.1,0.0,753.6,0.0
11702,0.0625,44.0,3.0,704.0,48.0
11703,0.0625,0.44999999999999996,0.0,7.199999999999999,0.0
11705,0.0625,6.8,0.0,108.8,0.0
11706,0.0625,20.5,2.0,328.0,32.0
11707,0.0625,32.85,1.0,525.6,16.0
11708,0.0625,4.6,0.0,73.6,0.0
11709,0.0625,5.0,0.0,80.0,0.0
11710,0.0625,28.05,0.0,448.8,0.0
11711,0.0625,18.25,0.0,292.0,0.0
11712,0.0625,1.15,0.0,18.4,0.0
11805,0.0625,82.45,5.0,1319.2,80.0
11806,0.0625,170.85,0.0,2733.6,0.0
11807,0.0625,160.15,0.0,2562.4,0.0
11808,0.0625,122.15,1.0,1954.4,16.0
11809,0.0625,110.05,0.0,1760.8,0.0
11810,0.0625,50.4,1.0,806.4,16.0
11811,0.0625,6.75,0.0,108.0,0.0
11812,0.0625,0.15,0.0,2.4,0.0
11813,0.0625,1.0,0.0,16.0,0.0
11815,0.0625,21.5,1.0,344.0,16.0
11816,0.0625,240.85,2.0,3853.6,32.0
11817,0.0625,19.65,0.0,314.4,0.0
11818,0.0625,1.9,0.0,30.4,0.0
11819,0.0625,0.44999999999999996,0.0,7.199999999999999,0.0
11821,0.0625,4.6499999999999995,0.0,74.39999999999999,0.0
11915,0.0625,74.95,0.0,1199.2,0.0
11916,0.0625,79.8,0.0,1276.8,0.0
11917,0.0625,31.3,0.0,500.8,0.0
11918,0.0625,17.95,0.0,287.2,0.0
11919,0.0625,4.5,0.0,72.0,0.0
11920,0.0625,0.75,0.0,12.0,0.0
11922,0.0625,25.95,1.0,415.2,16.0
11923,0.0625,39.0,2.0,624.0,32.0
11924,0.0625,11.35,0.0,181.6,0.0
11925,0.0625,13.549999999999999,0.0,216.79999999999998,0.0
11926,0.0625,2.0,0.0,32.0,0.0
12028,0.0625,0.15,0.0,2.4,0.0
12030,0.0625,1.05,0.0,16.8,0.0
12031,0.0625,1.25,0.0,20.0,0.0
12034,0.0625,4.8,0.0,76.8,0.0
12035,0.0625,0.65,0.0,10.4,0.0
12039,0.0625,0.3,0.0,4.8,0.0
12040,0.0625,9.65,0.0,154.4,0.0
12041,0.0625,1.85,0.0,29.6,0.0
12101,0.0625,0.15,0.0,2.4,0.0
12112,0.0625,0.15,0.0,2.4,0.0
12136,0.0625,0.5,0.0,8.0,0.0
12137,0.0625,0.15,0.0,2.4,0.0
12138,0.0625,0.9,0.0,14.4,0.0
12139,0.0625,4.0,0.0,64.0,0.0
12140,0.0625,1.5,1.0,24.0,16.0
12141,0.0625,0.15,0.0,2.4,0.0
12248,0.0625,4.0,0.0,64.0,0.0
12249,0.0625,0.8999999999999999,0.0,14.399999999999999,0.0
12253,0.0625,0.6,0.0,9.6,0.0
12327,0.0625,0.15,0.0,2.4,0.0
12358,0.0625,3.0,1.0,48.0,16.0
12467,0.0625,7.1,3.0,113.6,48.0
12583,0.0625,0.15,0.0,2.4,0.0
14551,0.0625,1.0,0.0,16.0,0.0
