id,banco,red,ubicacion,barrio,comuna,anillo,distancia,radio_in,radio_out,cantidad_delitos,area_m2,area_km2,densidad_delitos_km2,densidad_anillo_1,densidad_relativa_a1
11073,NUEVO BANCO DE SANTA FE S.A.,LINK,25 De Mayo 168,San Nicolas,Comuna 1,1,0-300 m,0,300,1085,282289.36414897913,0.28228936414897915,3843.5737856116593,3843.5737856116593,1.0
11073,NUEVO BANCO DE SANTA FE S.A.,LINK,25 De Mayo 168,San Nicolas,Comuna 1,2,300-600 m,300,600,8483,846868.092447653,0.8468680924476529,10016.908271372093,3843.5737856116593,2.606144393238966
11073,NUEVO BANCO DE SANTA FE S.A.,LINK,25 De Mayo 168,San Nicolas,Comuna 1,3,600-900 m,600,900,8939,1411446.8207453075,1.4114468207453075,6333.217708676977,3843.5737856116593,1.6477419354833902
11073,NUEVO BANCO DE SANTA FE S.A.,LINK,25 De Mayo 168,San Nicolas,Comuna 1,4,900-1200 m,900,1200,14237,1976025.5490442794,1.9760255490442793,7204.866357565994,3843.5737856116593,1.8745227123093786
11059,BANCO DE LA NACION ARGENTINA,LINK,25 De Mayo 230,San Nicolas,Comuna 1,1,0-300 m,0,300,1679,282289.36414897913,0.28228936414897915,5947.797590822098,5947.797590822098,1.0
11059,BANCO DE LA NACION ARGENTINA,LINK,25 De Mayo 230,San Nicolas,Comuna 1,2,300-600 m,300,600,7558,846868.092447653,0.8468680924476529,8924.648439824387,5947.797590822098,1.5004963271776086
11059,BANCO DE LA NACION ARGENTINA,LINK,25 De Mayo 230,San Nicolas,Comuna 1,3,600-900 m,600,900,9518,1411446.8207453075,1.4114468207453075,6743.435076763337,5947.797590822098,1.1337701012504138
11059,BANCO DE LA NACION ARGENTINA,LINK,25 De Mayo 230,San Nicolas,Comuna 1,4,900-1200 m,900,1200,14869,1976025.5490442794,1.9760255490442793,7524.70027889645,5947.797590822098,1.2651237981782757
11033,BANCO DEL CHUBUT S.A.,LINK,25 De Mayo 267/73,San Nicolas,Comuna 1,1,0-300 m,0,300,2086,282289.36414897913,0.28228936414897915,7389.580568466286,7389.580568466286,1.0
11033,BANCO DEL CHUBUT S.A.,LINK,25 De Mayo 267/73,San Nicolas,Comuna 1,2,300-600 m,300,600,7612,846868.092447653,0.8468680924476529,8988.412797557981,7389.580568466286,1.216363055288202
11033,BANCO DEL CHUBUT S.A.,LINK,25 De Mayo 267/73,San Nicolas,Comuna 1,3,600-900 m,600,900,9834,1411446.8207453075,1.4114468207453075,6967.318821694752,7389.580568466286,0.9428571428568678
11033,BANCO DEL CHUBUT S.A.,LINK,25 De Mayo 267/73,San Nicolas,Comuna 1,4,900-1200 m,900,1200,13776,1976025.5490442794,1.9760255490442793,6971.569778874,7389.580568466286,0.9434324065189744
11069,BANCO DE SANTA CRUZ S.A.,LINK,25 De Mayo 279,San Nicolas,Comuna 1,1,0-300 m,0,300,2094,282289.36414897913,0.28228936414897915,7417.920283014576,7417.920283014576,1.0
11069,BANCO DE SANTA CRUZ S.A.,LINK,25 De Mayo 279,San Nicolas,Comuna 1,2,300-600 m,300,600,7547,846868.092447653,0.8468680924476529,8911.659403989765,7417.920283014576,1.2013689907662564
11069,BANCO DE SANTA CRUZ S.A.,LINK,25 De Mayo 279,San Nicolas,Comuna 1,3,600-900 m,600,900,10063,1411446.8207453075,1.4114468207453075,7129.563687483658,7417.920283014576,0.9611270296081246
11069,BANCO DE SANTA CRUZ S.A.,LINK,25 De Mayo 279,San Nicolas,Comuna 1,4,900-1200 m,900,1200,13761,1976025.5490442794,1.9760255490442793,6963.9787839057135,7417.920283014576,0.9388047482596584
11046,BANCO DE LA CIUDAD DE BUENOS AIRES,LINK,25 De Mayo 294 esquina Sarmiento,San Nicolas,Comuna 1,1,0-300 m,0,300,2076,282289.36414897913,0.28228936414897915,7354.155925280926,7354.155925280926,1.0
11046,BANCO DE LA CIUDAD DE BUENOS AIRES,LINK,25 De Mayo 294 esquina Sarmiento,San Nicolas,Comuna 1,2,300-600 m,300,600,7500,846868.092447653,0.8468680924476529,8856.160796332746,7354.155925280926,1.2042389210009095
11046,BANCO DE LA CIUDAD DE BUENOS AIRES,LINK,25 De Mayo 294 esquina Sarmiento,San Nicolas,Comuna 1,3,600-900 m,600,900,10129,1411446.8207453075,1.4114468207453075,7176.32421648832,7354.155925280926,0.9758188824659967
11046,BANCO DE LA CIUDAD DE BUENOS AIRES,LINK,25 De Mayo 294 esquina Sarmiento,San Nicolas,Comuna 1,4,900-1200 m,900,1200,13726,1976025.5490442794,1.9760255490442793,6946.266462313046,7354.155925280926,0.9445361959806015
11020,BANCO DE FORMOSA S.A.,LINK,25 De Mayo 454 piso -,San Nicolas,Comuna 1,1,0-300 m,0,300,2988,282289.36414897913,0.28228936414897915,10584.883383785842,10584.883383785842,1.0
11020,BANCO DE FORMOSA S.A.,LINK,25 De Mayo 454 piso -,San Nicolas,Comuna 1,2,300-600 m,300,600,7487,846868.092447653,0.8468680924476529,8840.810117619103,10584.883383785842,0.8352298081206687
11020,BANCO DE FORMOSA S.A.,LINK,25 De Mayo 454 piso -,San Nicolas,Comuna 1,3,600-900 m,600,900,9227,1411446.8207453075,1.4114468207453075,6537.263653424597,10584.883383785842,0.6176037483264597
11020,BANCO DE FORMOSA S.A.,LINK,25 De Mayo 454 piso -,San Nicolas,Comuna 1,4,900-1200 m,900,1200,12994,1976025.5490442794,1.9760255490442793,6575.825907860682,10584.883383785842,0.6212468923307816
10883,BANCO DE LA NACION ARGENTINA,LINK,Abraham Luppi 1090,Nueva Pompeya,Comuna 4,1,0-300 m,0,300,830,282289.36414897913,0.28228936414897915,2940.2453843849557,2940.2453843849557,1.0
10883,BANCO DE LA NACION ARGENTINA,LINK,Abraham Luppi 1090,Nueva Pompeya,Comuna 4,2,300-600 m,300,600,3747,846868.092447653,0.8468680924476529,4424.537933847841,2940.2453843849557,1.5048192771071627
10883,BANCO DE LA NACION ARGENTINA,LINK,Abraham Luppi 1090,Nueva Pompeya,Comuna 4,3,600-900 m,600,900,3597,1411446.8207453075,1.4114468207453075,2548.448830754121,2940.2453843849557,0.8667469879515545
10883,BANCO DE LA NACION ARGENTINA,LINK,Abraham Luppi 1090,Nueva Pompeya,Comuna 4,4,900-1200 m,900,1200,4592,1976025.5490442794,1.9760255490442793,2323.856592958,2940.2453843849557,0.7903614457825625
11784,BANCO DE LA NACION ARGENTINA,LINK,Aeroparque s/n,S/D,,1,0-300 m,0,300,103,282289.36414897913,0.28228936414897915,364.8738248092174,364.8738248092174,1.0
11784,BANCO DE LA NACION ARGENTINA,LINK,Aeroparque s/n,S/D,,2,300-600 m,300,600,174,846868.092447653,0.8468680924476529,205.46293047491972,364.8738248092174,0.5631067961160291
11784,BANCO DE LA NACION ARGENTINA,LINK,Aeroparque s/n,S/D,,3,600-900 m,600,900,135,1411446.8207453075,1.4114468207453075,95.64653660044657,364.8738248092174,0.26213592233002064
11784,BANCO DE LA NACION ARGENTINA,LINK,Aeroparque s/n,S/D,,4,900-1200 m,900,1200,125,1976025.5490442794,1.9760255490442793,63.25829140238458,364.8738248092174,0.17337031900126193
11697,CABAL COOP. LTDA.,LINK,Alicia M. De Justo 2036,Puerto Madero,Comuna 1,1,0-300 m,0,300,358,282289.36414897913,0.28228936414897915,1268.2022260359208,1268.2022260359208,1.0
11697,CABAL COOP. LTDA.,LINK,Alicia M. De Justo 2036,Puerto Madero,Comuna 1,2,300-600 m,300,600,2529,846868.092447653,0.8468680924476529,2986.2974205234023,1268.2022260359208,2.354748603349966
11697,CABAL COOP. LTDA.,LINK,Alicia M. De Justo 2036,Puerto Madero,Comuna 1,3,600-900 m,600,900,6106,1411446.8207453075,1.4114468207453075,4326.057425795013,1268.2022260359208,3.4111731843565467
11697,CABAL COOP. LTDA.,LINK,Alicia M. De Justo 2036,Puerto Madero,Comuna 1,4,900-1200 m,900,1200,8456,1976025.5490442794,1.9760255490442793,4279.296896788512,1268.2022260359208,3.3743016759752194
11381,BANCO DE LA NACION ARGENTINA,LINK,Alsina 1356,Monserrat,Comuna 1,1,0-300 m,0,300,1911,282289.36414897913,0.28228936414897915,6769.649312722471,6769.649312722471,1.0
11381,BANCO DE LA NACION ARGENTINA,LINK,Alsina 1356,Monserrat,Comuna 1,2,300-600 m,300,600,6105,846868.092447653,0.8468680924476529,7208.914888214856,6769.649312722471,1.0648874934580224
11381,BANCO DE LA NACION ARGENTINA,LINK,Alsina 1356,Monserrat,Comuna 1,3,600-900 m,600,900,11449,1411446.8207453075,1.4114468207453075,8111.534796581576,6769.649312722471,1.198220826791906
11381,BANCO DE LA NACION ARGENTINA,LINK,Alsina 1356,Monserrat,Comuna 1,4,900-1200 m,900,1200,24188,1976025.5490442794,1.9760255490442793,12240.732419527025,6769.649312722471,1.8081782163401772
11396,BANCO DE LA PROVINCIA DE BUENOS AIRES,LINK,Alsina 1502,Monserrat,Comuna 1,1,0-300 m,0,300,1760,282289.36414897913,0.28228936414897915,6234.737200623521,6234.737200623521,1.0
11396,BANCO DE LA PROVINCIA DE BUENOS AIRES,LINK,Alsina 1502,Monserrat,Comuna 1,2,300-600 m,300,600,7036,846868.092447653,0.8468680924476529,8308.259648399628,6234.737200623521,1.3325757575746318
11396,BANCO DE LA PROVINCIA DE BUENOS AIRES,LINK,Alsina 1502,Monserrat,Comuna 1,3,600-900 m,600,900,11705,1411446.8207453075,1.4114468207453075,8292.90896969057,6234.737200623521,1.3301136363632482
11396,BANCO DE LA PROVINCIA DE BUENOS AIRES,LINK,Alsina 1502,Monserrat,Comuna 1,4,900-1200 m,900,1200,19531,1976025.5490442794,1.9760255490442793,9883.981515039786,6234.737200623521,1.5853084415572982
11386,BANCO DE LA NACION ARGENTINA,LINK,Alsina 365,Monserrat,Comuna 1,1,0-300 m,0,300,1930,282289.36414897913,0.28228936414897915,6836.956134774657,6836.956134774657,1.0
11386,BANCO DE LA NACION ARGENTINA,LINK,Alsina 365,Monserrat,Comuna 1,2,300-600 m,300,600,5798,846868.092447653,0.8468680924476529,6846.402706284968,6836.956134774657,1.0013816925725563
11386,BANCO DE LA NACION ARGENTINA,LINK,Alsina 365,Monserrat,Comuna 1,3,600-900 m,600,900,7595,1411446.8207453075,1.4114468207453075,5381.003299854753,6836.956134774657,0.7870466321241227
11386,BANCO DE LA NACION ARGENTINA,LINK,Alsina 365,Monserrat,Comuna 1,4,900-1200 m,900,1200,15064,1976025.5490442794,1.9760255490442793,7623.3832134841705,6836.956134774657,1.115025906734947
11393,CABAL COOP. LTDA.,LINK,Alsina 637,Monserrat,Comuna 1,1,0-300 m,0,300,2589,282289.36414897913,0.28228936414897915,9171.44012068994,9171.44012068994,1.0
11393,CABAL COOP. LTDA.,LINK,Alsina 637,Monserrat,Comuna 1,2,300-600 m,300,600,7464,846868.092447653,0.8468680924476529,8813.65122451035,9171.44012068994,0.9609887987631898
11393,CABAL COOP. LTDA.,LINK,Alsina 637,Monserrat,Comuna 1,3,600-900 m,600,900,10182,1411446.8207453075,1.4114468207453075,7213.874338264793,9171.44012068994,0.7865585168016247
11393,CABAL COOP. LTDA.,LINK,Alsina 637,Monserrat,Comuna 1,4,900-1200 m,900,1200,20330,1976025.5490442794,1.9760255490442793,10288.328513683828,9171.44012068994,1.1217789549183546
11206,BANCO DE LA CIUDAD DE BUENOS AIRES,LINK,"Araoz 265, entre Camargo y Luis M. Drago",Villa Crespo,Comuna 15,1,0-300 m,0,300,2507,282289.36414897913,0.28228936414897915,8880.958046569982,8880.958046569982,1.0
11206,BANCO DE LA CIUDAD DE BUENOS AIRES,LINK,"Araoz 265, entre Camargo y Luis M. Drago",Villa Crespo,Comuna 15,2,300-600 m,300,600,4607,846868.092447653,0.8468680924476529,5440.044371827328,8880.958046569982,0.612551522403418
11206,BANCO DE LA CIUDAD DE BUENOS AIRES,LINK,"Araoz 265, entre Camargo y Luis M. Drago",Villa Crespo,Comuna 15,3,600-900 m,600,900,6527,1411446.8207453075,1.4114468207453075,4624.332921415665,8880.958046569982,0.520702034303797
11206,BANCO DE LA CIUDAD DE BUENOS AIRES,LINK,"Araoz 265, entre Camargo y Luis M. Drago",Villa Crespo,Comuna 15,4,900-1200 m,900,1200,10442,1976025.5490442794,1.9760255490442793,5284.344630589599,8880.958046569982,0.5950196592394136
11709,BANCO DE LA NACION ARGENTINA,LINK,"Arenales 819, entre Esmeralda y Suipacha",Retiro,Comuna 1,1,0-300 m,0,300,2040,282289.36414897913,0.28228936414897915,7226.627209813627,7226.627209813627,1.0
11709,BANCO DE LA NACION ARGENTINA,LINK,"Arenales 819, entre Esmeralda y Suipacha",Retiro,Comuna 1,2,300-600 m,300,600,5958,846868.092447653,0.8468680924476529,7035.334136606733,7226.627209813627,0.9735294117638833
11709,BANCO DE LA NACION ARGENTINA,LINK,"Arenales 819, entre Esmeralda y Suipacha",Retiro,Comuna 1,3,600-900 m,600,900,9494,1411446.8207453075,1.4114468207453075,6726.431248034369,7226.627209813627,0.9307843137252187
11709,BANCO DE LA NACION ARGENTINA,LINK,"Arenales 819, entre Esmeralda y Suipacha",Retiro,Comuna 1,4,900-1200 m,900,1200,12031,1976025.5490442794,1.9760255490442793,6088.484030896711,7226.627209813627,0.8425070028005128
11667,BANCO DE LA CIUDAD DE BUENOS AIRES,LINK,Av. Acoyte 702,Caballito,Comuna 6,1,0-300 m,0,300,1584,282289.36414897913,0.28228936414897915,5611.263480561169,5611.263480561169,1.0
11667,BANCO DE LA CIUDAD DE BUENOS AIRES,LINK,Av. Acoyte 702,Caballito,Comuna 6,2,300-600 m,300,600,4241,846868.092447653,0.8468680924476529,5007.863724966291,5611.263480561169,0.8924663299655761
11667,BANCO DE LA CIUDAD DE BUENOS AIRES,LINK,Av. Acoyte 702,Caballito,Comuna 6,3,600-900 m,600,900,5237,1411446.8207453075,1.4114468207453075,3710.37712723362,5611.263480561169,0.6612373737371808
11667,BANCO DE LA CIUDAD DE BUENOS AIRES,LINK,Av. Acoyte 702,Caballito,Comuna 6,4,900-1200 m,900,1200,10073,1976025.5490442794,1.9760255490442793,5097.606154369759,5611.263480561169,0.9084595959589408
11665,BANCO DE LA CIUDAD DE BUENOS AIRES,LINK,Av. Acoyte 71,Caballito,Comuna 6,1,0-300 m,0,300,2815,282289.36414897913,0.28228936414897915,9972.037056679097,9972.037056679097,1.0
11665,BANCO DE LA CIUDAD DE BUENOS AIRES,LINK,Av. Acoyte 71,Caballito,Comuna 6,2,300-600 m,300,600,4074,846868.092447653,0.8468680924476529,4810.666544567948,9972.037056679097,0.48241563055021414
11665,BANCO DE LA CIUDAD DE BUENOS AIRES,LINK,Av. Acoyte 71,Caballito,Comuna 6,3,600-900 m,600,900,7228,1411446.8207453075,1.4114468207453075,5120.98641887428,9972.037056679097,0.5135346358790688
11665,BANCO DE LA CIUDAD DE BUENOS AIRES,LINK,Av. Acoyte 71,Caballito,Comuna 6,4,900-1200 m,900,1200,9049,1976025.5490442794,1.9760255490442793,4579.394231201424,9972.037056679097,0.4592235473226832
11683,BANCO DE LA CIUDAD DE BUENOS AIRES,LINK,Av. Almafuerte 406,Parque Patricios,Comuna 4,1,0-300 m,0,300,1010,282289.36414897913,0.28228936414897915,3577.8889617214522,3577.8889617214522,1.0
11683,BANCO DE LA CIUDAD DE BUENOS AIRES,LINK,Av. Almafuerte 406,Parque Patricios,Comuna 4,2,300-600 m,300,600,2530,846868.092447653,0.8468680924476529,2987.478241962913,3577.8889617214522,0.8349834983491295
11683,BANCO DE LA CIUDAD DE BUENOS AIRES,LINK,Av. Almafuerte 406,Parque Patricios,Comuna 4,3,600-900 m,600,900,4500,1411446.8207453075,1.4114468207453075,3188.2178866815525,3577.8889617214522,0.8910891089106312
11683,BANCO DE LA CIUDAD DE BUENOS AIRES,LINK,Av. Almafuerte 406,Parque Patricios,Comuna 4,4,900-1200 m,900,1200,6986,1976025.5490442794,1.9760255490442793,3535.3793898964695,3577.8889617214522,0.9881188118804756
11678,BANCO DE LA NACION ARGENTINA,LINK,Av. Almirante Brown 1101,Boca,Comuna 4,1,0-300 m,0,300,2056,282289.36414897913,0.28228936414897915,7283.306638910204,7283.306638910204,1.0
11678,BANCO DE LA NACION ARGENTINA,LINK,Av. Almirante Brown 1101,Boca,Comuna 4,2,300-600 m,300,600,4312,846868.092447653,0.8468680924476529,5091.702047171574,7283.306638910204,0.699092088196556
11678,BANCO DE LA NACION ARGENTINA,LINK,Av. Almirante Brown 1101,Boca,Comuna 4,3,600-900 m,600,900,2989,1411446.8207453075,1.4114468207453075,2117.685169620258,7283.306638910204,0.29075875486372843
11678,BANCO DE LA NACION ARGENTINA,LINK,Av. Almirante Brown 1101,Boca,Comuna 4,4,900-1200 m,900,1200,3976,1976025.5490442794,1.9760255490442793,2012.1197329270487,7283.306638910204,0.27626459143948945
11679,BANCO DE LA CIUDAD DE BUENOS AIRES,LINK,Av. Almirante Brown 240,Boca,Comuna 4,1,0-300 m,0,300,1726,282289.36414897913,0.28228936414897915,6114.293413793294,6114.293413793294,1.0
11679,BANCO DE LA CIUDAD DE BUENOS AIRES,LINK,Av. Almirante Brown 240,Boca,Comuna 4,2,300-600 m,300,600,3269,846868.092447653,0.8468680924476529,3860.1052857615664,6114.293413793294,0.6313248358434218
11679,BANCO DE LA CIUDAD DE BUENOS AIRES,LINK,Av. Almirante Brown 240,Boca,Comuna 4,3,600-900 m,600,900,5181,1411446.8207453075,1.4114468207453075,3670.701526866027,6114.293413793294,0.6003476245652941
11679,BANCO DE LA CIUDAD DE BUENOS AIRES,LINK,Av. Almirante Brown 240,Boca,Comuna 4,4,900-1200 m,900,1200,7667,1976025.5490442794,1.9760255490442793,3880.0105614566605,6114.293413793294,0.6345803674883687
11775,BANCO DE LA PROVINCIA DE BUENOS AIRES,LINK,Av. Alvarez Jonte 5269,Monte Castro,Comuna 10,1,0-300 m,0,300,772,282289.36414897913,0.28228936414897915,2734.782453909863,2734.782453909863,1.0
11775,BANCO DE LA PROVINCIA DE BUENOS AIRES,LINK,Av. Alvarez Jonte 5269,Monte Castro,Comuna 10,2,300-600 m,300,600,1891,846868.092447653,0.8468680924476529,2232.9333421153633,2734.782453909863,0.8164939550943016
11775,BANCO DE LA PROVINCIA DE BUENOS AIRES,LINK,Av. Alvarez Jonte 5269,Monte Castro,Comuna 10,3,600-900 m,600,900,2837,1411446.8207453075,1.4114468207453075,2009.994254336792,2734.782453909863,0.7349740932640343
11775,BANCO DE LA PROVINCIA DE BUENOS AIRES,LINK,Av. Alvarez Jonte 5269,Monte Castro,Comuna 10,4,900-1200 m,900,1200,3749,1976025.5490442794,1.9760255490442793,1897.2426757403182,2734.782453909863,0.6937453737966868
11226,BANCO DE LA PROVINCIA DE BUENOS AIRES,LINK,Av. Alvarez Jonte 5269/79,Monte Castro,Comuna 10,1,0-300 m,0,300,775,282289.36414897913,0.28228936414897915,2745.409846865471,2745.409846865471,1.0
11226,BANCO DE LA PROVINCIA DE BUENOS AIRES,LINK,Av. Alvarez Jonte 5269/79,Monte Castro,Comuna 10,2,300-600 m,300,600,1899,846868.092447653,0.8468680924476529,2242.3799136314515,2745.409846865471,0.816774193547697
11226,BANCO DE LA PROVINCIA DE BUENOS AIRES,LINK,Av. Alvarez Jonte 5269/79,Monte Castro,Comuna 10,3,600-900 m,600,900,2811,1411446.8207453075,1.4114468207453075,1991.5734398804098,2745.409846865471,0.7254193548384981
11226,BANCO DE LA PROVINCIA DE BUENOS AIRES,LINK,Av. Alvarez Jonte 5269/79,Monte Castro,Comuna 10,4,900-1200 m,900,1200,3754,1976025.5490442794,1.9760255490442793,1899.7730073964137,2745.409846865471,0.6919815668197774
11776,BANCO DE LA NACION ARGENTINA,LINK,Av. Alvarez Jonte 5298,Monte Castro,Comuna 10,1,0-300 m,0,300,760,282289.36414897913,0.28228936414897915,2692.2728820874295,2692.2728820874295,1.0
11776,BANCO DE LA NACION ARGENTINA,LINK,Av. Alvarez Jonte 5298,Monte Castro,Comuna 10,2,300-600 m,300,600,1868,846868.092447653,0.8468680924476529,2205.7744490066093,2692.2728820874295,0.8192982456133429
11776,BANCO DE LA NACION ARGENTINA,LINK,Av. Alvarez Jonte 5298,Monte Castro,Comuna 10,3,600-900 m,600,900,2898,1411446.8207453075,1.4114468207453075,2053.2123190229195,2692.2728820874295,0.7626315789471458
11776,BANCO DE LA NACION ARGENTINA,LINK,Av. Alvarez Jonte 5298,Monte Castro,Comuna 10,4,900-1200 m,900,1200,3749,1976025.5490442794,1.9760255490442793,1897.2426757403182,2692.2728820874295,0.7046992481197925
11534,BANCO DE LA NACION ARGENTINA,LINK,Av. Alvarez Jonte 6383,Liniers,Comuna 9,1,0-300 m,0,300,1062,282289.36414897913,0.28228936414897915,3762.097106285329,3762.097106285329,1.0
11534,BANCO DE LA NACION ARGENTINA,LINK,Av. Alvarez Jonte 6383,Liniers,Comuna 9,2,300-600 m,300,600,1352,846868.092447653,0.8468680924476529,1596.4705862189164,3762.097106285329,0.4243565599494218
11534,BANCO DE LA NACION ARGENTINA,LINK,Av. Alvarez Jonte 6383,Liniers,Comuna 9,3,600-900 m,600,900,3804,1411446.8207453075,1.4114468207453075,2695.1068535414724,3762.097106285329,0.7163841807907515
11534,BANCO DE LA NACION ARGENTINA,LINK,Av. Alvarez Jonte 6383,Liniers,Comuna 9,4,900-1200 m,900,1200,6690,1976025.5490442794,1.9760255490442793,3385.5837558556227,3762.097106285329,0.8999192897491491
11228,BANCO DE LA NACION ARGENTINA,LINK,Av. Alvarez Thomas 1994,Villa Ortuzar,Comuna 15,1,0-300 m,0,300,634,282289.36414897913,0.28228936414897915,2245.922377951882,2245.922377951882,1.0
11228,BANCO DE LA NACION ARGENTINA,LINK,Av. Alvarez Thomas 1994,Villa Ortuzar,Comuna 15,2,300-600 m,300,600,1604,846868.092447653,0.8468680924476529,1894.0375889756967,2245.922377951882,0.8433228180855126
11228,BANCO DE LA NACION ARGENTINA,LINK,Av. Alvarez Thomas 1994,Villa Ortuzar,Comuna 15,3,600-900 m,600,900,3179,1411446.8207453075,1.4114468207453075,2252.2988137245898,2245.922377951882,1.0028391167189503
11228,BANCO DE LA NACION ARGENTINA,LINK,Av. Alvarez Thomas 1994,Villa Ortuzar,Comuna 15,4,900-1200 m,900,1200,3495,1976025.5490442794,1.9760255490442793,1768.7018276106728,2245.922377951882,0.7875168995037132
10988,BANCO DE LA NACION ARGENTINA,LINK,Av. Alvear 1936,Recoleta,Comuna 2,1,0-300 m,0,300,1247,282289.36414897913,0.28228936414897915,4417.453005214506,4417.453005214506,1.0
10988,BANCO DE LA NACION ARGENTINA,LINK,Av. Alvear 1936,Recoleta,Comuna 2,2,300-600 m,300,600,3829,846868.092447653,0.8468680924476529,4521.365291887745,4417.453005214506,1.0235231221589856
10988,BANCO DE LA NACION ARGENTINA,LINK,Av. Alvear 1936,Recoleta,Comuna 2,3,600-900 m,600,900,4788,1411446.8207453075,1.4114468207453075,3392.2638314291717,4417.453005214506,0.7679230152363437
10988,BANCO DE LA NACION ARGENTINA,LINK,Av. Alvear 1936,Recoleta,Comuna 2,4,900-1200 m,900,1200,7816,1976025.5490442794,1.9760255490442793,3955.414444808303,4417.453005214506,0.8954061175385911
11676,BANCO DE LA CIUDAD DE BUENOS AIRES,LINK,Av. Amancio Alcorta 1502,Barracas,Comuna 4,1,0-300 m,0,300,501,282289.36414897913,0.28228936414897915,1774.7746235865818,1774.7746235865818,1.0
11676,BANCO DE LA CIUDAD DE BUENOS AIRES,LINK,Av. Amancio Alcorta 1502,Barracas,Comuna 4,2,300-600 m,300,600,2704,846868.092447653,0.8468680924476529,3192.941172437833,1774.7746235865818,1.7990685296059319
11676,BANCO DE LA CIUDAD DE BUENOS AIRES,LINK,Av. Amancio Alcorta 1502,Barracas,Comuna 4,3,600-900 m,600,900,6413,1411446.8207453075,1.4114468207453075,4543.564734953065,1774.7746235865818,2.5600798403186147
11676,BANCO DE LA CIUDAD DE BUENOS AIRES,LINK,Av. Amancio Alcorta 1502,Barracas,Comuna 4,4,900-1200 m,900,1200,14102,1976025.5490442794,1.9760255490442793,7136.547402851419,1774.7746235865818,4.0211006558282945
10886,BANCO DE LA NACION ARGENTINA,LINK,Av. Amancio Alcorta 3000,Nueva Pompeya,Comuna 4,1,0-300 m,0,300,892,282289.36414897913,0.28228936414897915,3159.8781721341934,3159.8781721341934,1.0
10886,BANCO DE LA NACION ARGENTINA,LINK,Av. Amancio Alcorta 3000,Nueva Pompeya,Comuna 4,2,300-600 m,300,600,2952,846868.092447653,0.8468680924476529,3485.784889436569,3159.8781721341934,1.1031390134519827
10886,BANCO DE LA NACION ARGENTINA,LINK,Av. Amancio Alcorta 3000,Nueva Pompeya,Comuna 4,3,600-900 m,600,900,4345,1411446.8207453075,1.4114468207453075,3078.4014928069655,3159.8781721341934,0.9742152466364872
10886,BANCO DE LA NACION ARGENTINA,LINK,Av. Amancio Alcorta 3000,Nueva Pompeya,Comuna 4,4,900-1200 m,900,1200,8013,1976025.5490442794,1.9760255490442793,4055.109512058461,3159.8781721341934,1.2833119794993948
11713,BANCO DE LA NACION ARGENTINA,LINK,Av. Antártida Argentina s/n esquina Av. Gendarmerí,S/D,,1,0-300 m,0,300,1908,282289.36414897913,0.28228936414897915,6759.021919766863,6759.021919766863,1.0
11713,BANCO DE LA NACION ARGENTINA,LINK,Av. Antártida Argentina s/n esquina Av. Gendarmerí,S/D,,2,300-600 m,300,600,2545,846868.092447653,0.8468680924476529,3005.1905635555786,6759.021919766863,0.4446191474489605
11713,BANCO DE LA NACION ARGENTINA,LINK,Av. Antártida Argentina s/n esquina Av. Gendarmerí,S/D,,3,600-900 m,600,900,3473,1411446.8207453075,1.4114468207453075,2460.5957156544514,6759.021919766863,0.36404612159318517
11713,BANCO DE LA NACION ARGENTINA,LINK,Av. Antártida Argentina s/n esquina Av. Gendarmerí,S/D,,4,900-1200 m,900,1200,4474,1976025.5490442794,1.9760255490442793,2264.1407658741487,6759.021919766863,0.33498053309349896
11431,BANCO DE LA CIUDAD DE BUENOS AIRES,LINK,"Av. Asamblea 642, entre Bell Ville y Riglos",Parque Chacabuco,Comuna 7,1,0-300 m,0,300,790,282289.36414897913,0.28228936414897915,2798.5468116435122,2798.5468116435122,1.0
11431,BANCO DE LA CIUDAD DE BUENOS AIRES,LINK,"Av. Asamblea 642, entre Bell Ville y Riglos",Parque Chacabuco,Comuna 7,2,300-600 m,300,600,2474,846868.092447653,0.8468680924476529,2921.352241350295,2798.5468116435122,1.0438818565392023
11431,BANCO DE LA CIUDAD DE BUENOS AIRES,LINK,"Av. Asamblea 642, entre Bell Ville y Riglos",Parque Chacabuco,Comuna 7,3,600-900 m,600,900,4598,1411446.8207453075,1.4114468207453075,3257.6501873248394,2798.5468116435122,1.164050632911053
11431,BANCO DE LA CIUDAD DE BUENOS AIRES,LINK,"Av. Asamblea 642, entre Bell Ville y Riglos",Parque Chacabuco,Comuna 7,4,900-1200 m,900,1200,7707,1976025.5490442794,1.9760255490442793,3900.2532147054235,2798.5468116435122,1.393670886074944
11429,BANCO DE LA PROVINCIA DE BUENOS AIRES,LINK,Av. Asamblea 821/27,Parque Chacabuco,Comuna 7,1,0-300 m,0,300,900,282289.36414897913,0.28228936414897915,3188.2178866824825,3188.2178866824825,1.0
11429,BANCO DE LA PROVINCIA DE BUENOS AIRES,LINK,Av. Asamblea 821/27,Parque Chacabuco,Comuna 7,2,300-600 m,300,600,2386,846868.092447653,0.8468680924476529,2817.4399546733243,3188.2178866824825,0.883703703702957
11429,BANCO DE LA PROVINCIA DE BUENOS AIRES,LINK,Av. Asamblea 821/27,Parque Chacabuco,Comuna 7,3,600-900 m,600,900,4711,1411446.8207453075,1.4114468207453075,3337.709880923732,3188.2178866824825,1.0468888888885834
11429,BANCO DE LA PROVINCIA DE BUENOS AIRES,LINK,Av. Asamblea 821/27,Parque Chacabuco,Comuna 7,4,900-1200 m,900,1200,7228,1976025.5490442794,1.9760255490442793,3657.847442051486,3188.2178866824825,1.1473015873007597
11669,BANCO DE LA CIUDAD DE BUENOS AIRES,LINK,Av. Avellaneda 551,Caballito,Comuna 6,1,0-300 m,0,300,1626,282289.36414897913,0.28228936414897915,5760.046981939685,5760.046981939685,1.0
11669,BANCO DE LA CIUDAD DE BUENOS AIRES,LINK,Av. Avellaneda 551,Caballito,Comuna 6,2,300-600 m,300,600,4238,846868.092447653,0.8468680924476529,5004.321260647757,5760.046981939685,0.8687986879861458
11669,BANCO DE LA CIUDAD DE BUENOS AIRES,LINK,Av. Avellaneda 551,Caballito,Comuna 6,3,600-900 m,600,900,7611,1411446.8207453075,1.4114468207453075,5392.339185674065,5760.046981939685,0.9361623616233431
11669,BANCO DE LA CIUDAD DE BUENOS AIRES,LINK,Av. Avellaneda 551,Caballito,Comuna 6,4,900-1200 m,900,1200,9205,1976025.5490442794,1.9760255490442793,4658.3405788716,5760.046981939685,0.8087330873302899
11180,BANCO DE LA CIUDAD DE BUENOS AIRES,LINK,Av. Belgrano 1715,Monserrat,Comuna 1,1,0-300 m,0,300,1930,282289.36414897913,0.28228936414897915,6836.956134774657,6836.956134774657,1.0
11180,BANCO DE LA CIUDAD DE BUENOS AIRES,LINK,Av. Belgrano 1715,Monserrat,Comuna 1,2,300-600 m,300,600,5766,846868.092447653,0.8468680924476529,6808.6164202206155,6836.956134774657,0.9958549222789513
11180,BANCO DE LA CIUDAD DE BUENOS AIRES,LINK,Av. Belgrano 1715,Monserrat,Comuna 1,3,600-900 m,600,900,11412,1411446.8207453075,1.4114468207453075,8085.320560624416,6836.956134774657,1.1825906735747844
11180,BANCO DE LA CIUDAD DE BUENOS AIRES,LINK,Av. Belgrano 1715,Monserrat,Comuna 1,4,900-1200 m,900,1200,14481,1976025.5490442794,1.9760255490442793,7328.346542383449,6836.956134774657,1.0718726868978206
11188,BANCO DE LA NACION ARGENTINA,LINK,Av. Belgrano 3106,Balvanera,Comuna 3,1,0-300 m,0,300,1825,282289.36414897913,0.28228936414897915,6464.997381328367,6464.997381328367,1.0
11188,BANCO DE LA NACION ARGENTINA,LINK,Av. Belgrano 3106,Balvanera,Comuna 3,2,300-600 m,300,600,6132,846868.092447653,0.8468680924476529,7240.797067081654,6464.997381328367,1.1199999999990538
11188,BANCO DE LA NACION ARGENTINA,LINK,Av. Belgrano 3106,Balvanera,Comuna 3,3,600-900 m,600,900,11597,1411446.8207453075,1.4114468207453075,8216.391740410214,6464.997381328367,1.2709041095886704
11188,BANCO DE LA NACION ARGENTINA,LINK,Av. Belgrano 3106,Balvanera,Comuna 3,4,900-1200 m,900,1200,15753,1976025.5490442794,1.9760255490442793,7972.062915694114,6464.997381328367,1.233111545987369
11390,BANCO DE LA CIUDAD DE BUENOS AIRES,LINK,"Av. Belgrano 840, entre Tacuarí y Piedras",Monserrat,Comuna 1,1,0-300 m,0,300,1667,282289.36414897913,0.28228936414897915,5905.288018999665,5905.288018999665,1.0
11390,BANCO DE LA CIUDAD DE BUENOS AIRES,LINK,"Av. Belgrano 840, entre Tacuarí y Piedras",Monserrat,Comuna 1,2,300-600 m,300,600,6843,846868.092447653,0.8468680924476529,8080.361110573998,5905.288018999665,1.3683263347318972
11390,BANCO DE LA CIUDAD DE BUENOS AIRES,LINK,"Av. Belgrano 840, entre Tacuarí y Piedras",Monserrat,Comuna 1,3,600-900 m,600,900,13090,1411446.8207453075,1.4114468207453075,9274.171585924782,5905.288018999665,1.5704859028189777
11390,BANCO DE LA CIUDAD DE BUENOS AIRES,LINK,"Av. Belgrano 840, entre Tacuarí y Piedras",Monserrat,Comuna 1,4,900-1200 m,900,1200,14991,1976025.5490442794,1.9760255490442793,7586.440371305178,5905.288018999665,1.2846859199579388
10965,BANCO DE LA PROVINCIA DE BUENOS AIRES,LINK,Av. Boedo 800,Boedo,Comuna 5,1,0-300 m,0,300,1424,282289.36414897913,0.28228936414897915,5044.469189595395,5044.469189595395,1.0
10965,BANCO DE LA PROVINCIA DE BUENOS AIRES,LINK,Av. Boedo 800,Boedo,Comuna 5,2,300-600 m,300,600,4156,846868.092447653,0.8468680924476529,4907.493902607853,5044.469189595395,0.9728464419467435
10965,BANCO DE LA PROVINCIA DE BUENOS AIRES,LINK,Av. Boedo 800,Boedo,Comuna 5,3,600-900 m,600,900,6466,1411446.8207453075,1.4114468207453075,4581.114856729537,5044.469189595395,0.9081460674154652
10965,BANCO DE LA PROVINCIA DE BUENOS AIRES,LINK,Av. Boedo 800,Boedo,Comuna 5,4,900-1200 m,900,1200,10144,1976025.5490442794,1.9760255490442793,5133.536863886314,5044.469189595395,1.0176565008018341
10964,BANCO DE LA CIUDAD DE BUENOS AIRES,LINK,Av. Boedo 870,Boedo,Comuna 5,1,0-300 m,0,300,1701,282289.36414897913,0.28228936414897915,6025.7318058298915,6025.7318058298915,1.0
10964,BANCO DE LA CIUDAD DE BUENOS AIRES,LINK,Av. Boedo 870,Boedo,Comuna 5,2,300-600 m,300,600,3960,846868.092447653,0.8468680924476529,4676.05290046369,6025.7318058298915,0.776014109346787
10964,BANCO DE LA CIUDAD DE BUENOS AIRES,LINK,Av. Boedo 870,Boedo,Comuna 5,3,600-900 m,600,900,6324,1411446.8207453075,1.4114468207453075,4480.508870083141,6025.7318058298915,0.7435626102290599
10964,BANCO DE LA CIUDAD DE BUENOS AIRES,LINK,Av. Boedo 870,Boedo,Comuna 5,4,900-1200 m,900,1200,9727,1976025.5490442794,1.9760255490442793,4922.507203767958,6025.7318058298915,0.8169144200884341
11518,BANCO DE LA NACION ARGENTINA,LINK,Av. Boyacá 32,Flores,Comuna 7,1,0-300 m,0,300,2388,282289.36414897913,0.28228936414897915,8459.404792664187,8459.404792664187,1.0
11518,BANCO DE LA NACION ARGENTINA,LINK,Av. Boyacá 32,Flores,Comuna 7,2,300-600 m,300,600,4706,846868.092447653,0.8468680924476529,5556.9456943389205,8459.404792664187,0.656895589055838
11518,BANCO DE LA NACION ARGENTINA,LINK,Av. Boyacá 32,Flores,Comuna 7,3,600-900 m,600,900,7593,1411446.8207453075,1.4114468207453075,5379.586314127339,8459.404792664187,0.6359296482410205
11518,BANCO DE LA NACION ARGENTINA,LINK,Av. Boyacá 32,Flores,Comuna 7,4,900-1200 m,900,1200,8386,1976025.5490442794,1.9760255490442793,4243.872253603176,8459.404792664187,0.501675041875685
10951,BANCO PIANO S.A.,LINK,Av. Cabildo 1181,Palermo,Comuna 14,1,0-300 m,0,300,1378,282289.36414897913,0.28228936414897915,4881.515830942734,4881.515830942734,1.0
10951,BANCO PIANO S.A.,LINK,Av. Cabildo 1181,Palermo,Comuna 14,2,300-600 m,300,600,3754,846868.092447653,0.8468680924476529,4432.803683924418,4881.515830942734,0.9080793420408391
10951,BANCO PIANO S.A.,LINK,Av. Cabildo 1181,Palermo,Comuna 14,3,600-900 m,600,900,4429,1411446.8207453075,1.4114468207453075,3137.9148933583547,4881.515830942734,0.642815674890959
10951,BANCO PIANO S.A.,LINK,Av. Cabildo 1181,Palermo,Comuna 14,4,900-1200 m,900,1200,6961,1976025.5490442794,1.9760255490442793,3522.7277316159925,4881.515830942734,0.7216462782495313
10952,CABAL COOP. LTDA.,LINK,Av. Cabildo 1546,Colegiales,Comuna 13,1,0-300 m,0,300,1683,282289.36414897913,0.28228936414897915,5961.967448096242,5961.967448096242,1.0
10952,CABAL COOP. LTDA.,LINK,Av. Cabildo 1546,Colegiales,Comuna 13,2,300-600 m,300,600,3389,846868.092447653,0.8468680924476529,4001.8038585028903,5961.967448096242,0.6712220241626335
10952,CABAL COOP. LTDA.,LINK,Av. Cabildo 1546,Colegiales,Comuna 13,3,600-900 m,600,900,6282,1411446.8207453075,1.4114468207453075,4450.752169807447,5961.967448096242,0.7465240641709052
10952,CABAL COOP. LTDA.,LINK,Av. Cabildo 1546,Colegiales,Comuna 13,4,900-1200 m,900,1200,8972,1976025.5490442794,1.9760255490442793,4540.4271236975555,5961.967448096242,0.7615652321529182
10950,BANCO DE LA NACION ARGENTINA,LINK,Av. Cabildo 1900,Belgrano,Comuna 13,1,0-300 m,0,300,2236,282289.36414897913,0.28228936414897915,7920.950216246701,7920.950216246701,1.0
10950,BANCO DE LA NACION ARGENTINA,LINK,Av. Cabildo 1900,Belgrano,Comuna 13,2,300-600 m,300,600,5748,846868.092447653,0.8468680924476529,6787.361634309417,7920.950216246701,0.85688729874704
10950,BANCO DE LA NACION ARGENTINA,LINK,Av. Cabildo 1900,Belgrano,Comuna 13,3,600-900 m,600,900,6338,1411446.8207453075,1.4114468207453075,4490.42777017504,7920.950216246701,0.566905187835255
10950,BANCO DE LA NACION ARGENTINA,LINK,Av. Cabildo 1900,Belgrano,Comuna 13,4,900-1200 m,900,1200,7685,1976025.5490442794,1.9760255490442793,3889.1197554186037,7920.950216246701,0.4909915665726078
10959,BANCO DE LA PROVINCIA DE BUENOS AIRES,LINK,Av. Cabildo 1999,Belgrano,Comuna 13,1,0-300 m,0,300,3071,282289.36414897913,0.28228936414897915,10878.907922224336,10878.907922224336,1.0
10959,BANCO DE LA PROVINCIA DE BUENOS AIRES,LINK,Av. Cabildo 1999,Belgrano,Comuna 13,2,300-600 m,300,600,5450,846868.092447653,0.8468680924476529,6435.476845335129,10878.907922224336,0.5915554108320195
10959,BANCO DE LA PROVINCIA DE BUENOS AIRES,LINK,Av. Cabildo 1999,Belgrano,Comuna 13,3,600-900 m,600,900,6854,1411446.8207453075,1.4114468207453075,4856.010087847858,10878.907922224336,0.446369260826962
10959,BANCO DE LA PROVINCIA DE BUENOS AIRES,LINK,Av. Cabildo 1999,Belgrano,Comuna 13,4,900-1200 m,900,1200,7332,1976025.5490442794,1.9760255490442793,3710.47834049827,10878.907922224336,0.3410708470946975
10958,BANCO DE LA CIUDAD DE BUENOS AIRES,LINK,Av. Cabildo 2201,Belgrano,Comuna 13,1,0-300 m,0,300,3637,282289.36414897913,0.28228936414897915,12883.942726515765,12883.942726515765,1.0
10958,BANCO DE LA CIUDAD DE BUENOS AIRES,LINK,Av. Cabildo 2201,Belgrano,Comuna 13,2,300-600 m,300,600,5063,846868.092447653,0.8468680924476529,5978.49894824436,12883.942726515765,0.4640271285854388
10958,BANCO DE LA CIUDAD DE BUENOS AIRES,LINK,Av. Cabildo 2201,Belgrano,Comuna 13,3,600-900 m,600,900,7307,1411446.8207453075,1.4114468207453075,5176.957355107134,12883.942726515765,0.4018146824304575
10958,BANCO DE LA CIUDAD DE BUENOS AIRES,LINK,Av. Cabildo 2201,Belgrano,Comuna 13,4,900-1200 m,900,1200,8049,1976025.5490442794,1.9760255490442793,4073.327899982348,12883.942726515765,0.316155387092745
11192,BANCO DE LA NACION ARGENTINA,LINK,Av. Cabildo 2902,Nuñez,Comuna 13,1,0-300 m,0,300,2189,282289.36414897913,0.28228936414897915,7754.454393275504,7754.454393275504,1.0
11192,BANCO DE LA NACION ARGENTINA,LINK,Av. Cabildo 2902,Nuñez,Comuna 13,2,300-600 m,300,600,3928,846868.092447653,0.8468680924476529,4638.266614399337,7754.454393275504,0.5981422262824245
11192,BANCO DE LA NACION ARGENTINA,LINK,Av. Cabildo 2902,Nuñez,Comuna 13,3,600-900 m,600,900,6269,1411446.8207453075,1.4114468207453075,4441.541762579256,7754.454393275504,0.5727729556873615
11192,BANCO DE LA NACION ARGENTINA,LINK,Av. Cabildo 2902,Nuñez,Comuna 13,4,900-1200 m,900,1200,9332,1976025.5490442794,1.9760255490442793,4722.611002936424,7754.454393275504,0.6090191215814964
11193,CABAL COOP. LTDA.,LINK,Av. Cabildo 2945,Nuñez,Comuna 13,1,0-300 m,0,300,2172,282289.36414897913,0.28228936414897915,7694.232499860391,7694.232499860391,1.0
11193,CABAL COOP. LTDA.,LINK,Av. Cabildo 2945,Nuñez,Comuna 13,2,300-600 m,300,600,3900,846868.092447653,0.8468680924476529,4605.203614093029,7694.232499860391,0.5985267034985735
11193,CABAL COOP. LTDA.,LINK,Av. Cabildo 2945,Nuñez,Comuna 13,3,600-900 m,600,900,6172,1411446.8207453075,1.4114468207453075,4372.817954799676,7694.232499860391,0.5683241252300368
11193,CABAL COOP. LTDA.,LINK,Av. Cabildo 2945,Nuñez,Comuna 13,4,900-1200 m,900,1200,8894,1976025.5490442794,1.9760255490442793,4500.953949862467,7694.232499860391,0.5849776374634034
11197,BANCO HIPOTECARIO S.A.,LINK,Av. Cabildo 2971,Nuñez,Comuna 13,1,0-300 m,0,300,2104,282289.36414897913,0.28228936414897915,7453.344926199937,7453.344926199937,1.0
11197,BANCO HIPOTECARIO S.A.,LINK,Av. Cabildo 2971,Nuñez,Comuna 13,2,300-600 m,300,600,3788,846868.092447653,0.8468680924476529,4472.951612867792,7453.344926199937,0.600126742711787
11197,BANCO HIPOTECARIO S.A.,LINK,Av. Cabildo 2971,Nuñez,Comuna 13,3,600-900 m,600,900,5860,1411446.8207453075,1.4114468207453075,4151.768181323088,7453.344926199937,0.5570342205321569
11197,BANCO HIPOTECARIO S.A.,LINK,Av. Cabildo 2971,Nuñez,Comuna 13,4,900-1200 m,900,1200,8557,1976025.5490442794,1.9760255490442793,4330.409596241639,7453.344926199937,0.5810021727317917
11194,BANCO DE LA CIUDAD DE BUENOS AIRES,LINK,"Av. Cabildo 3061, entre Quesada y Iberá",Nuñez,Comuna 13,1,0-300 m,0,300,1918,282289.36414897913,0.28228936414897915,6794.446562952224,6794.446562952224,1.0
11194,BANCO DE LA CIUDAD DE BUENOS AIRES,LINK,"Av. Cabildo 3061, entre Quesada y Iberá",Nuñez,Comuna 13,2,300-600 m,300,600,3802,846868.092447653,0.8468680924476529,4489.483113020947,6794.446562952224,0.6607577337498762
11194,BANCO DE LA CIUDAD DE BUENOS AIRES,LINK,"Av. Cabildo 3061, entre Quesada y Iberá",Nuñez,Comuna 13,3,600-900 m,600,900,5683,1411446.8207453075,1.4114468207453075,4026.364944446947,6794.446562952224,0.5925964546400774
11194,BANCO DE LA CIUDAD DE BUENOS AIRES,LINK,"Av. Cabildo 3061, entre Quesada y Iberá",Nuñez,Comuna 13,4,900-1200 m,900,1200,7289,1976025.5490442794,1.9760255490442793,3688.7174882558497,6794.446562952224,0.5429018322653615
11198,BANCO DE LA PROVINCIA DE BUENOS AIRES,LINK,Av. Cabildo 3802,Saavedra,Comuna 12,1,0-300 m,0,300,1263,282289.36414897913,0.28228936414897915,4474.132434311084,4474.132434311084,1.0
11198,BANCO DE LA PROVINCIA DE BUENOS AIRES,LINK,Av. Cabildo 3802,Saavedra,Comuna 12,2,300-600 m,300,600,3130,846868.092447653,0.8468680924476529,3695.971105669533,4474.132434311084,0.8260754816567314
11198,BANCO DE LA PROVINCIA DE BUENOS AIRES,LINK,Av. Cabildo 3802,Saavedra,Comuna 12,3,600-900 m,600,900,3892,1411446.8207453075,1.4114468207453075,2757.4542255476895,4474.132434311084,0.6163103721296698
11198,BANCO DE LA PROVINCIA DE BUENOS AIRES,LINK,Av. Cabildo 3802,Saavedra,Comuna 12,4,900-1200 m,900,1200,6347,1976025.5490442794,1.9760255490442793,3212.0030042474796,4474.132434311084,0.7179052143417511
11773,BANCO DE LA CIUDAD DE BUENOS AIRES,LINK,Av. Cabildo 690 esquina Olleros,Colegiales,Comuna 13,1,0-300 m,0,300,2150,282289.36414897913,0.28228936414897915,7616.298284852597,7616.298284852597,1.0
11773,BANCO DE LA CIUDAD DE BUENOS AIRES,LINK,Av. Cabildo 690 esquina Olleros,Colegiales,Comuna 13,2,300-600 m,300,600,2617,846868.092447653,0.8468680924476529,3090.209707200373,7616.298284852597,0.40573643410818433
11773,BANCO DE LA CIUDAD DE BUENOS AIRES,LINK,Av. Cabildo 690 esquina Olleros,Colegiales,Comuna 13,3,600-900 m,600,900,4238,1411446.8207453075,1.4114468207453075,3002.592756390315,7616.298284852597,0.3942325581394198
11773,BANCO DE LA CIUDAD DE BUENOS AIRES,LINK,Av. Cabildo 690 esquina Olleros,Colegiales,Comuna 13,4,900-1200 m,900,1200,6816,1976025.5490442794,1.9760255490442793,3449.348113589226,7616.298284852597,0.4528903654481783
10955,BANCO DE LA CIUDAD DE BUENOS AIRES,LINK,"Av. Cabildo s/n, entre J. Hernandez y La Pampa",S/D,,1,0-300 m,0,300,1920,282289.36414897913,0.28228936414897915,6801.531491589296,6801.531491589296,1.0
10955,BANCO DE LA CIUDAD DE BUENOS AIRES,LINK,"Av. Cabildo s/n, entre J. Hernandez y La Pampa",S/D,,2,300-600 m,300,600,4018,846868.092447653,0.8468680924476529,4744.54054395533,6801.531491589296,0.697569444443855
10955,BANCO DE LA CIUDAD DE BUENOS AIRES,LINK,"Av. Cabildo s/n, entre J. Hernandez y La Pampa",S/D,,3,600-900 m,600,900,6820,1411446.8207453075,1.4114468207453075,4831.9213304818195,6801.531491589296,0.7104166666664594
10955,BANCO DE LA CIUDAD DE BUENOS AIRES,LINK,"Av. Cabildo s/n, entre J. Hernandez y La Pampa",S/D,,4,900-1200 m,900,1200,8099,1976025.5490442794,1.9760255490442793,4098.631216543302,6801.531491589296,0.6026041666662321
10954,BANCO DE LA CIUDAD DE BUENOS AIRES,LINK,"Av. Cabildo s/n, entre Olleros y Av. Federico Lacr",S/D,,1,0-300 m,0,300,2076,282289.36414897913,0.28228936414897915,7354.155925280926,7354.155925280926,1.0
10954,BANCO DE LA CIUDAD DE BUENOS AIRES,LINK,"Av. Cabildo s/n, entre Olleros y Av. Federico Lacr",S/D,,2,300-600 m,300,600,2899,846868.092447653,0.8468680924476529,3423.201353142484,7354.155925280926,0.4654784842642182
10954,BANCO DE LA CIUDAD DE BUENOS AIRES,LINK,"Av. Cabildo s/n, entre Olleros y Av. Federico Lacr",S/D,,3,600-900 m,600,900,4116,1411446.8207453075,1.4114468207453075,2916.1566270180597,7354.155925280926,0.3965317919073988
10954,BANCO DE LA CIUDAD DE BUENOS AIRES,LINK,"Av. Cabildo s/n, entre Olleros y Av. Federico Lacr",S/D,,4,900-1200 m,900,1200,6552,1976025.5490442794,1.9760255490442793,3315.74660214739,7354.155925280926,0.4508670520227962
10953,BANCO DE LA CIUDAD DE BUENOS AIRES,LINK,Av. Cabildo S/N esquina Congreso piso -,S/D,,1,0-300 m,0,300,2192,282289.36414897913,0.28228936414897915,7765.081786231112,7765.081786231112,1.0
10953,BANCO DE LA CIUDAD DE BUENOS AIRES,LINK,Av. Cabildo S/N esquina Congreso piso -,S/D,,2,300-600 m,300,600,3916,846868.092447653,0.8468680924476529,4624.096757125205,7765.081786231112,0.5954987834544848
10953,BANCO DE LA CIUDAD DE BUENOS AIRES,LINK,Av. Cabildo S/N esquina Congreso piso -,S/D,,3,600-900 m,600,900,6282,1411446.8207453075,1.4114468207453075,4450.752169807447,7765.081786231112,0.5731751824815846
10953,BANCO DE LA CIUDAD DE BUENOS AIRES,LINK,Av. Cabildo S/N esquina Congreso piso -,S/D,,4,900-1200 m,900,1200,9341,1976025.5490442794,1.9760255490442793,4727.1655999173945,7765.081786231112,0.6087721584979967
11014,BANCO DE LA NACION ARGENTINA,LINK,Av. Callao 101,San Nicolas,Comuna 1,1,0-300 m,0,300,3619,282289.36414897913,0.28228936414897915,12820.178368782115,12820.178368782115,1.0
11014,BANCO DE LA NACION ARGENTINA,LINK,Av. Callao 101,San Nicolas,Comuna 1,2,300-600 m,300,600,9215,846868.092447653,0.8468680924476529,10881.269565094168,12820.178368782115,0.8487611679093869
11014,BANCO DE LA NACION ARGENTINA,LINK,Av. Callao 101,San Nicolas,Comuna 1,3,600-900 m,600,900,11950,1411446.8207453075,1.4114468207453075,8466.489721298789,12820.178368782115,0.6604034263606805
11014,BANCO DE LA NACION ARGENTINA,LINK,Av. Callao 101,San Nicolas,Comuna 1,4,900-1200 m,900,1200,17497,1976025.5490442794,1.9760255490442793,8854.642597340184,12820.178368782115,0.6906801405276667
10998,BANCO DE LA CIUDAD DE BUENOS AIRES,LINK,Av. Callao 1306,Recoleta,Comuna 2,1,0-300 m,0,300,2322,282289.36414897913,0.28228936414897915,8225.602147640804,8225.602147640804,1.0
10998,BANCO DE LA CIUDAD DE BUENOS AIRES,LINK,Av. Callao 1306,Recoleta,Comuna 2,2,300-600 m,300,600,6132,846868.092447653,0.8468680924476529,7240.797067081654,8225.602147640804,0.8802756244609273
10998,BANCO DE LA CIUDAD DE BUENOS AIRES,LINK,Av. Callao 1306,Recoleta,Comuna 2,3,600-900 m,600,900,10387,1411446.8207453075,1.4114468207453075,7359.11537532473,8225.602147640804,0.894659776054864
10998,BANCO DE LA CIUDAD DE BUENOS AIRES,LINK,Av. Callao 1306,Recoleta,Comuna 2,4,900-1200 m,900,1200,15257,1976025.5490442794,1.9760255490442793,7721.054015409452,8225.602147640804,0.9386612526140641
11045,BANCO DE LA PROVINCIA DE BUENOS AIRES,LINK,Av. Callao 201,San Nicolas,Comuna 1,1,0-300 m,0,300,3192,282289.36414897913,0.28228936414897915,11307.546104767203,11307.546104767203,1.0
11045,BANCO DE LA PROVINCIA DE BUENOS AIRES,LINK,Av. Callao 201,San Nicolas,Comuna 1,2,300-600 m,300,600,10307,846868.092447653,0.8468680924476529,12170.726577040215,11307.546104767203,1.0763366750199763
11045,BANCO DE LA PROVINCIA DE BUENOS AIRES,LINK,Av. Callao 201,San Nicolas,Comuna 1,3,600-900 m,600,900,12467,1411446.8207453075,1.4114468207453075,8832.780531835315,11307.546104767203,0.7811403508769652
11045,BANCO DE LA PROVINCIA DE BUENOS AIRES,LINK,Av. Callao 201,San Nicolas,Comuna 1,4,900-1200 m,900,1200,18002,1976025.5490442794,1.9760255490442793,9110.206094605817,11307.546104767203,0.8056749015389821
11184,BANCO DE LA CIUDAD DE BUENOS AIRES,LINK,Av. Callao 270,Balvanera,Comuna 3,1,0-300 m,0,300,4522,282289.36414897913,0.28228936414897915,16019.023648420205,16019.023648420205,1.0
11184,BANCO DE LA CIUDAD DE BUENOS AIRES,LINK,Av. Callao 270,Balvanera,Comuna 3,2,300-600 m,300,600,8939,846868.092447653,0.8468680924476529,10555.362847789123,16019.023648420205,0.6589267285856146
11184,BANCO DE LA CIUDAD DE BUENOS AIRES,LINK,Av. Callao 270,Balvanera,Comuna 3,3,600-900 m,600,900,13706,1411446.8207453075,1.4114468207453075,9710.603189968302,16019.023648420205,0.6061919504642195
11184,BANCO DE LA CIUDAD DE BUENOS AIRES,LINK,Av. Callao 270,Balvanera,Comuna 3,4,900-1200 m,900,1200,17293,1976025.5490442794,1.9760255490442793,8751.405065771492,16019.023648420205,0.5463132621465701
11404,BANCO DE LA NACION ARGENTINA,LINK,Av. Callao 302,Balvanera,Comuna 3,1,0-300 m,0,300,4409,282289.36414897913,0.28228936414897915,15618.725180425627,15618.725180425627,1.0
11404,BANCO DE LA NACION ARGENTINA,LINK,Av. Callao 302,Balvanera,Comuna 3,2,300-600 m,300,600,8939,846868.092447653,0.8468680924476529,10555.362847789123,15618.725180425627,0.6758146216067474
11404,BANCO DE LA NACION ARGENTINA,LINK,Av. Callao 302,Balvanera,Comuna 3,3,600-900 m,600,900,14051,1411446.8207453075,1.4114468207453075,9955.03322794722,15618.725180425627,0.6373780902697166
11404,BANCO DE LA NACION ARGENTINA,LINK,Av. Callao 302,Balvanera,Comuna 3,4,900-1200 m,900,1200,17554,1976025.5490442794,1.9760255490442793,8883.488378219672,15618.725180425627,0.5687716683403214
11166,BANCO DE LA CIUDAD DE BUENOS AIRES,LINK,Av. Callao S/N esquina Av. Corrientes,S/D,,1,0-300 m,0,300,4479,282289.36414897913,0.28228936414897915,15866.697682723154,15866.697682723154,1.0
11166,BANCO DE LA CIUDAD DE BUENOS AIRES,LINK,Av. Callao S/N esquina Av. Corrientes,S/D,,2,300-600 m,300,600,7952,846868.092447653,0.8468680924476529,9389.892086991733,15866.697682723154,0.5917987646046946
11166,BANCO DE LA CIUDAD DE BUENOS AIRES,LINK,Av. Callao S/N esquina Av. Corrientes,S/D,,3,600-900 m,600,900,15442,1411446.8207453075,1.4114468207453075,10940.546801363673,15866.697682723154,0.6895289127035273
11166,BANCO DE LA CIUDAD DE BUENOS AIRES,LINK,Av. Callao S/N esquina Av. Corrientes,S/D,,4,900-1200 m,900,1200,18330,1976025.5490442794,1.9760255490442793,9276.195851245675,15866.697682723154,0.5846330494685287
11684,BANCO DE LA CIUDAD DE BUENOS AIRES,LINK,Av. Caseros 2061,Parque Patricios,Comuna 4,1,0-300 m,0,300,1565,282289.36414897913,0.28228936414897915,5543.956658508983,5543.956658508983,1.0
11684,BANCO DE LA CIUDAD DE BUENOS AIRES,LINK,Av. Caseros 2061,Parque Patricios,Comuna 4,2,300-600 m,300,600,3116,846868.092447653,0.8468680924476529,3679.4396055163784,5543.956658508983,0.663684771032453
11684,BANCO DE LA CIUDAD DE BUENOS AIRES,LINK,Av. Caseros 2061,Parque Patricios,Comuna 4,3,600-900 m,600,900,3869,1411446.8207453075,1.4114468207453075,2741.158889682428,5543.956658508983,0.49444089456854584
11684,BANCO DE LA CIUDAD DE BUENOS AIRES,LINK,Av. Caseros 2061,Parque Patricios,Comuna 4,4,900-1200 m,900,1200,8141,1976025.5490442794,1.9760255490442793,4119.886002454503,5543.956658508983,0.7431309904147995
11687,BANCO DE LA CIUDAD DE BUENOS AIRES,LINK,"Av. Caseros 2736, entre Catamarca y Lavardén",Parque Patricios,Comuna 4,1,0-300 m,0,300,1385,282289.36414897913,0.28228936414897915,4906.313081172487,4906.313081172487,1.0
11687,BANCO DE LA CIUDAD DE BUENOS AIRES,LINK,"Av. Caseros 2736, entre Catamarca y Lavardén",Parque Patricios,Comuna 4,2,300-600 m,300,600,3023,846868.092447653,0.8468680924476529,3569.6232116418523,4906.313081172487,0.72755716004752
11687,BANCO DE LA CIUDAD DE BUENOS AIRES,LINK,"Av. Caseros 2736, entre Catamarca y Lavardén",Parque Patricios,Comuna 4,3,600-900 m,600,900,3951,1411446.8207453075,1.4114468207453075,2799.255304506403,4906.313081172487,0.5705415162453209
11687,BANCO DE LA CIUDAD DE BUENOS AIRES,LINK,"Av. Caseros 2736, entre Catamarca y Lavardén",Parque Patricios,Comuna 4,4,900-1200 m,900,1200,5422,1976025.5490442794,1.9760255490442793,2743.8916478698334,4906.313081172487,0.5592573491486424
11686,BANCO DE LA CIUDAD DE BUENOS AIRES,LINK,Av. Caseros 2890,Parque Patricios,Comuna 4,1,0-300 m,0,300,1660,282289.36414897913,0.28228936414897915,5880.4907687699115,5880.4907687699115,1.0
11686,BANCO DE LA CIUDAD DE BUENOS AIRES,LINK,Av. Caseros 2890,Parque Patricios,Comuna 4,2,300-600 m,300,600,2671,846868.092447653,0.8468680924476529,3153.9740649339687,5880.4907687699115,0.5363453815256513
11686,BANCO DE LA CIUDAD DE BUENOS AIRES,LINK,Av. Caseros 2890,Parque Patricios,Comuna 4,3,600-900 m,600,900,4169,1411446.8207453075,1.4114468207453075,2953.7067487945314,5880.4907687699115,0.5022891566263595
11686,BANCO DE LA CIUDAD DE BUENOS AIRES,LINK,Av. Caseros 2890,Parque Patricios,Comuna 4,4,900-1200 m,900,1200,6115,1976025.5490442794,1.9760255490442793,3094.5956154046535,5880.4907687699115,0.5262478485366257
11682,BANCO DE LA NACION ARGENTINA,LINK,Av. Caseros 2902,Parque Patricios,Comuna 4,1,0-300 m,0,300,1672,282289.36414897913,0.28228936414897915,5923.000340592345,5923.000340592345,1.0
11682,BANCO DE LA NACION ARGENTINA,LINK,Av. Caseros 2902,Parque Patricios,Comuna 4,2,300-600 m,300,600,2753,846868.092447653,0.8468680924476529,3250.8014229738733,5923.000340592345,0.5488437001590258
11682,BANCO DE LA NACION ARGENTINA,LINK,Av. Caseros 2902,Parque Patricios,Comuna 4,3,600-900 m,600,900,4190,1411446.8207453075,1.4114468207453075,2968.5850989323785,5923.000340592345,0.5011961722486575
11682,BANCO DE LA NACION ARGENTINA,LINK,Av. Caseros 2902,Parque Patricios,Comuna 4,4,900-1200 m,900,1200,5944,1976025.5490442794,1.9760255490442793,3008.0582727661913,5923.000340592345,0.5078605604917731
11689,BANCO DE LA PROVINCIA DE BUENOS AIRES,LINK,Av. Caseros 2935,Parque Patricios,Comuna 4,1,0-300 m,0,300,1556,282289.36414897913,0.28228936414897915,5512.074479642159,5512.074479642159,1.0
11689,BANCO DE LA PROVINCIA DE BUENOS AIRES,LINK,Av. Caseros 2935,Parque Patricios,Comuna 4,2,300-600 m,300,600,2752,846868.092447653,0.8468680924476529,3249.6206015343623,5512.074479642159,0.5895458440440605
11689,BANCO DE LA PROVINCIA DE BUENOS AIRES,LINK,Av. Caseros 2935,Parque Patricios,Comuna 4,3,600-900 m,600,900,4287,1411446.8207453075,1.4114468207453075,3037.308906711959,5512.074479642159,0.5510282776348007
11689,BANCO DE LA PROVINCIA DE BUENOS AIRES,LINK,Av. Caseros 2935,Parque Patricios,Comuna 4,4,900-1200 m,900,1200,5868,1976025.5490442794,1.9760255490442793,2969.597231593542,5512.074479642159,0.5387440323169085
11688,BANCO DE LA CIUDAD DE BUENOS AIRES,LINK,Av. Caseros 2980 esquina Dean Funes,Parque Patricios,Comuna 4,1,0-300 m,0,300,1488,282289.36414897913,0.28228936414897915,5271.1869059817045,5271.1869059817045,1.0
11688,BANCO DE LA CIUDAD DE BUENOS AIRES,LINK,Av. Caseros 2980 esquina Dean Funes,Parque Patricios,Comuna 4,2,300-600 m,300,600,2747,846868.092447653,0.8468680924476529,3243.7164943368075,5271.1869059817045,0.6153673835120249
11688,BANCO DE LA CIUDAD DE BUENOS AIRES,LINK,Av. Caseros 2980 esquina Dean Funes,Parque Patricios,Comuna 4,3,600-900 m,600,900,4248,1411446.8207453075,1.4114468207453075,3009.6776850273855,5271.1869059817045,0.5709677419353173
11688,BANCO DE LA CIUDAD DE BUENOS AIRES,LINK,Av. Caseros 2980 esquina Dean Funes,Parque Patricios,Comuna 4,4,900-1200 m,900,1200,5895,1976025.5490442794,1.9760255490442793,2983.261022536457,5271.1869059817045,0.5659562211977485
11685,CABAL COOP. LTDA.,LINK,Av. Caseros 3267,Parque Patricios,Comuna 4,1,0-300 m,0,300,1044,282289.36414897913,0.28228936414897915,3698.3327485516797,3698.3327485516797,1.0
11685,CABAL COOP. LTDA.,LINK,Av. Caseros 3267,Parque Patricios,Comuna 4,2,300-600 m,300,600,2458,846868.092447653,0.8468680924476529,2902.459098318119,3698.3327485516797,0.7848020434220699
11685,CABAL COOP. LTDA.,LINK,Av. Caseros 3267,Parque Patricios,Comuna 4,3,600-900 m,600,900,4922,1411446.8207453075,1.4114468207453075,3487.201875165911,3698.3327485516797,0.9429118773943609
11685,CABAL COOP. LTDA.,LINK,Av. Caseros 3267,Parque Patricios,Comuna 4,4,900-1200 m,900,1200,6807,1976025.5490442794,1.9760255490442793,3444.793516608255,3698.3327485516797,0.9314449917891475
11727,BANCO DE LA CIUDAD DE BUENOS AIRES,LINK,Av. Cnel. Roca 5252,Villa Riachuelo,Comuna 8,1,0-300 m,0,300,281,282289.36414897913,0.28228936414897915,995.4324735086417,995.4324735086417,1.0
11727,BANCO DE LA CIUDAD DE BUENOS AIRES,LINK,Av. Cnel. Roca 5252,Villa Riachuelo,Comuna 8,2,300-600 m,300,600,843,846868.092447653,0.8468680924476529,995.4324735078008,995.4324735086417,0.9999999999991552
11727,BANCO DE LA CIUDAD DE BUENOS AIRES,LINK,Av. Cnel. Roca 5252,Villa Riachuelo,Comuna 8,3,600-900 m,600,900,1926,1411446.8207453075,1.4114468207453075,1364.5572554997043,995.4324735086417,1.3708185053376782
11727,BANCO DE LA CIUDAD DE BUENOS AIRES,LINK,Av. Cnel. Roca 5252,Villa Riachuelo,Comuna 8,4,900-1200 m,900,1200,2493,1976025.5490442794,1.9760255490442793,1261.623363729158,995.4324735086417,1.2674123029985773
11732,CAJERO EXPRESS,LINK,Av. Cnel. Roca 6787,Villa Riachuelo,Comuna 8,1,0-300 m,0,300,540,282289.36414897913,0.28228936414897915,1912.9307320094895,1912.9307320094895,1.0
11732,CAJERO EXPRESS,LINK,Av. Cnel. Roca 6787,Villa Riachuelo,Comuna 8,2,300-600 m,300,600,692,846868.092447653,0.8468680924476529,817.1284361416348,1912.9307320094895,0.4271604938267996
11732,CAJERO EXPRESS,LINK,Av. Cnel. Roca 6787,Villa Riachuelo,Comuna 8,3,600-900 m,600,900,980,1411446.8207453075,1.4114468207453075,694.3230064328714,1912.9307320094895,0.36296296296285707
11732,CAJERO EXPRESS,LINK,Av. Cnel. Roca 6787,Villa Riachuelo,Comuna 8,4,900-1200 m,900,1200,1088,1976025.5490442794,1.9760255490442793,550.6001683663553,1912.9307320094895,0.2878306878304802
11711,BANCO DE LA CIUDAD DE BUENOS AIRES,LINK,Av. Comodoro Py 2002,Retiro,Comuna 1,1,0-300 m,0,300,1358,282289.36414897913,0.28228936414897915,4810.666544572012,4810.666544572012,1.0
11711,BANCO DE LA CIUDAD DE BUENOS AIRES,LINK,Av. Comodoro Py 2002,Retiro,Comuna 1,2,300-600 m,300,600,3230,846868.092447653,0.8468680924476529,3814.053249620636,4810.666544572012,0.7928325969556385
11711,BANCO DE LA CIUDAD DE BUENOS AIRES,LINK,Av. Comodoro Py 2002,Retiro,Comuna 1,3,600-900 m,600,900,3619,1411446.8207453075,1.4114468207453075,2564.035673755675,4810.666544572012,0.532989690721494
11711,BANCO DE LA CIUDAD DE BUENOS AIRES,LINK,Av. Comodoro Py 2002,Retiro,Comuna 1,4,900-1200 m,900,1200,5866,1976025.5490442794,1.9760255490442793,2968.5850989311034,4810.666544572012,0.6170839469804091
11722,BANCO DE LA NACION ARGENTINA,LINK,Av. Comodoro Py 2055,Retiro,Comuna 1,1,0-300 m,0,300,1295,282289.36414897913,0.28228936414897915,4587.491292504238,4587.491292504238,1.0
11722,BANCO DE LA NACION ARGENTINA,LINK,Av. Comodoro Py 2055,Retiro,Comuna 1,2,300-600 m,300,600,3286,846868.092447653,0.8468680924476529,3880.179250233254,4587.491292504238,0.8458172458165313
11722,BANCO DE LA NACION ARGENTINA,LINK,Av. Comodoro Py 2055,Retiro,Comuna 1,3,600-900 m,600,900,3688,1411446.8207453075,1.4114468207453075,2612.921681351459,4587.491292504238,0.5695752895751235
11722,BANCO DE LA NACION ARGENTINA,LINK,Av. Comodoro Py 2055,Retiro,Comuna 1,4,900-1200 m,900,1200,5949,1976025.5490442794,1.9760255490442793,3010.588604422287,4587.491292504238,0.6562603419741544
11231,BANCO DE LA NACION ARGENTINA,LINK,Av. Constituyentes 5451,Villa Urquiza,Comuna 12,1,0-300 m,0,300,615,282289.36414897913,0.28228936414897915,2178.615555899696,2178.615555899696,1.0
11231,BANCO DE LA NACION ARGENTINA,LINK,Av. Constituyentes 5451,Villa Urquiza,Comuna 12,2,300-600 m,300,600,1655,846868.092447653,0.8468680924476529,1954.2594823907593,2178.615555899696,0.897018970188944
11231,BANCO DE LA NACION ARGENTINA,LINK,Av. Constituyentes 5451,Villa Urquiza,Comuna 12,3,600-900 m,600,900,2583,1411446.8207453075,1.4114468207453075,1830.037066955211,2178.615555899696,0.839999999999755
11231,BANCO DE LA NACION ARGENTINA,LINK,Av. Constituyentes 5451,Villa Urquiza,Comuna 12,4,900-1200 m,900,1200,4002,1976025.5490442794,1.9760255490442793,2025.2774575387448,2178.615555899696,0.9296167247380056
10989,CABAL COOP. LTDA.,LINK,Av. Cordoba 1527,Recoleta,Comuna 2,1,0-300 m,0,300,1992,282289.36414897913,0.28228936414897915,7056.588922523894,7056.588922523894,1.0
10989,CABAL COOP. LTDA.,LINK,Av. Cordoba 1527,Recoleta,Comuna 2,2,300-600 m,300,600,7894,846868.092447653,0.8468680924476529,9321.404443500094,7056.588922523894,1.320950468539714
10989,CABAL COOP. LTDA.,LINK,Av. Cordoba 1527,Recoleta,Comuna 2,3,600-900 m,600,900,15633,1411446.8207453075,1.4114468207453075,11075.868938331712,7056.588922523894,1.569578313252554
10989,CABAL COOP. LTDA.,LINK,Av. Cordoba 1527,Recoleta,Comuna 2,4,900-1200 m,900,1200,19780,1976025.5490442794,1.9760255490442793,10009.992031513335,7056.588922523894,1.418531267927835
11002,CABAL COOP. LTDA.,LINK,Av. Córdoba 1527,Recoleta,Comuna 2,1,0-300 m,0,300,2055,282289.36414897913,0.28228936414897915,7279.764174591668,7279.764174591668,1.0
11002,CABAL COOP. LTDA.,LINK,Av. Córdoba 1527,Recoleta,Comuna 2,2,300-600 m,300,600,7731,846868.092447653,0.8468680924476529,9128.930548859795,7279.764174591668,1.2540145985390865
11002,CABAL COOP. LTDA.,LINK,Av. Córdoba 1527,Recoleta,Comuna 2,3,600-900 m,600,900,15710,1411446.8207453075,1.4114468207453075,11130.422888837153,7279.764174591668,1.5289537712890917
11002,CABAL COOP. LTDA.,LINK,Av. Córdoba 1527,Recoleta,Comuna 2,4,900-1200 m,900,1200,19682,1976025.5490442794,1.9760255490442793,9960.397531053866,7279.764174591668,1.3682307959670355
10990,BANCO DE LA CIUDAD DE BUENOS AIRES,LINK,Av. Cordoba 2543,Recoleta,Comuna 2,1,0-300 m,0,300,3215,282289.36414897913,0.28228936414897915,11389.022784093535,11389.022784093535,1.0
10990,BANCO DE LA CIUDAD DE BUENOS AIRES,LINK,Av. Cordoba 2543,Recoleta,Comuna 2,2,300-600 m,300,600,7220,846868.092447653,0.8468680924476529,8525.530793269658,11389.022784093535,0.7485743908754692
10990,BANCO DE LA CIUDAD DE BUENOS AIRES,LINK,Av. Cordoba 2543,Recoleta,Comuna 2,3,600-900 m,600,900,17769,1411446.8207453075,1.4114468207453075,12589.20969520989,11389.022784093535,1.1053810264382466
10990,BANCO DE LA CIUDAD DE BUENOS AIRES,LINK,Av. Cordoba 2543,Recoleta,Comuna 2,4,900-1200 m,900,1200,21233,1976025.5490442794,1.9760255490442793,10745.306410774654,11389.022784093535,0.9434792268377997
11209,BANCO DE LA NACION ARGENTINA,LINK,Av. Córdoba 4402,Villa Crespo,Comuna 15,1,0-300 m,0,300,2005,282289.36414897913,0.28228936414897915,7102.640958664863,7102.640958664863,1.0
11209,BANCO DE LA NACION ARGENTINA,LINK,Av. Córdoba 4402,Villa Crespo,Comuna 15,2,300-600 m,300,600,5463,846868.092447653,0.8468680924476529,6450.827524048773,7102.640958664863,0.908229426433148
11209,BANCO DE LA NACION ARGENTINA,LINK,Av. Córdoba 4402,Villa Crespo,Comuna 15,3,600-900 m,600,900,8865,1411446.8207453075,1.4114468207453075,6280.789236762658,7102.640958664863,0.8842892768077222
11209,BANCO DE LA NACION ARGENTINA,LINK,Av. Córdoba 4402,Villa Crespo,Comuna 15,4,900-1200 m,900,1200,14135,1976025.5490442794,1.9760255490442793,7153.247591781648,7102.640958664863,1.007125044530802
11792,BANCO DE LA CIUDAD DE BUENOS AIRES,LINK,"Av. Córdoba 5991, entre Arévalo y Av. Dorrego",Palermo,Comuna 14,1,0-300 m,0,300,1226,282289.36414897913,0.28228936414897915,4343.061254525248,4343.061254525248,1.0
11792,BANCO DE LA CIUDAD DE BUENOS AIRES,LINK,"Av. Córdoba 5991, entre Arévalo y Av. Dorrego",Palermo,Comuna 14,2,300-600 m,300,600,3067,846868.092447653,0.8468680924476529,3621.579354980338,4343.061254525248,0.8338771071227322
11792,BANCO DE LA CIUDAD DE BUENOS AIRES,LINK,"Av. Córdoba 5991, entre Arévalo y Av. Dorrego",Palermo,Comuna 14,3,600-900 m,600,900,6717,1411446.8207453075,1.4114468207453075,4758.946565519997,4343.061254525248,1.0957585644368746
11792,BANCO DE LA CIUDAD DE BUENOS AIRES,LINK,"Av. Córdoba 5991, entre Arévalo y Av. Dorrego",Palermo,Comuna 14,4,900-1200 m,900,1200,10924,1976025.5490442794,1.9760255490442793,5528.268602237193,4343.061254525248,1.2728967606609323
11765,BANCO DE LA CIUDAD DE BUENOS AIRES,LINK,Av. Cordoba 6103 esquina Concepción Arenal,Chacarita,Comuna 15,1,0-300 m,0,300,1168,282289.36414897913,0.28228936414897915,4137.598324050155,4137.598324050155,1.0
11765,BANCO DE LA CIUDAD DE BUENOS AIRES,LINK,Av. Cordoba 6103 esquina Concepción Arenal,Chacarita,Comuna 15,2,300-600 m,300,600,3059,846868.092447653,0.8468680924476529,3612.1327834642498,4137.598324050155,0.8730022831042854
11765,BANCO DE LA CIUDAD DE BUENOS AIRES,LINK,Av. Cordoba 6103 esquina Concepción Arenal,Chacarita,Comuna 15,3,600-900 m,600,900,6691,1411446.8207453075,1.4114468207453075,4740.525751063615,4137.598324050155,1.1457191780818576
11765,BANCO DE LA CIUDAD DE BUENOS AIRES,LINK,Av. Cordoba 6103 esquina Concepción Arenal,Chacarita,Comuna 15,4,900-1200 m,900,1200,9927,1976025.5490442794,1.9760255490442793,5023.720470011774,4137.598324050155,1.214163405087187
11705,BANCO DE LA CIUDAD DE BUENOS AIRES,LINK,"Av. Córdoba 675, entre Florida y Maipu",Retiro,Comuna 1,1,0-300 m,0,300,3184,282289.36414897913,0.28228936414897915,11279.206390218915,11279.206390218915,1.0
11705,BANCO DE LA CIUDAD DE BUENOS AIRES,LINK,"Av. Córdoba 675, entre Florida y Maipu",Retiro,Comuna 1,2,300-600 m,300,600,9137,846868.092447653,0.8468680924476529,10789.165492812308,11279.206390218915,0.9565536013392254
11705,BANCO DE LA CIUDAD DE BUENOS AIRES,LINK,"Av. Córdoba 675, entre Florida y Maipu",Retiro,Comuna 1,3,600-900 m,600,900,16656,1411446.8207453075,1.4114468207453075,11800.657137903985,11279.206390218915,1.0462311557785893
11705,BANCO DE LA CIUDAD DE BUENOS AIRES,LINK,"Av. Córdoba 675, entre Florida y Maipu",Retiro,Comuna 1,4,900-1200 m,900,1200,12724,1976025.5490442794,1.9760255490442793,6439.187998431531,11279.206390218915,0.5708901651108589
11037,BANCO DE LA PROVINCIA DE BUENOS AIRES,LINK,"Av. Córdoba 924/34, entre Suipacha y Carlos Pelleg",San Nicolas,Comuna 1,1,0-300 m,0,300,2351,282289.36414897913,0.28228936414897915,8328.33361287835,8328.33361287835,1.0
11037,BANCO DE LA PROVINCIA DE BUENOS AIRES,LINK,"Av. Córdoba 924/34, entre Suipacha y Carlos Pelleg",San Nicolas,Comuna 1,2,300-600 m,300,600,9394,846868.092447653,0.8468680924476529,11092.636602766643,8328.33361287835,1.3319154969505267
11037,BANCO DE LA PROVINCIA DE BUENOS AIRES,LINK,"Av. Córdoba 924/34, entre Suipacha y Carlos Pelleg",San Nicolas,Comuna 1,3,600-900 m,600,900,18439,1411446.8207453075,1.4114468207453075,13063.899913893587,8328.33361287835,1.568609102509113
11037,BANCO DE LA PROVINCIA DE BUENOS AIRES,LINK,"Av. Córdoba 924/34, entre Suipacha y Carlos Pelleg",San Nicolas,Comuna 1,4,900-1200 m,900,1200,15123,1976025.5490442794,1.9760255490442793,7653.2411270260955,8328.33361287835,0.9189402685780576
11170,BANCO DE LA CIUDAD DE BUENOS AIRES,LINK,"Av. Cordoba s/n, entre Uriburu y Junin",S/D,,1,0-300 m,0,300,2862,282289.36414897913,0.28228936414897915,10138.532879650294,10138.532879650294,1.0
11170,BANCO DE LA CIUDAD DE BUENOS AIRES,LINK,"Av. Cordoba s/n, entre Uriburu y Junin",S/D,,2,300-600 m,300,600,7906,846868.092447653,0.8468680924476529,9335.574300774226,10138.532879650294,0.9208013044483252
11170,BANCO DE LA CIUDAD DE BUENOS AIRES,LINK,"Av. Cordoba s/n, entre Uriburu y Junin",S/D,,3,600-900 m,600,900,16929,1411446.8207453075,1.4114468207453075,11994.075689696,10138.532879650294,1.183018867924183
11170,BANCO DE LA CIUDAD DE BUENOS AIRES,LINK,"Av. Cordoba s/n, entre Uriburu y Junin",S/D,,4,900-1200 m,900,1200,20026,1976025.5490442794,1.9760255490442793,10134.484348993228,10138.532879650294,0.9996006788452407
11022,BANCO DE LA CIUDAD DE BUENOS AIRES,LINK,"Av. Corrientes 1418, entre Uruguay y Paraná",San Nicolas,Comuna 1,1,0-300 m,0,300,4077,282289.36414897913,0.28228936414897915,14442.627026671646,14442.627026671646,1.0
11022,BANCO DE LA CIUDAD DE BUENOS AIRES,LINK,"Av. Corrientes 1418, entre Uruguay y Paraná",San Nicolas,Comuna 1,2,300-600 m,300,600,8627,846868.092447653,0.8468680924476529,10186.94655866168,14442.627026671646,0.7053388929762662
11022,BANCO DE LA CIUDAD DE BUENOS AIRES,LINK,"Av. Corrientes 1418, entre Uruguay y Paraná",San Nicolas,Comuna 1,3,600-900 m,600,900,18714,1411446.8207453075,1.4114468207453075,13258.735451413015,14442.627026671646,0.9180279617363031
11022,BANCO DE LA CIUDAD DE BUENOS AIRES,LINK,"Av. Corrientes 1418, entre Uruguay y Paraná",San Nicolas,Comuna 1,4,900-1200 m,900,1200,17376,1976025.5490442794,1.9760255490442793,8793.408571262675,14442.627026671646,0.6088510459366995
11039,CABAL COOP. LTDA.,LINK,Av. Corrientes 1574,San Nicolas,Comuna 1,1,0-300 m,0,300,3989,282289.36414897913,0.28228936414897915,14130.890166640469,14130.890166640469,1.0
11039,CABAL COOP. LTDA.,LINK,Av. Corrientes 1574,San Nicolas,Comuna 1,2,300-600 m,300,600,9311,846868.092447653,0.8468680924476529,10994.628423287228,14130.890166640469,0.7780563215502744
11039,CABAL COOP. LTDA.,LINK,Av. Corrientes 1574,San Nicolas,Comuna 1,3,600-900 m,600,900,16848,1411446.8207453075,1.4114468207453075,11936.687767735732,14130.890166640469,0.8447229882173519
11039,CABAL COOP. LTDA.,LINK,Av. Corrientes 1574,San Nicolas,Comuna 1,4,900-1200 m,900,1200,18518,1976025.5490442794,1.9760255490442793,9371.33632151486,14130.890166640469,0.6631808903050045
11191,CABAL COOP. LTDA.,LINK,Av Corrientes 1813,Balvanera,Comuna 3,1,0-300 m,0,300,4491,282289.36414897913,0.28228936414897915,15909.207254545587,15909.207254545587,1.0
11191,CABAL COOP. LTDA.,LINK,Av Corrientes 1813,Balvanera,Comuna 3,2,300-600 m,300,600,7795,846868.092447653,0.8468680924476529,9204.503120988502,15909.207254545587,0.5785645364798794
11191,CABAL COOP. LTDA.,LINK,Av Corrientes 1813,Balvanera,Comuna 3,3,600-900 m,600,900,15784,1411446.8207453075,1.4114468207453075,11182.851360751472,15909.207254545587,0.7029169450009084
11191,CABAL COOP. LTDA.,LINK,Av Corrientes 1813,Balvanera,Comuna 3,4,900-1200 m,900,1200,17524,1976025.5490442794,1.9760255490442793,8868.3063882831,15909.207254545587,0.5574323249669931
11162,BANCO DE LA NACION ARGENTINA,LINK,Av. Corrientes 2156,Balvanera,Comuna 3,1,0-300 m,0,300,3245,282289.36414897913,0.28228936414897915,11495.296713649617,11495.296713649617,1.0
11162,BANCO DE LA NACION ARGENTINA,LINK,Av. Corrientes 2156,Balvanera,Comuna 3,2,300-600 m,300,600,7809,846868.092447653,0.8468680924476529,9221.034621141656,11495.296713649617,0.8021571648683516
11162,BANCO DE LA NACION ARGENTINA,LINK,Av. Corrientes 2156,Balvanera,Comuna 3,3,600-900 m,600,900,19095,1411446.8207453075,1.4114468207453075,13528.671232485387,11495.296713649617,1.1768875192600572
11162,BANCO DE LA NACION ARGENTINA,LINK,Av. Corrientes 2156,Balvanera,Comuna 3,4,900-1200 m,900,1200,21983,1976025.5490442794,1.9760255490442793,11124.856159188961,11495.296713649617,0.9677745982823748
11163,CABAL COOP. LTDA.,LINK,Av. Corrientes 2187,Balvanera,Comuna 3,1,0-300 m,0,300,3193,282289.36414897913,0.28228936414897915,11311.08856908574,11311.08856908574,1.0
11163,CABAL COOP. LTDA.,LINK,Av. Corrientes 2187,Balvanera,Comuna 3,2,300-600 m,300,600,7023,846868.092447653,0.8468680924476529,8292.908969685985,11311.08856908574,0.7331663012834396
11163,CABAL COOP. LTDA.,LINK,Av. Corrientes 2187,Balvanera,Comuna 3,3,600-900 m,600,900,19987,1411446.8207453075,1.4114468207453075,14160.646866912042,11311.08856908574,1.251926088317831
11163,CABAL COOP. LTDA.,LINK,Av. Corrientes 2187,Balvanera,Comuna 3,4,900-1200 m,900,1200,22924,1976025.5490442794,1.9760255490442793,11601.064576866112,11311.08856908574,1.0256364368477235
11178,BANCO DE LA CIUDAD DE BUENOS AIRES,LINK,"Av. Corrientes 2528, entre Larrea y Paso",Balvanera,Comuna 3,1,0-300 m,0,300,3888,282289.36414897913,0.28228936414897915,13773.101270468323,13773.101270468323,1.0
11178,BANCO DE LA CIUDAD DE BUENOS AIRES,LINK,"Av. Corrientes 2528, entre Larrea y Paso",Balvanera,Comuna 3,2,300-600 m,300,600,12895,846868.092447653,0.8468680924476529,15226.69246249477,13773.101270468323,1.1055384087782156
11178,BANCO DE LA CIUDAD DE BUENOS AIRES,LINK,"Av. Corrientes 2528, entre Larrea y Paso",Balvanera,Comuna 3,3,600-900 m,600,900,17246,1411446.8207453075,1.4114468207453075,12218.667927491122,13773.101270468323,0.8871399176952145
11178,BANCO DE LA CIUDAD DE BUENOS AIRES,LINK,"Av. Corrientes 2528, entre Larrea y Paso",Balvanera,Comuna 3,4,900-1200 m,900,1200,22314,1976025.5490442794,1.9760255490442793,11292.364114822476,13773.101270468323,0.8198853615514369
11190,BANCO DE COMERCIO,LINK,Av Corrientes 2587 esquina Paso,Balvanera,Comuna 3,1,0-300 m,0,300,6354,282289.36414897913,0.28228936414897915,22508.818279978324,22508.818279978324,1.0
11190,BANCO DE COMERCIO,LINK,Av Corrientes 2587 esquina Paso,Balvanera,Comuna 3,2,300-600 m,300,600,10352,846868.092447653,0.8468680924476529,12223.863541818213,22508.818279978324,0.5430699821630078
11190,BANCO DE COMERCIO,LINK,Av Corrientes 2587 esquina Paso,Balvanera,Comuna 3,3,600-900 m,600,900,18064,1411446.8207453075,1.4114468207453075,12798.215090003458,22508.818279978324,0.5685867170284775
11190,BANCO DE COMERCIO,LINK,Av Corrientes 2587 esquina Paso,Balvanera,Comuna 3,4,900-1200 m,900,1200,19938,1976025.5490442794,1.9760255490442793,10089.95051184595,22508.818279978324,0.44826655874782184
11179,BANCO DE LA CIUDAD DE BUENOS AIRES,LINK,"Av. Corrientes 3153, entre Jean Jaures y Anchorena",Balvanera,Comuna 3,1,0-300 m,0,300,5570,282289.36414897913,0.28228936414897915,19731.52625424603,19731.52625424603,1.0
11179,BANCO DE LA CIUDAD DE BUENOS AIRES,LINK,"Av. Corrientes 3153, entre Jean Jaures y Anchorena",Balvanera,Comuna 3,2,300-600 m,300,600,12953,846868.092447653,0.8468680924476529,15295.180105986408,19731.52625424603,0.7751645721118525
11179,BANCO DE LA CIUDAD DE BUENOS AIRES,LINK,"Av. Corrientes 3153, entre Jean Jaures y Anchorena",Balvanera,Comuna 3,3,600-900 m,600,900,16008,1411446.8207453075,1.4114468207453075,11341.553762221842,19731.52625424603,0.5747935368041411
11179,BANCO DE LA CIUDAD DE BUENOS AIRES,LINK,"Av. Corrientes 3153, entre Jean Jaures y Anchorena",Balvanera,Comuna 3,4,900-1200 m,900,1200,19690,1976025.5490442794,1.9760255490442793,9964.446061703618,19731.52625424603,0.5050012823797332
11186,BANCO HIPOTECARIO S.A.,LINK,Av. Corrientes 3247,Balvanera,Comuna 3,1,0-300 m,0,300,6440,282289.36414897913,0.28228936414897915,22813.47021137243,22813.47021137243,1.0
11186,BANCO HIPOTECARIO S.A.,LINK,Av. Corrientes 3247,Balvanera,Comuna 3,2,300-600 m,300,600,8578,846868.092447653,0.8468680924476529,10129.08630812564,22813.47021137243,0.4439958592128753
11186,BANCO HIPOTECARIO S.A.,LINK,Av. Corrientes 3247,Balvanera,Comuna 3,3,600-900 m,600,900,17777,1411446.8207453075,1.4114468207453075,12594.877638119546,22813.47021137243,0.5520807453414538
11186,BANCO HIPOTECARIO S.A.,LINK,Av. Corrientes 3247,Balvanera,Comuna 3,4,900-1200 m,900,1200,20978,1976025.5490442794,1.9760255490442793,10616.259496313789,22813.47021137243,0.4653504880209598
11173,CABAL COOP. LTDA.,LINK,Av. Corrientes 3300,Balvanera,Comuna 3,1,0-300 m,0,300,6059,282289.36414897913,0.28228936414897915,21463.79130601018,21463.79130601018,1.0
11173,CABAL COOP. LTDA.,LINK,Av. Corrientes 3300,Balvanera,Comuna 3,2,300-600 m,300,600,8534,846868.092447653,0.8468680924476529,10077.130164787155,21463.79130601018,0.46949441601984876
11173,CABAL COOP. LTDA.,LINK,Av. Corrientes 3300,Balvanera,Comuna 3,3,600-900 m,600,900,16777,1411446.8207453075,1.4114468207453075,11886.384774412534,21463.79130601018,0.5537877537545834
11173,CABAL COOP. LTDA.,LINK,Av. Corrientes 3300,Balvanera,Comuna 3,4,900-1200 m,900,1200,21742,1976025.5490442794,1.9760255490442793,11002.894173365165,21463.79130601018,0.5126258458487803
11164,BANCO DE LA NACION ARGENTINA,LINK,Av. Corrientes 3302,Balvanera,Comuna 3,1,0-300 m,0,300,6059,282289.36414897913,0.28228936414897915,21463.79130601018,21463.79130601018,1.0
11164,BANCO DE LA NACION ARGENTINA,LINK,Av. Corrientes 3302,Balvanera,Comuna 3,2,300-600 m,300,600,8534,846868.092447653,0.8468680924476529,10077.130164787155,21463.79130601018,0.46949441601984876
11164,BANCO DE LA NACION ARGENTINA,LINK,Av. Corrientes 3302,Balvanera,Comuna 3,3,600-900 m,600,900,16777,1411446.8207453075,1.4114468207453075,11886.384774412534,21463.79130601018,0.5537877537545834
11164,BANCO DE LA NACION ARGENTINA,LINK,Av. Corrientes 3302,Balvanera,Comuna 3,4,900-1200 m,900,1200,21742,1976025.5490442794,1.9760255490442793,11002.894173365165,21463.79130601018,0.5126258458487803
11029,BANCO DE LA NACION ARGENTINA,LINK,Av. Corrientes 345,San Nicolas,Comuna 1,1,0-300 m,0,300,2818,282289.36414897913,0.28228936414897915,9982.664449634705,9982.664449634705,1.0
11029,BANCO DE LA NACION ARGENTINA,LINK,Av. Corrientes 345,San Nicolas,Comuna 1,2,300-600 m,300,600,7904,846868.092447653,0.8468680924476529,9333.212657895203,9982.664449634705,0.9349420392705609
11029,BANCO DE LA NACION ARGENTINA,LINK,Av. Corrientes 345,San Nicolas,Comuna 1,3,600-900 m,600,900,10809,1411446.8207453075,1.4114468207453075,7658.099363809089,9982.664449634705,0.7671398154717421
11029,BANCO DE LA NACION ARGENTINA,LINK,Av. Corrientes 345,San Nicolas,Comuna 1,4,900-1200 m,900,1200,13004,1976025.5490442794,1.9760255490442793,6580.886571172872,9982.664449634705,0.6592314711543455
11420,BANCO HIPOTECARIO S.A.,LINK,Av. Corrientes 3820,Almagro,Comuna 5,1,0-300 m,0,300,2586,282289.36414897913,0.28228936414897915,9160.812727734332,9160.812727734332,1.0
11420,BANCO HIPOTECARIO S.A.,LINK,Av. Corrientes 3820,Almagro,Comuna 5,2,300-600 m,300,600,7498,846868.092447653,0.8468680924476529,8853.799153453725,9160.812727734332,0.9664862077846953
11420,BANCO HIPOTECARIO S.A.,LINK,Av. Corrientes 3820,Almagro,Comuna 5,3,600-900 m,600,900,14552,1411446.8207453075,1.4114468207453075,10309.988152664433,9160.812727734332,1.1254447022425178
11420,BANCO HIPOTECARIO S.A.,LINK,Av. Corrientes 3820,Almagro,Comuna 5,4,900-1200 m,900,1200,15094,1976025.5490442794,1.9760255490442793,7638.565203420742,9160.812727734332,0.8338305159644853
11415,BANCO DE LA PROVINCIA DE BUENOS AIRES,LINK,Av. Corrientes 4043,Almagro,Comuna 5,1,0-300 m,0,300,2850,282289.36414897913,0.28228936414897915,10096.023307827862,10096.023307827862,1.0
11415,BANCO DE LA PROVINCIA DE BUENOS AIRES,LINK,Av. Corrientes 4043,Almagro,Comuna 5,2,300-600 m,300,600,5872,846868.092447653,0.8468680924476529,6933.783492808785,10096.023307827862,0.6867836257304138
11415,BANCO DE LA PROVINCIA DE BUENOS AIRES,LINK,Av. Corrientes 4043,Almagro,Comuna 5,3,600-900 m,600,900,11157,1411446.8207453075,1.4114468207453075,7904.654880379128,10096.023307827862,0.7829473684208241
11415,BANCO DE LA PROVINCIA DE BUENOS AIRES,LINK,Av. Corrientes 4043,Almagro,Comuna 5,4,900-1200 m,900,1200,16026,1976025.5490442794,1.9760255490442793,8110.219024116922,10096.023307827862,0.8033082706761122
11417,BANCO DE LA CIUDAD DE BUENOS AIRES,LINK,Av. Corrientes 4055 esquina Medrano,Almagro,Comuna 5,1,0-300 m,0,300,2812,282289.36414897913,0.28228936414897915,9961.409663723489,9961.409663723489,1.0
11417,BANCO DE LA CIUDAD DE BUENOS AIRES,LINK,Av. Corrientes 4055 esquina Medrano,Almagro,Comuna 5,2,300-600 m,300,600,5831,846868.092447653,0.8468680924476529,6885.369813788832,9961.409663723489,0.6912043622564099
11417,BANCO DE LA CIUDAD DE BUENOS AIRES,LINK,Av. Corrientes 4055 esquina Medrano,Almagro,Comuna 5,3,600-900 m,600,900,10907,1411446.8207453075,1.4114468207453075,7727.5316644523755,9961.409663723489,0.7757467994307836
11417,BANCO DE LA CIUDAD DE BUENOS AIRES,LINK,Av. Corrientes 4055 esquina Medrano,Almagro,Comuna 5,4,900-1200 m,900,1200,15889,1976025.5490442794,1.9760255490442793,8040.887936739909,9961.409663723489,0.8072038203611329
11416,CABAL COOP. LTDA.,LINK,Av. Corrientes 4124/28,Almagro,Comuna 5,1,0-300 m,0,300,2486,282289.36414897913,0.28228936414897915,8806.566295880724,8806.566295880724,1.0
11416,CABAL COOP. LTDA.,LINK,Av. Corrientes 4124/28,Almagro,Comuna 5,2,300-600 m,300,600,6156,846868.092447653,0.8468680924476529,7269.136781629918,8806.566295880724,0.8254223652446766
11416,CABAL COOP. LTDA.,LINK,Av. Corrientes 4124/28,Almagro,Comuna 5,3,600-900 m,600,900,10613,1411446.8207453075,1.4114468207453075,7519.234762522515,8806.566295880724,0.8538213998388499
11416,CABAL COOP. LTDA.,LINK,Av. Corrientes 4124/28,Almagro,Comuna 5,4,900-1200 m,900,1200,14412,1976025.5490442794,1.9760255490442793,7293.427965529332,8806.566295880724,0.828180668888036
11418,BANCO DE LA NACION ARGENTINA,LINK,"Av. Corrientes 4279, entre Gascón y Palestina",Almagro,Comuna 5,1,0-300 m,0,300,1637,282289.36414897913,0.28228936414897915,5799.014089443582,5799.014089443582,1.0
11418,BANCO DE LA NACION ARGENTINA,LINK,"Av. Corrientes 4279, entre Gascón y Palestina",Almagro,Comuna 5,2,300-600 m,300,600,6096,846868.092447653,0.8468680924476529,7198.2874952592565,5799.014089443582,1.2412950519232029
11418,BANCO DE LA NACION ARGENTINA,LINK,"Av. Corrientes 4279, entre Gascón y Palestina",Almagro,Comuna 5,3,600-900 m,600,900,10867,1411446.8207453075,1.4114468207453075,7699.191949904095,5799.014089443582,1.3276725717772546
11418,BANCO DE LA NACION ARGENTINA,LINK,"Av. Corrientes 4279, entre Gascón y Palestina",Almagro,Comuna 5,4,900-1200 m,900,1200,11671,1976025.5490442794,1.9760255490442793,5906.300151657843,5799.014089443582,1.0185007417742893
11213,BANCO DE LA CIUDAD DE BUENOS AIRES,LINK,Av. Corrientes 5066 esquina Araoz,Villa Crespo,Comuna 15,1,0-300 m,0,300,2146,282289.36414897913,0.28228936414897915,7602.128427578452,7602.128427578452,1.0
11213,BANCO DE LA CIUDAD DE BUENOS AIRES,LINK,Av. Corrientes 5066 esquina Araoz,Villa Crespo,Comuna 15,2,300-600 m,300,600,5319,846868.092447653,0.8468680924476529,6280.789236759184,7602.128427578452,0.826188257222042
11213,BANCO DE LA CIUDAD DE BUENOS AIRES,LINK,Av. Corrientes 5066 esquina Araoz,Villa Crespo,Comuna 15,3,600-900 m,600,900,6705,1411446.8207453075,1.4114468207453075,4750.444651155513,7602.128427578452,0.6248835041936668
11213,BANCO DE LA CIUDAD DE BUENOS AIRES,LINK,Av. Corrientes 5066 esquina Araoz,Villa Crespo,Comuna 15,4,900-1200 m,900,1200,10895,1976025.5490442794,1.9760255490442793,5513.59267863184,7602.128427578452,0.7252696045794262
11212,BANCO DE LA CIUDAD DE BUENOS AIRES,LINK,Av. Corrientes 5273,Villa Crespo,Comuna 15,1,0-300 m,0,300,2617,282289.36414897913,0.28228936414897915,9270.629121608952,9270.629121608952,1.0
11212,BANCO DE LA CIUDAD DE BUENOS AIRES,LINK,Av. Corrientes 5273,Villa Crespo,Comuna 15,2,300-600 m,300,600,4207,846868.092447653,0.8468680924476529,4967.715796022915,9270.629121608952,0.5358553050562279
11212,BANCO DE LA CIUDAD DE BUENOS AIRES,LINK,Av. Corrientes 5273,Villa Crespo,Comuna 15,3,600-900 m,600,900,6806,1411446.8207453075,1.4114468207453075,4822.002430389921,9270.629121608952,0.520137562093849
11212,BANCO DE LA CIUDAD DE BUENOS AIRES,LINK,Av. Corrientes 5273,Villa Crespo,Comuna 15,4,900-1200 m,900,1200,9407,1976025.5490442794,1.9760255490442793,4760.565977777854,9270.629121608952,0.513510562803276
11205,BANCO DE LA PROVINCIA DE BUENOS AIRES,LINK,Av. Corrientes 5399,Villa Crespo,Comuna 15,1,0-300 m,0,300,2044,282289.36414897913,0.28228936414897915,7240.797067087771,7240.797067087771,1.0
11205,BANCO DE LA PROVINCIA DE BUENOS AIRES,LINK,Av. Corrientes 5399,Villa Crespo,Comuna 15,2,300-600 m,300,600,4631,846868.092447653,0.8468680924476529,5468.384086375593,7240.797067087771,0.7552185257658329
11205,BANCO DE LA PROVINCIA DE BUENOS AIRES,LINK,Av. Corrientes 5399,Villa Crespo,Comuna 15,3,600-900 m,600,900,6641,1411446.8207453075,1.4114468207453075,4705.101107878264,7240.797067087771,0.6498043052835677
11205,BANCO DE LA PROVINCIA DE BUENOS AIRES,LINK,Av. Corrientes 5399,Villa Crespo,Comuna 15,4,900-1200 m,900,1200,9417,1976025.5490442794,1.9760255490442793,4765.626641090044,7240.797067087771,0.6581632653056477
11208,BANCO DE LA NACION ARGENTINA,LINK,Av. Corrientes 5401,Villa Crespo,Comuna 15,1,0-300 m,0,300,2049,282289.36414897913,0.28228936414897915,7258.509388680452,7258.509388680452,1.0
11208,BANCO DE LA NACION ARGENTINA,LINK,Av. Corrientes 5401,Villa Crespo,Comuna 15,2,300-600 m,300,600,4626,846868.092447653,0.8468680924476529,5462.479979178038,7258.509388680452,0.752562225475206
11208,BANCO DE LA NACION ARGENTINA,LINK,Av. Corrientes 5401,Villa Crespo,Comuna 15,3,600-900 m,600,900,6683,1411446.8207453075,1.4114468207453075,4734.857808153959,7258.509388680452,0.6523182040017619
11208,BANCO DE LA NACION ARGENTINA,LINK,Av. Corrientes 5401,Villa Crespo,Comuna 15,4,900-1200 m,900,1200,9319,1976025.5490442794,1.9760255490442793,4716.032140630575,7258.509388680452,0.6497246043361415
11169,BANCO DE LA CIUDAD DE BUENOS AIRES,LINK,Av. Corrientes S/N esquina Aguero,S/D,,1,0-300 m,0,300,6072,282289.36414897913,0.28228936414897915,21509.843342151147,21509.843342151147,1.0
11169,BANCO DE LA CIUDAD DE BUENOS AIRES,LINK,Av. Corrientes S/N esquina Aguero,S/D,,2,300-600 m,300,600,8455,846868.092447653,0.8468680924476529,9983.845271065782,21509.843342151147,0.4641523934998274
11169,BANCO DE LA CIUDAD DE BUENOS AIRES,LINK,Av. Corrientes S/N esquina Aguero,S/D,,3,600-900 m,600,900,16557,1411446.8207453075,1.4114468207453075,11730.516344396992,21509.843342151147,0.5453557312251374
11169,BANCO DE LA CIUDAD DE BUENOS AIRES,LINK,Av. Corrientes S/N esquina Aguero,S/D,,4,900-1200 m,900,1200,22052,1976025.5490442794,1.9760255490442793,11159.774736043079,21509.843342151147,0.5188217579518185
11768,BANCO DE LA CIUDAD DE BUENOS AIRES,LINK,Av. Corrientes s/n esquina Dorrego,S/D,,1,0-300 m,0,300,1510,282289.36414897913,0.28228936414897915,5349.121120989498,5349.121120989498,1.0
11768,BANCO DE LA CIUDAD DE BUENOS AIRES,LINK,Av. Corrientes s/n esquina Dorrego,S/D,,2,300-600 m,300,600,3530,846868.092447653,0.8468680924476529,4168.299681473946,5349.121120989498,0.779249448122962
11768,BANCO DE LA CIUDAD DE BUENOS AIRES,LINK,Av. Corrientes s/n esquina Dorrego,S/D,,3,600-900 m,600,900,4581,1411446.8207453075,1.4114468207453075,3245.60580864182,5349.121120989498,0.6067549668872402
11768,BANCO DE LA CIUDAD DE BUENOS AIRES,LINK,Av. Corrientes s/n esquina Dorrego,S/D,,4,900-1200 m,900,1200,8912,1976025.5490442794,1.9760255490442793,4510.063143824411,5349.121120989498,0.8431409649946615
11767,BANCO DE LA CIUDAD DE BUENOS AIRES,LINK,Av. Corrientes s/n esquina Federico Lacroce,S/D,,1,0-300 m,0,300,1910,282289.36414897913,0.28228936414897915,6766.106848403935,6766.106848403935,1.0
11767,BANCO DE LA CIUDAD DE BUENOS AIRES,LINK,Av. Corrientes s/n esquina Federico Lacroce,S/D,,2,300-600 m,300,600,2328,846868.092447653,0.8468680924476529,2748.9523111816843,6766.106848403935,0.4062827225127457
11767,BANCO DE LA CIUDAD DE BUENOS AIRES,LINK,Av. Corrientes s/n esquina Federico Lacroce,S/D,,3,600-900 m,600,900,3277,1411446.8207453075,1.4114468207453075,2321.731114367877,6766.106848403935,0.3431413612564444
11767,BANCO DE LA CIUDAD DE BUENOS AIRES,LINK,Av. Corrientes s/n esquina Federico Lacroce,S/D,,4,900-1200 m,900,1200,5908,1976025.5490442794,1.9760255490442793,2989.839884842305,6766.106848403935,0.44188481675360797
11168,BANCO DE LA CIUDAD DE BUENOS AIRES,LINK,Av. Corrientes S/N esquina Pasteur,S/D,,1,0-300 m,0,300,3645,282289.36414897913,0.28228936414897915,12912.282441064053,12912.282441064053,1.0
11168,BANCO DE LA CIUDAD DE BUENOS AIRES,LINK,Av. Corrientes S/N esquina Pasteur,S/D,,2,300-600 m,300,600,7044,846868.092447653,0.8468680924476529,8317.706219915715,12912.282441064053,0.6441700960214036
11168,BANCO DE LA CIUDAD DE BUENOS AIRES,LINK,Av. Corrientes S/N esquina Pasteur,S/D,,3,600-900 m,600,900,20257,1411446.8207453075,1.4114468207453075,14351.939940112934,12912.282441064053,1.111495198902282
11168,BANCO DE LA CIUDAD DE BUENOS AIRES,LINK,Av. Corrientes S/N esquina Pasteur,S/D,,4,900-1200 m,900,1200,23300,1976025.5490442794,1.9760255490442793,11791.345517404485,12912.282441064053,0.9131883205950693
11165,BANCO DE LA CIUDAD DE BUENOS AIRES,LINK,Av. Corrientes S/N esquina Pueyrredon,S/D,,1,0-300 m,0,300,6985,282289.36414897913,0.28228936414897915,24744.1132649746,24744.1132649746,1.0
11165,BANCO DE LA CIUDAD DE BUENOS AIRES,LINK,Av. Corrientes S/N esquina Pueyrredon,S/D,,2,300-600 m,300,600,11620,846868.092447653,0.8468680924476529,13721.145127118201,24744.1132649746,0.5545215938912041
11165,BANCO DE LA CIUDAD DE BUENOS AIRES,LINK,Av. Corrientes S/N esquina Pueyrredon,S/D,,3,600-900 m,600,900,19162,1411446.8207453075,1.4114468207453075,13576.140254353757,24744.1132649746,0.5486614173226746
11165,BANCO DE LA CIUDAD DE BUENOS AIRES,LINK,Av. Corrientes S/N esquina Pueyrredon,S/D,,4,900-1200 m,900,1200,17014,1976025.5490442794,1.9760255490442793,8610.21255936137,24744.1132649746,0.34797014009587335
11167,BANCO DE LA CIUDAD DE BUENOS AIRES,LINK,Av. Corrientes S/N esquina Uruguay,S/D,,1,0-300 m,0,300,3847,282289.36414897913,0.28228936414897915,13627.860233408344,13627.860233408344,1.0
11167,BANCO DE LA CIUDAD DE BUENOS AIRES,LINK,Av. Corrientes S/N esquina Uruguay,S/D,,2,300-600 m,300,600,9090,846868.092447653,0.8468680924476529,10733.66688515529,13627.860233408344,0.7876267221204679
11167,BANCO DE LA CIUDAD DE BUENOS AIRES,LINK,Av. Corrientes S/N esquina Uruguay,S/D,,3,600-900 m,600,900,18493,1411446.8207453075,1.4114468207453075,13102.158528533766,13627.860233408344,0.9614244866126647
11167,BANCO DE LA CIUDAD DE BUENOS AIRES,LINK,Av. Corrientes S/N esquina Uruguay,S/D,,4,900-1200 m,900,1200,17695,1976025.5490442794,1.9760255490442793,8954.84373092156,13627.860233408344,0.6570982955173692
10887,BANCO DE LA CIUDAD DE BUENOS AIRES,LINK,Av. Del Barco Centenera 2906,Nueva Pompeya,Comuna 4,1,0-300 m,0,300,578,282289.36414897913,0.28228936414897915,2047.5443761138608,2047.5443761138608,1.0
10887,BANCO DE LA CIUDAD DE BUENOS AIRES,LINK,Av. Del Barco Centenera 2906,Nueva Pompeya,Comuna 4,2,300-600 m,300,600,1496,846868.092447653,0.8468680924476529,1766.508873508505,2047.5443761138608,0.8627450980384868
10887,BANCO DE LA CIUDAD DE BUENOS AIRES,LINK,Av. Del Barco Centenera 2906,Nueva Pompeya,Comuna 4,3,600-900 m,600,900,5318,1411446.8207453075,1.4114468207453075,3767.765049193888,2047.5443761138608,1.8401384083039616
10887,BANCO DE LA CIUDAD DE BUENOS AIRES,LINK,Av. Del Barco Centenera 2906,Nueva Pompeya,Comuna 4,4,900-1200 m,900,1200,6900,1976025.5490442794,1.9760255490442793,3491.8576854116286,2047.5443761138608,1.7053880375667383
11195,CABAL COOP. LTDA.,LINK,Av. Del Libertador 6335,Belgrano,Comuna 13,1,0-300 m,0,300,1150,282289.36414897913,0.28228936414897915,4073.833966316505,4073.833966316505,1.0
11195,CABAL COOP. LTDA.,LINK,Av. Del Libertador 6335,Belgrano,Comuna 13,2,300-600 m,300,600,2995,846868.092447653,0.8468680924476529,3536.5602113355435,4073.833966316505,0.868115942028252
11195,CABAL COOP. LTDA.,LINK,Av. Del Libertador 6335,Belgrano,Comuna 13,3,600-900 m,600,900,4496,1411446.8207453075,1.4114468207453075,3185.383915226724,4073.833966316505,0.7819130434780328
11195,CABAL COOP. LTDA.,LINK,Av. Del Libertador 6335,Belgrano,Comuna 13,4,900-1200 m,900,1200,5664,1976025.5490442794,1.9760255490442793,2866.35970002485,4073.833966316505,0.7036024844715422
11532,BANCO DE LA NACION ARGENTINA,LINK,Av. Del Libertador 8250,Nuñez,Comuna 13,1,0-300 m,0,300,598,282289.36414897913,0.28228936414897915,2118.393662484583,2118.393662484583,1.0
11532,BANCO DE LA NACION ARGENTINA,LINK,Av. Del Libertador 8250,Nuñez,Comuna 13,2,300-600 m,300,600,1488,846868.092447653,0.8468680924476529,1757.062301992417,2118.393662484583,0.8294314381263895
11532,BANCO DE LA NACION ARGENTINA,LINK,Av. Del Libertador 8250,Nuñez,Comuna 13,3,600-900 m,600,900,1814,1411446.8207453075,1.4114468207453075,1285.2060547645192,2118.393662484583,0.6066889632105253
11532,BANCO DE LA NACION ARGENTINA,LINK,Av. Del Libertador 8250,Nuñez,Comuna 13,4,900-1200 m,900,1200,3411,1976025.5490442794,1.9760255490442793,1726.1922557882704,2118.393662484583,0.814859053988901
11710,BANCO DE LA CIUDAD DE BUENOS AIRES,LINK,Av. De Los Inmigrantes 1901,Retiro,Comuna 1,1,0-300 m,0,300,760,282289.36414897913,0.28228936414897915,2692.2728820874295,2692.2728820874295,1.0
11710,BANCO DE LA CIUDAD DE BUENOS AIRES,LINK,Av. De Los Inmigrantes 1901,Retiro,Comuna 1,2,300-600 m,300,600,3315,846868.092447653,0.8468680924476529,3914.423071979074,2692.2728820874295,1.4539473684198243
11710,BANCO DE LA CIUDAD DE BUENOS AIRES,LINK,Av. De Los Inmigrantes 1901,Retiro,Comuna 1,3,600-900 m,600,900,3739,1411446.8207453075,1.4114468207453075,2649.0548174005166,2692.2728820874295,0.9839473684207657
11710,BANCO DE LA CIUDAD DE BUENOS AIRES,LINK,Av. De Los Inmigrantes 1901,Retiro,Comuna 1,4,900-1200 m,900,1200,2686,1976025.5490442794,1.9760255490442793,1359.29416565444,2692.2728820874295,0.5048872180447487
11702,BANCO DE LA CIUDAD DE BUENOS AIRES,LINK,Av. De Los Inmigrantes 1901 esquina Av. Antártida,Retiro,Comuna 1,1,0-300 m,0,300,760,282289.36414897913,0.28228936414897915,2692.2728820874295,2692.2728820874295,1.0
11702,BANCO DE LA CIUDAD DE BUENOS AIRES,LINK,Av. De Los Inmigrantes 1901 esquina Av. Antártida,Retiro,Comuna 1,2,300-600 m,300,600,3159,846868.092447653,0.8468680924476529,3730.214927415353,2692.2728820874295,1.3855263157883033
11702,BANCO DE LA CIUDAD DE BUENOS AIRES,LINK,Av. De Los Inmigrantes 1901 esquina Av. Antártida,Retiro,Comuna 1,3,600-900 m,600,900,3812,1411446.8207453075,1.4114468207453075,2700.774796451128,2692.2728820874295,1.0031578947365494
11702,BANCO DE LA CIUDAD DE BUENOS AIRES,LINK,Av. De Los Inmigrantes 1901 esquina Av. Antártida,Retiro,Comuna 1,4,900-1200 m,900,1200,2611,1976025.5490442794,1.9760255490442793,1321.339190813009,2692.2728820874295,0.49078947368385656
11723,BANCO DE LA NACION ARGENTINA,LINK,Av. De Los Inmigrantes 2048,Retiro,Comuna 1,1,0-300 m,0,300,1360,282289.36414897913,0.28228936414897915,4817.751473209084,4817.751473209084,1.0
11723,BANCO DE LA NACION ARGENTINA,LINK,Av. De Los Inmigrantes 2048,Retiro,Comuna 1,2,300-600 m,300,600,3436,846868.092447653,0.8468680924476529,4057.302466159909,4817.751473209084,0.8421568627443866
11723,BANCO DE LA NACION ARGENTINA,LINK,Av. De Los Inmigrantes 2048,Retiro,Comuna 1,3,600-900 m,600,900,4042,1411446.8207453075,1.4114468207453075,2863.728155103741,4817.751473209084,0.594411764705709
11723,BANCO DE LA NACION ARGENTINA,LINK,Av. De Los Inmigrantes 2048,Retiro,Comuna 1,4,900-1200 m,900,1200,2753,1976025.5490442794,1.9760255490442793,1393.200609846118,4817.751473209084,0.289180672268699
11394,BANCO DE LA NACION ARGENTINA,LINK,Av. De Mayo 1464,Monserrat,Comuna 1,1,0-300 m,0,300,2709,282289.36414897913,0.28228936414897915,9596.535838914271,9596.535838914271,1.0
11394,BANCO DE LA NACION ARGENTINA,LINK,Av. De Mayo 1464,Monserrat,Comuna 1,2,300-600 m,300,600,6556,846868.092447653,0.8468680924476529,7741.465357434331,9596.535838914271,0.8066937369256135
11394,BANCO DE LA NACION ARGENTINA,LINK,Av. De Mayo 1464,Monserrat,Comuna 1,3,600-900 m,600,900,14666,1411446.8207453075,1.4114468207453075,10390.756339127032,9596.535838914271,1.082761166481781
11394,BANCO DE LA NACION ARGENTINA,LINK,Av. De Mayo 1464,Monserrat,Comuna 1,4,900-1200 m,900,1200,20969,1976025.5490442794,1.9760255490442793,10611.704899332817,9596.535838914271,1.1057849496379726
11388,BANCO DE LA CIUDAD DE BUENOS AIRES,LINK,Av. De Mayo 525,Monserrat,Comuna 1,1,0-300 m,0,300,3888,282289.36414897913,0.28228936414897915,13773.101270468323,13773.101270468323,1.0
11388,BANCO DE LA CIUDAD DE BUENOS AIRES,LINK,Av. De Mayo 525,Monserrat,Comuna 1,2,300-600 m,300,600,5331,846868.092447653,0.8468680924476529,6294.959094033316,13773.101270468323,0.4570473251024945
11388,BANCO DE LA CIUDAD DE BUENOS AIRES,LINK,Av. De Mayo 525,Monserrat,Comuna 1,3,600-900 m,600,900,12916,1411446.8207453075,1.4114468207453075,9150.893827639762,13773.101270468323,0.6644032921808761
11388,BANCO DE LA CIUDAD DE BUENOS AIRES,LINK,Av. De Mayo 525,Monserrat,Comuna 1,4,900-1200 m,900,1200,17045,1976025.5490442794,1.9760255490442793,8625.900615629162,13773.101270468323,0.626286008230001
11383,BANCO DE LA CIUDAD DE BUENOS AIRES,LINK,Av. De Mayo S/N esquina Bernardo De Yrigoyen piso,S/D,,1,0-300 m,0,300,3043,282289.36414897913,0.28228936414897915,10779.718921305326,10779.718921305326,1.0
11383,BANCO DE LA CIUDAD DE BUENOS AIRES,LINK,Av. De Mayo S/N esquina Bernardo De Yrigoyen piso,S/D,,2,300-600 m,300,600,6728,846868.092447653,0.8468680924476529,7944.566645030229,10779.718921305326,0.7369920035046901
11383,BANCO DE LA CIUDAD DE BUENOS AIRES,LINK,Av. De Mayo S/N esquina Bernardo De Yrigoyen piso,S/D,,3,600-900 m,600,900,17469,1411446.8207453075,1.4114468207453075,12376.661836097786,10779.718921305326,1.1481432796578972
11383,BANCO DE LA CIUDAD DE BUENOS AIRES,LINK,Av. De Mayo S/N esquina Bernardo De Yrigoyen piso,S/D,,4,900-1200 m,900,1200,19093,1976025.5490442794,1.9760255490442793,9662.32446196583,10779.718921305326,0.896342894699133
11663,BANCO DE LA CIUDAD DE BUENOS AIRES,LINK,Av. Díaz Velez 5044,Caballito,Comuna 6,1,0-300 m,0,300,1790,282289.36414897913,0.28228936414897915,6341.011130179604,6341.011130179604,1.0
11663,BANCO DE LA CIUDAD DE BUENOS AIRES,LINK,Av. Díaz Velez 5044,Caballito,Comuna 6,2,300-600 m,300,600,3519,846868.092447653,0.8468680924476529,4155.310645639324,6341.011130179604,0.6553072625692786
11663,BANCO DE LA CIUDAD DE BUENOS AIRES,LINK,Av. Díaz Velez 5044,Caballito,Comuna 6,3,600-900 m,600,900,6789,1411446.8207453075,1.4114468207453075,4809.958051706902,6341.011130179604,0.7585474860332981
11663,BANCO DE LA CIUDAD DE BUENOS AIRES,LINK,Av. Díaz Velez 5044,Caballito,Comuna 6,4,900-1200 m,900,1200,9064,1976025.5490442794,1.9760255490442793,4586.985226169711,6341.011130179604,0.7233838786906195
11666,BANCO DE LA CIUDAD DE BUENOS AIRES,LINK,Av. Directorio 1251,Caballito,Comuna 6,1,0-300 m,0,300,1268,282289.36414897913,0.28228936414897915,4491.844755903764,4491.844755903764,1.0
11666,BANCO DE LA CIUDAD DE BUENOS AIRES,LINK,Av. Directorio 1251,Caballito,Comuna 6,2,300-600 m,300,600,3478,846868.092447653,0.8468680924476529,4106.8969666193725,4491.844755903764,0.9143007360665252
11666,BANCO DE LA CIUDAD DE BUENOS AIRES,LINK,Av. Directorio 1251,Caballito,Comuna 6,3,600-900 m,600,900,5136,1411446.8207453075,1.4114468207453075,3638.819347999212,4491.844755903764,0.8100946372237385
11666,BANCO DE LA CIUDAD DE BUENOS AIRES,LINK,Av. Directorio 1251,Caballito,Comuna 6,4,900-1200 m,900,1200,10099,1976025.5490442794,1.9760255490442793,5110.763878981455,4491.844755903764,1.1377872915719598
10982,CABAL COOP. LTDA.,LINK,Av. Donato Alvarez 2137,Paternal,Comuna 15,1,0-300 m,0,300,1203,282289.36414897913,0.28228936414897915,4261.584575198918,4261.584575198918,1.0
10982,CABAL COOP. LTDA.,LINK,Av. Donato Alvarez 2137,Paternal,Comuna 15,2,300-600 m,300,600,2483,846868.092447653,0.8468680924476529,2931.9796343058947,4261.584575198918,0.6880022166799397
10982,CABAL COOP. LTDA.,LINK,Av. Donato Alvarez 2137,Paternal,Comuna 15,3,600-900 m,600,900,4222,1411446.8207453075,1.4114468207453075,2991.256870571003,4261.584575198918,0.7019118869490887
10982,CABAL COOP. LTDA.,LINK,Av. Donato Alvarez 2137,Paternal,Comuna 15,4,900-1200 m,900,1200,3937,1976025.5490442794,1.9760255490442793,1992.3831460095048,4261.584575198918,0.46752167201011285
11215,CABAL COOP. LTDA.,LINK,Av. Dr. Honorio Pueyrredón 1891,Villa Crespo,Comuna 15,1,0-300 m,0,300,839,282289.36414897913,0.28228936414897915,2972.127563251781,2972.127563251781,1.0
11215,CABAL COOP. LTDA.,LINK,Av. Dr. Honorio Pueyrredón 1891,Villa Crespo,Comuna 15,2,300-600 m,300,600,2138,846868.092447653,0.8468680924476529,2524.5962376745883,2972.127563251781,0.8494239173612211
11215,CABAL COOP. LTDA.,LINK,Av. Dr. Honorio Pueyrredón 1891,Villa Crespo,Comuna 15,3,600-900 m,600,900,4607,1411446.8207453075,1.4114468207453075,3264.0266230982024,2972.127563251781,1.0982121573298345
11215,CABAL COOP. LTDA.,LINK,Av. Dr. Honorio Pueyrredón 1891,Villa Crespo,Comuna 15,4,900-1200 m,900,1200,6552,1976025.5490442794,1.9760255490442793,3315.74660214739,2972.127563251781,1.1156138259825088
11774,BANCO DE LA CIUDAD DE BUENOS AIRES,LINK,Av. Elcano 3174,Colegiales,Comuna 13,1,0-300 m,0,300,700,282289.36414897913,0.28228936414897915,2479.725022975264,2479.725022975264,1.0
11774,BANCO DE LA CIUDAD DE BUENOS AIRES,LINK,Av. Elcano 3174,Colegiales,Comuna 13,2,300-600 m,300,600,1650,846868.092447653,0.8468680924476529,1948.3553751932043,2479.725022975264,0.7857142857136219
11774,BANCO DE LA CIUDAD DE BUENOS AIRES,LINK,Av. Elcano 3174,Colegiales,Comuna 13,3,600-900 m,600,900,3295,1411446.8207453075,1.4114468207453075,2334.483985914603,2479.725022975264,0.9414285714282968
11774,BANCO DE LA CIUDAD DE BUENOS AIRES,LINK,Av. Elcano 3174,Colegiales,Comuna 13,4,900-1200 m,900,1200,5688,1976025.5490442794,1.9760255490442793,2878.505291974108,2479.725022975264,1.160816326529775
11203,CABAL COOP. LTDA.,LINK,Av. Entre Ríos 1062,Constitucion,Comuna 1,1,0-300 m,0,300,2882,282289.36414897913,0.28228936414897915,10209.382166021016,10209.382166021016,1.0
11203,CABAL COOP. LTDA.,LINK,Av. Entre Ríos 1062,Constitucion,Comuna 1,2,300-600 m,300,600,6498,846868.092447653,0.8468680924476529,7672.9777139426915,10209.382166021016,0.7515614156829181
11203,CABAL COOP. LTDA.,LINK,Av. Entre Ríos 1062,Constitucion,Comuna 1,3,600-900 m,600,900,9725,1411446.8207453075,1.4114468207453075,6890.093099550688,10209.382166021016,0.674878556557749
11203,CABAL COOP. LTDA.,LINK,Av. Entre Ríos 1062,Constitucion,Comuna 1,4,900-1200 m,900,1200,13379,1976025.5490442794,1.9760255490442793,6770.661445380027,10209.382166021016,0.663180331118784
11200,BANCO DE LA NACION ARGENTINA,LINK,Av. Entre Ríos 1201,San Cristobal,Comuna 3,1,0-300 m,0,300,3032,282289.36414897913,0.28228936414897915,10740.75181380143,10740.75181380143,1.0
11200,BANCO DE LA NACION ARGENTINA,LINK,Av. Entre Ríos 1201,San Cristobal,Comuna 3,2,300-600 m,300,600,6140,846868.092447653,0.8468680924476529,7250.243638597742,10740.75181380143,0.675021987686325
11200,BANCO DE LA NACION ARGENTINA,LINK,Av. Entre Ríos 1201,San Cristobal,Comuna 3,3,600-900 m,600,900,9733,1411446.8207453075,1.4114468207453075,6895.7610424603445,10740.75181380143,0.6420184696568049
11200,BANCO DE LA NACION ARGENTINA,LINK,Av. Entre Ríos 1201,San Cristobal,Comuna 3,4,900-1200 m,900,1200,15419,1976025.5490442794,1.9760255490442793,7803.036761066943,10740.75181380143,0.7264888805121033
11199,BANCO PIANO S.A.,LINK,Av. Entre Rios 1238,Constitucion,Comuna 1,1,0-300 m,0,300,3237,282289.36414897913,0.28228936414897915,11466.956999101329,11466.956999101329,1.0
11199,BANCO PIANO S.A.,LINK,Av. Entre Rios 1238,Constitucion,Comuna 1,2,300-600 m,300,600,6058,846868.092447653,0.8468680924476529,7153.416280557837,11466.956999101329,0.6238286479245064
11199,BANCO PIANO S.A.,LINK,Av. Entre Rios 1238,Constitucion,Comuna 1,3,600-900 m,600,900,9752,1411446.8207453075,1.4114468207453075,6909.222406870777,11466.956999101329,0.6025332097619497
11199,BANCO PIANO S.A.,LINK,Av. Entre Rios 1238,Constitucion,Comuna 1,4,900-1200 m,900,1200,15971,1976025.5490442794,1.9760255490442793,8082.385375899873,11466.956999101329,0.7048413433950519
11675,BANCO DE LA CIUDAD DE BUENOS AIRES,LINK,Av. Entre Ríos 1492 esquina Pavon,Constitucion,Comuna 1,1,0-300 m,0,300,2288,282289.36414897913,0.28228936414897915,8105.1583608105775,8105.1583608105775,1.0
11675,BANCO DE LA CIUDAD DE BUENOS AIRES,LINK,Av. Entre Ríos 1492 esquina Pavon,Constitucion,Comuna 1,2,300-600 m,300,600,5798,846868.092447653,0.8468680924476529,6846.402706284968,8105.1583608105775,0.844696969696256
11675,BANCO DE LA CIUDAD DE BUENOS AIRES,LINK,Av. Entre Ríos 1492 esquina Pavon,Constitucion,Comuna 1,3,600-900 m,600,900,10068,1411446.8207453075,1.4114468207453075,7133.106151802193,8105.1583608105775,0.8800699300696734
11675,BANCO DE LA CIUDAD DE BUENOS AIRES,LINK,Av. Entre Ríos 1492 esquina Pavon,Constitucion,Comuna 1,4,900-1200 m,900,1200,16664,1976025.5490442794,1.9760255490442793,8433.089343434693,8105.1583608105775,1.04045954045879
11681,BANCO DE LA NACION ARGENTINA,LINK,Av. España 2591,Boca,Comuna 4,1,0-300 m,0,300,25,282289.36414897913,0.28228936414897915,88.56160796340228,88.56160796340228,1.0
11681,BANCO DE LA NACION ARGENTINA,LINK,Av. España 2591,Boca,Comuna 4,2,300-600 m,300,600,121,846868.092447653,0.8468680924476529,142.87939418083496,88.56160796340228,1.6133333333319702
11681,BANCO DE LA NACION ARGENTINA,LINK,Av. España 2591,Boca,Comuna 4,3,600-900 m,600,900,436,1411446.8207453075,1.4114468207453075,308.90288857625706,88.56160796340228,3.4879999999989826
11681,BANCO DE LA NACION ARGENTINA,LINK,Av. España 2591,Boca,Comuna 4,4,900-1200 m,900,1200,1768,1976025.5490442794,1.9760255490442793,894.7252735953275,88.56160796340228,10.102857142849857
11680,CABAL COOP. LTDA.,LINK,Av. España 3091,Boca,Comuna 4,1,0-300 m,0,300,34,282289.36414897913,0.28228936414897915,120.44378683022711,120.44378683022711,1.0
11680,CABAL COOP. LTDA.,LINK,Av. España 3091,Boca,Comuna 4,2,300-600 m,300,600,28,846868.092447653,0.8468680924476529,33.06300030630892,120.44378683022711,0.2745098039213367
11680,CABAL COOP. LTDA.,LINK,Av. España 3091,Boca,Comuna 4,3,600-900 m,600,900,10,1411446.8207453075,1.4114468207453075,7.084928637070116,120.44378683022711,0.058823529411747545
11680,CABAL COOP. LTDA.,LINK,Av. España 3091,Boca,Comuna 4,4,900-1200 m,900,1200,48,1976025.5490442794,1.9760255490442793,24.29118389851568,120.44378683022711,0.2016806722687621
11523,BANCO DE LA NACION ARGENTINA,LINK,"Av. Eva Perón 2616, entre Varela y Arrotea",Flores,Comuna 7,1,0-300 m,0,300,1139,282289.36414897913,0.28228936414897915,4034.8668588126084,4034.8668588126084,1.0
11523,BANCO DE LA NACION ARGENTINA,LINK,"Av. Eva Perón 2616, entre Varela y Arrotea",Flores,Comuna 7,2,300-600 m,300,600,3302,846868.092447653,0.8468680924476529,3899.0723932654305,4034.8668588126084,0.966344746853149
11523,BANCO DE LA NACION ARGENTINA,LINK,"Av. Eva Perón 2616, entre Varela y Arrotea",Flores,Comuna 7,3,600-900 m,600,900,4012,1411446.8207453075,1.4114468207453075,2842.4733691925308,4034.8668588126084,0.704477611940093
11523,BANCO DE LA NACION ARGENTINA,LINK,"Av. Eva Perón 2616, entre Varela y Arrotea",Flores,Comuna 7,4,900-1200 m,900,1200,5813,1976025.5490442794,1.9760255490442793,2941.7635833764925,4034.8668588126084,0.729085664115867
10981,CABAL COOP. LTDA.,LINK,Av. Eva Perón 4735,Parque Avellaneda,Comuna 9,1,0-300 m,0,300,1290,282289.36414897913,0.28228936414897915,4569.778970911558,4569.778970911558,1.0
10981,CABAL COOP. LTDA.,LINK,Av. Eva Perón 4735,Parque Avellaneda,Comuna 9,2,300-600 m,300,600,2744,846868.092447653,0.8468680924476529,3240.174030018274,4569.778970911558,0.7090439276479799
10981,CABAL COOP. LTDA.,LINK,Av. Eva Perón 4735,Parque Avellaneda,Comuna 9,3,600-900 m,600,900,3304,1411446.8207453075,1.4114468207453075,2340.860421687966,4569.778970911558,0.5122480620153544
10981,CABAL COOP. LTDA.,LINK,Av. Eva Perón 4735,Parque Avellaneda,Comuna 9,4,900-1200 m,900,1200,3730,1976025.5490442794,1.9760255490442793,1887.6274154471557,4569.778970911558,0.4130675526021384
10980,BANCO DE LA PROVINCIA DE BUENOS AIRES,LINK,Av. Eva Perón 4834/36,Parque Avellaneda,Comuna 9,1,0-300 m,0,300,1390,282289.36414897913,0.28228936414897915,4924.025402765167,4924.025402765167,1.0
10980,BANCO DE LA PROVINCIA DE BUENOS AIRES,LINK,Av. Eva Perón 4834/36,Parque Avellaneda,Comuna 9,2,300-600 m,300,600,2440,846868.092447653,0.8468680924476529,2881.20431240692,4924.025402765167,0.5851318944839181
10980,BANCO DE LA PROVINCIA DE BUENOS AIRES,LINK,Av. Eva Perón 4834/36,Parque Avellaneda,Comuna 9,3,600-900 m,600,900,3608,1411446.8207453075,1.4114468207453075,2556.242252254898,4924.025402765167,0.5191366906473306
10980,BANCO DE LA PROVINCIA DE BUENOS AIRES,LINK,Av. Eva Perón 4834/36,Parque Avellaneda,Comuna 9,4,900-1200 m,900,1200,3957,1976025.5490442794,1.9760255490442793,2002.5044726338863,4924.025402765167,0.4066803699894292
11216,BANCO DE LA NACION ARGENTINA,LINK,Av. Fco. Beiró 5252,Villa Devoto,Comuna 11,1,0-300 m,0,300,909,282289.36414897913,0.28228936414897915,3220.100065549307,3220.100065549307,1.0
11216,BANCO DE LA NACION ARGENTINA,LINK,Av. Fco. Beiró 5252,Villa Devoto,Comuna 11,2,300-600 m,300,600,1750,846868.092447653,0.8468680924476529,2066.4375191443073,3220.100065549307,0.6417308397500995
11216,BANCO DE LA NACION ARGENTINA,LINK,Av. Fco. Beiró 5252,Villa Devoto,Comuna 11,3,600-900 m,600,900,2792,1411446.8207453075,1.4114468207453075,1978.1120754699764,3220.100065549307,0.6143014301428351
11216,BANCO DE LA NACION ARGENTINA,LINK,Av. Fco. Beiró 5252,Villa Devoto,Comuna 11,4,900-1200 m,900,1200,2463,1976025.5490442794,1.9760255490442793,1246.4413737925856,3220.100065549307,0.38708156529910787
11434,BANCO DE LA CIUDAD DE BUENOS AIRES,LINK,Av. Fco. Beiró 5327,Villa Real,Comuna 10,1,0-300 m,0,300,864,282289.36414897913,0.28228936414897915,3060.6891712151833,3060.6891712151833,1.0
11434,BANCO DE LA CIUDAD DE BUENOS AIRES,LINK,Av. Fco. Beiró 5327,Villa Real,Comuna 10,2,300-600 m,300,600,1896,846868.092447653,0.8468680924476529,2238.837449312918,3060.6891712151833,0.7314814814808633
11434,BANCO DE LA CIUDAD DE BUENOS AIRES,LINK,Av. Fco. Beiró 5327,Villa Real,Comuna 10,3,600-900 m,600,900,2323,1411446.8207453075,1.4114468207453075,1645.828922391388,3060.6891712151833,0.5377314814813245
11434,BANCO DE LA CIUDAD DE BUENOS AIRES,LINK,Av. Fco. Beiró 5327,Villa Real,Comuna 10,4,900-1200 m,900,1200,2477,1976025.5490442794,1.9760255490442793,1253.5263024296528,3060.6891712151833,0.4095568783065829
11091,CABAL COOP. LTDA.,LINK,Av. F. De La Cruz 3314,Villa Soldati,Comuna 8,1,0-300 m,0,300,1336,282289.36414897913,0.28228936414897915,4732.732329564218,4732.732329564218,1.0
11091,CABAL COOP. LTDA.,LINK,Av. F. De La Cruz 3314,Villa Soldati,Comuna 8,2,300-600 m,300,600,3354,846868.092447653,0.8468680924476529,3960.4751081200043,4732.732329564218,0.8368263473046822
11091,CABAL COOP. LTDA.,LINK,Av. F. De La Cruz 3314,Villa Soldati,Comuna 8,3,600-900 m,600,900,3919,1411446.8207453075,1.4114468207453075,2776.5835328677786,4732.732329564218,0.5866766467064157
11091,CABAL COOP. LTDA.,LINK,Av. F. De La Cruz 3314,Villa Soldati,Comuna 8,4,900-1200 m,900,1200,3774,1976025.5490442794,1.9760255490442793,1909.8943340207952,4732.732329564218,0.40355004277130857
11772,BANCO DE LA NACION ARGENTINA,LINK,Av. Federico Lacroze 2668,Colegiales,Comuna 13,1,0-300 m,0,300,996,282289.36414897913,0.28228936414897915,3528.294461261947,3528.294461261947,1.0
11772,BANCO DE LA NACION ARGENTINA,LINK,Av. Federico Lacroze 2668,Colegiales,Comuna 13,2,300-600 m,300,600,4178,846868.092447653,0.8468680924476529,4933.471974277095,3528.294461261947,1.3982597054874397
11772,BANCO DE LA NACION ARGENTINA,LINK,Av. Federico Lacroze 2668,Colegiales,Comuna 13,3,600-900 m,600,900,4163,1411446.8207453075,1.4114468207453075,2949.4557916122894,3528.294461261947,0.8359437751001577
11772,BANCO DE LA NACION ARGENTINA,LINK,Av. Federico Lacroze 2668,Colegiales,Comuna 13,4,900-1200 m,900,1200,6173,1976025.5490442794,1.9760255490442793,3123.94746261536,3528.294461261947,0.8853987378077378
11770,CABAL COOP. LTDA.,LINK,Av. Federico Lacroze 3763,Chacarita,Comuna 15,1,0-300 m,0,300,1343,282289.36414897913,0.28228936414897915,4757.529579793971,4757.529579793971,1.0
11770,CABAL COOP. LTDA.,LINK,Av. Federico Lacroze 3763,Chacarita,Comuna 15,2,300-600 m,300,600,4369,846868.092447653,0.8468680924476529,5159.008869223702,4757.529579793971,1.0843881856530924
11770,CABAL COOP. LTDA.,LINK,Av. Federico Lacroze 3763,Chacarita,Comuna 15,3,600-900 m,600,900,4596,1411446.8207453075,1.4114468207453075,3256.2332015974252,4757.529579793971,0.684437825763017
11770,CABAL COOP. LTDA.,LINK,Av. Federico Lacroze 3763,Chacarita,Comuna 15,4,900-1200 m,900,1200,5240,1976025.5490442794,1.9760255490442793,2651.7875755879613,4757.529579793971,0.55738751196641
11769,BANCO DE LA PROVINCIA DE BUENOS AIRES,LINK,Av. Federico Lacroze 3960,Chacarita,Comuna 15,1,0-300 m,0,300,1847,282289.36414897913,0.28228936414897915,6542.931596336161,6542.931596336161,1.0
11769,BANCO DE LA PROVINCIA DE BUENOS AIRES,LINK,Av. Federico Lacroze 3960,Chacarita,Comuna 15,2,300-600 m,300,600,3263,846868.092447653,0.8468680924476529,3853.0203571245,6542.931596336161,0.5888828731270968
11769,BANCO DE LA PROVINCIA DE BUENOS AIRES,LINK,Av. Federico Lacroze 3960,Chacarita,Comuna 15,3,600-900 m,600,900,4469,1411446.8207453075,1.4114468207453075,3166.254607906635,6542.931596336161,0.4839198700594149
11769,BANCO DE LA PROVINCIA DE BUENOS AIRES,LINK,Av. Federico Lacroze 3960,Chacarita,Comuna 15,4,900-1200 m,900,1200,5427,1976025.5490442794,1.9760255490442793,2746.4219795259287,6542.931596336161,0.41975404130219546
10956,CABAL COOP. LTDA.,LINK,Av. Figueroa Alcorta 7597,Belgrano,Comuna 13,1,0-300 m,0,300,640,282289.36414897913,0.28228936414897915,2267.1771638630985,2267.1771638630985,1.0
10956,CABAL COOP. LTDA.,LINK,Av. Figueroa Alcorta 7597,Belgrano,Comuna 13,2,300-600 m,300,600,427,846868.092447653,0.8468680924476529,504.210754671211,2267.1771638630985,0.22239583333314544
10956,CABAL COOP. LTDA.,LINK,Av. Figueroa Alcorta 7597,Belgrano,Comuna 13,3,600-900 m,600,900,2129,1411446.8207453075,1.4114468207453075,1508.3813068322277,2267.1771638630985,0.6653124999998059
10956,CABAL COOP. LTDA.,LINK,Av. Figueroa Alcorta 7597,Belgrano,Comuna 13,4,900-1200 m,900,1200,3083,1976025.5490442794,1.9760255490442793,1560.2024991484132,2267.1771638630985,0.6881696428566465
11766,BANCO DE LA NACION ARGENTINA,LINK,Av. Forest 488,Chacarita,Comuna 15,1,0-300 m,0,300,2284,282289.36414897913,0.28228936414897915,8090.988503536433,8090.988503536433,1.0
11766,BANCO DE LA NACION ARGENTINA,LINK,Av. Forest 488,Chacarita,Comuna 15,2,300-600 m,300,600,3125,846868.092447653,0.8468680924476529,3690.0669984719775,8090.988503536433,0.4560712200813426
11766,BANCO DE LA NACION ARGENTINA,LINK,Av. Forest 488,Chacarita,Comuna 15,3,600-900 m,600,900,4124,1411446.8207453075,1.4114468207453075,2921.824569927716,8090.988503536433,0.3611208406303675
11766,BANCO DE LA NACION ARGENTINA,LINK,Av. Forest 488,Chacarita,Comuna 15,4,900-1200 m,900,1200,5106,1976025.5490442794,1.9760255490442793,2583.9746872046053,8090.988503536433,0.319364523392314
11655,BANCO DE LA PROVINCIA DE BUENOS AIRES,LINK,Av. Gaona 1142,Caballito,Comuna 6,1,0-300 m,0,300,1269,282289.36414897913,0.28228936414897915,4495.3872202223,4495.3872202223,1.0
11655,BANCO DE LA PROVINCIA DE BUENOS AIRES,LINK,Av. Gaona 1142,Caballito,Comuna 6,2,300-600 m,300,600,3323,846868.092447653,0.8468680924476529,3923.869643495162,4495.3872202223,0.872865773574256
11655,BANCO DE LA PROVINCIA DE BUENOS AIRES,LINK,Av. Gaona 1142,Caballito,Comuna 6,3,600-900 m,600,900,5147,1411446.8207453075,1.4114468207453075,3646.6127694999886,4495.3872202223,0.8111899133173363
11655,BANCO DE LA PROVINCIA DE BUENOS AIRES,LINK,Av. Gaona 1142,Caballito,Comuna 6,4,900-1200 m,900,1200,7236,1976025.5490442794,1.9760255490442793,3661.8959727012384,4495.3872202223,0.8145896656529079
11660,BANCO DE LA NACION ARGENTINA,LINK,Av. Gaona 1800,Caballito,Comuna 6,1,0-300 m,0,300,812,282289.36414897913,0.28228936414897915,2876.4810266513064,2876.4810266513064,1.0
11660,BANCO DE LA NACION ARGENTINA,LINK,Av. Gaona 1800,Caballito,Comuna 6,2,300-600 m,300,600,1839,846868.092447653,0.8468680924476529,2171.5306272607895,2876.4810266513064,0.7549261083737464
11660,BANCO DE LA NACION ARGENTINA,LINK,Av. Gaona 1800,Caballito,Comuna 6,3,600-900 m,600,900,4005,1411446.8207453075,1.4114468207453075,2837.5139191465814,2876.4810266513064,0.9864532019701555
11660,BANCO DE LA NACION ARGENTINA,LINK,Av. Gaona 1800,Caballito,Comuna 6,4,900-1200 m,900,1200,6928,1976025.5490442794,1.9760255490442793,3506.027542685763,2876.4810266513064,1.2188599577753347
11662,BANCO DE LA NACION ARGENTINA,LINK,Av. Gaona 2197,Caballito,Comuna 6,1,0-300 m,0,300,560,282289.36414897913,0.28228936414897915,1983.7800183802112,1983.7800183802112,1.0
11662,BANCO DE LA NACION ARGENTINA,LINK,Av. Gaona 2197,Caballito,Comuna 6,2,300-600 m,300,600,2274,846868.092447653,0.8468680924476529,2685.1879534480886,1983.7800183802112,1.353571428570285
11662,BANCO DE LA NACION ARGENTINA,LINK,Av. Gaona 2197,Caballito,Comuna 6,3,600-900 m,600,900,3729,1411446.8207453075,1.4114468207453075,2641.9698887634463,1983.7800183802112,1.3317857142853258
11662,BANCO DE LA NACION ARGENTINA,LINK,Av. Gaona 2197,Caballito,Comuna 6,4,900-1200 m,900,1200,7073,1976025.5490442794,1.9760255490442793,3579.407160712529,1983.7800183802112,1.804336734692576
11525,NUEVO BCO. INDUSTRIAL DE AZUL S.A.,LINK,Av. Gaona 3755,Villa Santa Rita,Comuna 11,1,0-300 m,0,300,814,282289.36414897913,0.28228936414897915,2883.5659552883785,2883.5659552883785,1.0
11525,NUEVO BCO. INDUSTRIAL DE AZUL S.A.,LINK,Av. Gaona 3755,Villa Santa Rita,Comuna 11,2,300-600 m,300,600,2858,846868.092447653,0.8468680924476529,3374.787674122532,2883.5659552883785,1.1703521703511814
11525,NUEVO BCO. INDUSTRIAL DE AZUL S.A.,LINK,Av. Gaona 3755,Villa Santa Rita,Comuna 11,3,600-900 m,600,900,5227,1411446.8207453075,1.4114468207453075,3703.29219859655,2883.5659552883785,1.2842751842748097
11525,NUEVO BCO. INDUSTRIAL DE AZUL S.A.,LINK,Av. Gaona 3755,Villa Santa Rita,Comuna 11,4,900-1200 m,900,1200,7953,1976025.5490442794,1.9760255490442793,4024.7455321853163,2883.5659552883785,1.395752895751889
11717,BANCO DE LA NACION ARGENTINA,LINK,Av. Gendarmería Nacional 717,Retiro,Comuna 1,1,0-300 m,0,300,1278,282289.36414897913,0.28228936414897915,4527.269399089125,4527.269399089125,1.0
11717,BANCO DE LA NACION ARGENTINA,LINK,Av. Gendarmería Nacional 717,Retiro,Comuna 1,2,300-600 m,300,600,4887,846868.092447653,0.8468680924476529,5770.674374890417,4527.269399089125,1.2746478873228668
11717,BANCO DE LA NACION ARGENTINA,LINK,Av. Gendarmería Nacional 717,Retiro,Comuna 1,3,600-900 m,600,900,1200,1411446.8207453075,1.4114468207453075,850.1914364484139,4527.269399089125,0.18779342722999218
11717,BANCO DE LA NACION ARGENTINA,LINK,Av. Gendarmería Nacional 717,Retiro,Comuna 1,4,900-1200 m,900,1200,2953,1976025.5490442794,1.9760255490442793,1494.4138760899332,4527.269399089125,0.33009166107733845
11007,BANCO DE LA CIUDAD DE BUENOS AIRES,LINK,Av. Gral. Las Heras 1601,Recoleta,Comuna 2,1,0-300 m,0,300,1485,282289.36414897913,0.28228936414897915,5260.559513026096,5260.559513026096,1.0
11007,BANCO DE LA CIUDAD DE BUENOS AIRES,LINK,Av. Gral. Las Heras 1601,Recoleta,Comuna 2,2,300-600 m,300,600,6193,846868.092447653,0.8468680924476529,7312.827174891827,5260.559513026096,1.3901234567889489
11007,BANCO DE LA CIUDAD DE BUENOS AIRES,LINK,Av. Gral. Las Heras 1601,Recoleta,Comuna 2,3,600-900 m,600,900,9037,1411446.8207453075,1.4114468207453075,6402.650009320264,5260.559513026096,1.217104377104022
11007,BANCO DE LA CIUDAD DE BUENOS AIRES,LINK,Av. Gral. Las Heras 1601,Recoleta,Comuna 2,4,900-1200 m,900,1200,13452,1976025.5490442794,1.9760255490442793,6807.604287559019,5260.559513026096,1.2940836940827607
11005,BANCO DE LA NACION ARGENTINA,LINK,"Av. Gral, Las Heras 2111",Recoleta,Comuna 2,1,0-300 m,0,300,2085,282289.36414897913,0.28228936414897915,7386.03810414775,7386.03810414775,1.0
11005,BANCO DE LA NACION ARGENTINA,LINK,"Av. Gral, Las Heras 2111",Recoleta,Comuna 2,2,300-600 m,300,600,4732,846868.092447653,0.8468680924476529,5587.647051766207,7386.03810414775,0.7565147881688253
11005,BANCO DE LA NACION ARGENTINA,LINK,"Av. Gral, Las Heras 2111",Recoleta,Comuna 2,3,600-900 m,600,900,7609,1411446.8207453075,1.4114468207453075,5390.922199946652,7386.03810414775,0.7298800959230486
11005,BANCO DE LA NACION ARGENTINA,LINK,"Av. Gral, Las Heras 2111",Recoleta,Comuna 2,4,900-1200 m,900,1200,11916,1976025.5490442794,1.9760255490442793,6030.286402806517,7386.03810414775,0.8164439876664203
11003,BANCO DE LA NACION ARGENTINA,LINK,Av. Gral. Las Heras 2111,Recoleta,Comuna 2,1,0-300 m,0,300,2039,282289.36414897913,0.28228936414897915,7223.084745495091,7223.084745495091,1.0
11003,BANCO DE LA NACION ARGENTINA,LINK,Av. Gral. Las Heras 2111,Recoleta,Comuna 2,2,300-600 m,300,600,4905,846868.092447653,0.8468680924476529,5791.9291608016165,7223.084745495091,0.8018636586555266
11003,BANCO DE LA NACION ARGENTINA,LINK,Av. Gral. Las Heras 2111,Recoleta,Comuna 2,3,600-900 m,600,900,7922,1411446.8207453075,1.4114468207453075,5612.680466286946,7223.084745495091,0.7770475723391553
11003,BANCO DE LA NACION ARGENTINA,LINK,Av. Gral. Las Heras 2111,Recoleta,Comuna 2,4,900-1200 m,900,1200,11747,1976025.5490442794,1.9760255490442793,5944.761192830493,7223.084745495091,0.8230224900155206
10996,NUEVO BCO. INDUSTRIAL DE AZUL S.A.,LINK,Av. Gral. Las Heras 2382,Recoleta,Comuna 2,1,0-300 m,0,300,1770,282289.36414897913,0.28228936414897915,6270.161843808882,6270.161843808882,1.0
10996,NUEVO BCO. INDUSTRIAL DE AZUL S.A.,LINK,Av. Gral. Las Heras 2382,Recoleta,Comuna 2,2,300-600 m,300,600,4154,846868.092447653,0.8468680924476529,4905.132259728831,6270.161843808882,0.7822975517884163
10996,NUEVO BCO. INDUSTRIAL DE AZUL S.A.,LINK,Av. Gral. Las Heras 2382,Recoleta,Comuna 2,3,600-900 m,600,900,6439,1411446.8207453075,1.4114468207453075,4561.985549409448,6270.161843808882,0.7275706214687144
10996,NUEVO BCO. INDUSTRIAL DE AZUL S.A.,LINK,Av. Gral. Las Heras 2382,Recoleta,Comuna 2,4,900-1200 m,900,1200,11326,1976025.5490442794,1.9760255490442793,5731.707267387262,6270.161843808882,0.9141242937846514
10993,BANCO DE LA CIUDAD DE BUENOS AIRES,LINK,"Av. Gral. Las Heras 2670, entre Austria y Tagle",Recoleta,Comuna 2,1,0-300 m,0,300,1553,282289.36414897913,0.28228936414897915,5501.44708668655,5501.44708668655,1.0
10993,BANCO DE LA CIUDAD DE BUENOS AIRES,LINK,"Av. Gral. Las Heras 2670, entre Austria y Tagle",Recoleta,Comuna 2,2,300-600 m,300,600,3125,846868.092447653,0.8468680924476529,3690.0669984719775,5501.44708668655,0.6707447950198239
10993,BANCO DE LA CIUDAD DE BUENOS AIRES,LINK,"Av. Gral. Las Heras 2670, entre Austria y Tagle",Recoleta,Comuna 2,3,600-900 m,600,900,5798,1411446.8207453075,1.4114468207453075,4107.841623773254,5501.44708668655,0.7466838377332013
10993,BANCO DE LA CIUDAD DE BUENOS AIRES,LINK,"Av. Gral. Las Heras 2670, entre Austria y Tagle",Recoleta,Comuna 2,4,900-1200 m,900,1200,8839,1976025.5490442794,1.9760255490442793,4473.120301645418,5501.44708668655,0.8130806733505311
11788,BANCO DE LA CIUDAD DE BUENOS AIRES,LINK,Av. Gral. Las Heras 3925,Palermo,Comuna 14,1,0-300 m,0,300,1386,282289.36414897913,0.28228936414897915,4909.855545491023,4909.855545491023,1.0
11788,BANCO DE LA CIUDAD DE BUENOS AIRES,LINK,Av. Gral. Las Heras 3925,Palermo,Comuna 14,2,300-600 m,300,600,4443,846868.092447653,0.8468680924476529,5246.389655747519,4909.855545491023,1.0685425685416658
11788,BANCO DE LA CIUDAD DE BUENOS AIRES,LINK,Av. Gral. Las Heras 3925,Palermo,Comuna 14,3,600-900 m,600,900,8345,1411446.8207453075,1.4114468207453075,5912.372947635012,4909.855545491023,1.2041847041843527
11788,BANCO DE LA CIUDAD DE BUENOS AIRES,LINK,Av. Gral. Las Heras 3925,Palermo,Comuna 14,4,900-1200 m,900,1200,11200,1976025.5490442794,1.9760255490442793,5667.942909653659,4909.855545491023,1.1544011544003219
11232,CABAL COOP. LTDA.,LINK,Av. Gral. Mosconi 2793,Villa Pueyrredon,Comuna 12,1,0-300 m,0,300,789,282289.36414897913,0.28228936414897915,2795.004347324976,2795.004347324976,1.0
11232,CABAL COOP. LTDA.,LINK,Av. Gral. Mosconi 2793,Villa Pueyrredon,Comuna 12,2,300-600 m,300,600,1765,846868.092447653,0.8468680924476529,2084.149840736973,2795.004347324976,0.7456696239959902
11232,CABAL COOP. LTDA.,LINK,Av. Gral. Mosconi 2793,Villa Pueyrredon,Comuna 12,3,600-900 m,600,900,2559,1411446.8207453075,1.4114468207453075,1813.0332382262427,2795.004347324976,0.6486692015207233
11232,CABAL COOP. LTDA.,LINK,Av. Gral. Mosconi 2793,Villa Pueyrredon,Comuna 12,4,900-1200 m,900,1200,3606,1976025.5490442794,1.9760255490442793,1824.8751903759903,2795.004347324976,0.652906029331414
11217,BANCO DE LA NACION ARGENTINA,LINK,Av. Gral. Mosconi 3581,Villa Devoto,Comuna 11,1,0-300 m,0,300,583,282289.36414897913,0.28228936414897915,2065.256697706541,2065.256697706541,1.0
11217,BANCO DE LA NACION ARGENTINA,LINK,Av. Gral. Mosconi 3581,Villa Devoto,Comuna 11,2,300-600 m,300,600,1779,846868.092447653,0.8468680924476529,2100.6813408901276,2065.256697706541,1.0171526586612334
11217,BANCO DE LA NACION ARGENTINA,LINK,Av. Gral. Mosconi 3581,Villa Devoto,Comuna 11,3,600-900 m,600,900,2338,1411446.8207453075,1.4114468207453075,1656.4563153469933,2065.256697706541,0.8020583190392172
11217,BANCO DE LA NACION ARGENTINA,LINK,Av. Gral. Mosconi 3581,Villa Devoto,Comuna 11,4,900-1200 m,900,1200,3172,1976025.5490442794,1.9760255490442793,1605.2424026269111,2065.256697706541,0.7772604753731224
11224,BANCO DE LA NACION ARGENTINA,LINK,Av. Gral. Mosconi 61,S/D,,1,0-300 m,0,300,770,282289.36414897913,0.28228936414897915,2727.6975252727902,2727.6975252727902,1.0
11224,BANCO DE LA NACION ARGENTINA,LINK,Av. Gral. Mosconi 61,S/D,,2,300-600 m,300,600,1849,846868.092447653,0.8468680924476529,2183.3388416558996,2727.6975252727902,0.8004329004322241
11224,BANCO DE LA NACION ARGENTINA,LINK,Av. Gral. Mosconi 61,S/D,,3,600-900 m,600,900,2764,1411446.8207453075,1.4114468207453075,1958.2742752861802,2727.6975252727902,0.7179220779218686
11224,BANCO DE LA NACION ARGENTINA,LINK,Av. Gral. Mosconi 61,S/D,,4,900-1200 m,900,1200,3362,1976025.5490442794,1.9760255490442793,1701.3950055585356,2727.6975252727902,0.6237476808900881
10977,BANCO DE LA NACION ARGENTINA,LINK,Av. Gral. Paz 12950,Mataderos,Comuna 9,1,0-300 m,0,300,513,282289.36414897913,0.28228936414897915,1817.284195409015,1817.284195409015,1.0
10977,BANCO DE LA NACION ARGENTINA,LINK,Av. Gral. Paz 12950,Mataderos,Comuna 9,2,300-600 m,300,600,1441,846868.092447653,0.8468680924476529,1701.5636943353984,1817.284195409015,0.9363222871986892
10977,BANCO DE LA NACION ARGENTINA,LINK,Av. Gral. Paz 12950,Mataderos,Comuna 9,3,600-900 m,600,900,1488,1411446.8207453075,1.4114468207453075,1054.2373811960333,1817.284195409015,0.5801169590641583
10977,BANCO DE LA NACION ARGENTINA,LINK,Av. Gral. Paz 12950,Mataderos,Comuna 9,4,900-1200 m,900,1200,2264,1976025.5490442794,1.9760255490442793,1145.7341738799894,1817.284195409015,0.6304650515172283
11225,BANCO DE LA NACION ARGENTINA,LINK,Av. Gral. Paz 1499,Saavedra,Comuna 12,1,0-300 m,0,300,278,282289.36414897913,0.28228936414897915,984.8050805530335,984.8050805530335,1.0
11225,BANCO DE LA NACION ARGENTINA,LINK,Av. Gral. Paz 1499,Saavedra,Comuna 12,2,300-600 m,300,600,808,846868.092447653,0.8468680924476529,954.1037231249146,984.8050805530335,0.9688249400471431
11225,BANCO DE LA NACION ARGENTINA,LINK,Av. Gral. Paz 1499,Saavedra,Comuna 12,3,600-900 m,600,900,1695,1411446.8207453075,1.4114468207453075,1200.8954039833848,984.8050805530335,1.219424460431299
11225,BANCO DE LA NACION ARGENTINA,LINK,Av. Gral. Paz 1499,Saavedra,Comuna 12,4,900-1200 m,900,1200,2157,1976025.5490442794,1.9760255490442793,1091.5850764395484,984.8050805530335,1.108427543678543
10963,BANCO DE LA NACION ARGENTINA,LINK,Av. Independencia 3599,Almagro,Comuna 5,1,0-300 m,0,300,1417,282289.36414897913,0.28228936414897915,5019.671939365641,5019.671939365641,1.0
10963,BANCO DE LA NACION ARGENTINA,LINK,Av. Independencia 3599,Almagro,Comuna 5,2,300-600 m,300,600,3779,846868.092447653,0.8468680924476529,4462.324219912193,5019.671939365641,0.8889673018105876
10963,BANCO DE LA NACION ARGENTINA,LINK,Av. Independencia 3599,Almagro,Comuna 5,3,600-900 m,600,900,7260,1411446.8207453075,1.4114468207453075,5143.658190512904,5019.671939365641,1.0247000705713314
10963,BANCO DE LA NACION ARGENTINA,LINK,Av. Independencia 3599,Almagro,Comuna 5,4,900-1200 m,900,1200,10375,1976025.5490442794,1.9760255490442793,5250.43818639792,5019.671939365641,1.0459723762468511
11382,BANCO DE LA CIUDAD DE BUENOS AIRES,LINK,Av. Independencia s/n esquina Lima piso -,S/D,,1,0-300 m,0,300,2470,282289.36414897913,0.28228936414897915,8749.886866784145,8749.886866784145,1.0
11382,BANCO DE LA CIUDAD DE BUENOS AIRES,LINK,Av. Independencia s/n esquina Lima piso -,S/D,,2,300-600 m,300,600,4946,846868.092447653,0.8468680924476529,5840.342839821568,8749.886866784145,0.667476383265293
11382,BANCO DE LA CIUDAD DE BUENOS AIRES,LINK,Av. Independencia s/n esquina Lima piso -,S/D,,3,600-900 m,600,900,10957,1411446.8207453075,1.4114468207453075,7762.956307637726,8749.886866784145,0.8872064777325348
11382,BANCO DE LA CIUDAD DE BUENOS AIRES,LINK,Av. Independencia s/n esquina Lima piso -,S/D,,4,900-1200 m,900,1200,19095,1976025.5490442794,1.9760255490442793,9663.336594628268,8749.886866784145,1.104395604394808
11089,BANCO DE LA CIUDAD DE BUENOS AIRES,LINK,Av. Int. Fco. Rabanal 3220 esquina Pergamino,Villa Soldati,Comuna 8,1,0-300 m,0,300,679,282289.36414897913,0.28228936414897915,2405.333272286006,2405.333272286006,1.0
11089,BANCO DE LA CIUDAD DE BUENOS AIRES,LINK,Av. Int. Fco. Rabanal 3220 esquina Pergamino,Villa Soldati,Comuna 8,2,300-600 m,300,600,2098,846868.092447653,0.8468680924476529,2477.363380094147,2405.333272286006,1.029945999017294
11089,BANCO DE LA CIUDAD DE BUENOS AIRES,LINK,Av. Int. Fco. Rabanal 3220 esquina Pergamino,Villa Soldati,Comuna 8,3,600-900 m,600,900,2734,1411446.8207453075,1.4114468207453075,1937.0194893749697,2405.333272286006,0.8053019145800302
11089,BANCO DE LA CIUDAD DE BUENOS AIRES,LINK,Av. Int. Fco. Rabanal 3220 esquina Pergamino,Villa Soldati,Comuna 8,4,900-1200 m,900,1200,2642,1976025.5490442794,1.9760255490442793,1337.0272470808004,2405.333272286006,0.5558594571845349
11656,BANCO DE LA CIUDAD DE BUENOS AIRES,LINK,Av. José M. Moreno 362,Caballito,Comuna 6,1,0-300 m,0,300,1374,282289.36414897913,0.28228936414897915,4867.34597366859,4867.34597366859,1.0
11656,BANCO DE LA CIUDAD DE BUENOS AIRES,LINK,Av. José M. Moreno 362,Caballito,Comuna 6,2,300-600 m,300,600,4861,846868.092447653,0.8468680924476529,5739.97301746313,4867.34597366859,1.1792819019883292
11656,BANCO DE LA CIUDAD DE BUENOS AIRES,LINK,Av. José M. Moreno 362,Caballito,Comuna 6,3,600-900 m,600,900,8230,1411446.8207453075,1.4114468207453075,5830.896268308706,4867.34597366859,1.1979621542936825
11656,BANCO DE LA CIUDAD DE BUENOS AIRES,LINK,Av. José M. Moreno 362,Caballito,Comuna 6,4,900-1200 m,900,1200,9603,1976025.5490442794,1.9760255490442793,4859.754978696793,4867.34597366859,0.9984404242038961
10978,BANCO DE LA CIUDAD DE BUENOS AIRES,LINK,Av. Juan B. Alberdi 5759,Mataderos,Comuna 9,1,0-300 m,0,300,950,282289.36414897913,0.28228936414897915,3365.3411026092867,3365.3411026092867,1.0
10978,BANCO DE LA CIUDAD DE BUENOS AIRES,LINK,Av. Juan B. Alberdi 5759,Mataderos,Comuna 9,2,300-600 m,300,600,2150,846868.092447653,0.8468680924476529,2538.766094948721,3365.3411026092867,0.7543859649116434
10978,BANCO DE LA CIUDAD DE BUENOS AIRES,LINK,Av. Juan B. Alberdi 5759,Mataderos,Comuna 9,3,600-900 m,600,900,3387,1411446.8207453075,1.4114468207453075,2399.6653293756485,3365.3411026092867,0.7130526315787394
10978,BANCO DE LA CIUDAD DE BUENOS AIRES,LINK,Av. Juan B. Alberdi 5759,Mataderos,Comuna 9,4,900-1200 m,900,1200,4323,1976025.5490442794,1.9760255490442793,2187.724749860068,3365.3411026092867,0.650075187969456
10976,CABAL COOP. LTDA.,LINK,Av. Juan B. Alberdi 5984,Mataderos,Comuna 9,1,0-300 m,0,300,976,282289.36414897913,0.28228936414897915,3457.445174891225,3457.445174891225,1.0
10976,CABAL COOP. LTDA.,LINK,Av. Juan B. Alberdi 5984,Mataderos,Comuna 9,2,300-600 m,300,600,2154,846868.092447653,0.8468680924476529,2543.4893807067647,3457.445174891225,0.7356557377042965
10976,CABAL COOP. LTDA.,LINK,Av. Juan B. Alberdi 5984,Mataderos,Comuna 9,3,600-900 m,600,900,3448,1411446.8207453075,1.4114468207453075,2442.883394061776,3457.445174891225,0.7065573770489743
10976,CABAL COOP. LTDA.,LINK,Av. Juan B. Alberdi 5984,Mataderos,Comuna 9,4,900-1200 m,900,1200,4218,1976025.5490442794,1.9760255490442793,2134.5877850820652,3457.445174891225,0.6173887587817561
10979,BANCO DE LA PROVINCIA DE BUENOS AIRES,LINK,Av. Juan B. Alberdi 6299,Mataderos,Comuna 9,1,0-300 m,0,300,1213,282289.36414897913,0.28228936414897915,4297.009218384279,4297.009218384279,1.0
10979,BANCO DE LA PROVINCIA DE BUENOS AIRES,LINK,Av. Juan B. Alberdi 6299,Mataderos,Comuna 9,2,300-600 m,300,600,2185,846868.092447653,0.8468680924476529,2580.094845331607,4297.009218384279,0.6004396812306002
10979,BANCO DE LA PROVINCIA DE BUENOS AIRES,LINK,Av. Juan B. Alberdi 6299,Mataderos,Comuna 9,3,600-900 m,600,900,3149,1411446.8207453075,1.4114468207453075,2231.0440278133797,4297.009218384279,0.5192085737838552
10979,BANCO DE LA PROVINCIA DE BUENOS AIRES,LINK,Av. Juan B. Alberdi 6299,Mataderos,Comuna 9,4,900-1200 m,900,1200,4124,1976025.5490442794,1.9760255490442793,2087.017549947472,4297.009218384279,0.485690731362269
10973,BANCO DE LA NACION ARGENTINA,LINK,Av. Juan B. Alberdi 6502,Mataderos,Comuna 9,1,0-300 m,0,300,1206,282289.36414897913,0.28228936414897915,4272.211968154526,4272.211968154526,1.0
10973,BANCO DE LA NACION ARGENTINA,LINK,Av. Juan B. Alberdi 6502,Mataderos,Comuna 9,2,300-600 m,300,600,2099,846868.092447653,0.8468680924476529,2478.544201533658,4272.211968154526,0.5801547816468288
10973,BANCO DE LA NACION ARGENTINA,LINK,Av. Juan B. Alberdi 6502,Mataderos,Comuna 9,3,600-900 m,600,900,2995,1411446.8207453075,1.4114468207453075,2121.9361268025,4272.211968154526,0.49668325041444883
10973,BANCO DE LA NACION ARGENTINA,LINK,Av. Juan B. Alberdi 6502,Mataderos,Comuna 9,4,900-1200 m,900,1200,4161,1976025.5490442794,1.9760255490442793,2105.742004202578,4272.211968154526,0.4928926794594881
10975,BANCO DE LA CIUDAD DE BUENOS AIRES,LINK,Av. Juan B. Alberdi 6601,Mataderos,Comuna 9,1,0-300 m,0,300,1148,282289.36414897913,0.28228936414897915,4066.749037679433,4066.749037679433,1.0
10975,BANCO DE LA CIUDAD DE BUENOS AIRES,LINK,Av. Juan B. Alberdi 6601,Mataderos,Comuna 9,2,300-600 m,300,600,2016,846868.092447653,0.8468680924476529,2380.5360220542425,4066.749037679433,0.5853658536580421
10975,BANCO DE LA CIUDAD DE BUENOS AIRES,LINK,Av. Juan B. Alberdi 6601,Mataderos,Comuna 9,3,600-900 m,600,900,3183,1411446.8207453075,1.4114468207453075,2255.132785179418,4066.749037679433,0.5545296167245769
10975,BANCO DE LA CIUDAD DE BUENOS AIRES,LINK,Av. Juan B. Alberdi 6601,Mataderos,Comuna 9,4,900-1200 m,900,1200,4185,1976025.5490442794,1.9760255490442793,2117.8875961518356,4066.749037679433,0.5207814833246617
11422,CABAL COOP. LTDA.,LINK,Av. Juan B. Justo 9200,Liniers,Comuna 9,1,0-300 m,0,300,1004,282289.36414897913,0.28228936414897915,3556.634175810236,3556.634175810236,1.0
11422,CABAL COOP. LTDA.,LINK,Av. Juan B. Justo 9200,Liniers,Comuna 9,2,300-600 m,300,600,1082,846868.092447653,0.8468680924476529,1277.6487975509376,3556.634175810236,0.35922974767565935
11422,CABAL COOP. LTDA.,LINK,Av. Juan B. Justo 9200,Liniers,Comuna 9,3,600-900 m,600,900,2966,1411446.8207453075,1.4114468207453075,2101.3898337549963,3556.634175810236,0.5908366533862818
11422,CABAL COOP. LTDA.,LINK,Av. Juan B. Justo 9200,Liniers,Comuna 9,4,900-1200 m,900,1200,6159,1976025.5490442794,1.9760255490442793,3116.862533978293,3556.634175810236,0.8763517359128569
11677,BANCO DE LA CIUDAD DE BUENOS AIRES,LINK,Av. Juan De Garay 1151 piso 1 SS,S/D,,1,0-300 m,0,300,7970,282289.36414897913,0.28228936414897915,28233.44061873265,28233.44061873265,1.0
11677,BANCO DE LA CIUDAD DE BUENOS AIRES,LINK,Av. Juan De Garay 1151 piso 1 SS,S/D,,2,300-600 m,300,600,8395,846868.092447653,0.8468680924476529,9912.99598469512,28233.44061873265,0.3511083228771605
11677,BANCO DE LA CIUDAD DE BUENOS AIRES,LINK,Av. Juan De Garay 1151 piso 1 SS,S/D,,3,600-900 m,600,900,8435,1411446.8207453075,1.4114468207453075,5976.137305368643,28233.44061873265,0.2116687578418454
11677,BANCO DE LA CIUDAD DE BUENOS AIRES,LINK,Av. Juan De Garay 1151 piso 1 SS,S/D,,4,900-1200 m,900,1200,11513,1976025.5490442794,1.9760255490442793,5826.341671325229,28233.44061873265,0.2063631475173274
11405,BANCO DE LA NACION ARGENTINA,LINK,Av. Julio A. Roca 609,Monserrat,Comuna 1,1,0-300 m,0,300,2674,282289.36414897913,0.28228936414897915,9472.549587765508,9472.549587765508,1.0
11405,BANCO DE LA NACION ARGENTINA,LINK,Av. Julio A. Roca 609,Monserrat,Comuna 1,2,300-600 m,300,600,7283,846868.092447653,0.8468680924476529,8599.922543958852,9472.549587765508,0.9078783345791381
11405,BANCO DE LA NACION ARGENTINA,LINK,Av. Julio A. Roca 609,Monserrat,Comuna 1,3,600-900 m,600,900,9700,1411446.8207453075,1.4114468207453075,6872.380777958013,9472.549587765508,0.7255048616303045
11405,BANCO DE LA NACION ARGENTINA,LINK,Av. Julio A. Roca 609,Monserrat,Comuna 1,4,900-1200 m,900,1200,19813,1976025.5490442794,1.9760255490442793,10026.692220443565,9472.549587765508,1.058499839725703
11397,BANCO DE LA NACION ARGENTINA,LINK,Av. Julio A. Roca 651,Monserrat,Comuna 1,1,0-300 m,0,300,2007,282289.36414897913,0.28228936414897915,7109.7258873019355,7109.7258873019355,1.0
11397,BANCO DE LA NACION ARGENTINA,LINK,Av. Julio A. Roca 651,Monserrat,Comuna 1,2,300-600 m,300,600,8341,846868.092447653,0.8468680924476529,9849.231626961526,7109.7258873019355,1.3853180534783183
11397,BANCO DE LA NACION ARGENTINA,LINK,Av. Julio A. Roca 651,Monserrat,Comuna 1,3,600-900 m,600,900,9899,1411446.8207453075,1.4114468207453075,7013.370857835708,7109.7258873019355,0.9864474339807785
11397,BANCO DE LA NACION ARGENTINA,LINK,Av. Julio A. Roca 651,Monserrat,Comuna 1,4,900-1200 m,900,1200,19399,1976025.5490442794,1.9760255490442793,9817.180759318868,7109.7258873019355,1.3808100220646315
11385,BANCO DE LA NACION ARGENTINA,LINK,Av. Julio A. Roca 738,Monserrat,Comuna 1,1,0-300 m,0,300,1863,282289.36414897913,0.28228936414897915,6599.611025432739,6599.611025432739,1.0
11385,BANCO DE LA NACION ARGENTINA,LINK,Av. Julio A. Roca 738,Monserrat,Comuna 1,2,300-600 m,300,600,7706,846868.092447653,0.8468680924476529,9099.41001287202,6599.611025432739,1.3787797459283395
11385,BANCO DE LA NACION ARGENTINA,LINK,Av. Julio A. Roca 738,Monserrat,Comuna 1,3,600-900 m,600,900,12052,1411446.8207453075,1.4114468207453075,8538.755993396904,6599.611025432739,1.2938271604934497
11385,BANCO DE LA NACION ARGENTINA,LINK,Av. Julio A. Roca 738,Monserrat,Comuna 1,4,900-1200 m,900,1200,15715,1976025.5490442794,1.9760255490442793,7952.832395107789,6599.611025432739,1.2050456253346111
11402,BANCO DE LA NACION ARGENTINA,LINK,Av. Julio A Roca 782 piso 1,S/D,,1,0-300 m,0,300,1852,282289.36414897913,0.28228936414897915,6560.643917928842,6560.643917928842,1.0
11402,BANCO DE LA NACION ARGENTINA,LINK,Av. Julio A Roca 782 piso 1,S/D,,2,300-600 m,300,600,6640,846868.092447653,0.8468680924476529,7840.654358353258,6560.643917928842,1.1951043916476585
11402,BANCO DE LA NACION ARGENTINA,LINK,Av. Julio A Roca 782 piso 1,S/D,,3,600-900 m,600,900,13554,1411446.8207453075,1.4114468207453075,9602.912274684835,6560.643917928842,1.4637149028073482
11402,BANCO DE LA NACION ARGENTINA,LINK,Av. Julio A Roca 782 piso 1,S/D,,4,900-1200 m,900,1200,13982,1976025.5490442794,1.9760255490442793,7075.81944310513,6560.643917928842,1.0785251465589258
11090,BANCO DE LA PROVINCIA DE BUENOS AIRES,LINK,Av. Lafuente 2862,Villa Soldati,Comuna 8,1,0-300 m,0,300,883,282289.36414897913,0.28228936414897915,3127.9959932673687,3127.9959932673687,1.0
11090,BANCO DE LA PROVINCIA DE BUENOS AIRES,LINK,Av. Lafuente 2862,Villa Soldati,Comuna 8,2,300-600 m,300,600,2376,846868.092447653,0.8468680924476529,2805.6317402782142,3127.9959932673687,0.8969422423548482
11090,BANCO DE LA PROVINCIA DE BUENOS AIRES,LINK,Av. Lafuente 2862,Villa Soldati,Comuna 8,3,600-900 m,600,900,3683,1411446.8207453075,1.4114468207453075,2609.379217032924,3127.9959932673687,0.8342015855037205
11090,BANCO DE LA PROVINCIA DE BUENOS AIRES,LINK,Av. Lafuente 2862,Villa Soldati,Comuna 8,4,900-1200 m,900,1200,3966,1976025.5490442794,1.9760255490442793,2007.059069614858,3127.9959932673687,0.6416437469660475
11430,CABAL COOP. LTDA.,LINK,Av. La Plata 1437,Parque Chacabuco,Comuna 7,1,0-300 m,0,300,1088,282289.36414897913,0.28228936414897915,3854.2011785672676,3854.2011785672676,1.0
11430,CABAL COOP. LTDA.,LINK,Av. La Plata 1437,Parque Chacabuco,Comuna 7,2,300-600 m,300,600,2904,846868.092447653,0.8468680924476529,3429.1054603400394,3854.2011785672676,0.8897058823521895
11430,CABAL COOP. LTDA.,LINK,Av. La Plata 1437,Parque Chacabuco,Comuna 7,3,600-900 m,600,900,5404,1411446.8207453075,1.4114468207453075,3828.695435472691,3854.2011785672676,0.9933823529408867
11430,CABAL COOP. LTDA.,LINK,Av. La Plata 1437,Parque Chacabuco,Comuna 7,4,900-1200 m,900,1200,7274,1976025.5490442794,1.9760255490442793,3681.1264932875633,3854.2011785672676,0.9550945378144371
10967,BANCO DE LA NACION ARGENTINA,LINK,"Av. La Plata 1455, entre Pavón y Av Juan De Garay",Parque Chacabuco,Comuna 7,1,0-300 m,0,300,1068,282289.36414897913,0.28228936414897915,3783.3518921965456,3783.3518921965456,1.0
10967,BANCO DE LA NACION ARGENTINA,LINK,"Av. La Plata 1455, entre Pavón y Av Juan De Garay",Parque Chacabuco,Comuna 7,2,300-600 m,300,600,2890,846868.092447653,0.8468680924476529,3412.573960186885,3783.3518921965456,0.9019975031203366
10967,BANCO DE LA NACION ARGENTINA,LINK,"Av. La Plata 1455, entre Pavón y Av Juan De Garay",Parque Chacabuco,Comuna 7,3,600-900 m,600,900,5325,1411446.8207453075,1.4114468207453075,3772.724499239837,3783.3518921965456,0.9971910112356642
10967,BANCO DE LA NACION ARGENTINA,LINK,"Av. La Plata 1455, entre Pavón y Av Juan De Garay",Parque Chacabuco,Comuna 7,4,900-1200 m,900,1200,7318,1976025.5490442794,1.9760255490442793,3703.393411861203,3783.3518921965456,0.9788657035840987
10966,BANCO DE LA NACION ARGENTINA,LINK,"Av. La Plata 1455, entre Pavón y Av. Juan De Garay",Parque Chacabuco,Comuna 7,1,0-300 m,0,300,1061,282289.36414897913,0.28228936414897915,3758.554641966793,3758.554641966793,1.0
10966,BANCO DE LA NACION ARGENTINA,LINK,"Av. La Plata 1455, entre Pavón y Av. Juan De Garay",Parque Chacabuco,Comuna 7,2,300-600 m,300,600,2906,846868.092447653,0.8468680924476529,3431.4671032190613,3758.554641966793,0.9129751806464168
10966,BANCO DE LA NACION ARGENTINA,LINK,"Av. La Plata 1455, entre Pavón y Av. Juan De Garay",Parque Chacabuco,Comuna 7,3,600-900 m,600,900,5304,1411446.8207453075,1.4114468207453075,3757.84614910199,3758.554641966793,0.9998114985859478
10966,BANCO DE LA NACION ARGENTINA,LINK,"Av. La Plata 1455, entre Pavón y Av. Juan De Garay",Parque Chacabuco,Comuna 7,4,900-1200 m,900,1200,7323,1976025.5490442794,1.9760255490442793,3705.923743517298,3758.554641966793,0.9859970378342154
10884,CABAL COOP. LTDA.,LINK,Av. La Plata 2428,Nueva Pompeya,Comuna 4,1,0-300 m,0,300,1086,282289.36414897913,0.28228936414897915,3847.1162499301954,3847.1162499301954,1.0
10884,CABAL COOP. LTDA.,LINK,Av. La Plata 2428,Nueva Pompeya,Comuna 4,2,300-600 m,300,600,2402,846868.092447653,0.8468680924476529,2836.333097705501,3847.1162499301954,0.7372621240018327
10884,CABAL COOP. LTDA.,LINK,Av. La Plata 2428,Nueva Pompeya,Comuna 4,3,600-900 m,600,900,3939,1411446.8207453075,1.4114468207453075,2790.7533901419188,3847.1162499301954,0.7254143646406723
10884,CABAL COOP. LTDA.,LINK,Av. La Plata 2428,Nueva Pompeya,Comuna 4,4,900-1200 m,900,1200,6731,1976025.5490442794,1.9760255490442793,3406.332475435605,3847.1162499301954,0.8854248881866805
11659,BANCO DE LA NACION ARGENTINA,LINK,Av. La Plata 739,Caballito,Comuna 6,1,0-300 m,0,300,1465,282289.36414897913,0.28228936414897915,5189.710226655374,5189.710226655374,1.0
11659,BANCO DE LA NACION ARGENTINA,LINK,Av. La Plata 739,Caballito,Comuna 6,2,300-600 m,300,600,4357,846868.092447653,0.8468680924476529,5144.83901194957,5189.710226655374,0.9913538111481954
11659,BANCO DE LA NACION ARGENTINA,LINK,Av. La Plata 739,Caballito,Comuna 6,3,600-900 m,600,900,6308,1411446.8207453075,1.4114468207453075,4469.17298426383,5189.710226655374,0.8611604095560629
11659,BANCO DE LA NACION ARGENTINA,LINK,Av. La Plata 739,Caballito,Comuna 6,4,900-1200 m,900,1200,8392,1976025.5490442794,1.9760255490442793,4246.908651590491,5189.710226655374,0.818332520721009
11714,BANCO DE LA CIUDAD DE BUENOS AIRES,LINK,Av. Leandro N. Alem 1051,Retiro,Comuna 1,1,0-300 m,0,300,1384,282289.36414897913,0.28228936414897915,4902.770616853951,4902.770616853951,1.0
11714,BANCO DE LA CIUDAD DE BUENOS AIRES,LINK,Av. Leandro N. Alem 1051,Retiro,Comuna 1,2,300-600 m,300,600,5922,846868.092447653,0.8468680924476529,6992.824564784337,4902.770616853951,1.426300578033477
11714,BANCO DE LA CIUDAD DE BUENOS AIRES,LINK,Av. Leandro N. Alem 1051,Retiro,Comuna 1,3,600-900 m,600,900,8179,1411446.8207453075,1.4114468207453075,5794.763132259648,4902.770616853951,1.1819364161846262
11714,BANCO DE LA CIUDAD DE BUENOS AIRES,LINK,Av. Leandro N. Alem 1051,Retiro,Comuna 1,4,900-1200 m,900,1200,11097,1976025.5490442794,1.9760255490442793,5615.818077538093,4902.770616853951,1.1454376548298921
11703,BANCO DE LA CIUDAD DE BUENOS AIRES,LINK,Av. Leandro N. Alem s/n esquina Av. Corrientes,S/D,,1,0-300 m,0,300,2539,282289.36414897913,0.28228936414897915,8994.316904763136,8994.316904763136,1.0
11703,BANCO DE LA CIUDAD DE BUENOS AIRES,LINK,Av. Leandro N. Alem s/n esquina Av. Corrientes,S/D,,2,300-600 m,300,600,5610,846868.092447653,0.8468680924476529,6624.408275656894,8994.316904763136,0.7365104371793698
11703,BANCO DE LA CIUDAD DE BUENOS AIRES,LINK,Av. Leandro N. Alem s/n esquina Av. Corrientes,S/D,,3,600-900 m,600,900,10093,1411446.8207453075,1.4114468207453075,7150.818473394868,8994.316904763136,0.7950374163054003
11703,BANCO DE LA CIUDAD DE BUENOS AIRES,LINK,Av. Leandro N. Alem s/n esquina Av. Corrientes,S/D,,4,900-1200 m,900,1200,10930,1976025.5490442794,1.9760255490442793,5531.305000224507,8994.316904763136,0.6149777752766621
10974,BANCO DE LA PROVINCIA DE BUENOS AIRES,LINK,Av. Lisandro De La Torre 2406,Mataderos,Comuna 9,1,0-300 m,0,300,596,282289.36414897913,0.28228936414897915,2111.3087338475107,2111.3087338475107,1.0
10974,BANCO DE LA PROVINCIA DE BUENOS AIRES,LINK,Av. Lisandro De La Torre 2406,Mataderos,Comuna 9,2,300-600 m,300,600,1412,846868.092447653,0.8468680924476529,1667.3198725895784,2111.3087338475107,0.7897091722588405
10974,BANCO DE LA PROVINCIA DE BUENOS AIRES,LINK,Av. Lisandro De La Torre 2406,Mataderos,Comuna 9,3,600-900 m,600,900,2249,1411446.8207453075,1.4114468207453075,1593.4004504770692,2111.3087338475107,0.754697986576961
10974,BANCO DE LA PROVINCIA DE BUENOS AIRES,LINK,Av. Lisandro De La Torre 2406,Mataderos,Comuna 9,4,900-1200 m,900,1200,4992,1976025.5490442794,1.9760255490442793,2526.2831254456305,2111.3087338475107,1.1965484180240649
11800,BANCO DE LA NACION ARGENTINA,LINK,Av. Luis M. Campos 726,Palermo,Comuna 14,1,0-300 m,0,300,938,282289.36414897913,0.28228936414897915,3322.831530786854,3322.831530786854,1.0
11800,BANCO DE LA NACION ARGENTINA,LINK,Av. Luis M. Campos 726,Palermo,Comuna 14,2,300-600 m,300,600,2421,846868.092447653,0.8468680924476529,2858.7687050562104,3322.831530786854,0.8603411513852006
11800,BANCO DE LA NACION ARGENTINA,LINK,Av. Luis M. Campos 726,Palermo,Comuna 14,3,600-900 m,600,900,5293,1411446.8207453075,1.4114468207453075,3750.0527276012126,3322.831530786854,1.1285714285710995
11800,BANCO DE LA NACION ARGENTINA,LINK,Av. Luis M. Campos 726,Palermo,Comuna 14,4,900-1200 m,900,1200,5243,1976025.5490442794,1.9760255490442793,2653.3057745816186,3322.831530786854,0.7985074626859912
11781,BANCO DE LA NACION ARGENTINA,LINK,Av. Luis M. Campos 813,Palermo,Comuna 14,1,0-300 m,0,300,1092,282289.36414897913,0.28228936414897915,3868.371035841412,3868.371035841412,1.0
11781,BANCO DE LA NACION ARGENTINA,LINK,Av. Luis M. Campos 813,Palermo,Comuna 14,2,300-600 m,300,600,2255,846868.092447653,0.8468680924476529,2662.752346097379,3868.371035841412,0.6883394383388567
11781,BANCO DE LA NACION ARGENTINA,LINK,Av. Luis M. Campos 813,Palermo,Comuna 14,3,600-900 m,600,900,5450,1411446.8207453075,1.4114468207453075,3861.2861072032133,3868.371035841412,0.998168498168207
11781,BANCO DE LA NACION ARGENTINA,LINK,Av. Luis M. Campos 813,Palermo,Comuna 14,4,900-1200 m,900,1200,4747,1976025.5490442794,1.9760255490442793,2402.296874296957,3868.371035841412,0.621009942438066
11699,BANCO DE LA CIUDAD DE BUENOS AIRES,LINK,Av. Macacha Guemes s/n,S/D,,1,0-300 m,0,300,290,282289.36414897913,0.28228936414897915,1027.3146523754665,1027.3146523754665,1.0
11699,BANCO DE LA CIUDAD DE BUENOS AIRES,LINK,Av. Macacha Guemes s/n,S/D,,2,300-600 m,300,600,2233,846868.092447653,0.8468680924476529,2636.7742744281363,1027.3146523754665,2.5666666666644984
11699,BANCO DE LA CIUDAD DE BUENOS AIRES,LINK,Av. Macacha Guemes s/n,S/D,,3,600-900 m,600,900,3594,1411446.8207453075,1.4114468207453075,2546.323352163,1027.3146523754665,2.47862068965445
11699,BANCO DE LA CIUDAD DE BUENOS AIRES,LINK,Av. Macacha Guemes s/n,S/D,,4,900-1200 m,900,1200,10841,1976025.5490442794,1.9760255490442793,5486.2650967460095,1027.3146523754665,5.340394088666099
11510,BANCO DE LA CIUDAD DE BUENOS AIRES,LINK,Av. Martín García 350,Boca,Comuna 4,1,0-300 m,0,300,1507,282289.36414897913,0.28228936414897915,5338.49372803389,5338.49372803389,1.0
11510,BANCO DE LA CIUDAD DE BUENOS AIRES,LINK,Av. Martín García 350,Boca,Comuna 4,2,300-600 m,300,600,4296,846868.092447653,0.8468680924476529,5072.808904139397,5338.49372803389,0.9502322495015196
11510,BANCO DE LA CIUDAD DE BUENOS AIRES,LINK,Av. Martín García 350,Boca,Comuna 4,3,600-900 m,600,900,6613,1411446.8207453075,1.4114468207453075,4685.263307694468,5338.49372803389,0.8776376907761209
11510,BANCO DE LA CIUDAD DE BUENOS AIRES,LINK,Av. Martín García 350,Boca,Comuna 4,4,900-1200 m,900,1200,10249,1976025.5490442794,1.9760255490442793,5186.673828664317,5338.49372803389,0.9715612854291978
11501,BANCO DE LA CIUDAD DE BUENOS AIRES,LINK,Av. Martín García 574,Barracas,Comuna 4,1,0-300 m,0,300,1556,282289.36414897913,0.28228936414897915,5512.074479642159,5512.074479642159,1.0
11501,BANCO DE LA CIUDAD DE BUENOS AIRES,LINK,Av. Martín García 574,Barracas,Comuna 4,2,300-600 m,300,600,3503,846868.092447653,0.8468680924476529,4136.417502607148,5512.074479642159,0.7504284490139332
11501,BANCO DE LA CIUDAD DE BUENOS AIRES,LINK,Av. Martín García 574,Barracas,Comuna 4,3,600-900 m,600,900,6593,1411446.8207453075,1.4114468207453075,4671.093450420328,5512.074479642159,0.8474293059123492
11501,BANCO DE LA CIUDAD DE BUENOS AIRES,LINK,Av. Martín García 574,Barracas,Comuna 4,4,900-1200 m,900,1200,13143,1976025.5490442794,1.9760255490442793,6651.229791212324,5512.074479642159,1.2066654425257546
11502,BANCO DE LA NACION ARGENTINA,LINK,Av. Martín García 878,Barracas,Comuna 4,1,0-300 m,0,300,1457,282289.36414897913,0.28228936414897915,5161.370512107085,5161.370512107085,1.0
11502,BANCO DE LA NACION ARGENTINA,LINK,Av. Martín García 878,Barracas,Comuna 4,2,300-600 m,300,600,3132,846868.092447653,0.8468680924476529,3698.332748548555,5161.370512107085,0.7165408373363885
11502,BANCO DE LA NACION ARGENTINA,LINK,Av. Martín García 878,Barracas,Comuna 4,3,600-900 m,600,900,6125,1411446.8207453075,1.4114468207453075,4339.518790205446,5161.370512107085,0.840768702813756
11502,BANCO DE LA NACION ARGENTINA,LINK,Av. Martín García 878,Barracas,Comuna 4,4,900-1200 m,900,1200,11117,1976025.5490442794,1.9760255490442793,5625.939404162475,5161.370512107085,1.0900088243937622
10961,BANCO DE LA CIUDAD DE BUENOS AIRES,LINK,Av. Monroe 3555,Coghlan,Comuna 12,1,0-300 m,0,300,1053,282289.36414897913,0.28228936414897915,3730.2149274185044,3730.2149274185044,1.0
10961,BANCO DE LA CIUDAD DE BUENOS AIRES,LINK,Av. Monroe 3555,Coghlan,Comuna 12,2,300-600 m,300,600,1824,846868.092447653,0.8468680924476529,2153.818305668124,3730.2149274185044,0.5773979107307563
10961,BANCO DE LA CIUDAD DE BUENOS AIRES,LINK,Av. Monroe 3555,Coghlan,Comuna 12,3,600-900 m,600,900,3047,1411446.8207453075,1.4114468207453075,2158.7777557152644,3730.2149274185044,0.5787274453939433
10961,BANCO DE LA CIUDAD DE BUENOS AIRES,LINK,Av. Monroe 3555,Coghlan,Comuna 12,4,900-1200 m,900,1200,4958,1976025.5490442794,1.9760255490442793,2509.076870184182,3730.2149274185044,0.6726360059688542
10957,BANCO DE LA NACION ARGENTINA,LINK,Av. Monroe 3640,Belgrano,Comuna 13,1,0-300 m,0,300,987,282289.36414897913,0.28228936414897915,3496.4122823951225,3496.4122823951225,1.0
10957,BANCO DE LA NACION ARGENTINA,LINK,Av. Monroe 3640,Belgrano,Comuna 13,2,300-600 m,300,600,1700,846868.092447653,0.8468680924476529,2007.396447168756,3496.4122823951225,0.5741303613639188
10957,BANCO DE LA NACION ARGENTINA,LINK,Av. Monroe 3640,Belgrano,Comuna 13,3,600-900 m,600,900,3157,1411446.8207453075,1.4114468207453075,2236.711970723036,3496.4122823951225,0.639716312056551
10957,BANCO DE LA NACION ARGENTINA,LINK,Av. Monroe 3640,Belgrano,Comuna 13,4,900-1200 m,900,1200,4623,1976025.5490442794,1.9760255490442793,2339.544649225791,3496.4122823951225,0.6691272253577457
11498,BANCO DE LA NACION ARGENTINA,LINK,Av. Montes De Oca 1699,Barracas,Comuna 4,1,0-300 m,0,300,1266,282289.36414897913,0.28228936414897915,4484.759827266692,4484.759827266692,1.0
11498,BANCO DE LA NACION ARGENTINA,LINK,Av. Montes De Oca 1699,Barracas,Comuna 4,2,300-600 m,300,600,2654,846868.092447653,0.8468680924476529,3133.9001004622814,4484.759827266692,0.6987888362290042
11498,BANCO DE LA NACION ARGENTINA,LINK,Av. Montes De Oca 1699,Barracas,Comuna 4,3,600-900 m,600,900,3360,1411446.8207453075,1.4114468207453075,2380.536022055559,4484.759827266692,0.5308056872036366
11498,BANCO DE LA NACION ARGENTINA,LINK,Av. Montes De Oca 1699,Barracas,Comuna 4,4,900-1200 m,900,1200,4277,1976025.5490442794,1.9760255490442793,2164.4456986239907,4484.759827266692,0.48262243285905154
11503,BANCO DE LA CIUDAD DE BUENOS AIRES,LINK,Av. Montes De Oca 40,Barracas,Comuna 4,1,0-300 m,0,300,2381,282289.36414897913,0.28228936414897915,8434.607542434434,8434.607542434434,1.0
11503,BANCO DE LA CIUDAD DE BUENOS AIRES,LINK,Av. Montes De Oca 40,Barracas,Comuna 4,2,300-600 m,300,600,8723,846868.092447653,0.8468680924476529,10300.30541685474,8434.607542434434,1.2211955760874464
11503,BANCO DE LA CIUDAD DE BUENOS AIRES,LINK,Av. Montes De Oca 40,Barracas,Comuna 4,3,600-900 m,600,900,11236,1411446.8207453075,1.4114468207453075,7960.625816611982,8434.607542434434,0.9438051238972467
11503,BANCO DE LA CIUDAD DE BUENOS AIRES,LINK,Av. Montes De Oca 40,Barracas,Comuna 4,4,900-1200 m,900,1200,10886,1976025.5490442794,1.9760255490442793,5509.038081650869,8434.607542434434,0.6531469370607876
11500,BANCO DE LA PROVINCIA DE BUENOS AIRES,LINK,Av. Montes De Oca 873,Barracas,Comuna 4,1,0-300 m,0,300,1639,282289.36414897913,0.28228936414897915,5806.099018080654,5806.099018080654,1.0
11500,BANCO DE LA PROVINCIA DE BUENOS AIRES,LINK,Av. Montes De Oca 873,Barracas,Comuna 4,2,300-600 m,300,600,3384,846868.092447653,0.8468680924476529,3995.899751305335,5806.099018080654,0.6882245271501202
11500,BANCO DE LA PROVINCIA DE BUENOS AIRES,LINK,Av. Montes De Oca 873,Barracas,Comuna 4,3,600-900 m,600,900,4588,1411446.8207453075,1.4114468207453075,3250.5652586877695,5806.099018080654,0.5598535692493791
11500,BANCO DE LA PROVINCIA DE BUENOS AIRES,LINK,Av. Montes De Oca 873,Barracas,Comuna 4,4,900-1200 m,900,1200,5624,1976025.5490442794,1.9760255490442793,2846.117046776087,5806.099018080654,0.49019436938864674
11233,BANCO DE LA NACION ARGENTINA,LINK,Av. Nazca 1914,Villa Santa Rita,Comuna 11,1,0-300 m,0,300,1036,282289.36414897913,0.28228936414897915,3669.9930340033907,3669.9930340033907,1.0
11233,BANCO DE LA NACION ARGENTINA,LINK,Av. Nazca 1914,Villa Santa Rita,Comuna 11,2,300-600 m,300,600,2746,846868.092447653,0.8468680924476529,3242.535672897296,3669.9930340033907,0.8835263835256371
11233,BANCO DE LA NACION ARGENTINA,LINK,Av. Nazca 1914,Villa Santa Rita,Comuna 11,3,600-900 m,600,900,3677,1411446.8207453075,1.4114468207453075,2605.128259850682,3669.9930340033907,0.7098455598453528
11233,BANCO DE LA NACION ARGENTINA,LINK,Av. Nazca 1914,Villa Santa Rita,Comuna 11,4,900-1200 m,900,1200,4800,1976025.5490442794,1.9760255490442793,2429.118389851568,3669.9930340033907,0.6618863761716131
11234,CABAL COOP. LTDA.,LINK,Av. Nazca 2208,Villa Santa Rita,Comuna 11,1,0-300 m,0,300,1038,282289.36414897913,0.28228936414897915,3677.077962640463,3677.077962640463,1.0
11234,CABAL COOP. LTDA.,LINK,Av. Nazca 2208,Villa Santa Rita,Comuna 11,2,300-600 m,300,600,2373,846868.092447653,0.8468680924476529,2802.089275959681,3677.077962640463,0.7620423892093755
11234,CABAL COOP. LTDA.,LINK,Av. Nazca 2208,Villa Santa Rita,Comuna 11,3,600-900 m,600,900,3587,1411446.8207453075,1.4114468207453075,2541.3639021170507,3677.077962640463,0.6911368015412243
11234,CABAL COOP. LTDA.,LINK,Av. Nazca 2208,Villa Santa Rita,Comuna 11,4,900-1200 m,900,1200,4486,1976025.5490442794,1.9760255490442793,2270.2135618487778,3677.077962640463,0.6173960913840854
11515,CABAL COOP. LTDA.,LINK,Av. Nazca 392/396,Flores,Comuna 7,1,0-300 m,0,300,2610,282289.36414897913,0.28228936414897915,9245.8318713792,9245.8318713792,1.0
11515,CABAL COOP. LTDA.,LINK,Av. Nazca 392/396,Flores,Comuna 7,2,300-600 m,300,600,6399,846868.092447653,0.8468680924476529,7556.076391431099,9245.8318713792,0.8172413793096542
11515,CABAL COOP. LTDA.,LINK,Av. Nazca 392/396,Flores,Comuna 7,3,600-900 m,600,900,7900,1411446.8207453075,1.4114468207453075,5597.093623285392,9245.8318713792,0.6053639846741529
11515,CABAL COOP. LTDA.,LINK,Av. Nazca 392/396,Flores,Comuna 7,4,900-1200 m,900,1200,9115,1976025.5490442794,1.9760255490442793,4612.794609061883,9245.8318713792,0.49890530924977694
11086,BANCO DE LA CIUDAD DE BUENOS AIRES,LINK,Av. Paseo Colón 1033,San Telmo,Comuna 1,1,0-300 m,0,300,1675,282289.36414897913,0.28228936414897915,5933.6277335479535,5933.6277335479535,1.0
11086,BANCO DE LA CIUDAD DE BUENOS AIRES,LINK,Av. Paseo Colón 1033,San Telmo,Comuna 1,2,300-600 m,300,600,5447,846868.092447653,0.8468680924476529,6431.9343810165965,5933.6277335479535,1.0839800995015718
11086,BANCO DE LA CIUDAD DE BUENOS AIRES,LINK,Av. Paseo Colón 1033,San Telmo,Comuna 1,3,600-900 m,600,900,6537,1411446.8207453075,1.4114468207453075,4631.417850052735,5933.6277335479535,0.7805373134326081
11086,BANCO DE LA CIUDAD DE BUENOS AIRES,LINK,Av. Paseo Colón 1033,San Telmo,Comuna 1,4,900-1200 m,900,1200,8343,1976025.5490442794,1.9760255490442793,4222.111401360757,5933.6277335479535,0.7115565031977811
11392,BANCO DE LA NACION ARGENTINA,LINK,Av. Paseo Colón 239,Monserrat,Comuna 1,1,0-300 m,0,300,1217,282289.36414897913,0.28228936414897915,4311.179075658423,4311.179075658423,1.0
11392,BANCO DE LA NACION ARGENTINA,LINK,Av. Paseo Colón 239,Monserrat,Comuna 1,2,300-600 m,300,600,3937,846868.092447653,0.8468680924476529,4648.894007354937,4311.179075658423,1.078334702820234
11392,BANCO DE LA NACION ARGENTINA,LINK,Av. Paseo Colón 239,Monserrat,Comuna 1,3,600-900 m,600,900,7407,1411446.8207453075,1.4114468207453075,5247.806641477835,4311.179075658423,1.2172555464252817
11392,BANCO DE LA NACION ARGENTINA,LINK,Av. Paseo Colón 239,Monserrat,Comuna 1,4,900-1200 m,900,1200,11747,1976025.5490442794,1.9760255490442793,5944.761192830493,4311.179075658423,1.3789177133456423
11391,BANCO DE LA CIUDAD DE BUENOS AIRES,LINK,"Av. Paseo Colón 255, entre Moreno y Adolfo Alsina",Monserrat,Comuna 1,1,0-300 m,0,300,1240,282289.36414897913,0.28228936414897915,4392.655754984753,4392.655754984753,1.0
11391,BANCO DE LA CIUDAD DE BUENOS AIRES,LINK,"Av. Paseo Colón 255, entre Moreno y Adolfo Alsina",Monserrat,Comuna 1,2,300-600 m,300,600,3953,846868.092447653,0.8468680924476529,4667.787150387113,4392.655754984753,1.062634408601253
11391,BANCO DE LA CIUDAD DE BUENOS AIRES,LINK,"Av. Paseo Colón 255, entre Moreno y Adolfo Alsina",Monserrat,Comuna 1,3,600-900 m,600,900,7435,1411446.8207453075,1.4114468207453075,5267.644441661631,4392.655754984753,1.199193548386747
11391,BANCO DE LA CIUDAD DE BUENOS AIRES,LINK,"Av. Paseo Colón 255, entre Moreno y Adolfo Alsina",Monserrat,Comuna 1,4,900-1200 m,900,1200,11895,1976025.5490442794,1.9760255490442793,6019.659009850917,4392.655754984753,1.3703917050681362
11380,BANCO DE LA NACION ARGENTINA,LINK,Av. Paseo Colón 635,Monserrat,Comuna 1,1,0-300 m,0,300,1868,282289.36414897913,0.28228936414897915,6617.323347025419,6617.323347025419,1.0
11380,BANCO DE LA NACION ARGENTINA,LINK,Av. Paseo Colón 635,Monserrat,Comuna 1,2,300-600 m,300,600,4901,846868.092447653,0.8468680924476529,5787.205875043572,6617.323347025419,0.8745538900777764
11380,BANCO DE LA NACION ARGENTINA,LINK,Av. Paseo Colón 635,Monserrat,Comuna 1,3,600-900 m,600,900,7426,1411446.8207453075,1.4114468207453075,5261.268005888268,6617.323347025419,0.7950749464665774
11380,BANCO DE LA NACION ARGENTINA,LINK,Av. Paseo Colón 635,Monserrat,Comuna 1,4,900-1200 m,900,1200,8707,1976025.5490442794,1.9760255490442793,4406.3195459245,6617.323347025419,0.6658764148052706
11084,BANCO DE LA NACION ARGENTINA,LINK,Av. Paseo Colón 982,San Telmo,Comuna 1,1,0-300 m,0,300,1647,282289.36414897913,0.28228936414897915,5834.4387326289425,5834.4387326289425,1.0
11084,BANCO DE LA NACION ARGENTINA,LINK,Av. Paseo Colón 982,San Telmo,Comuna 1,2,300-600 m,300,600,5225,846868.092447653,0.8468680924476529,6169.792021445147,5834.4387326289425,1.0574782432696996
11084,BANCO DE LA NACION ARGENTINA,LINK,Av. Paseo Colón 982,San Telmo,Comuna 1,3,600-900 m,600,900,6583,1411446.8207453075,1.4114468207453075,4664.0085217832575,5834.4387326289425,0.7993928354581761
11084,BANCO DE LA NACION ARGENTINA,LINK,Av. Paseo Colón 982,San Telmo,Comuna 1,4,900-1200 m,900,1200,7824,1976025.5490442794,1.9760255490442793,3959.4629754580556,5834.4387326289425,0.678636481914681
11672,BANCO DE LA CIUDAD DE BUENOS AIRES,LINK,Av. Patricias Argentinas 750,S/D,,1,0-300 m,0,300,1432,282289.36414897913,0.28228936414897915,5072.808904143683,5072.808904143683,1.0
11672,BANCO DE LA CIUDAD DE BUENOS AIRES,LINK,Av. Patricias Argentinas 750,S/D,,2,300-600 m,300,600,3965,846868.092447653,0.8468680924476529,4681.957007661245,5072.808904143683,0.9229515828670042
11672,BANCO DE LA CIUDAD DE BUENOS AIRES,LINK,Av. Patricias Argentinas 750,S/D,,3,600-900 m,600,900,7969,1411446.8207453075,1.4114468207453075,5645.979630881176,5072.808904143683,1.1129888268153176
11672,BANCO DE LA CIUDAD DE BUENOS AIRES,LINK,Av. Patricias Argentinas 750,S/D,,4,900-1200 m,900,1200,11121,1976025.5490442794,1.9760255490442793,5627.963669487352,5072.808904143683,1.109437350358338
11671,BANCO DE LA CIUDAD DE BUENOS AIRES,LINK,Av. Pedro Goyena 369,Caballito,Comuna 6,1,0-300 m,0,300,1326,282289.36414897913,0.28228936414897915,4697.307686378857,4697.307686378857,1.0
11671,BANCO DE LA CIUDAD DE BUENOS AIRES,LINK,Av. Pedro Goyena 369,Caballito,Comuna 6,2,300-600 m,300,600,4055,846868.092447653,0.8468680924476529,4788.2309372172385,4697.307686378857,1.01935646053207
11671,BANCO DE LA CIUDAD DE BUENOS AIRES,LINK,Av. Pedro Goyena 369,Caballito,Comuna 6,3,600-900 m,600,900,6321,1411446.8207453075,1.4114468207453075,4478.383391492021,4697.307686378857,0.953393665158093
11671,BANCO DE LA CIUDAD DE BUENOS AIRES,LINK,Av. Pedro Goyena 369,Caballito,Comuna 6,4,900-1200 m,900,1200,10264,1976025.5490442794,1.9760255490442793,5194.264823632602,4697.307686378857,1.1057961646188963
11401,BANCO DE LA NACION ARGENTINA,LINK,Av. Pte. Roque Saenz Peña 310,S/D,,1,0-300 m,0,300,1295,282289.36414897913,0.28228936414897915,4587.491292504238,4587.491292504238,1.0
11401,BANCO DE LA NACION ARGENTINA,LINK,Av. Pte. Roque Saenz Peña 310,S/D,,2,300-600 m,300,600,6561,846868.092447653,0.8468680924476529,7747.369464631886,4587.491292504238,1.688803088801662
11401,BANCO DE LA NACION ARGENTINA,LINK,Av. Pte. Roque Saenz Peña 310,S/D,,3,600-900 m,600,900,12254,1411446.8207453075,1.4114468207453075,8681.87155186572,4587.491292504238,1.8925096525091007
11401,BANCO DE LA NACION ARGENTINA,LINK,Av. Pte. Roque Saenz Peña 310,S/D,,4,900-1200 m,900,1200,17254,1976025.5490442794,1.9760255490442793,8731.668478853948,4587.491292504238,1.903364589077502
11047,BANCO DE LA CIUDAD DE BUENOS AIRES,LINK,Av. Pte. Roque Saenz Peña 541,San Nicolas,Comuna 1,1,0-300 m,0,300,3866,282289.36414897913,0.28228936414897915,13695.16705546053,13695.16705546053,1.0
11047,BANCO DE LA CIUDAD DE BUENOS AIRES,LINK,Av. Pte. Roque Saenz Peña 541,San Nicolas,Comuna 1,2,300-600 m,300,600,6517,846868.092447653,0.8468680924476529,7695.413321293401,13695.16705546053,0.5619072253832121
11047,BANCO DE LA CIUDAD DE BUENOS AIRES,LINK,Av. Pte. Roque Saenz Peña 541,San Nicolas,Comuna 1,3,600-900 m,600,900,13657,1411446.8207453075,1.4114468207453075,9675.887039646657,13695.16705546053,0.7065183652351793
11047,BANCO DE LA CIUDAD DE BUENOS AIRES,LINK,Av. Pte. Roque Saenz Peña 541,San Nicolas,Comuna 1,4,900-1200 m,900,1200,15914,1976025.5490442794,1.9760255490442793,8053.539595020386,13695.16705546053,0.5880570541714775
11008,BANCO DE LA CIUDAD DE BUENOS AIRES,LINK,Av. Pueyrredón 2247 esquina Av. Las Heras,Recoleta,Comuna 2,1,0-300 m,0,300,1764,282289.36414897913,0.28228936414897915,6248.907057897665,6248.907057897665,1.0
11008,BANCO DE LA CIUDAD DE BUENOS AIRES,LINK,Av. Pueyrredón 2247 esquina Av. Las Heras,Recoleta,Comuna 2,2,300-600 m,300,600,4559,846868.092447653,0.8468680924476529,5383.364942730799,6248.907057897665,0.8614890400597409
11008,BANCO DE LA CIUDAD DE BUENOS AIRES,LINK,Av. Pueyrredón 2247 esquina Av. Las Heras,Recoleta,Comuna 2,3,600-900 m,600,900,6734,1411446.8207453075,1.4114468207453075,4770.990944203017,6248.907057897665,0.7634920634918408
11008,BANCO DE LA CIUDAD DE BUENOS AIRES,LINK,Av. Pueyrredón 2247 esquina Av. Las Heras,Recoleta,Comuna 2,4,900-1200 m,900,1200,10630,1976025.5490442794,1.9760255490442793,5379.485100858785,6248.907057897665,0.8608681567859032
11001,BANCO HIPOTECARIO S.A.,LINK,Av. Pueyrredón 2501,Recoleta,Comuna 2,1,0-300 m,0,300,887,282289.36414897913,0.28228936414897915,3142.165850541513,3142.165850541513,1.0
11001,BANCO HIPOTECARIO S.A.,LINK,Av. Pueyrredón 2501,Recoleta,Comuna 2,2,300-600 m,300,600,4286,846868.092447653,0.8468680924476529,5061.000689744287,3142.165850541513,1.6106726794424575
11001,BANCO HIPOTECARIO S.A.,LINK,Av. Pueyrredón 2501,Recoleta,Comuna 2,3,600-900 m,600,900,5143,1411446.8207453075,1.4114468207453075,3643.778798045161,3142.165850541513,1.159639233370575
11001,BANCO HIPOTECARIO S.A.,LINK,Av. Pueyrredón 2501,Recoleta,Comuna 2,4,900-1200 m,900,1200,5993,1976025.5490442794,1.9760255490442793,3032.855522995926,3142.165850541513,0.9652117893373615
11799,BANCO DE LA PROVINCIA DE BUENOS AIRES,LINK,Av. Rafael Obligado s/n,S/D,,1,0-300 m,0,300,135,282289.36414897913,0.28228936414897915,478.23268300237237,478.23268300237237,1.0
11799,BANCO DE LA PROVINCIA DE BUENOS AIRES,LINK,Av. Rafael Obligado s/n,S/D,,2,300-600 m,300,600,106,846868.092447653,0.8468680924476529,125.16707258816949,478.23268300237237,0.26172839506150725
11799,BANCO DE LA PROVINCIA DE BUENOS AIRES,LINK,Av. Rafael Obligado s/n,S/D,,3,600-900 m,600,900,186,1411446.8207453075,1.4114468207453075,131.77967264950416,478.23268300237237,0.2755555555554752
11799,BANCO DE LA PROVINCIA DE BUENOS AIRES,LINK,Av. Rafael Obligado s/n,S/D,,4,900-1200 m,900,1200,152,1976025.5490442794,1.9760255490442793,76.92208234529964,478.23268300237237,0.1608465608464448
11725,BANCO DE LA NACION ARGENTINA,LINK,Av. Rafael Obligado s/n esquina Edison,S/D,,1,0-300 m,0,300,11,282289.36414897913,0.28228936414897915,38.967107503897005,38.967107503897005,1.0
11725,BANCO DE LA NACION ARGENTINA,LINK,Av. Rafael Obligado s/n esquina Edison,S/D,,2,300-600 m,300,600,341,846868.092447653,0.8468680924476529,402.6601108732622,38.967107503897005,10.333333333324605
11725,BANCO DE LA NACION ARGENTINA,LINK,Av. Rafael Obligado s/n esquina Edison,S/D,,3,600-900 m,600,900,2533,1411446.8207453075,1.4114468207453075,1794.6124237698605,38.967107503897005,46.054545454532025
11725,BANCO DE LA NACION ARGENTINA,LINK,Av. Rafael Obligado s/n esquina Edison,S/D,,4,900-1200 m,900,1200,3079,1976025.5490442794,1.9760255490442793,1558.1782338235369,38.967107503897005,39.98701298698415
11708,CABAL COOP. LTDA.,LINK,Av. Ramos Mejia 1430,Retiro,Comuna 1,1,0-300 m,0,300,2857,282289.36414897913,0.28228936414897915,10120.820558057614,10120.820558057614,1.0
11708,CABAL COOP. LTDA.,LINK,Av. Ramos Mejia 1430,Retiro,Comuna 1,2,300-600 m,300,600,3624,846868.092447653,0.8468680924476529,4279.296896787983,10120.820558057614,0.4228211410566956
11708,CABAL COOP. LTDA.,LINK,Av. Ramos Mejia 1430,Retiro,Comuna 1,3,600-900 m,600,900,5011,1411446.8207453075,1.4114468207453075,3550.2577400358355,10120.820558057614,0.3507875393768665
11708,CABAL COOP. LTDA.,LINK,Av. Ramos Mejia 1430,Retiro,Comuna 1,4,900-1200 m,900,1200,8027,1976025.5490442794,1.9760255490442793,4062.194440695528,10120.820558057614,0.40137006850313567
11716,BANCO DE LA CIUDAD DE BUENOS AIRES,LINK,Av. Ramos Mejia 1650 esquina Av. Antártida Argenti,Retiro,Comuna 1,1,0-300 m,0,300,1750,282289.36414897913,0.28228936414897915,6199.31255743816,6199.31255743816,1.0
11716,BANCO DE LA CIUDAD DE BUENOS AIRES,LINK,Av. Ramos Mejia 1650 esquina Av. Antártida Argenti,Retiro,Comuna 1,2,300-600 m,300,600,3391,846868.092447653,0.8468680924476529,4004.1655013819127,6199.31255743816,0.6459047619042162
11716,BANCO DE LA CIUDAD DE BUENOS AIRES,LINK,Av. Ramos Mejia 1650 esquina Av. Antártida Argenti,Retiro,Comuna 1,3,600-900 m,600,900,3852,1411446.8207453075,1.4114468207453075,2729.1145109994086,6199.31255743816,0.44022857142844296
11716,BANCO DE LA CIUDAD DE BUENOS AIRES,LINK,Av. Ramos Mejia 1650 esquina Av. Antártida Argenti,Retiro,Comuna 1,4,900-1200 m,900,1200,4478,1976025.5490442794,1.9760255490442793,2266.165031199025,6199.31255743816,0.3655510204078996
11712,BANCO DE LA CIUDAD DE BUENOS AIRES,LINK,Av. Ramos Mejia 1650 piso 2º,Retiro,Comuna 1,1,0-300 m,0,300,2375,282289.36414897913,0.28228936414897915,8413.352756523218,8413.352756523218,1.0
11712,BANCO DE LA CIUDAD DE BUENOS AIRES,LINK,Av. Ramos Mejia 1650 piso 2º,Retiro,Comuna 1,2,300-600 m,300,600,2839,846868.092447653,0.8468680924476529,3352.352066771822,8413.352756523218,0.3984561403505405
11712,BANCO DE LA CIUDAD DE BUENOS AIRES,LINK,Av. Ramos Mejia 1650 piso 2º,Retiro,Comuna 1,3,600-900 m,600,900,3870,1411446.8207453075,1.4114468207453075,2741.867382546135,8413.352756523218,0.3258947368420102
11712,BANCO DE LA CIUDAD DE BUENOS AIRES,LINK,Av. Ramos Mejia 1650 piso 2º,Retiro,Comuna 1,4,900-1200 m,900,1200,4745,1976025.5490442794,1.9760255490442793,2401.2847416345185,8413.352756523218,0.28541353383438056
11704,BANCO DE LA CIUDAD DE BUENOS AIRES,LINK,"Av. Ramos Mejia s/n, entre Av. Del Libertador y Av",S/D,,1,0-300 m,0,300,2385,282289.36414897913,0.28228936414897915,8448.777399708579,8448.777399708579,1.0
11704,BANCO DE LA CIUDAD DE BUENOS AIRES,LINK,"Av. Ramos Mejia s/n, entre Av. Del Libertador y Av",S/D,,2,300-600 m,300,600,2834,846868.092447653,0.8468680924476529,3346.4479595742673,8448.777399708579,0.39608665269009163
11704,BANCO DE LA CIUDAD DE BUENOS AIRES,LINK,"Av. Ramos Mejia s/n, entre Av. Del Libertador y Av",S/D,,3,600-900 m,600,900,3860,1411446.8207453075,1.4114468207453075,2734.7824539090648,8448.777399708579,0.3236897274632179
11704,BANCO DE LA CIUDAD DE BUENOS AIRES,LINK,"Av. Ramos Mejia s/n, entre Av. Del Libertador y Av",S/D,,4,900-1200 m,900,1200,4751,1976025.5490442794,1.9760255490442793,2404.321139621833,8448.777399708579,0.28457622042507175
11724,BANCO DE LA NACION ARGENTINA,LINK,Av. Ramos Mejia s/n esquina Av. Del Libertador,S/D,,1,0-300 m,0,300,3137,282289.36414897913,0.28228936414897915,11112.71056724772,11112.71056724772,1.0
11724,BANCO DE LA NACION ARGENTINA,LINK,Av. Ramos Mejia s/n esquina Av. Del Libertador,S/D,,2,300-600 m,300,600,4584,846868.092447653,0.8468680924476529,5412.885478718575,11112.71056724772,0.48708957602764075
11724,BANCO DE LA NACION ARGENTINA,LINK,Av. Ramos Mejia s/n esquina Av. Del Libertador,S/D,,3,600-900 m,600,900,6460,1411446.8207453075,1.4114468207453075,4576.863899547295,11112.71056724772,0.4118584635000392
11724,BANCO DE LA NACION ARGENTINA,LINK,Av. Ramos Mejia s/n esquina Av. Del Libertador,S/D,,4,900-1200 m,900,1200,9245,1976025.5490442794,1.9760255490442793,4678.583232120363,11112.71056724772,0.4210118857868451
11805,CABAL COOP. LTDA.,LINK,Av. Raul Scalabrini Ortiz 1364,Palermo,Comuna 14,1,0-300 m,0,300,1949,282289.36414897913,0.28228936414897915,6904.262956826842,6904.262956826842,1.0
11805,CABAL COOP. LTDA.,LINK,Av. Raul Scalabrini Ortiz 1364,Palermo,Comuna 14,2,300-600 m,300,600,6752,846868.092447653,0.8468680924476529,7972.906359578494,6904.262956826842,1.1547802291763802
11805,CABAL COOP. LTDA.,LINK,Av. Raul Scalabrini Ortiz 1364,Palermo,Comuna 14,3,600-900 m,600,900,8965,1411446.8207453075,1.4114468207453075,6351.638523133359,6904.262956826842,0.919958953309121
11805,CABAL COOP. LTDA.,LINK,Av. Raul Scalabrini Ortiz 1364,Palermo,Comuna 14,4,900-1200 m,900,1200,12017,1976025.5490442794,1.9760255490442793,6081.399102259644,6904.262956826842,0.880818001905104
11509,BANCO DE LA CIUDAD DE BUENOS AIRES,LINK,Av. Regimiento De Patricios 1142,Boca,Comuna 4,1,0-300 m,0,300,968,282289.36414897913,0.28228936414897915,3429.1054603429366,3429.1054603429366,1.0
11509,BANCO DE LA CIUDAD DE BUENOS AIRES,LINK,Av. Regimiento De Patricios 1142,Boca,Comuna 4,2,300-600 m,300,600,3496,846868.092447653,0.8468680924476529,4128.151752530571,3429.1054603429366,1.2038567493102776
11509,BANCO DE LA CIUDAD DE BUENOS AIRES,LINK,Av. Regimiento De Patricios 1142,Boca,Comuna 4,3,600-900 m,600,900,5677,1411446.8207453075,1.4114468207453075,4022.113987264705,3429.1054603429366,1.1729338842971786
11509,BANCO DE LA CIUDAD DE BUENOS AIRES,LINK,Av. Regimiento De Patricios 1142,Boca,Comuna 4,4,900-1200 m,900,1200,5771,1976025.5490442794,1.9760255490442793,2920.508797465291,3429.1054603429366,0.851682408499976
11506,CABAL COOP. LTDA.,LINK,Av. Regimiento De Patricios 537,Barracas,Comuna 4,1,0-300 m,0,300,999,282289.36414897913,0.28228936414897915,3538.9218542175554,3538.9218542175554,1.0
11506,CABAL COOP. LTDA.,LINK,Av. Regimiento De Patricios 537,Barracas,Comuna 4,2,300-600 m,300,600,3314,846868.092447653,0.8468680924476529,3913.242250539563,3538.9218542175554,1.1057724391048382
11506,CABAL COOP. LTDA.,LINK,Av. Regimiento De Patricios 537,Barracas,Comuna 4,3,600-900 m,600,900,6368,1411446.8207453075,1.4114468207453075,4511.68255608625,3538.9218542175554,1.274874874874503
11506,CABAL COOP. LTDA.,LINK,Av. Regimiento De Patricios 537,Barracas,Comuna 4,4,900-1200 m,900,1200,9124,1976025.5490442794,1.9760255490442793,4617.349206042855,3538.9218542175554,1.3047333047323637
11508,BANCO DE LA CIUDAD DE BUENOS AIRES,LINK,Av. Regimiento De Patricios 902,Boca,Comuna 4,1,0-300 m,0,300,1269,282289.36414897913,0.28228936414897915,4495.3872202223,4495.3872202223,1.0
11508,BANCO DE LA CIUDAD DE BUENOS AIRES,LINK,Av. Regimiento De Patricios 902,Boca,Comuna 4,2,300-600 m,300,600,3535,846868.092447653,0.8468680924476529,4174.203788671502,4495.3872202223,0.9285526661405342
11508,BANCO DE LA CIUDAD DE BUENOS AIRES,LINK,Av. Regimiento De Patricios 902,Boca,Comuna 4,3,600-900 m,600,900,5548,1411446.8207453075,1.4114468207453075,3930.7184078465007,4495.3872202223,0.8743892828996661
11508,BANCO DE LA CIUDAD DE BUENOS AIRES,LINK,Av. Regimiento De Patricios 902,Boca,Comuna 4,4,900-1200 m,900,1200,6883,1976025.5490442794,1.9760255490442793,3483.2545577809046,4495.3872202223,0.7748508386800671
11507,BANCO DE LA CIUDAD DE BUENOS AIRES,LINK,"Av. Regimiento De Patricios 902, entre Brandsen y",Boca,Comuna 4,1,0-300 m,0,300,1274,282289.36414897913,0.28228936414897915,4513.0995418149805,4513.0995418149805,1.0
11507,BANCO DE LA CIUDAD DE BUENOS AIRES,LINK,"Av. Regimiento De Patricios 902, entre Brandsen y",Boca,Comuna 4,2,300-600 m,300,600,3579,846868.092447653,0.8468680924476529,4226.159932009987,4513.0995418149805,0.9364207221342168
11507,BANCO DE LA CIUDAD DE BUENOS AIRES,LINK,"Av. Regimiento De Patricios 902, entre Brandsen y",Boca,Comuna 4,3,600-900 m,600,900,5494,1411446.8207453075,1.4114468207453075,3892.459793206322,4513.0995418149805,0.8624803767658396
11507,BANCO DE LA CIUDAD DE BUENOS AIRES,LINK,"Av. Regimiento De Patricios 902, entre Brandsen y",Boca,Comuna 4,4,900-1200 m,900,1200,6813,1976025.5490442794,1.9760255490442793,3447.829914595569,4513.0995418149805,0.7639605292661007
11101,BANCO DE LA CIUDAD DE BUENOS AIRES,LINK,Av. Ricardo Balbín 3875,Saavedra,Comuna 12,1,0-300 m,0,300,798,282289.36414897913,0.28228936414897915,2826.886526191801,2826.886526191801,1.0
11101,BANCO DE LA CIUDAD DE BUENOS AIRES,LINK,Av. Ricardo Balbín 3875,Saavedra,Comuna 12,2,300-600 m,300,600,1858,846868.092447653,0.8468680924476529,2193.966234611499,2826.886526191801,0.7761069340010153
11101,BANCO DE LA CIUDAD DE BUENOS AIRES,LINK,Av. Ricardo Balbín 3875,Saavedra,Comuna 12,3,600-900 m,600,900,2766,1411446.8207453075,1.4114468207453075,1959.6912610135942,2826.886526191801,0.6932330827065647
11101,BANCO DE LA CIUDAD DE BUENOS AIRES,LINK,Av. Ricardo Balbín 3875,Saavedra,Comuna 12,4,900-1200 m,900,1200,3332,1976025.5490442794,1.9760255490442793,1686.2130156219632,2826.886526191801,0.5964912280697452
11529,CABAL COOP. LTDA.,LINK,Av. Ricardo Balbín 4130,Saavedra,Comuna 12,1,0-300 m,0,300,667,282289.36414897913,0.28228936414897915,2362.823700463573,2362.823700463573,1.0
11529,CABAL COOP. LTDA.,LINK,Av. Ricardo Balbín 4130,Saavedra,Comuna 12,2,300-600 m,300,600,1927,846868.092447653,0.8468680924476529,2275.4429139377603,2362.823700463573,0.9630184907538091
11529,CABAL COOP. LTDA.,LINK,Av. Ricardo Balbín 4130,Saavedra,Comuna 12,3,600-900 m,600,900,2476,1411446.8207453075,1.4114468207453075,1754.2283305385608,2362.823700463573,0.7424287856069799
11529,CABAL COOP. LTDA.,LINK,Av. Ricardo Balbín 4130,Saavedra,Comuna 12,4,900-1200 m,900,1200,3057,1976025.5490442794,1.9760255490442793,1547.0447745367173,2362.823700463573,0.6547440565426847
11432,BANCO DE LA NACION ARGENTINA,LINK,Av. Rivadavia 10249,Villa Luro,Comuna 10,1,0-300 m,0,300,945,282289.36414897913,0.28228936414897915,3347.6287810166064,3347.6287810166064,1.0
11432,BANCO DE LA NACION ARGENTINA,LINK,Av. Rivadavia 10249,Villa Luro,Comuna 10,2,300-600 m,300,600,1794,846868.092447653,0.8468680924476529,2118.393662482793,3347.6287810166064,0.6328042328036981
11432,BANCO DE LA NACION ARGENTINA,LINK,Av. Rivadavia 10249,Villa Luro,Comuna 10,3,600-900 m,600,900,2643,1411446.8207453075,1.4114468207453075,1872.5466387776316,3347.6287810166064,0.5593650793649162
11432,BANCO DE LA NACION ARGENTINA,LINK,Av. Rivadavia 10249,Villa Luro,Comuna 10,4,900-1200 m,900,1200,4278,1976025.5490442794,1.9760255490442793,2164.95176495521,3347.6287810166064,0.6467120181401231
11424,BANCO DE LA CIUDAD DE BUENOS AIRES,LINK,"Av. Rivadavia 11059, entre Av. Lisandro De La Torr",Liniers,Comuna 9,1,0-300 m,0,300,1164,282289.36414897913,0.28228936414897915,4123.42846677601,4123.42846677601,1.0
11424,BANCO DE LA CIUDAD DE BUENOS AIRES,LINK,"Av. Rivadavia 11059, entre Av. Lisandro De La Torr",Liniers,Comuna 9,2,300-600 m,300,600,2647,846868.092447653,0.8468680924476529,3125.6343503857042,4123.42846677601,0.7580183276053162
11424,BANCO DE LA CIUDAD DE BUENOS AIRES,LINK,"Av. Rivadavia 11059, entre Av. Lisandro De La Torr",Liniers,Comuna 9,3,600-900 m,600,900,6053,1411446.8207453075,1.4114468207453075,4288.507304018542,4123.42846677601,1.0400343642608652
11424,BANCO DE LA CIUDAD DE BUENOS AIRES,LINK,"Av. Rivadavia 11059, entre Av. Lisandro De La Torr",Liniers,Comuna 9,4,900-1200 m,900,1200,4970,1976025.5490442794,1.9760255490442793,2515.1496661588108,4123.42846677601,0.6099656357383917
11421,BANCO DE LA NACION ARGENTINA,LINK,Av. Rivadavia 11078,Liniers,Comuna 9,1,0-300 m,0,300,1159,282289.36414897913,0.28228936414897915,4105.71614518333,4105.71614518333,1.0
11421,BANCO DE LA NACION ARGENTINA,LINK,Av. Rivadavia 11078,Liniers,Comuna 9,2,300-600 m,300,600,2824,846868.092447653,0.8468680924476529,3334.6397451791568,4105.71614518333,0.8121944204767368
11421,BANCO DE LA NACION ARGENTINA,LINK,Av. Rivadavia 11078,Liniers,Comuna 9,3,600-900 m,600,900,6209,1411446.8207453075,1.4114468207453075,4399.032190756835,4105.71614518333,1.0714408973249678
11421,BANCO DE LA NACION ARGENTINA,LINK,Av. Rivadavia 11078,Liniers,Comuna 9,4,900-1200 m,900,1200,4527,1976025.5490442794,1.9760255490442793,2290.96228142876,4105.71614518333,0.5579933440153747
11189,BANCO DE LA NACION ARGENTINA,LINK,Av. Rivadavia 1864,Balvanera,Comuna 3,1,0-300 m,0,300,3571,282289.36414897913,0.28228936414897915,12650.140081492384,12650.140081492384,1.0
11189,BANCO DE LA NACION ARGENTINA,LINK,Av. Rivadavia 1864,Balvanera,Comuna 3,2,300-600 m,300,600,7003,846868.092447653,0.8468680924476529,8269.292540895764,12650.140081492384,0.6536917763459427
11189,BANCO DE LA NACION ARGENTINA,LINK,Av. Rivadavia 1864,Balvanera,Comuna 3,3,600-900 m,600,900,13387,1411446.8207453075,1.4114468207453075,9484.593966445766,12650.140081492384,0.7497619714363537
11189,BANCO DE LA NACION ARGENTINA,LINK,Av. Rivadavia 1864,Balvanera,Comuna 3,4,900-1200 m,900,1200,16203,1976025.5490442794,1.9760255490442793,8199.792764742699,12650.140081492384,0.6481977837335805
11171,BANCO DE LA CIUDAD DE BUENOS AIRES,LINK,Av. Rivadavia 2479,Balvanera,Comuna 3,1,0-300 m,0,300,2692,282289.36414897913,0.28228936414897915,9536.313945499158,9536.313945499158,1.0
11171,BANCO DE LA CIUDAD DE BUENOS AIRES,LINK,Av. Rivadavia 2479,Balvanera,Comuna 3,2,300-600 m,300,600,11289,846868.092447653,0.8468680924476529,13330.29323064005,9536.313945499158,1.397845468052311
11171,BANCO DE LA CIUDAD DE BUENOS AIRES,LINK,Av. Rivadavia 2479,Balvanera,Comuna 3,3,600-900 m,600,900,16788,1411446.8207453075,1.4114468207453075,11894.178195913311,9536.313945499158,1.247251114412712
11171,BANCO DE LA CIUDAD DE BUENOS AIRES,LINK,Av. Rivadavia 2479,Balvanera,Comuna 3,4,900-1200 m,900,1200,17895,1976025.5490442794,1.9760255490442793,9056.056997165377,9536.313945499158,0.9496391424319197
11177,CABAL COOP. LTDA.,LINK,Av. Rivadavia 2628,Balvanera,Comuna 3,1,0-300 m,0,300,4905,282289.36414897913,0.28228936414897915,17375.787482419528,17375.787482419528,1.0
11177,CABAL COOP. LTDA.,LINK,Av. Rivadavia 2628,Balvanera,Comuna 3,2,300-600 m,300,600,10820,846868.092447653,0.8468680924476529,12776.487975509375,17375.787482419528,0.7353041114502792
11177,CABAL COOP. LTDA.,LINK,Av. Rivadavia 2628,Balvanera,Comuna 3,3,600-900 m,600,900,15991,1411446.8207453075,1.4114468207453075,11329.509383538823,17375.787482419528,0.6520285423035815
11177,CABAL COOP. LTDA.,LINK,Av. Rivadavia 2628,Balvanera,Comuna 3,4,900-1200 m,900,1200,16433,1976025.5490442794,1.9760255490442793,8316.188020923086,17375.787482419528,0.4786078345707921
11175,BANCO DE LA PROVINCIA DE BUENOS AIRES,LINK,"Av. Rivadavia 2828, entre Catamarca y Av. Pueyrred",Balvanera,Comuna 3,1,0-300 m,0,300,6872,282289.36414897913,0.28228936414897915,24343.81479698002,24343.81479698002,1.0
11175,BANCO DE LA PROVINCIA DE BUENOS AIRES,LINK,"Av. Rivadavia 2828, entre Catamarca y Av. Pueyrred",Balvanera,Comuna 3,2,300-600 m,300,600,9419,846868.092447653,0.8468680924476529,11122.157138754419,24343.81479698002,0.45687815289057254
11175,BANCO DE LA PROVINCIA DE BUENOS AIRES,LINK,"Av. Rivadavia 2828, entre Catamarca y Av. Pueyrred",Balvanera,Comuna 3,3,600-900 m,600,900,15403,1411446.8207453075,1.4114468207453075,10912.9155796791,24343.81479698002,0.44828288707786695
11175,BANCO DE LA PROVINCIA DE BUENOS AIRES,LINK,"Av. Rivadavia 2828, entre Catamarca y Av. Pueyrred",Balvanera,Comuna 3,4,900-1200 m,900,1200,19092,1976025.5490442794,1.9760255490442793,9661.818395634611,24343.81479698002,0.39689007151143835
11161,BANCO DE LA NACION ARGENTINA,LINK,Av. Rivadavia 2856,Balvanera,Comuna 3,1,0-300 m,0,300,6679,282289.36414897913,0.28228936414897915,23660.119183502557,23660.119183502557,1.0
11161,BANCO DE LA NACION ARGENTINA,LINK,Av. Rivadavia 2856,Balvanera,Comuna 3,2,300-600 m,300,600,9555,846868.092447653,0.8468680924476529,11282.74885452792,23660.119183502557,0.476867794579624
11161,BANCO DE LA NACION ARGENTINA,LINK,Av. Rivadavia 2856,Balvanera,Comuna 3,3,600-900 m,600,900,15455,1411446.8207453075,1.4114468207453075,10949.757208591865,23660.119183502557,0.462793831411753
11161,BANCO DE LA NACION ARGENTINA,LINK,Av. Rivadavia 2856,Balvanera,Comuna 3,4,900-1200 m,900,1200,19293,1976025.5490442794,1.9760255490442793,9763.537728209645,23660.119183502557,0.41265801125031726
11419,BANCO DE LA NACION ARGENTINA,LINK,Av. Rivadavia 3726,Almagro,Comuna 5,1,0-300 m,0,300,2142,282289.36414897913,0.28228936414897915,7587.958570304308,7587.958570304308,1.0
11419,BANCO DE LA NACION ARGENTINA,LINK,Av. Rivadavia 3726,Almagro,Comuna 5,2,300-600 m,300,600,5382,846868.092447653,0.8468680924476529,6355.180987448379,7587.958570304308,0.8375350140048947
11419,BANCO DE LA NACION ARGENTINA,LINK,Av. Rivadavia 3726,Almagro,Comuna 5,3,600-900 m,600,900,8976,1411446.8207453075,1.4114468207453075,6359.431944634136,7587.958570304308,0.8380952380949936
11419,BANCO DE LA NACION ARGENTINA,LINK,Av. Rivadavia 3726,Almagro,Comuna 5,4,900-1200 m,900,1200,14199,1976025.5490442794,1.9760255490442793,7185.635836979669,7587.958570304308,0.9469787915159237
11661,CABAL COOP. LTDA.,LINK,Av. Rivadavia 4600,Caballito,Comuna 6,1,0-300 m,0,300,1912,282289.36414897913,0.28228936414897915,6773.191777041007,6773.191777041007,1.0
11661,CABAL COOP. LTDA.,LINK,Av. Rivadavia 4600,Caballito,Comuna 6,2,300-600 m,300,600,3728,846868.092447653,0.8468680924476529,4402.102326497131,6773.191777041007,0.6499302649924774
11661,CABAL COOP. LTDA.,LINK,Av. Rivadavia 4600,Caballito,Comuna 6,3,600-900 m,600,900,6849,1411446.8207453075,1.4114468207453075,4852.467623529323,6773.191777041007,0.7164225941420505
11661,CABAL COOP. LTDA.,LINK,Av. Rivadavia 4600,Caballito,Comuna 6,4,900-1200 m,900,1200,10588,1976025.5490442794,1.9760255490442793,5358.230314947584,6773.191777041007,0.791093843394528
11657,BANCO DE LA CIUDAD DE BUENOS AIRES,LINK,Av. Rivadavia 4906 esquina Ambrosetti,Caballito,Comuna 6,1,0-300 m,0,300,1983,282289.36414897913,0.28228936414897915,7024.70674365707,7024.70674365707,1.0
11657,BANCO DE LA CIUDAD DE BUENOS AIRES,LINK,Av. Rivadavia 4906 esquina Ambrosetti,Caballito,Comuna 6,2,300-600 m,300,600,4987,846868.092447653,0.8468680924476529,5888.756518841521,7024.70674365707,0.8382921499404583
11657,BANCO DE LA CIUDAD DE BUENOS AIRES,LINK,Av. Rivadavia 4906 esquina Ambrosetti,Caballito,Comuna 6,3,600-900 m,600,900,7672,1411446.8207453075,1.4114468207453075,5435.557250360193,7024.70674365707,0.7737771053956392
11657,BANCO DE LA CIUDAD DE BUENOS AIRES,LINK,Av. Rivadavia 4906 esquina Ambrosetti,Caballito,Comuna 6,4,900-1200 m,900,1200,8724,1976025.5490442794,1.9760255490442793,4414.922673555225,7024.70674365707,0.6284849794678847
11654,BANCO DE LA PROVINCIA DE BUENOS AIRES,LINK,Av. Rivadavia 5025,Caballito,Comuna 6,1,0-300 m,0,300,2948,282289.36414897913,0.28228936414897915,10443.184811044397,10443.184811044397,1.0
11654,BANCO DE LA PROVINCIA DE BUENOS AIRES,LINK,Av. Rivadavia 5025,Caballito,Comuna 6,2,300-600 m,300,600,4459,846868.092447653,0.8468680924476529,5265.282798779695,10443.184811044397,0.5041836273175297
11654,BANCO DE LA PROVINCIA DE BUENOS AIRES,LINK,Av. Rivadavia 5025,Caballito,Comuna 6,3,600-900 m,600,900,6813,1411446.8207453075,1.4114468207453075,4826.961880435871,10443.184811044397,0.46221166892795207
11654,BANCO DE LA PROVINCIA DE BUENOS AIRES,LINK,Av. Rivadavia 5025,Caballito,Comuna 6,4,900-1200 m,900,1200,8886,1976025.5490442794,1.9760255490442793,4496.905419212715,10443.184811044397,0.43060670672579915
11653,BANCO DE LA NACION ARGENTINA,LINK,Av. Rivadavia 5199,Caballito,Comuna 6,1,0-300 m,0,300,2335,282289.36414897913,0.28228936414897915,8271.654183781773,8271.654183781773,1.0
11653,BANCO DE LA NACION ARGENTINA,LINK,Av. Rivadavia 5199,Caballito,Comuna 6,2,300-600 m,300,600,5311,846868.092447653,0.8468680924476529,6271.342665243095,8271.654183781773,0.7581727337609583
11653,BANCO DE LA NACION ARGENTINA,LINK,Av. Rivadavia 5199,Caballito,Comuna 6,3,600-900 m,600,900,6287,1411446.8207453075,1.4114468207453075,4454.294634125982,8271.654183781773,0.5385010706636545
11653,BANCO DE LA NACION ARGENTINA,LINK,Av. Rivadavia 5199,Caballito,Comuna 6,4,900-1200 m,900,1200,7999,1976025.5490442794,1.9760255490442793,4048.024583421394,8271.654183781773,0.48938513306786363
11668,BANCO DE LA CIUDAD DE BUENOS AIRES,LINK,Av. Rivadavia 6082,Caballito,Comuna 6,1,0-300 m,0,300,1456,282289.36414897913,0.28228936414897915,5157.828047788549,5157.828047788549,1.0
11668,BANCO DE LA CIUDAD DE BUENOS AIRES,LINK,Av. Rivadavia 6082,Caballito,Comuna 6,2,300-600 m,300,600,4038,846868.092447653,0.8468680924476529,4768.156972745551,5157.828047788549,0.9244505494497685
11668,BANCO DE LA CIUDAD DE BUENOS AIRES,LINK,Av. Rivadavia 6082,Caballito,Comuna 6,3,600-900 m,600,900,6608,1411446.8207453075,1.4114468207453075,4681.720843375932,5157.828047788549,0.9076923076920428
11668,BANCO DE LA CIUDAD DE BUENOS AIRES,LINK,Av. Rivadavia 6082,Caballito,Comuna 6,4,900-1200 m,900,1200,8445,1976025.5490442794,1.9760255490442793,4273.730167145102,5157.828047788549,0.8285910518047399
11513,BANCO PIANO S.A.,LINK,Av. Rivadavia 6662,Flores,Comuna 7,1,0-300 m,0,300,1956,282289.36414897913,0.28228936414897915,6929.060207056595,6929.060207056595,1.0
11513,BANCO PIANO S.A.,LINK,Av. Rivadavia 6662,Flores,Comuna 7,2,300-600 m,300,600,6583,846868.092447653,0.8468680924476529,7773.347536301129,6929.060207056595,1.1218473074291817
11513,BANCO PIANO S.A.,LINK,Av. Rivadavia 6662,Flores,Comuna 7,3,600-900 m,600,900,7452,1411446.8207453075,1.4114468207453075,5279.688820344651,6929.060207056595,0.7619631901838269
11513,BANCO PIANO S.A.,LINK,Av. Rivadavia 6662,Flores,Comuna 7,4,900-1200 m,900,1200,8143,1976025.5490442794,1.9760255490442793,4120.898135116941,6929.060207056595,0.5947268477939036
11520,BANCO DE LA PROVINCIA DE BUENOS AIRES,LINK,"Av. Rivadavia 6824, entre Caracas y Fray C. Rodríg",Flores,Comuna 7,1,0-300 m,0,300,2260,282289.36414897913,0.28228936414897915,8005.9693598915665,8005.9693598915665,1.0
11520,BANCO DE LA PROVINCIA DE BUENOS AIRES,LINK,"Av. Rivadavia 6824, entre Caracas y Fray C. Rodríg",Flores,Comuna 7,2,300-600 m,300,600,6209,846868.092447653,0.8468680924476529,7331.720317924003,8005.9693598915665,0.9157817109136807
11520,BANCO DE LA PROVINCIA DE BUENOS AIRES,LINK,"Av. Rivadavia 6824, entre Caracas y Fray C. Rodríg",Flores,Comuna 7,3,600-900 m,600,900,7727,1411446.8207453075,1.4114468207453075,5474.524357864078,8005.9693598915665,0.6838053097343137
11520,BANCO DE LA PROVINCIA DE BUENOS AIRES,LINK,"Av. Rivadavia 6824, entre Caracas y Fray C. Rodríg",Flores,Comuna 7,4,900-1200 m,900,1200,11398,1976025.5490442794,1.9760255490442793,5768.1440432350355,8005.9693598915665,0.7204804045506814
11519,BANCO DE LA CIUDAD DE BUENOS AIRES,LINK,"Av. Rivadavia 6920, entre Rivera Indarte y Pescado",Flores,Comuna 7,1,0-300 m,0,300,3166,282289.36414897913,0.28228936414897915,11215.442032485265,11215.442032485265,1.0
11519,BANCO DE LA CIUDAD DE BUENOS AIRES,LINK,"Av. Rivadavia 6920, entre Rivera Indarte y Pescado",Flores,Comuna 7,2,300-600 m,300,600,5084,846868.092447653,0.8468680924476529,6003.296198474091,11215.442032485265,0.5352705832802385
11519,BANCO DE LA CIUDAD DE BUENOS AIRES,LINK,"Av. Rivadavia 6920, entre Rivera Indarte y Pescado",Flores,Comuna 7,3,600-900 m,600,900,9710,1411446.8207453075,1.4114468207453075,6879.465706595083,11215.442032485265,0.613392293114161
11519,BANCO DE LA CIUDAD DE BUENOS AIRES,LINK,"Av. Rivadavia 6920, entre Rivera Indarte y Pescado",Flores,Comuna 7,4,900-1200 m,900,1200,9734,1976025.5490442794,1.9760255490442793,4926.049668086492,11215.442032485265,0.4392202869773928
11514,BANCO DE LA NACION ARGENTINA,LINK,Av. Rivadavia 7000,Flores,Comuna 7,1,0-300 m,0,300,3115,282289.36414897913,0.28228936414897915,11034.776352239925,11034.776352239925,1.0
11514,BANCO DE LA NACION ARGENTINA,LINK,Av. Rivadavia 7000,Flores,Comuna 7,2,300-600 m,300,600,5158,846868.092447653,0.8468680924476529,6090.676984997907,11034.776352239925,0.5519529159973935
11514,BANCO DE LA NACION ARGENTINA,LINK,Av. Rivadavia 7000,Flores,Comuna 7,3,600-900 m,600,900,10074,1411446.8207453075,1.4114468207453075,7137.357108984435,11034.776352239925,0.6468057784909831
11514,BANCO DE LA NACION ARGENTINA,LINK,Av. Rivadavia 7000,Flores,Comuna 7,4,900-1200 m,900,1200,9160,1976025.5490442794,1.9760255490442793,4635.567593966742,11034.776352239925,0.42008713597768366
11522,BANCO DE LA CIUDAD DE BUENOS AIRES,LINK,"Av. Rivadavia 7236, entre La Porteña y Condarco",Flores,Comuna 7,1,0-300 m,0,300,3420,282289.36414897913,0.28228936414897915,12115.227969393432,12115.227969393432,1.0
11522,BANCO DE LA CIUDAD DE BUENOS AIRES,LINK,"Av. Rivadavia 7236, entre La Porteña y Condarco",Flores,Comuna 7,2,300-600 m,300,600,7085,846868.092447653,0.8468680924476529,8366.119898935667,12115.227969393432,0.6905458089662782
11522,BANCO DE LA CIUDAD DE BUENOS AIRES,LINK,"Av. Rivadavia 7236, entre La Porteña y Condarco",Flores,Comuna 7,3,600-900 m,600,900,8238,1411446.8207453075,1.4114468207453075,5836.564211218361,12115.227969393432,0.4817543859647717
11522,BANCO DE LA CIUDAD DE BUENOS AIRES,LINK,"Av. Rivadavia 7236, entre La Porteña y Condarco",Flores,Comuna 7,4,900-1200 m,900,1200,8051,1976025.5490442794,1.9760255490442793,4074.340032644786,12115.227969393432,0.33629908103568057
11527,BANCO HIPOTECARIO S.A.,LINK,Av. Rivadavia 7270,Flores,Comuna 7,1,0-300 m,0,300,3699,282289.36414897913,0.28228936414897915,13103.575514265003,13103.575514265003,1.0
11527,BANCO HIPOTECARIO S.A.,LINK,Av. Rivadavia 7270,Flores,Comuna 7,2,300-600 m,300,600,6696,846868.092447653,0.8468680924476529,7906.780358965876,13103.575514265003,0.6034063260335534
11527,BANCO HIPOTECARIO S.A.,LINK,Av. Rivadavia 7270,Flores,Comuna 7,3,600-900 m,600,900,8057,1411446.8207453075,1.4114468207453075,5708.327002887393,13103.575514265003,0.4356312516895188
11527,BANCO HIPOTECARIO S.A.,LINK,Av. Rivadavia 7270,Flores,Comuna 7,4,900-1200 m,900,1200,8312,1976025.5490442794,1.9760255490442793,4206.423345092965,13103.575514265003,0.32101340130514056
10971,BANCO DE LA PROVINCIA DE BUENOS AIRES,LINK,Av. Rivadavia 8456,Velez Sarsfield,Comuna 10,1,0-300 m,0,300,1359,282289.36414897913,0.28228936414897915,4814.209008890548,4814.209008890548,1.0
10971,BANCO DE LA PROVINCIA DE BUENOS AIRES,LINK,Av. Rivadavia 8456,Velez Sarsfield,Comuna 10,2,300-600 m,300,600,3610,846868.092447653,0.8468680924476529,4262.765396634829,4814.209008890548,0.8854549914145083
10971,BANCO DE LA PROVINCIA DE BUENOS AIRES,LINK,Av. Rivadavia 8456,Velez Sarsfield,Comuna 10,3,600-900 m,600,900,6024,1411446.8207453075,1.4114468207453075,4267.961010971038,4814.209008890548,0.8865342163352824
10971,BANCO DE LA PROVINCIA DE BUENOS AIRES,LINK,Av. Rivadavia 8456,Velez Sarsfield,Comuna 10,4,900-1200 m,900,1200,7205,1976025.5490442794,1.9760255490442793,3646.2079164334473,4814.209008890548,0.7573846315562708
10969,BANCO DE LA NACION ARGENTINA,LINK,Av. Rivadavia 8699,Velez Sarsfield,Comuna 10,1,0-300 m,0,300,1340,282289.36414897913,0.28228936414897915,4746.9021868383625,4746.9021868383625,1.0
10969,BANCO DE LA NACION ARGENTINA,LINK,Av. Rivadavia 8699,Velez Sarsfield,Comuna 10,2,300-600 m,300,600,2924,846868.092447653,0.8468680924476529,3452.72188913026,4746.9021868383625,0.7273631840789875
10969,BANCO DE LA NACION ARGENTINA,LINK,Av. Rivadavia 8699,Velez Sarsfield,Comuna 10,3,600-900 m,600,900,4495,1411446.8207453075,1.4114468207453075,3184.6754223630173,4746.9021868383625,0.670895522387864
10969,BANCO DE LA NACION ARGENTINA,LINK,Av. Rivadavia 8699,Velez Sarsfield,Comuna 10,4,900-1200 m,900,1200,6926,1976025.5490442794,1.9760255490442793,3505.015410023325,4746.9021868383625,0.7383795309163118
10968,BANCO PIANO S.A.,LINK,Av. Rivadavia 8731,Velez Sarsfield,Comuna 10,1,0-300 m,0,300,1230,282289.36414897913,0.28228936414897915,4357.231111799392,4357.231111799392,1.0
10968,BANCO PIANO S.A.,LINK,Av. Rivadavia 8731,Velez Sarsfield,Comuna 10,2,300-600 m,300,600,2948,846868.092447653,0.8468680924476529,3481.061603678525,4357.231111799392,0.7989159891592167
10968,BANCO PIANO S.A.,LINK,Av. Rivadavia 8731,Velez Sarsfield,Comuna 10,3,600-900 m,600,900,4396,1411446.8207453075,1.4114468207453075,3114.534628856023,4357.231111799392,0.7147967479672712
10968,BANCO PIANO S.A.,LINK,Av. Rivadavia 8731,Velez Sarsfield,Comuna 10,4,900-1200 m,900,1200,7005,1976025.5490442794,1.9760255490442793,3544.994650189632,4357.231111799392,0.8135888501736294
11658,BANCO DE LA CIUDAD DE BUENOS AIRES,LINK,Av. Rivadavia s/n esquina Rojas,S/D,,1,0-300 m,0,300,2121,282289.36414897913,0.28228936414897915,7513.56681961505,7513.56681961505,1.0
11658,BANCO DE LA CIUDAD DE BUENOS AIRES,LINK,Av. Rivadavia s/n esquina Rojas,S/D,,2,300-600 m,300,600,4619,846868.092447653,0.8468680924476529,5454.214229101461,7513.56681961505,0.7259154486871126
11658,BANCO DE LA CIUDAD DE BUENOS AIRES,LINK,Av. Rivadavia s/n esquina Rojas,S/D,,3,600-900 m,600,900,6588,1411446.8207453075,1.4114468207453075,4667.550986101793,7513.56681961505,0.62121640735484
11658,BANCO DE LA CIUDAD DE BUENOS AIRES,LINK,Av. Rivadavia s/n esquina Rojas,S/D,,4,900-1200 m,900,1200,7853,1976025.5490442794,1.9760255490442793,3974.1388990634086,7513.56681961505,0.5289284030440046
10885,BANCO DE LA CIUDAD DE BUENOS AIRES,LINK,Av. Saenz 1016 esquina Traful,Nueva Pompeya,Comuna 4,1,0-300 m,0,300,1935,282289.36414897913,0.28228936414897915,6854.668456367337,6854.668456367337,1.0
10885,BANCO DE LA CIUDAD DE BUENOS AIRES,LINK,Av. Saenz 1016 esquina Traful,Nueva Pompeya,Comuna 4,2,300-600 m,300,600,2957,846868.092447653,0.8468680924476529,3491.688996634124,6854.668456367337,0.5093884582252372
10885,BANCO DE LA CIUDAD DE BUENOS AIRES,LINK,Av. Saenz 1016 esquina Traful,Nueva Pompeya,Comuna 4,3,600-900 m,600,900,3242,1411446.8207453075,1.4114468207453075,2296.933864138132,6854.668456367337,0.33509043927638804
10885,BANCO DE LA CIUDAD DE BUENOS AIRES,LINK,Av. Saenz 1016 esquina Traful,Nueva Pompeya,Comuna 4,4,900-1200 m,900,1200,3793,1976025.5490442794,1.9760255490442793,1919.5095943139577,6854.668456367337,0.28002953119211993
11202,BANCO DE LA CIUDAD DE BUENOS AIRES,LINK,Av. San Juan 2850 esquina Catamarca,San Cristobal,Comuna 3,1,0-300 m,0,300,1835,282289.36414897913,0.28228936414897915,6500.422024513728,6500.422024513728,1.0
11202,BANCO DE LA CIUDAD DE BUENOS AIRES,LINK,Av. San Juan 2850 esquina Catamarca,San Cristobal,Comuna 3,2,300-600 m,300,600,4819,846868.092447653,0.8468680924476529,5690.378517003667,6500.422024513728,0.8753860127149734
11202,BANCO DE LA CIUDAD DE BUENOS AIRES,LINK,Av. San Juan 2850 esquina Catamarca,San Cristobal,Comuna 3,3,600-900 m,600,900,6758,1411446.8207453075,1.4114468207453075,4787.994772931985,6500.422024513728,0.7365667574929732
11202,BANCO DE LA CIUDAD DE BUENOS AIRES,LINK,Av. San Juan 2850 esquina Catamarca,San Cristobal,Comuna 3,4,900-1200 m,900,1200,9599,1976025.5490442794,1.9760255490442793,4857.730713371917,6500.422024513728,0.7472946671851365
11204,BANCO DE LA NACION ARGENTINA,LINK,Av. San Juan 2867,San Cristobal,Comuna 3,1,0-300 m,0,300,1883,282289.36414897913,0.28228936414897915,6670.46031180346,6670.46031180346,1.0
11204,BANCO DE LA NACION ARGENTINA,LINK,Av. San Juan 2867,San Cristobal,Comuna 3,2,300-600 m,300,600,4943,846868.092447653,0.8468680924476529,5836.800375503036,6670.46031180346,0.8750221278094927
11204,BANCO DE LA NACION ARGENTINA,LINK,Av. San Juan 2867,San Cristobal,Comuna 3,3,600-900 m,600,900,6564,1411446.8207453075,1.4114468207453075,4650.547157372825,6670.46031180346,0.6971853425382991
11204,BANCO DE LA NACION ARGENTINA,LINK,Av. San Juan 2867,San Cristobal,Comuna 3,4,900-1200 m,900,1200,9602,1976025.5490442794,1.9760255490442793,4859.248912365574,6670.46031180346,0.7284728017595838
11664,BANCO DE LA CIUDAD DE BUENOS AIRES,LINK,Av. San Martin 1242,Caballito,Comuna 6,1,0-300 m,0,300,1239,282289.36414897913,0.28228936414897915,4389.113290666217,4389.113290666217,1.0
11664,BANCO DE LA CIUDAD DE BUENOS AIRES,LINK,Av. San Martin 1242,Caballito,Comuna 6,2,300-600 m,300,600,3151,846868.092447653,0.8468680924476529,3720.7683558992644,4389.113290666217,0.8477266612852672
11664,BANCO DE LA CIUDAD DE BUENOS AIRES,LINK,Av. San Martin 1242,Caballito,Comuna 6,3,600-900 m,600,900,4748,1411446.8207453075,1.4114468207453075,3363.9241168808912,4389.113290666217,0.7664245359158378
11664,BANCO DE LA CIUDAD DE BUENOS AIRES,LINK,Av. San Martin 1242,Caballito,Comuna 6,4,900-1200 m,900,1200,7291,1976025.5490442794,1.9760255490442793,3689.7296209182878,4389.113290666217,0.8406549060296025
10983,BANCO DE LA NACION ARGENTINA,LINK,Av. San Martín 2402,Villa Gral. Mitre,Comuna 11,1,0-300 m,0,300,1123,282289.36414897913,0.28228936414897915,3978.1874297160307,3978.1874297160307,1.0
10983,BANCO DE LA NACION ARGENTINA,LINK,Av. San Martín 2402,Villa Gral. Mitre,Comuna 11,2,300-600 m,300,600,3052,846868.092447653,0.8468680924476529,3603.867033387672,3978.1874297160307,0.9059067972684539
10983,BANCO DE LA NACION ARGENTINA,LINK,Av. San Martín 2402,Villa Gral. Mitre,Comuna 11,3,600-900 m,600,900,3857,1411446.8207453075,1.4114468207453075,2732.6569753179438,3978.1874297160307,0.6869100623328361
10983,BANCO DE LA NACION ARGENTINA,LINK,Av. San Martín 2402,Villa Gral. Mitre,Comuna 11,4,900-1200 m,900,1200,4743,1976025.5490442794,1.9760255490442793,2400.2726089720804,3978.1874297160307,0.6033583513543543
11222,BANCO DE LA PROVINCIA DE BUENOS AIRES,LINK,Av. San Martín 6827,Villa Devoto,Comuna 11,1,0-300 m,0,300,685,282289.36414897913,0.28228936414897915,2426.588058197223,2426.588058197223,1.0
11222,BANCO DE LA PROVINCIA DE BUENOS AIRES,LINK,Av. San Martín 6827,Villa Devoto,Comuna 11,2,300-600 m,300,600,1660,846868.092447653,0.8468680924476529,1960.1635895883146,2426.588058197223,0.8077858880771763
11222,BANCO DE LA PROVINCIA DE BUENOS AIRES,LINK,Av. San Martín 6827,Villa Devoto,Comuna 11,3,600-900 m,600,900,2444,1411446.8207453075,1.4114468207453075,1731.5565588999364,2426.588058197223,0.7135766423355582
11222,BANCO DE LA PROVINCIA DE BUENOS AIRES,LINK,Av. San Martín 6827,Villa Devoto,Comuna 11,4,900-1200 m,900,1200,3580,1976025.5490442794,1.9760255490442793,1811.7174657642943,2426.588058197223,0.7466110531798577
11223,BANCO PIANO S.A.,LINK,Av. San Martín 7274,Villa Devoto,Comuna 11,1,0-300 m,0,300,504,282289.36414897913,0.28228936414897915,1785.40201654219,1785.40201654219,1.0
11223,BANCO PIANO S.A.,LINK,Av. San Martín 7274,Villa Devoto,Comuna 11,2,300-600 m,300,600,1372,846868.092447653,0.8468680924476529,1620.087015009137,1785.40201654219,0.9074074074066408
11223,BANCO PIANO S.A.,LINK,Av. San Martín 7274,Villa Devoto,Comuna 11,3,600-900 m,600,900,1614,1411446.8207453075,1.4114468207453075,1143.5074820231168,1785.40201654219,0.6404761904760037
11223,BANCO PIANO S.A.,LINK,Av. San Martín 7274,Villa Devoto,Comuna 11,4,900-1200 m,900,1200,2109,1976025.5490442794,1.9760255490442793,1067.2938925410326,1785.40201654219,0.5977891156458274
11010,BANCO DE LA NACION ARGENTINA,LINK,"Av. Santa Fe 1180, entre Libertad y Cerrito",Retiro,Comuna 1,1,0-300 m,0,300,2076,282289.36414897913,0.28228936414897915,7354.155925280926,7354.155925280926,1.0
11010,BANCO DE LA NACION ARGENTINA,LINK,"Av. Santa Fe 1180, entre Libertad y Cerrito",Retiro,Comuna 1,2,300-600 m,300,600,5726,846868.092447653,0.8468680924476529,6761.383562640174,7354.155925280926,0.9193962748868276
11010,BANCO DE LA NACION ARGENTINA,LINK,"Av. Santa Fe 1180, entre Libertad y Cerrito",Retiro,Comuna 1,3,600-900 m,600,900,8914,1411446.8207453075,1.4114468207453075,6315.505387084301,7354.155925280926,0.8587668593446435
11010,BANCO DE LA NACION ARGENTINA,LINK,"Av. Santa Fe 1180, entre Libertad y Cerrito",Retiro,Comuna 1,4,900-1200 m,900,1200,20366,1976025.5490442794,1.9760255490442793,10306.546901607715,7354.155925280926,1.4014588494347173
10999,BANCO HIPOTECARIO S.A.,LINK,Av. Santa Fé 1883,Recoleta,Comuna 2,1,0-300 m,0,300,3241,282289.36414897913,0.28228936414897915,11481.126856375473,11481.126856375473,1.0
10999,BANCO HIPOTECARIO S.A.,LINK,Av. Santa Fé 1883,Recoleta,Comuna 2,2,300-600 m,300,600,6737,846868.092447653,0.8468680924476529,7955.194037985829,11481.126856375473,0.6928931399767878
10999,BANCO HIPOTECARIO S.A.,LINK,Av. Santa Fé 1883,Recoleta,Comuna 2,3,600-900 m,600,900,11234,1411446.8207453075,1.4114468207453075,7959.208830884569,11481.126856375473,0.6932428262879804
10999,BANCO HIPOTECARIO S.A.,LINK,Av. Santa Fé 1883,Recoleta,Comuna 2,4,900-1200 m,900,1200,17667,1976025.5490442794,1.9760255490442793,8940.673873647427,11481.126856375473,0.7787279058486031
10991,BANCO DE LA PROVINCIA DE BUENOS AIRES,LINK,Av. Santa Fé 1902,Recoleta,Comuna 2,1,0-300 m,0,300,3031,282289.36414897913,0.28228936414897915,10737.209349482893,10737.209349482893,1.0
10991,BANCO DE LA PROVINCIA DE BUENOS AIRES,LINK,Av. Santa Fé 1902,Recoleta,Comuna 2,2,300-600 m,300,600,7293,846868.092447653,0.8468680924476529,8611.730758353962,10737.209349482893,0.8020455295275308
10991,BANCO DE LA PROVINCIA DE BUENOS AIRES,LINK,Av. Santa Fé 1902,Recoleta,Comuna 2,3,600-900 m,600,900,12015,1411446.8207453075,1.4114468207453075,8512.541757439745,10737.209349482893,0.7928076542392937
10991,BANCO DE LA PROVINCIA DE BUENOS AIRES,LINK,Av. Santa Fé 1902,Recoleta,Comuna 2,4,900-1200 m,900,1200,16784,1976025.5490442794,1.9760255490442793,8493.817303180982,10737.209349482893,0.7910637696181314
10987,BANCO DE LA NACION ARGENTINA,LINK,Av. Santa Fé 2299,Recoleta,Comuna 2,1,0-300 m,0,300,4018,282289.36414897913,0.28228936414897915,14233.621631878015,14233.621631878015,1.0
10987,BANCO DE LA NACION ARGENTINA,LINK,Av. Santa Fé 2299,Recoleta,Comuna 2,2,300-600 m,300,600,6895,846868.092447653,0.8468680924476529,8141.763825428572,14233.621631878015,0.5720092915210034
10987,BANCO DE LA NACION ARGENTINA,LINK,Av. Santa Fé 2299,Recoleta,Comuna 2,3,600-900 m,600,900,12124,1411446.8207453075,1.4114468207453075,8589.767479583808,14233.621631878015,0.6034843205573153
10987,BANCO DE LA NACION ARGENTINA,LINK,Av. Santa Fé 2299,Recoleta,Comuna 2,4,900-1200 m,900,1200,15640,1976025.5490442794,1.9760255490442793,7914.877420266359,14233.621631878015,0.5560691175420863
11803,BANCO DE LA NACION ARGENTINA,LINK,Av. Santa Fé 2867,Recoleta,Comuna 2,1,0-300 m,0,300,3114,282289.36414897913,0.28228936414897915,11031.23388792139,11031.23388792139,1.0
11803,BANCO DE LA NACION ARGENTINA,LINK,Av. Santa Fé 2867,Recoleta,Comuna 2,2,300-600 m,300,600,7111,846868.092447653,0.8468680924476529,8396.821256362955,11031.23388792139,0.7611860415322192
11803,BANCO DE LA NACION ARGENTINA,LINK,Av. Santa Fé 2867,Recoleta,Comuna 2,3,600-900 m,600,900,12238,1411446.8207453075,1.4114468207453075,8670.535666046408,11031.23388792139,0.7859987154782548
11803,BANCO DE LA NACION ARGENTINA,LINK,Av. Santa Fé 2867,Recoleta,Comuna 2,4,900-1200 m,900,1200,13207,1976025.5490442794,1.9760255490442793,6683.618036410345,11031.23388792139,0.6058812735108943
10985,BANCO DE LA CIUDAD DE BUENOS AIRES,LINK,Av. Santa Fé 3047 esquina Sanchez De Bustamante,Recoleta,Comuna 2,1,0-300 m,0,300,3368,282289.36414897913,0.28228936414897915,11931.019824829556,11931.019824829556,1.0
10985,BANCO DE LA CIUDAD DE BUENOS AIRES,LINK,Av. Santa Fé 3047 esquina Sanchez De Bustamante,Recoleta,Comuna 2,2,300-600 m,300,600,7184,846868.092447653,0.8468680924476529,8483.02122144726,11931.019824829556,0.7110055423588608
10985,BANCO DE LA CIUDAD DE BUENOS AIRES,LINK,Av. Santa Fé 3047 esquina Sanchez De Bustamante,Recoleta,Comuna 2,3,600-900 m,600,900,10459,1411446.8207453075,1.4114468207453075,7410.126861511635,11931.019824829556,0.6210807600948307
10985,BANCO DE LA CIUDAD DE BUENOS AIRES,LINK,Av. Santa Fé 3047 esquina Sanchez De Bustamante,Recoleta,Comuna 2,4,900-1200 m,900,1200,14867,1976025.5490442794,1.9760255490442793,7523.6881462340125,11931.019824829556,0.6305989141495282
11797,BANCO HIPOTECARIO S.A.,LINK,Av. Santa Fé 3253,Palermo,Comuna 14,1,0-300 m,0,300,4112,282289.36414897913,0.28228936414897915,14566.613277820408,14566.613277820408,1.0
11797,BANCO HIPOTECARIO S.A.,LINK,Av. Santa Fé 3253,Palermo,Comuna 14,2,300-600 m,300,600,5837,846868.092447653,0.8468680924476529,6892.454742425899,14566.613277820408,0.47316796368312813
11797,BANCO HIPOTECARIO S.A.,LINK,Av. Santa Fé 3253,Palermo,Comuna 14,3,600-900 m,600,900,10132,1411446.8207453075,1.4114468207453075,7178.449695079442,14566.613277820408,0.4928015564200897
11797,BANCO HIPOTECARIO S.A.,LINK,Av. Santa Fé 3253,Palermo,Comuna 14,4,900-1200 m,900,1200,12026,1976025.5490442794,1.9760255490442793,6085.953699240616,14566.613277820408,0.4178015564199321
11804,BANCO DE LA CIUDAD DE BUENOS AIRES,LINK,Av. Santa Fe 3400 esquina J Salguero,Palermo,Comuna 14,1,0-300 m,0,300,3453,282289.36414897913,0.28228936414897915,12232.129291905125,12232.129291905125,1.0
11804,BANCO DE LA CIUDAD DE BUENOS AIRES,LINK,Av. Santa Fe 3400 esquina J Salguero,Palermo,Comuna 14,2,300-600 m,300,600,6930,846868.092447653,0.8468680924476529,8183.092575811458,12232.129291905125,0.668983492614552
11804,BANCO DE LA CIUDAD DE BUENOS AIRES,LINK,Av. Santa Fe 3400 esquina J Salguero,Palermo,Comuna 14,3,600-900 m,600,900,8905,1411446.8207453075,1.4114468207453075,6309.128951310939,12232.129291905125,0.5157833767736694
11804,BANCO DE LA CIUDAD DE BUENOS AIRES,LINK,Av. Santa Fe 3400 esquina J Salguero,Palermo,Comuna 14,4,900-1200 m,900,1200,11514,1976025.5490442794,1.9760255490442793,5826.847737656449,12232.129291905125,0.4763559637578791
11791,BANCO DE LA PROVINCIA DE BUENOS AIRES,LINK,"Av. Santa Fé 3958, entre Armenia y Gurruchaga",Palermo,Comuna 14,1,0-300 m,0,300,1864,282289.36414897913,0.28228936414897915,6603.153489751275,6603.153489751275,1.0
11791,BANCO DE LA PROVINCIA DE BUENOS AIRES,LINK,"Av. Santa Fé 3958, entre Armenia y Gurruchaga",Palermo,Comuna 14,2,300-600 m,300,600,5576,846868.092447653,0.8468680924476529,6584.2603467135195,6603.153489751275,0.997138769670116
11791,BANCO DE LA PROVINCIA DE BUENOS AIRES,LINK,"Av. Santa Fé 3958, entre Armenia y Gurruchaga",Palermo,Comuna 14,3,600-900 m,600,900,8492,1411446.8207453075,1.4114468207453075,6016.521398599943,6603.153489751275,0.911158798282996
11791,BANCO DE LA PROVINCIA DE BUENOS AIRES,LINK,"Av. Santa Fé 3958, entre Armenia y Gurruchaga",Palermo,Comuna 14,4,900-1200 m,900,1200,11128,1976025.5490442794,1.9760255490442793,5631.506133805885,6603.153489751275,0.8528510116486798
11778,BANCO DE LA NACION ARGENTINA,LINK,Av. Santa Fé 4162,Palermo,Comuna 14,1,0-300 m,0,300,2721,282289.36414897913,0.28228936414897915,9639.045410736704,9639.045410736704,1.0
11778,BANCO DE LA NACION ARGENTINA,LINK,Av. Santa Fé 4162,Palermo,Comuna 14,2,300-600 m,300,600,4140,846868.092447653,0.8468680924476529,4888.600759575676,9639.045410736704,0.5071664829102662
11778,BANCO DE LA NACION ARGENTINA,LINK,Av. Santa Fé 4162,Palermo,Comuna 14,3,600-900 m,600,900,7625,1411446.8207453075,1.4114468207453075,5402.258085765964,9639.045410736704,0.560455714810568
11778,BANCO DE LA NACION ARGENTINA,LINK,Av. Santa Fé 4162,Palermo,Comuna 14,4,900-1200 m,900,1200,10207,1976025.5490442794,1.9760255490442793,5165.419042753115,9639.045410736704,0.5358849162593919
11786,BANCO DE LA CIUDAD DE BUENOS AIRES,LINK,Av. Santa Fé 4358,Palermo,Comuna 14,1,0-300 m,0,300,2814,282289.36414897913,0.28228936414897915,9968.494592360561,9968.494592360561,1.0
11786,BANCO DE LA CIUDAD DE BUENOS AIRES,LINK,Av. Santa Fé 4358,Palermo,Comuna 14,2,300-600 m,300,600,4785,846868.092447653,0.8468680924476529,5650.230588060293,9968.494592360561,0.5668088130769909
11786,BANCO DE LA CIUDAD DE BUENOS AIRES,LINK,Av. Santa Fé 4358,Palermo,Comuna 14,3,600-900 m,600,900,5013,1411446.8207453075,1.4114468207453075,3551.674725763249,9968.494592360561,0.35628997867793444
11786,BANCO DE LA CIUDAD DE BUENOS AIRES,LINK,Av. Santa Fé 4358,Palermo,Comuna 14,4,900-1200 m,900,1200,9658,1976025.5490442794,1.9760255490442793,4887.588626913842,9968.494592360561,0.4903035841198616
11793,BANCO DE LA CIUDAD DE BUENOS AIRES,LINK,Av. Santa Fé 4820,Palermo,Comuna 14,1,0-300 m,0,300,2240,282289.36414897913,0.28228936414897915,7935.120073520845,7935.120073520845,1.0
11793,BANCO DE LA CIUDAD DE BUENOS AIRES,LINK,Av. Santa Fé 4820,Palermo,Comuna 14,2,300-600 m,300,600,4220,846868.092447653,0.8468680924476529,4983.066474736559,7935.120073520845,0.62797619047566
11793,BANCO DE LA CIUDAD DE BUENOS AIRES,LINK,Av. Santa Fé 4820,Palermo,Comuna 14,3,600-900 m,600,900,5821,1411446.8207453075,1.4114468207453075,4124.136959638515,7935.120073520845,0.5197321428569912
11793,BANCO DE LA CIUDAD DE BUENOS AIRES,LINK,Av. Santa Fé 4820,Palermo,Comuna 14,4,900-1200 m,900,1200,7024,1976025.5490442794,1.9760255490442793,3554.6099104827945,7935.120073520845,0.4479591836731463
11004,BANCO DE LA NACION ARGENTINA,LINK,Av. Santa Fé 840,Retiro,Comuna 1,1,0-300 m,0,300,2343,282289.36414897913,0.28228936414897915,8299.993898330062,8299.993898330062,1.0
11004,BANCO DE LA NACION ARGENTINA,LINK,Av. Santa Fé 840,Retiro,Comuna 1,2,300-600 m,300,600,6357,846868.092447653,0.8468680924476529,7506.481890971636,8299.993898330062,0.9043960734093939
11004,BANCO DE LA NACION ARGENTINA,LINK,Av. Santa Fé 840,Retiro,Comuna 1,3,600-900 m,600,900,10172,1411446.8207453075,1.4114468207453075,7206.789409627722,8299.993898330062,0.8682885189924912
11004,BANCO DE LA NACION ARGENTINA,LINK,Av. Santa Fé 840,Retiro,Comuna 1,4,900-1200 m,900,1200,16900,1976025.5490442794,1.9760255490442793,8552.520997602394,8299.993898330062,1.0304249740862026
11783,BANCO DE LA CIUDAD DE BUENOS AIRES,LINK,Av. Santa Fé s/n esquina Carranza,S/D,,1,0-300 m,0,300,1280,282289.36414897913,0.28228936414897915,4534.354327726197,4534.354327726197,1.0
11783,BANCO DE LA CIUDAD DE BUENOS AIRES,LINK,Av. Santa Fé s/n esquina Carranza,S/D,,2,300-600 m,300,600,3474,846868.092447653,0.8468680924476529,4102.173680861329,4534.354327726197,0.9046874999992358
11783,BANCO DE LA CIUDAD DE BUENOS AIRES,LINK,Av. Santa Fé s/n esquina Carranza,S/D,,3,600-900 m,600,900,4612,1411446.8207453075,1.4114468207453075,3267.5690874167376,4534.354327726197,0.7206249999997898
11783,BANCO DE LA CIUDAD DE BUENOS AIRES,LINK,Av. Santa Fé s/n esquina Carranza,S/D,,4,900-1200 m,900,1200,7420,1976025.5490442794,1.9760255490442793,3755.0121776455485,4534.354327726197,0.8281249999994027
11782,BANCO DE LA CIUDAD DE BUENOS AIRES,LINK,Av. Santa Fé s/n esquina J. B. Justo,S/D,,1,0-300 m,0,300,2463,282289.36414897913,0.28228936414897915,8725.089616554393,8725.089616554393,1.0
11782,BANCO DE LA CIUDAD DE BUENOS AIRES,LINK,Av. Santa Fé s/n esquina J. B. Justo,S/D,,2,300-600 m,300,600,4078,846868.092447653,0.8468680924476529,4815.389830325992,8725.089616554393,0.5519014751653207
11782,BANCO DE LA CIUDAD DE BUENOS AIRES,LINK,Av. Santa Fé s/n esquina J. B. Justo,S/D,,3,600-900 m,600,900,5867,1411446.8207453075,1.4114468207453075,4156.727631369037,8725.089616554393,0.47641088103924395
11782,BANCO DE LA CIUDAD DE BUENOS AIRES,LINK,Av. Santa Fé s/n esquina J. B. Justo,S/D,,4,900-1200 m,900,1200,6926,1976025.5490442794,1.9760255490442793,3505.015410023325,8725.089616554393,0.4017168377701412
10997,BANCO DE LA CIUDAD DE BUENOS AIRES,LINK,Av. Sante Fe 2600 esquina Ecuador,S/D,,1,0-300 m,0,300,4163,282289.36414897913,0.28228936414897915,14747.278958065748,14747.278958065748,1.0
10997,BANCO DE LA CIUDAD DE BUENOS AIRES,LINK,Av. Sante Fe 2600 esquina Ecuador,S/D,,2,300-600 m,300,600,7392,846868.092447653,0.8468680924476529,8728.632080865555,14747.278958065748,0.5918808551520341
10997,BANCO DE LA CIUDAD DE BUENOS AIRES,LINK,Av. Sante Fe 2600 esquina Ecuador,S/D,,3,600-900 m,600,900,10402,1411446.8207453075,1.4114468207453075,7369.7427682803345,14747.278958065748,0.4997357674752326
10997,BANCO DE LA CIUDAD DE BUENOS AIRES,LINK,Av. Sante Fe 2600 esquina Ecuador,S/D,,4,900-1200 m,900,1200,16354,1976025.5490442794,1.9760255490442793,8276.208780756779,14747.278958065748,0.5612024295661853
11207,BANCO PIANO S.A.,LINK,Av. Scalabrini Ortiz 381,Villa Crespo,Comuna 15,1,0-300 m,0,300,2646,282289.36414897913,0.28228936414897915,9373.360586846498,9373.360586846498,1.0
11207,BANCO PIANO S.A.,LINK,Av. Scalabrini Ortiz 381,Villa Crespo,Comuna 15,2,300-600 m,300,600,4215,846868.092447653,0.8468680924476529,4977.162367539004,9373.360586846498,0.5309901738468681
11207,BANCO PIANO S.A.,LINK,Av. Scalabrini Ortiz 381,Villa Crespo,Comuna 15,3,600-900 m,600,900,7044,1411446.8207453075,1.4114468207453075,4990.62373195219,9373.360586846498,0.5324263038547199
11207,BANCO PIANO S.A.,LINK,Av. Scalabrini Ortiz 381,Villa Crespo,Comuna 15,4,900-1200 m,900,1200,10204,1976025.5490442794,1.9760255490442793,5163.9008437594575,9373.360586846498,0.5509124284630514
10970,BANCO DE LA CIUDAD DE BUENOS AIRES,LINK,Av. Segurola 1599,Floresta,Comuna 10,1,0-300 m,0,300,697,282289.36414897913,0.28228936414897915,2469.0976300196558,2469.0976300196558,1.0
10970,BANCO DE LA CIUDAD DE BUENOS AIRES,LINK,Av. Segurola 1599,Floresta,Comuna 10,2,300-600 m,300,600,1754,846868.092447653,0.8468680924476529,2071.1608049023516,2469.0976300196558,0.8388330942125863
10970,BANCO DE LA CIUDAD DE BUENOS AIRES,LINK,Av. Segurola 1599,Floresta,Comuna 10,3,600-900 m,600,900,2950,1411446.8207453075,1.4114468207453075,2090.0539479356844,2469.0976300196558,0.8464849354373428
10970,BANCO DE LA CIUDAD DE BUENOS AIRES,LINK,Av. Segurola 1599,Floresta,Comuna 10,4,900-1200 m,900,1200,4444,1976025.5490442794,1.9760255490442793,2248.958775937577,2469.0976300196558,0.9108423857341249
10972,BANCO DE LA CIUDAD DE BUENOS AIRES,LINK,Av. Segurola 1949,Monte Castro,Comuna 10,1,0-300 m,0,300,745,282289.36414897913,0.28228936414897915,2639.1359173093883,2639.1359173093883,1.0
10972,BANCO DE LA CIUDAD DE BUENOS AIRES,LINK,Av. Segurola 1949,Monte Castro,Comuna 10,2,300-600 m,300,600,1782,846868.092447653,0.8468680924476529,2104.2238052086605,2639.1359173093883,0.797315436240937
10972,BANCO DE LA CIUDAD DE BUENOS AIRES,LINK,Av. Segurola 1949,Monte Castro,Comuna 10,3,600-900 m,600,900,2874,1411446.8207453075,1.4114468207453075,2036.2084902939514,2639.1359173093883,0.7715436241608487
10972,BANCO DE LA CIUDAD DE BUENOS AIRES,LINK,Av. Segurola 1949,Monte Castro,Comuna 10,4,900-1200 m,900,1200,4014,1976025.5490442794,1.9760255490442793,2031.3502535133737,2639.1359173093883,0.7697027804404802
11511,BANCO DE LA CIUDAD DE BUENOS AIRES,LINK,Av. Suarez 2032,Barracas,Comuna 4,1,0-300 m,0,300,825,282289.36414897913,0.28228936414897915,2922.5330627922754,2922.5330627922754,1.0
11511,BANCO DE LA CIUDAD DE BUENOS AIRES,LINK,Av. Suarez 2032,Barracas,Comuna 4,2,300-600 m,300,600,2383,846868.092447653,0.8468680924476529,2813.8974903547914,2922.5330627922754,0.9628282828274695
11511,BANCO DE LA CIUDAD DE BUENOS AIRES,LINK,Av. Suarez 2032,Barracas,Comuna 4,3,600-900 m,600,900,3810,1411446.8207453075,1.4114468207453075,2699.3578107237145,2922.5330627922754,0.9236363636360942
11511,BANCO DE LA CIUDAD DE BUENOS AIRES,LINK,Av. Suarez 2032,Barracas,Comuna 4,4,900-1200 m,900,1200,5940,1976025.5490442794,1.9760255490442793,3006.034007441315,2922.5330627922754,1.0285714285706868
11227,CABAL COOP. LTDA.,LINK,Av. Triunvirato 3987,Villa Ortuzar,Comuna 15,1,0-300 m,0,300,722,282289.36414897913,0.28228936414897915,2557.659237983058,2557.659237983058,1.0
11227,CABAL COOP. LTDA.,LINK,Av. Triunvirato 3987,Villa Ortuzar,Comuna 15,2,300-600 m,300,600,2320,846868.092447653,0.8468680924476529,2739.505739665596,2557.659237983058,1.0710987996297505
11227,CABAL COOP. LTDA.,LINK,Av. Triunvirato 3987,Villa Ortuzar,Comuna 15,3,600-900 m,600,900,3123,1411446.8207453075,1.4114468207453075,2212.6232133569974,2557.659237983058,0.8650969529083349
11227,CABAL COOP. LTDA.,LINK,Av. Triunvirato 3987,Villa Ortuzar,Comuna 15,4,900-1200 m,900,1200,4409,1976025.5490442794,1.9760255490442793,2231.2464543449087,2557.659237983058,0.8723783142059397
11095,BANCO PIANO S.A.,LINK,Av. Triunvirato 4127,Villa Urquiza,Comuna 12,1,0-300 m,0,300,886,282289.36414897913,0.28228936414897915,3138.623386222977,3138.623386222977,1.0
11095,BANCO PIANO S.A.,LINK,Av. Triunvirato 4127,Villa Urquiza,Comuna 12,2,300-600 m,300,600,1858,846868.092447653,0.8468680924476529,2193.966234611499,3138.623386222977,0.699021820917393
11095,BANCO PIANO S.A.,LINK,Av. Triunvirato 4127,Villa Urquiza,Comuna 12,3,600-900 m,600,900,3952,1411446.8207453075,1.4114468207453075,2799.96379737011,3138.623386222977,0.892099322798837
11095,BANCO PIANO S.A.,LINK,Av. Triunvirato 4127,Villa Urquiza,Comuna 12,4,900-1200 m,900,1200,5244,1976025.5490442794,1.9760255490442793,2653.811840912838,3138.623386222977,0.8455336988062266
11102,BANCO HIPOTECARIO S.A.,LINK,Av. Triunvirato 4279,Villa Urquiza,Comuna 12,1,0-300 m,0,300,898,282289.36414897913,0.28228936414897915,3181.1329580454103,3181.1329580454103,1.0
11102,BANCO HIPOTECARIO S.A.,LINK,Av. Triunvirato 4279,Villa Urquiza,Comuna 12,2,300-600 m,300,600,2553,846868.092447653,0.8468680924476529,3014.6371350716668,3181.1329580454103,0.9476614699323841
11102,BANCO HIPOTECARIO S.A.,LINK,Av. Triunvirato 4279,Villa Urquiza,Comuna 12,3,600-900 m,600,900,4271,1411446.8207453075,1.4114468207453075,3025.9730208926467,3181.1329580454103,0.9512249443204351
11102,BANCO HIPOTECARIO S.A.,LINK,Av. Triunvirato 4279,Villa Urquiza,Comuna 12,4,900-1200 m,900,1200,4908,1976025.5490442794,1.9760255490442793,2483.773553623228,3181.1329580454103,0.7807826916952688
11097,BANCO DE LA CIUDAD DE BUENOS AIRES,LINK,"Av. Triunvirato 4600, entre Blanco Encalada y Olaz",Villa Urquiza,Comuna 12,1,0-300 m,0,300,2051,282289.36414897913,0.28228936414897915,7265.594317317524,7265.594317317524,1.0
11097,BANCO DE LA CIUDAD DE BUENOS AIRES,LINK,"Av. Triunvirato 4600, entre Blanco Encalada y Olaz",Villa Urquiza,Comuna 12,2,300-600 m,300,600,2889,846868.092447653,0.8468680924476529,3411.393138747374,7265.594317317524,0.46952705997034927
11097,BANCO DE LA CIUDAD DE BUENOS AIRES,LINK,"Av. Triunvirato 4600, entre Blanco Encalada y Olaz",Villa Urquiza,Comuna 12,3,600-900 m,600,900,3788,1411446.8207453075,1.4114468207453075,2683.77096772216,7265.594317317524,0.3693807898584978
11097,BANCO DE LA CIUDAD DE BUENOS AIRES,LINK,"Av. Triunvirato 4600, entre Blanco Encalada y Olaz",Villa Urquiza,Comuna 12,4,900-1200 m,900,1200,4419,1976025.5490442794,1.9760255490442793,2236.3071176570998,7265.594317317524,0.3077941074038318
11099,BANCO DE LA PROVINCIA DE BUENOS AIRES,LINK,Av. Triunvirato 4635,Villa Urquiza,Comuna 12,1,0-300 m,0,300,2127,282289.36414897913,0.28228936414897915,7534.8216055262665,7534.8216055262665,1.0
11099,BANCO DE LA PROVINCIA DE BUENOS AIRES,LINK,Av. Triunvirato 4635,Villa Urquiza,Comuna 12,2,300-600 m,300,600,2765,846868.092447653,0.8468680924476529,3264.9712802480058,7534.8216055262665,0.43331766180812786
11099,BANCO DE LA PROVINCIA DE BUENOS AIRES,LINK,Av. Triunvirato 4635,Villa Urquiza,Comuna 12,3,600-900 m,600,900,3889,1411446.8207453075,1.4114468207453075,2755.328746956568,7534.8216055262665,0.3656793606016799
11099,BANCO DE LA PROVINCIA DE BUENOS AIRES,LINK,Av. Triunvirato 4635,Villa Urquiza,Comuna 12,4,900-1200 m,900,1200,4587,1976025.5490442794,1.9760255490442793,2321.3262613019047,7534.8216055262665,0.30807979044910283
11096,BANCO DE LA NACION ARGENTINA,LINK,Av. Triunvirato 4802,Villa Urquiza,Comuna 12,1,0-300 m,0,300,1980,282289.36414897913,0.28228936414897915,7014.079350701461,7014.079350701461,1.0
11096,BANCO DE LA NACION ARGENTINA,LINK,Av. Triunvirato 4802,Villa Urquiza,Comuna 12,2,300-600 m,300,600,2834,846868.092447653,0.8468680924476529,3346.4479595742673,7014.079350701461,0.477104377103974
11096,BANCO DE LA NACION ARGENTINA,LINK,Av. Triunvirato 4802,Villa Urquiza,Comuna 12,3,600-900 m,600,900,3870,1411446.8207453075,1.4114468207453075,2741.867382546135,7014.079350701461,0.39090909090897685
11096,BANCO DE LA NACION ARGENTINA,LINK,Av. Triunvirato 4802,Villa Urquiza,Comuna 12,4,900-1200 m,900,1200,4566,1976025.5490442794,1.9760255490442793,2310.6988683463037,7014.079350701461,0.3294372294369918
10984,BANCO DE LA CIUDAD DE BUENOS AIRES,LINK,"Av. Warnes 2650, entre Raulíes y Av De Los Constit",Paternal,Comuna 15,1,0-300 m,0,300,314,282289.36414897913,0.28228936414897915,1112.3337960203328,1112.3337960203328,1.0
10984,BANCO DE LA CIUDAD DE BUENOS AIRES,LINK,"Av. Warnes 2650, entre Raulíes y Av De Los Constit",Paternal,Comuna 15,2,300-600 m,300,600,842,846868.092447653,0.8468680924476529,994.2516520682897,1112.3337960203328,0.8938428874727055
10984,BANCO DE LA CIUDAD DE BUENOS AIRES,LINK,"Av. Warnes 2650, entre Raulíes y Av De Los Constit",Paternal,Comuna 15,3,600-900 m,600,900,2139,1411446.8207453075,1.4114468207453075,1515.4662354692978,1112.3337960203328,1.3624203821652074
10984,BANCO DE LA CIUDAD DE BUENOS AIRES,LINK,"Av. Warnes 2650, entre Raulíes y Av De Los Constit",Paternal,Comuna 15,4,900-1200 m,900,1200,3788,1976025.5490442794,1.9760255490442793,1916.9792626578624,1112.3337960203328,1.7233848953581745
11174,CABAL COOP. LTDA.,LINK,Azcuénaga 322,Balvanera,Comuna 3,1,0-300 m,0,300,3538,282289.36414897913,0.28228936414897915,12533.238758980691,12533.238758980691,1.0
11174,CABAL COOP. LTDA.,LINK,Azcuénaga 322,Balvanera,Comuna 3,2,300-600 m,300,600,11506,846868.092447653,0.8468680924476529,13586.531483013945,12533.238758980691,1.0840399472385793
11174,CABAL COOP. LTDA.,LINK,Azcuénaga 322,Balvanera,Comuna 3,3,600-900 m,600,900,17345,1411446.8207453075,1.4114468207453075,12288.808720998117,12533.238758980691,0.9804974561896519
11174,CABAL COOP. LTDA.,LINK,Azcuénaga 322,Balvanera,Comuna 3,4,900-1200 m,900,1200,22511,1976025.5490442794,1.9760255490442793,11392.059182072635,12533.238758980691,0.908947750948226
11176,BANCO DE LA PROVINCIA DE BUENOS AIRES,LINK,Azcuénaga 543,Balvanera,Comuna 3,1,0-300 m,0,300,3577,282289.36414897913,0.28228936414897915,12671.3948674036,12671.3948674036,1.0
11176,BANCO DE LA PROVINCIA DE BUENOS AIRES,LINK,Azcuénaga 543,Balvanera,Comuna 3,2,300-600 m,300,600,10879,846868.092447653,0.8468680924476529,12846.156440440527,12671.3948674036,1.0137918180962453
11176,BANCO DE LA PROVINCIA DE BUENOS AIRES,LINK,Azcuénaga 543,Balvanera,Comuna 3,3,600-900 m,600,900,14705,1411446.8207453075,1.4114468207453075,10418.387560811607,12671.3948674036,0.8221973720992849
11176,BANCO DE LA PROVINCIA DE BUENOS AIRES,LINK,Azcuénaga 543,Balvanera,Comuna 3,4,900-1200 m,900,1200,27562,1976025.5490442794,1.9760255490442793,13948.20022106019,12671.3948674036,1.1007628100155804
11085,BANCO DE LA NACION ARGENTINA,LINK,Azopardo 1025,San Telmo,Comuna 1,1,0-300 m,0,300,1101,282289.36414897913,0.28228936414897915,3900.2532147082366,3900.2532147082366,1.0
11085,BANCO DE LA NACION ARGENTINA,LINK,Azopardo 1025,San Telmo,Comuna 1,2,300-600 m,300,600,3724,846868.092447653,0.8468680924476529,4397.379040739086,3900.2532147082366,1.1274598849521205
11085,BANCO DE LA NACION ARGENTINA,LINK,Azopardo 1025,San Telmo,Comuna 1,3,600-900 m,600,900,6436,1411446.8207453075,1.4114468207453075,4559.860070818327,3900.2532147082366,1.1691189827426198
11085,BANCO DE LA NACION ARGENTINA,LINK,Azopardo 1025,San Telmo,Comuna 1,4,900-1200 m,900,1200,8359,1976025.5490442794,1.9760255490442793,4230.208462660262,3900.2532147082366,1.084598417022703
11398,BANCO DE LA NACION ARGENTINA,LINK,Azopardo 250,S/D,,1,0-300 m,0,300,942,282289.36414897913,0.28228936414897915,3337.001388060998,3337.001388060998,1.0
11398,BANCO DE LA NACION ARGENTINA,LINK,Azopardo 250,S/D,,2,300-600 m,300,600,2428,846868.092447653,0.8468680924476529,2867.034455132788,3337.001388060998,0.8591648973807321
11398,BANCO DE LA NACION ARGENTINA,LINK,Azopardo 250,S/D,,3,600-900 m,600,900,7381,1411446.8207453075,1.4114468207453075,5229.385827021453,3337.001388060998,1.5670912951163158
11398,BANCO DE LA NACION ARGENTINA,LINK,Azopardo 250,S/D,,4,900-1200 m,900,1200,9883,1976025.5490442794,1.9760255490442793,5001.453551438134,3337.001388060998,1.4987867758557585
11379,BANCO DE LA NACION ARGENTINA,LINK,Azopardo 350,Monserrat,Comuna 1,1,0-300 m,0,300,1029,282289.36414897913,0.28228936414897915,3645.195783773638,3645.195783773638,1.0
11379,BANCO DE LA NACION ARGENTINA,LINK,Azopardo 350,Monserrat,Comuna 1,2,300-600 m,300,600,2454,846868.092447653,0.8468680924476529,2897.7358125600745,3645.195783773638,0.7949465500479191
11379,BANCO DE LA NACION ARGENTINA,LINK,Azopardo 350,Monserrat,Comuna 1,3,600-900 m,600,900,7168,1411446.8207453075,1.4114468207453075,5078.476847051859,3645.195783773638,1.3931972789111582
11379,BANCO DE LA NACION ARGENTINA,LINK,Azopardo 350,Monserrat,Comuna 1,4,900-1200 m,900,1200,9351,1976025.5490442794,1.9760255490442793,4732.226263229585,3645.195783773638,1.298209079549251
11087,BANCO DE LA NACION ARGENTINA,LINK,Azopardo 670,Monserrat,Comuna 1,1,0-300 m,0,300,982,282289.36414897913,0.28228936414897915,3478.6999608024416,3478.6999608024416,1.0
11087,BANCO DE LA NACION ARGENTINA,LINK,Azopardo 670,Monserrat,Comuna 1,2,300-600 m,300,600,3683,846868.092447653,0.8468680924476529,4348.965361719134,3478.6999608024416,1.2501697216554273
11087,BANCO DE LA NACION ARGENTINA,LINK,Azopardo 670,Monserrat,Comuna 1,3,600-900 m,600,900,6882,1411446.8207453075,1.4114468207453075,4875.847888031654,3478.6999608024416,1.4016293279018317
11087,BANCO DE LA NACION ARGENTINA,LINK,Azopardo 670,Monserrat,Comuna 1,4,900-1200 m,900,1200,8219,1976025.5490442794,1.9760255490442793,4159.359176289591,3478.6999608024416,1.1956648239735341
11078,BANCO DE LA NACION ARGENTINA,LINK,Balcarce 50,Monserrat,Comuna 1,1,0-300 m,0,300,1502,282289.36414897913,0.28228936414897915,5320.78140644121,5320.78140644121,1.0
11078,BANCO DE LA NACION ARGENTINA,LINK,Balcarce 50,Monserrat,Comuna 1,2,300-600 m,300,600,5570,846868.092447653,0.8468680924476529,6577.175418076453,5320.78140644121,1.2361296049701052
11078,BANCO DE LA NACION ARGENTINA,LINK,Balcarce 50,Monserrat,Comuna 1,3,600-900 m,600,900,9414,1411446.8207453075,1.4114468207453075,6669.751818937808,5320.78140644121,1.253528628494974
11078,BANCO DE LA NACION ARGENTINA,LINK,Balcarce 50,Monserrat,Comuna 1,4,900-1200 m,900,1200,13285,1976025.5490442794,1.9760255490442793,6723.091210245433,5320.78140644121,1.2635533574272797
11082,BANCO SAENZ S.A.,LINK,Bartolomé Mitre 800 esquina Esmeralda piso planta,San Nicolas,Comuna 1,1,0-300 m,0,300,2329,282289.36414897913,0.28228936414897915,8250.399397870557,8250.399397870557,1.0
11082,BANCO SAENZ S.A.,LINK,Bartolomé Mitre 800 esquina Esmeralda piso planta,San Nicolas,Comuna 1,2,300-600 m,300,600,13500,846868.092447653,0.8468680924476529,15941.089433398944,8250.399397870557,1.932159725202318
11082,BANCO SAENZ S.A.,LINK,Bartolomé Mitre 800 esquina Esmeralda piso planta,San Nicolas,Comuna 1,3,600-900 m,600,900,14346,1411446.8207453075,1.4114468207453075,10164.038622740789,8250.399397870557,1.2319450407896793
11082,BANCO SAENZ S.A.,LINK,Bartolomé Mitre 800 esquina Esmeralda piso planta,San Nicolas,Comuna 1,4,900-1200 m,900,1200,16539,1976025.5490442794,1.9760255490442793,8369.831052032308,8250.399397870557,1.0144758633373043
11673,BANCO DE LA NACION ARGENTINA,LINK,Bernardo De Irigoyen 1000,Constitucion,Comuna 1,1,0-300 m,0,300,2181,282289.36414897913,0.28228936414897915,7726.1146787272155,7726.1146787272155,1.0
11673,BANCO DE LA NACION ARGENTINA,LINK,Bernardo De Irigoyen 1000,Constitucion,Comuna 1,2,300-600 m,300,600,6779,846868.092447653,0.8468680924476529,8004.788538445292,7726.1146787272155,1.0360690814602282
11673,BANCO DE LA NACION ARGENTINA,LINK,Bernardo De Irigoyen 1000,Constitucion,Comuna 1,3,600-900 m,600,900,12071,1411446.8207453075,1.4114468207453075,8552.217357807338,7726.1146787272155,1.1069234296191177
11673,BANCO DE LA NACION ARGENTINA,LINK,Bernardo De Irigoyen 1000,Constitucion,Comuna 1,4,900-1200 m,900,1200,21215,1976025.5490442794,1.9760255490442793,10736.19721681271,7726.1146787272155,1.389598480381522
11384,BANCO DE LA CIUDAD DE BUENOS AIRES,LINK,"Bernardo De Irigoyen 312, entre Moreno y Av. Belgr",Monserrat,Comuna 1,1,0-300 m,0,300,1676,282289.36414897913,0.28228936414897915,5937.17019786649,5937.17019786649,1.0
11384,BANCO DE LA CIUDAD DE BUENOS AIRES,LINK,"Bernardo De Irigoyen 312, entre Moreno y Av. Belgr",Monserrat,Comuna 1,2,300-600 m,300,600,6624,846868.092447653,0.8468680924476529,7821.761215321082,5937.17019786649,1.3174224343664287
11384,BANCO DE LA CIUDAD DE BUENOS AIRES,LINK,"Bernardo De Irigoyen 312, entre Moreno y Av. Belgr",Monserrat,Comuna 1,3,600-900 m,600,900,12015,1411446.8207453075,1.4114468207453075,8512.541757439745,5937.17019786649,1.4337708830544744
11384,BANCO DE LA CIUDAD DE BUENOS AIRES,LINK,"Bernardo De Irigoyen 312, entre Moreno y Av. Belgr",Monserrat,Comuna 1,4,900-1200 m,900,1200,20283,1976025.5490442794,1.9760255490442793,10264.54339611653,5937.17019786649,1.7288612342299154
11064,BANCO DE LA NACION ARGENTINA,LINK,Bernardo De Irigoyen 474,Monserrat,Comuna 1,1,0-300 m,0,300,1787,282289.36414897913,0.28228936414897915,6330.383737223996,6330.383737223996,1.0
11064,BANCO DE LA NACION ARGENTINA,LINK,Bernardo De Irigoyen 474,Monserrat,Comuna 1,2,300-600 m,300,600,5521,846868.092447653,0.8468680924476529,6519.315167540412,6330.383737223996,1.0298451781375368
11064,BANCO DE LA NACION ARGENTINA,LINK,Bernardo De Irigoyen 474,Monserrat,Comuna 1,3,600-900 m,600,900,12282,1411446.8207453075,1.4114468207453075,8701.709352049516,6330.383737223996,1.37459429210928
11064,BANCO DE LA NACION ARGENTINA,LINK,Bernardo De Irigoyen 474,Monserrat,Comuna 1,4,900-1200 m,900,1200,16755,1976025.5490442794,1.9760255490442793,8479.141379575629,6330.383737223996,1.3394356063624522
11674,BANCO DE LA PROVINCIA DE BUENOS AIRES,LINK,Bernardo De Irigoyen 986,Constitucion,Comuna 1,1,0-300 m,0,300,2291,282289.36414897913,0.28228936414897915,8115.785753766186,8115.785753766186,1.0
11674,BANCO DE LA PROVINCIA DE BUENOS AIRES,LINK,Bernardo De Irigoyen 986,Constitucion,Comuna 1,2,300-600 m,300,600,6530,846868.092447653,0.8468680924476529,7710.764000007045,8115.785753766186,0.9500945729658785
11674,BANCO DE LA PROVINCIA DE BUENOS AIRES,LINK,Bernardo De Irigoyen 986,Constitucion,Comuna 1,3,600-900 m,600,900,11510,1411446.8207453075,1.4114468207453075,8154.752861267704,8115.785753766186,1.0048013967696763
11674,BANCO DE LA PROVINCIA DE BUENOS AIRES,LINK,Bernardo De Irigoyen 986,Constitucion,Comuna 1,4,900-1200 m,900,1200,21715,1976025.5490442794,1.9760255490442793,10989.230382422249,8115.785753766186,1.3540562449326143
11796,BANCO DE LA CIUDAD DE BUENOS AIRES,LINK,Beruti 3325,Palermo,Comuna 14,1,0-300 m,0,300,3715,282289.36414897913,0.28228936414897915,13160.25494336158,13160.25494336158,1.0
11796,BANCO DE LA CIUDAD DE BUENOS AIRES,LINK,Beruti 3325,Palermo,Comuna 14,2,300-600 m,300,600,5236,846868.092447653,0.8468680924476529,6182.781057279768,13160.25494336158,0.4698070883800427
11796,BANCO DE LA CIUDAD DE BUENOS AIRES,LINK,Beruti 3325,Palermo,Comuna 14,3,600-900 m,600,900,10632,1411446.8207453075,1.4114468207453075,7532.696126932948,13160.25494336158,0.5723822341855666
11796,BANCO DE LA CIUDAD DE BUENOS AIRES,LINK,Beruti 3325,Palermo,Comuna 14,4,900-1200 m,900,1200,12218,1976025.5490442794,1.9760255490442793,6183.118434834678,13160.25494336158,0.4698327244757234
11042,BANCO DE LA PROVINCIA DE BUENOS AIRES,LINK,Bmé. Mitre 201,San Nicolas,Comuna 1,1,0-300 m,0,300,779,282289.36414897913,0.28228936414897915,2759.5797041396154,2759.5797041396154,1.0
11042,BANCO DE LA PROVINCIA DE BUENOS AIRES,LINK,Bmé. Mitre 201,San Nicolas,Comuna 1,2,300-600 m,300,600,5512,846868.092447653,0.8468680924476529,6508.687774584813,2759.5797041396154,2.3585793752654443
11042,BANCO DE LA PROVINCIA DE BUENOS AIRES,LINK,Bmé. Mitre 201,San Nicolas,Comuna 1,3,600-900 m,600,900,9625,1411446.8207453075,1.4114468207453075,6819.243813179987,2759.5797041396154,2.471116816430601
11042,BANCO DE LA PROVINCIA DE BUENOS AIRES,LINK,Bmé. Mitre 201,San Nicolas,Comuna 1,4,900-1200 m,900,1200,11689,1976025.5490442794,1.9760255490442793,5915.409345619787,2759.5797041396154,2.143590684025595
11012,BANCO DE LA NACION ARGENTINA,LINK,Bmé. Mitre 326,San Nicolas,Comuna 1,1,0-300 m,0,300,1185,282289.36414897913,0.28228936414897915,4197.820217465269,4197.820217465269,1.0
11012,BANCO DE LA NACION ARGENTINA,LINK,Bmé. Mitre 326,San Nicolas,Comuna 1,2,300-600 m,300,600,7108,846868.092447653,0.8468680924476529,8393.278792044423,4197.820217465269,1.9994374120939507
11012,BANCO DE LA NACION ARGENTINA,LINK,Bmé. Mitre 326,San Nicolas,Comuna 1,3,600-900 m,600,900,10259,1411446.8207453075,1.4114468207453075,7268.428288770232,4197.820217465269,1.7314767932484398
11012,BANCO DE LA NACION ARGENTINA,LINK,Bmé. Mitre 326,San Nicolas,Comuna 1,4,900-1200 m,900,1200,15197,1976025.5490442794,1.9760255490442793,7690.690035536308,4197.820217465269,1.8320675105472017
11043,BANCO DE LA PROVINCIA DE CORDOBA S.A.,LINK,Bme. Mitre 337,San Nicolas,Comuna 1,1,0-300 m,0,300,1185,282289.36414897913,0.28228936414897915,4197.820217465269,4197.820217465269,1.0
11043,BANCO DE LA PROVINCIA DE CORDOBA S.A.,LINK,Bme. Mitre 337,San Nicolas,Comuna 1,2,300-600 m,300,600,7108,846868.092447653,0.8468680924476529,8393.278792044423,4197.820217465269,1.9994374120939507
11043,BANCO DE LA PROVINCIA DE CORDOBA S.A.,LINK,Bme. Mitre 337,San Nicolas,Comuna 1,3,600-900 m,600,900,10259,1411446.8207453075,1.4114468207453075,7268.428288770232,4197.820217465269,1.7314767932484398
11043,BANCO DE LA PROVINCIA DE CORDOBA S.A.,LINK,Bme. Mitre 337,San Nicolas,Comuna 1,4,900-1200 m,900,1200,15197,1976025.5490442794,1.9760255490442793,7690.690035536308,4197.820217465269,1.8320675105472017
11053,BANCO DE LA NACION ARGENTINA,LINK,Bmé. Mitre 343,San Nicolas,Comuna 1,1,0-300 m,0,300,1318,282289.36414897913,0.28228936414897915,4668.967971830569,4668.967971830569,1.0
11053,BANCO DE LA NACION ARGENTINA,LINK,Bmé. Mitre 343,San Nicolas,Comuna 1,2,300-600 m,300,600,7366,846868.092447653,0.8468680924476529,8697.930723438269,4668.967971830569,1.8629236216473892
11053,BANCO DE LA NACION ARGENTINA,LINK,Bmé. Mitre 343,San Nicolas,Comuna 1,3,600-900 m,600,900,10509,1411446.8207453075,1.4114468207453075,7445.551504696985,4668.967971830569,1.59468892260955
11053,BANCO DE LA NACION ARGENTINA,LINK,Bmé. Mitre 343,San Nicolas,Comuna 1,4,900-1200 m,900,1200,15750,1976025.5490442794,1.9760255490442793,7970.544716700457,4668.967971830569,1.7071320182081768
11050,BANCO DE LA PROVINCIA DE BUENOS AIRES,LINK,Bmé. Mitre 457,San Nicolas,Comuna 1,1,0-300 m,0,300,2750,282289.36414897913,0.28228936414897915,9741.776875974252,9741.776875974252,1.0
11050,BANCO DE LA PROVINCIA DE BUENOS AIRES,LINK,Bmé. Mitre 457,San Nicolas,Comuna 1,2,300-600 m,300,600,7807,846868.092447653,0.8468680924476529,9218.672978262633,9741.776875974252,0.9463030303022307
11050,BANCO DE LA PROVINCIA DE BUENOS AIRES,LINK,Bmé. Mitre 457,San Nicolas,Comuna 1,3,600-900 m,600,900,11883,1411446.8207453075,1.4114468207453075,8419.020699430419,9741.776875974252,0.8642181818179296
11050,BANCO DE LA PROVINCIA DE BUENOS AIRES,LINK,Bmé. Mitre 457,San Nicolas,Comuna 1,4,900-1200 m,900,1200,16269,1976025.5490442794,1.9760255490442793,8233.193142603157,9741.776875974252,0.8451428571422475
11400,BANCO DE LA CIUDAD DE BUENOS AIRES,LINK,Bolivar 177,Monserrat,Comuna 1,1,0-300 m,0,300,2825,282289.36414897913,0.28228936414897915,10007.461699864458,10007.461699864458,1.0
11400,BANCO DE LA CIUDAD DE BUENOS AIRES,LINK,Bolivar 177,Monserrat,Comuna 1,2,300-600 m,300,600,6387,846868.092447653,0.8468680924476529,7541.906534156967,10007.461699864458,0.7536283185834342
11400,BANCO DE LA CIUDAD DE BUENOS AIRES,LINK,Bolivar 177,Monserrat,Comuna 1,3,600-900 m,600,900,8744,1411446.8207453075,1.4114468207453075,6195.06160025411,10007.461699864458,0.6190442477874302
11400,BANCO DE LA CIUDAD DE BUENOS AIRES,LINK,Bolivar 177,Monserrat,Comuna 1,4,900-1200 m,900,1200,17705,1976025.5490442794,1.9760255490442793,8959.904394233752,10007.461699864458,0.8953223767376602
11721,BANCO DE LA NACION ARGENTINA,LINK,Bouchard 557 piso 5,S/D,,1,0-300 m,0,300,2421,282289.36414897913,0.28228936414897915,8576.306115175877,8576.306115175877,1.0
11721,BANCO DE LA NACION ARGENTINA,LINK,Bouchard 557 piso 5,S/D,,2,300-600 m,300,600,3855,846868.092447653,0.8468680924476529,4552.066649315032,8576.306115175877,0.5307724080953797
11721,BANCO DE LA NACION ARGENTINA,LINK,Bouchard 557 piso 5,S/D,,3,600-900 m,600,900,8308,1411446.8207453075,1.4114468207453075,5886.158711677853,8576.306115175877,0.6863279636511835
11721,BANCO DE LA NACION ARGENTINA,LINK,Bouchard 557 piso 5,S/D,,4,900-1200 m,900,1200,9356,1976025.5490442794,1.9760255490442793,4734.756594885681,8576.306115175877,0.5520741134120052
11504,BANCO DE LA CIUDAD DE BUENOS AIRES,LINK,Brandsen 2570,Barracas,Comuna 4,1,0-300 m,0,300,231,282289.36414897913,0.28228936414897915,818.3092575818372,818.3092575818372,1.0
11504,BANCO DE LA CIUDAD DE BUENOS AIRES,LINK,Brandsen 2570,Barracas,Comuna 4,2,300-600 m,300,600,1347,846868.092447653,0.8468680924476529,1590.5664790213614,818.3092575818372,1.9437229437213015
11504,BANCO DE LA CIUDAD DE BUENOS AIRES,LINK,Brandsen 2570,Barracas,Comuna 4,3,600-900 m,600,900,3374,1411446.8207453075,1.4114468207453075,2390.454922147457,818.3092575818372,2.9212121212112687
11504,BANCO DE LA CIUDAD DE BUENOS AIRES,LINK,Brandsen 2570,Barracas,Comuna 4,4,900-1200 m,900,1200,6028,1976025.5490442794,1.9760255490442793,3050.5678445885937,818.3092575818372,3.7278911564598958
11098,CABAL COOP. LTDA.,LINK,Bucarelli 2696,Villa Urquiza,Comuna 12,1,0-300 m,0,300,928,282289.36414897913,0.28228936414897915,3287.406887601493,3287.406887601493,1.0
11098,CABAL COOP. LTDA.,LINK,Bucarelli 2696,Villa Urquiza,Comuna 12,2,300-600 m,300,600,3321,846868.092447653,0.8468680924476529,3921.50800061614,3287.406887601493,1.1928879310334748
11098,CABAL COOP. LTDA.,LINK,Bucarelli 2696,Villa Urquiza,Comuna 12,3,600-900 m,600,900,4015,1411446.8207453075,1.4114468207453075,2844.5988477836518,3287.406887601493,0.8653017241376786
11098,CABAL COOP. LTDA.,LINK,Bucarelli 2696,Villa Urquiza,Comuna 12,4,900-1200 m,900,1200,4553,1976025.5490442794,1.9760255490442793,2304.120006040456,3287.406887601493,0.7008928571423515
11787,BANCO DE LA CIUDAD DE BUENOS AIRES,LINK,"Bulnes 1048, entre Tucumán y Lavalle",Almagro,Comuna 5,1,0-300 m,0,300,2413,282289.36414897913,0.28228936414897915,8547.966400627589,8547.966400627589,1.0
11787,BANCO DE LA CIUDAD DE BUENOS AIRES,LINK,"Bulnes 1048, entre Tucumán y Lavalle",Almagro,Comuna 5,2,300-600 m,300,600,6768,846868.092447653,0.8468680924476529,7991.79950261067,8547.966400627589,0.9349357646075813
11787,BANCO DE LA CIUDAD DE BUENOS AIRES,LINK,"Bulnes 1048, entre Tucumán y Lavalle",Almagro,Comuna 5,3,600-900 m,600,900,12755,1411446.8207453075,1.4114468207453075,9036.826476582934,8547.966400627589,1.0571902196432887
11787,BANCO DE LA CIUDAD DE BUENOS AIRES,LINK,"Bulnes 1048, entre Tucumán y Lavalle",Almagro,Comuna 5,4,900-1200 m,900,1200,15617,1976025.5490442794,1.9760255490442793,7903.2378946483195,8547.966400627589,0.9245752175708208
11789,BANCO DE LA CIUDAD DE BUENOS AIRES,LINK,Bulnes 2117 esquina Beruti,Palermo,Comuna 14,1,0-300 m,0,300,3973,282289.36414897913,0.28228936414897915,14074.210737543892,14074.210737543892,1.0
11789,BANCO DE LA CIUDAD DE BUENOS AIRES,LINK,Bulnes 2117 esquina Beruti,Palermo,Comuna 14,2,300-600 m,300,600,5237,846868.092447653,0.8468680924476529,6183.961878719279,14074.210737543892,0.43938249853138484
11789,BANCO DE LA CIUDAD DE BUENOS AIRES,LINK,Bulnes 2117 esquina Beruti,Palermo,Comuna 14,3,600-900 m,600,900,10451,1411446.8207453075,1.4114468207453075,7404.458918601978,14074.210737543892,0.5261011829849963
11789,BANCO DE LA CIUDAD DE BUENOS AIRES,LINK,Bulnes 2117 esquina Beruti,Palermo,Comuna 14,4,900-1200 m,900,1200,10886,1976025.5490442794,1.9760255490442793,5509.038081650869,14074.210737543892,0.39142785228838045
11777,BANCO DE LA CIUDAD DE BUENOS AIRES,LINK,Calderon De La Barca 1550,Monte Castro,Comuna 10,1,0-300 m,0,300,693,282289.36414897913,0.28228936414897915,2454.9277727455114,2454.9277727455114,1.0
11777,BANCO DE LA CIUDAD DE BUENOS AIRES,LINK,Calderon De La Barca 1550,Monte Castro,Comuna 10,2,300-600 m,300,600,1971,846868.092447653,0.8468680924476529,2327.399057276246,2454.9277727455114,0.9480519480511471
11777,BANCO DE LA CIUDAD DE BUENOS AIRES,LINK,Calderon De La Barca 1550,Monte Castro,Comuna 10,3,600-900 m,600,900,2821,1411446.8207453075,1.4114468207453075,1998.6583685174799,2454.9277727455114,0.8141414141411767
11777,BANCO DE LA CIUDAD DE BUENOS AIRES,LINK,Calderon De La Barca 1550,Monte Castro,Comuna 10,4,900-1200 m,900,1200,3908,1976025.5490442794,1.9760255490442793,1977.7072224041515,2454.9277727455114,0.805607091320796
11214,CABAL COOP. LTDA.,LINK,Camargo 544,Villa Crespo,Comuna 15,1,0-300 m,0,300,2445,282289.36414897913,0.28228936414897915,8661.325258820743,8661.325258820743,1.0
11214,CABAL COOP. LTDA.,LINK,Camargo 544,Villa Crespo,Comuna 15,2,300-600 m,300,600,4169,846868.092447653,0.8468680924476529,4922.844581321496,8661.325258820743,0.5683708248120624
11214,CABAL COOP. LTDA.,LINK,Camargo 544,Villa Crespo,Comuna 15,3,600-900 m,600,900,6732,1411446.8207453075,1.4114468207453075,4769.573958475602,8661.325258820743,0.5506748466256063
11214,CABAL COOP. LTDA.,LINK,Camargo 544,Villa Crespo,Comuna 15,4,900-1200 m,900,1200,9902,1976025.5490442794,1.9760255490442793,5011.068811731297,8661.325258820743,0.5785568215011895
11701,BANCO DE LA NACION ARGENTINA,LINK,Carlos Pellegrini 899,Retiro,Comuna 1,1,0-300 m,0,300,1984,282289.36414897913,0.28228936414897915,7028.249207975606,7028.249207975606,1.0
11701,BANCO DE LA NACION ARGENTINA,LINK,Carlos Pellegrini 899,Retiro,Comuna 1,2,300-600 m,300,600,7487,846868.092447653,0.8468680924476529,8840.810117619103,7028.249207975606,1.2578965053752813
11701,BANCO DE LA NACION ARGENTINA,LINK,Carlos Pellegrini 899,Retiro,Comuna 1,3,600-900 m,600,900,16839,1411446.8207453075,1.4114468207453075,11930.311331962368,7028.249207975606,1.697479838709182
11701,BANCO DE LA NACION ARGENTINA,LINK,Carlos Pellegrini 899,Retiro,Comuna 1,4,900-1200 m,900,1200,18094,1976025.5490442794,1.9760255490442793,9156.764197077973,7028.249207975606,1.3028513824875396
11025,BANCO DE LA PROVINCIA DE BUENOS AIRES,LINK,Carlos Pellegrini 91,San Nicolas,Comuna 1,1,0-300 m,0,300,2749,282289.36414897913,0.28228936414897915,9738.234411655716,9738.234411655716,1.0
11025,BANCO DE LA PROVINCIA DE BUENOS AIRES,LINK,Carlos Pellegrini 91,San Nicolas,Comuna 1,2,300-600 m,300,600,11276,846868.092447653,0.8468680924476529,13314.942551926406,9738.234411655716,1.3672850733588544
11025,BANCO DE LA PROVINCIA DE BUENOS AIRES,LINK,Carlos Pellegrini 91,San Nicolas,Comuna 1,3,600-900 m,600,900,16904,1411446.8207453075,1.4114468207453075,11976.363368103324,9738.234411655716,1.2298290287373639
11025,BANCO DE LA PROVINCIA DE BUENOS AIRES,LINK,Carlos Pellegrini 91,San Nicolas,Comuna 1,4,900-1200 m,900,1200,16923,1976025.5490442794,1.9760255490442793,8564.160523220435,9738.234411655716,0.8794366782719844
11017,BANCO DE LA CIUDAD DE BUENOS AIRES,LINK,Carlos Pellegrini s/n esquina Av. Corrientes,S/D,,1,0-300 m,0,300,7702,282289.36414897913,0.28228936414897915,27284.060181364977,27284.060181364977,1.0
11017,BANCO DE LA CIUDAD DE BUENOS AIRES,LINK,Carlos Pellegrini s/n esquina Av. Corrientes,S/D,,2,300-600 m,300,600,8813,846868.092447653,0.8468680924476529,10406.579346410732,27284.060181364977,0.3814160824025168
11017,BANCO DE LA CIUDAD DE BUENOS AIRES,LINK,Carlos Pellegrini s/n esquina Av. Corrientes,S/D,,3,600-900 m,600,900,16324,1411446.8207453075,1.4114468207453075,11565.437507153258,27284.060181364977,0.42388989872747956
11017,BANCO DE LA CIUDAD DE BUENOS AIRES,LINK,Carlos Pellegrini s/n esquina Av. Corrientes,S/D,,4,900-1200 m,900,1200,18211,1976025.5490442794,1.9760255490442793,9215.973957830605,27284.060181364977,0.33777868457148175
11802,BANCO DE LA NACION ARGENTINA,LINK,Cavia 3302,Palermo,Comuna 14,1,0-300 m,0,300,317,282289.36414897913,0.28228936414897915,1122.961188975941,1122.961188975941,1.0
11802,BANCO DE LA NACION ARGENTINA,LINK,Cavia 3302,Palermo,Comuna 14,2,300-600 m,300,600,1016,846868.092447653,0.8468680924476529,1199.7145825432094,1122.961188975941,1.0683491062030932
11802,BANCO DE LA NACION ARGENTINA,LINK,Cavia 3302,Palermo,Comuna 14,3,600-900 m,600,900,2492,1411446.8207453075,1.4114468207453075,1765.564216357873,1122.961188975941,1.5722397476336107
11802,BANCO DE LA NACION ARGENTINA,LINK,Cavia 3302,Palermo,Comuna 14,4,900-1200 m,900,1200,3983,1976025.5490442794,1.9760255490442793,2015.6621972455823,1122.961188975941,1.794952681386718
11049,BANCO DE LA NACION ARGENTINA,LINK,Cerrito 572,San Nicolas,Comuna 1,1,0-300 m,0,300,4333,282289.36414897913,0.28228936414897915,15349.497892216885,15349.497892216885,1.0
11049,BANCO DE LA NACION ARGENTINA,LINK,Cerrito 572,San Nicolas,Comuna 1,2,300-600 m,300,600,12144,846868.092447653,0.8468680924476529,14339.895561421983,15349.497892216885,0.9342257096691853
11049,BANCO DE LA NACION ARGENTINA,LINK,Cerrito 572,San Nicolas,Comuna 1,3,600-900 m,600,900,14643,1411446.8207453075,1.4114468207453075,10374.461003261771,15349.497892216885,0.6758827602121268
11049,BANCO DE LA NACION ARGENTINA,LINK,Cerrito 572,San Nicolas,Comuna 1,4,900-1200 m,900,1200,19521,1976025.5490442794,1.9760255490442793,9878.920851727595,15349.497892216885,0.6435989581611526
11080,BANCO DE SAN JUAN S.A.,LINK,Cerrito 702,San Nicolas,Comuna 1,1,0-300 m,0,300,2268,282289.36414897913,0.28228936414897915,8034.309074439855,8034.309074439855,1.0
11080,BANCO DE SAN JUAN S.A.,LINK,Cerrito 702,San Nicolas,Comuna 1,2,300-600 m,300,600,12120,846868.092447653,0.8468680924476529,14311.555846873718,8034.309074439855,1.7813051146369432
11080,BANCO DE SAN JUAN S.A.,LINK,Cerrito 702,San Nicolas,Comuna 1,3,600-900 m,600,900,16219,1411446.8207453075,1.4114468207453075,11491.045756464022,8034.309074439855,1.43024691357983
11080,BANCO DE SAN JUAN S.A.,LINK,Cerrito 702,San Nicolas,Comuna 1,4,900-1200 m,900,1200,17399,1976025.5490442794,1.9760255490442793,8805.048096880715,8034.309074439855,1.0959309649777937
11061,NUEVO BANCO DE ENTRE RIOS S.A.,LINK,Cerrito 742,San Nicolas,Comuna 1,1,0-300 m,0,300,2403,282289.36414897913,0.28228936414897915,8512.541757442228,8512.541757442228,1.0
11061,NUEVO BANCO DE ENTRE RIOS S.A.,LINK,Cerrito 742,San Nicolas,Comuna 1,2,300-600 m,300,600,11032,846868.092447653,0.8468680924476529,13026.822120685714,8512.541757442228,1.5303093355514883
11061,NUEVO BANCO DE ENTRE RIOS S.A.,LINK,Cerrito 742,San Nicolas,Comuna 1,3,600-900 m,600,900,16968,1411446.8207453075,1.4114468207453075,12021.706911380574,8512.541757442228,1.4122347066163172
11061,NUEVO BANCO DE ENTRE RIOS S.A.,LINK,Cerrito 742,San Nicolas,Comuna 1,4,900-1200 m,900,1200,16132,1976025.5490442794,1.9760255490442793,8163.862055226145,8512.541757442228,0.9590392961172561
11062,NUEVO BANCO DE SANTA FE S.A.,LINK,Cerrito 746,San Nicolas,Comuna 1,1,0-300 m,0,300,2384,282289.36414897913,0.28228936414897915,8445.234935390043,8445.234935390043,1.0
11062,NUEVO BANCO DE SANTA FE S.A.,LINK,Cerrito 746,San Nicolas,Comuna 1,2,300-600 m,300,600,10330,846868.092447653,0.8468680924476529,12197.885470148969,8445.234935390043,1.4443512304238355
11062,NUEVO BANCO DE SANTA FE S.A.,LINK,Cerrito 746,San Nicolas,Comuna 1,3,600-900 m,600,900,17601,1411446.8207453075,1.4114468207453075,12470.18289410711,8445.234935390043,1.4765939597311126
11062,NUEVO BANCO DE SANTA FE S.A.,LINK,Cerrito 746,San Nicolas,Comuna 1,4,900-1200 m,900,1200,16094,1976025.5490442794,1.9760255490442793,8144.63153463982,8445.234935390043,0.9644055608813753
11715,BANCO DE LA CIUDAD DE BUENOS AIRES,LINK,"Cerrito 760, entre Av. Córdoba y Viamonte",San Nicolas,Comuna 1,1,0-300 m,0,300,2293,282289.36414897913,0.28228936414897915,8122.870682403258,8122.870682403258,1.0
11715,BANCO DE LA CIUDAD DE BUENOS AIRES,LINK,"Cerrito 760, entre Av. Córdoba y Viamonte",San Nicolas,Comuna 1,2,300-600 m,300,600,10368,846868.092447653,0.8468680924476529,12242.756684850388,8122.870682403258,1.5071958133436896
11715,BANCO DE LA CIUDAD DE BUENOS AIRES,LINK,"Cerrito 760, entre Av. Córdoba y Viamonte",San Nicolas,Comuna 1,3,600-900 m,600,900,17421,1411446.8207453075,1.4114468207453075,12342.65417863985,8122.870682403258,1.519494112515911
11715,BANCO DE LA CIUDAD DE BUENOS AIRES,LINK,"Cerrito 760, entre Av. Córdoba y Viamonte",San Nicolas,Comuna 1,4,900-1200 m,900,1200,15993,1976025.5490442794,1.9760255490442793,8093.518835186693,8122.870682403258,0.9963865179732394
11785,BANCO DE LA CIUDAD DE BUENOS AIRES,LINK,Cerviño 3356,Palermo,Comuna 14,1,0-300 m,0,300,1873,282289.36414897913,0.28228936414897915,6635.035668618099,6635.035668618099,1.0
11785,BANCO DE LA CIUDAD DE BUENOS AIRES,LINK,Cerviño 3356,Palermo,Comuna 14,2,300-600 m,300,600,3240,846868.092447653,0.8468680924476529,3825.8614640157466,6635.035668618099,0.57661505605931
11785,BANCO DE LA CIUDAD DE BUENOS AIRES,LINK,Cerviño 3356,Palermo,Comuna 14,3,600-900 m,600,900,5249,1411446.8207453075,1.4114468207453075,3718.879041598104,6635.035668618099,0.5604911906031467
11785,BANCO DE LA CIUDAD DE BUENOS AIRES,LINK,Cerviño 3356,Palermo,Comuna 14,4,900-1200 m,900,1200,9203,1976025.5490442794,1.9760255490442793,4657.328446209162,6635.035668618099,0.701929677369641
11083,BANCO DE LA NACION ARGENTINA,LINK,Chacabuco 467,Monserrat,Comuna 1,1,0-300 m,0,300,2239,282289.36414897913,0.28228936414897915,7931.577609202309,7931.577609202309,1.0
11083,BANCO DE LA NACION ARGENTINA,LINK,Chacabuco 467,Monserrat,Comuna 1,2,300-600 m,300,600,6136,846868.092447653,0.8468680924476529,7245.520352839698,7931.577609202309,0.9135030519569475
11083,BANCO DE LA NACION ARGENTINA,LINK,Chacabuco 467,Monserrat,Comuna 1,3,600-900 m,600,900,14113,1411446.8207453075,1.4114468207453075,9998.959785497054,7931.577609202309,1.2606520768196412
11083,BANCO DE LA NACION ARGENTINA,LINK,Chacabuco 467,Monserrat,Comuna 1,4,900-1200 m,900,1200,11630,1976025.5490442794,1.9760255490442793,5885.551432077861,7931.577609202309,0.7420404517317433
10937,BANCO DE LA NACION ARGENTINA,LINK,Col. Norte De Av. Gral. Paz 5445,S/D,,1,0-300 m,0,300,137,282289.36414897913,0.28228936414897915,485.3176116394445,485.3176116394445,1.0
10937,BANCO DE LA NACION ARGENTINA,LINK,Col. Norte De Av. Gral. Paz 5445,S/D,,2,300-600 m,300,600,149,846868.092447653,0.8468680924476529,175.9423944871439,485.3176116394445,0.3625304136249979
10937,BANCO DE LA NACION ARGENTINA,LINK,Col. Norte De Av. Gral. Paz 5445,S/D,,3,600-900 m,600,900,538,1411446.8207453075,1.4114468207453075,381.1691606743723,485.3176116394445,0.7854014598537855
10937,BANCO DE LA NACION ARGENTINA,LINK,Col. Norte De Av. Gral. Paz 5445,S/D,,4,900-1200 m,900,1200,1351,1976025.5490442794,1.9760255490442793,683.6956134769725,485.3176116394445,1.408759124086575
11794,BANCO DE LA CIUDAD DE BUENOS AIRES,LINK,"Colombia 4300, entre J.F.Segui y Av. Libertador",S/D,,1,0-300 m,0,300,253,282289.36414897913,0.28228936414897915,896.2434725896311,896.2434725896311,1.0
11794,BANCO DE LA CIUDAD DE BUENOS AIRES,LINK,"Colombia 4300, entre J.F.Segui y Av. Libertador",S/D,,2,300-600 m,300,600,1764,846868.092447653,0.8468680924476529,2082.969019297462,896.2434725896311,2.324110671934796
11794,BANCO DE LA CIUDAD DE BUENOS AIRES,LINK,"Colombia 4300, entre J.F.Segui y Av. Libertador",S/D,,3,600-900 m,600,900,6229,1411446.8207453075,1.4114468207453075,4413.202048030976,896.2434725896311,4.924110671935323
11794,BANCO DE LA CIUDAD DE BUENOS AIRES,LINK,"Colombia 4300, entre J.F.Segui y Av. Libertador",S/D,,4,900-1200 m,900,1200,6936,1976025.5490442794,1.9760255490442793,3510.0760733355155,896.2434725896311,3.9164313946894396
11690,BANCO DE LA CIUDAD DE BUENOS AIRES,LINK,Combate De Los Pozos 1881,Parque Patricios,Comuna 4,1,0-300 m,0,300,1394,282289.36414897913,0.28228936414897915,4938.1952600393115,4938.1952600393115,1.0
11690,BANCO DE LA CIUDAD DE BUENOS AIRES,LINK,Combate De Los Pozos 1881,Parque Patricios,Comuna 4,2,300-600 m,300,600,4006,846868.092447653,0.8468680924476529,4730.370686681198,4938.1952600393115,0.9579148732655706
11690,BANCO DE LA CIUDAD DE BUENOS AIRES,LINK,Combate De Los Pozos 1881,Parque Patricios,Comuna 4,3,600-900 m,600,900,7862,1411446.8207453075,1.4114468207453075,5570.170894464525,4938.1952600393115,1.127977044475998
11690,BANCO DE LA CIUDAD DE BUENOS AIRES,LINK,Combate De Los Pozos 1881,Parque Patricios,Comuna 4,4,900-1200 m,900,1200,15156,1976025.5490442794,1.9760255490442793,7669.9413159563255,4938.1952600393115,1.5531871285088203
11229,BANCO DE LA CIUDAD DE BUENOS AIRES,LINK,Combatientes De Malvinas 3062,Parque Chas,Comuna 15,1,0-300 m,0,300,464,282289.36414897913,0.28228936414897915,1643.7034438007465,1643.7034438007465,1.0
11229,BANCO DE LA CIUDAD DE BUENOS AIRES,LINK,Combatientes De Malvinas 3062,Parque Chas,Comuna 15,2,300-600 m,300,600,1538,846868.092447653,0.8468680924476529,1816.1033739679685,1643.7034438007465,1.1048850574703308
11229,BANCO DE LA CIUDAD DE BUENOS AIRES,LINK,Combatientes De Malvinas 3062,Parque Chas,Comuna 15,3,600-900 m,600,900,2691,1411446.8207453075,1.4114468207453075,1906.5542962355682,1643.7034438007465,1.1599137931031098
11229,BANCO DE LA CIUDAD DE BUENOS AIRES,LINK,Combatientes De Malvinas 3062,Parque Chas,Comuna 15,4,900-1200 m,900,1200,2725,1976025.5490442794,1.9760255490442793,1379.0307525719838,1643.7034438007465,0.8389778325117101
11093,BANCO DE LA NACION ARGENTINA,LINK,Corvalan 3698,Villa Lugano,Comuna 8,1,0-300 m,0,300,587,282289.36414897913,0.28228936414897915,2079.4265549806855,2079.4265549806855,1.0
11093,BANCO DE LA NACION ARGENTINA,LINK,Corvalan 3698,Villa Lugano,Comuna 8,2,300-600 m,300,600,3276,846868.092447653,0.8468680924476529,3868.3710358381436,2079.4265549806855,1.8603066439507283
11093,BANCO DE LA NACION ARGENTINA,LINK,Corvalan 3698,Villa Lugano,Comuna 8,3,600-900 m,600,900,3977,1411446.8207453075,1.4114468207453075,2817.676118962785,2079.4265549806855,1.3550255536622964
11093,BANCO DE LA NACION ARGENTINA,LINK,Corvalan 3698,Villa Lugano,Comuna 8,4,900-1200 m,900,1200,5347,1976025.5490442794,1.9760255490442793,2705.9366730284028,2079.4265549806855,1.3012898515444498
11425,BANCO DE LA PROVINCIA DE BUENOS AIRES,LINK,Cosquìn 61,Liniers,Comuna 9,1,0-300 m,0,300,1980,282289.36414897913,0.28228936414897915,7014.079350701461,7014.079350701461,1.0
11425,BANCO DE LA PROVINCIA DE BUENOS AIRES,LINK,Cosquìn 61,Liniers,Comuna 9,2,300-600 m,300,600,5084,846868.092447653,0.8468680924476529,6003.296198474091,7014.079350701461,0.8558922558915328
11425,BANCO DE LA PROVINCIA DE BUENOS AIRES,LINK,Cosquìn 61,Liniers,Comuna 9,3,600-900 m,600,900,3997,1411446.8207453075,1.4114468207453075,2831.8459762369253,7014.079350701461,0.40373737373725593
11425,BANCO DE LA PROVINCIA DE BUENOS AIRES,LINK,Cosquìn 61,Liniers,Comuna 9,4,900-1200 m,900,1200,2979,1976025.5490442794,1.9760255490442793,1507.5716007016292,7014.079350701461,0.21493506493490988
10891,BANCO DE LA PROVINCIA DE BUENOS AIRES,LINK,Cuenca 2755,Villa Del Parque,Comuna 11,1,0-300 m,0,300,924,282289.36414897913,0.28228936414897915,3273.2370303273487,3273.2370303273487,1.0
10891,BANCO DE LA PROVINCIA DE BUENOS AIRES,LINK,Cuenca 2755,Villa Del Parque,Comuna 11,2,300-600 m,300,600,2141,846868.092447653,0.8468680924476529,2528.1387019931212,3273.2370303273487,0.7723665223658698
10891,BANCO DE LA PROVINCIA DE BUENOS AIRES,LINK,Cuenca 2755,Villa Del Parque,Comuna 11,3,600-900 m,600,900,2793,1411446.8207453075,1.4114468207453075,1978.8205683336835,3273.2370303273487,0.6045454545452782
10891,BANCO DE LA PROVINCIA DE BUENOS AIRES,LINK,Cuenca 2755,Villa Del Parque,Comuna 11,4,900-1200 m,900,1200,4088,1976025.5490442794,1.9760255490442793,2068.7991620235853,3273.2370303273487,0.6320346320341761
10890,BANCO DE LA NACION ARGENTINA,LINK,Cuenca 2971,Villa Del Parque,Comuna 11,1,0-300 m,0,300,1086,282289.36414897913,0.28228936414897915,3847.1162499301954,3847.1162499301954,1.0
10890,BANCO DE LA NACION ARGENTINA,LINK,Cuenca 2971,Villa Del Parque,Comuna 11,2,300-600 m,300,600,1983,846868.092447653,0.8468680924476529,2341.5689145503784,3847.1162499301954,0.6086556169423956
10890,BANCO DE LA NACION ARGENTINA,LINK,Cuenca 2971,Villa Del Parque,Comuna 11,3,600-900 m,600,900,3139,1411446.8207453075,1.4114468207453075,2223.9590991763093,3847.1162499301954,0.5780847145486343
10890,BANCO DE LA NACION ARGENTINA,LINK,Cuenca 2971,Villa Del Parque,Comuna 11,4,900-1200 m,900,1200,3521,1976025.5490442794,1.9760255490442793,1781.8595522223688,3847.1162499301954,0.46316758747664566
11210,CABAL COOP. LTDA.,LINK,Drago 440,Villa Crespo,Comuna 15,1,0-300 m,0,300,2511,282289.36414897913,0.28228936414897915,8895.127903844126,8895.127903844126,1.0
11210,CABAL COOP. LTDA.,LINK,Drago 440,Villa Crespo,Comuna 15,2,300-600 m,300,600,4609,846868.092447653,0.8468680924476529,5442.40601470635,8895.127903844126,0.6118412319123995
11210,CABAL COOP. LTDA.,LINK,Drago 440,Villa Crespo,Comuna 15,3,600-900 m,600,900,6686,1411446.8207453075,1.4114468207453075,4736.98328674508,8895.127903844126,0.5325368379130266
11210,CABAL COOP. LTDA.,LINK,Drago 440,Villa Crespo,Comuna 15,4,900-1200 m,900,1200,10040,1976025.5490442794,1.9760255490442793,5080.90596543953,8895.127903844126,0.5712010013081162
11517,BANCO DE LA CIUDAD DE BUENOS AIRES,LINK,Dr. Juan F. Aranguren 2649,Flores,Comuna 7,1,0-300 m,0,300,1162,282289.36414897913,0.28228936414897915,4116.343538138938,4116.343538138938,1.0
11517,BANCO DE LA CIUDAD DE BUENOS AIRES,LINK,Dr. Juan F. Aranguren 2649,Flores,Comuna 7,2,300-600 m,300,600,4114,846868.092447653,0.8468680924476529,4857.8994021483895,4116.343538138938,1.1801491680999785
11517,BANCO DE LA CIUDAD DE BUENOS AIRES,LINK,Dr. Juan F. Aranguren 2649,Flores,Comuna 7,3,600-900 m,600,900,8212,1411446.8207453075,1.4114468207453075,5818.14339676198,4116.343538138938,1.4134251290873674
11517,BANCO DE LA CIUDAD DE BUENOS AIRES,LINK,Dr. Juan F. Aranguren 2649,Flores,Comuna 7,4,900-1200 m,900,1200,10868,1976025.5490442794,1.9760255490442793,5499.928887688925,4116.343538138938,1.336119990163777
11505,BANCO DE LA CIUDAD DE BUENOS AIRES,LINK,"Dr. Ramón Carrillo 375, entre Brandsen y Aristóbul",Barracas,Comuna 4,1,0-300 m,0,300,450,282289.36414897913,0.28228936414897915,1594.1089433412412,1594.1089433412412,1.0
11505,BANCO DE LA CIUDAD DE BUENOS AIRES,LINK,"Dr. Ramón Carrillo 375, entre Brandsen y Aristóbul",Barracas,Comuna 4,2,300-600 m,300,600,1607,846868.092447653,0.8468680924476529,1897.5800532942299,1594.1089433412412,1.1903703703693647
11505,BANCO DE LA CIUDAD DE BUENOS AIRES,LINK,"Dr. Ramón Carrillo 375, entre Brandsen y Aristóbul",Barracas,Comuna 4,3,600-900 m,600,900,5271,1411446.8207453075,1.4114468207453075,3734.4658845996582,1594.1089433412412,2.342666666665983
11505,BANCO DE LA CIUDAD DE BUENOS AIRES,LINK,"Dr. Ramón Carrillo 375, entre Brandsen y Aristóbul",Barracas,Comuna 4,4,900-1200 m,900,1200,10383,1976025.5490442794,1.9760255490442793,5254.486717047673,1594.1089433412412,3.296190476188099
11700,BANCO DE LA NACION ARGENTINA,LINK,Eduardo Madero 235,Puerto Madero,Comuna 1,1,0-300 m,0,300,661,282289.36414897913,0.28228936414897915,2341.5689145523565,2341.5689145523565,1.0
11700,BANCO DE LA NACION ARGENTINA,LINK,Eduardo Madero 235,Puerto Madero,Comuna 1,2,300-600 m,300,600,3241,846868.092447653,0.8468680924476529,3827.0422854552576,2341.5689145523565,1.6343923348448117
11700,BANCO DE LA NACION ARGENTINA,LINK,Eduardo Madero 235,Puerto Madero,Comuna 1,3,600-900 m,600,900,8670,1411446.8207453075,1.4114468207453075,6142.633128339791,2341.5689145523565,2.6232980332821394
11700,BANCO DE LA NACION ARGENTINA,LINK,Eduardo Madero 235,Puerto Madero,Comuna 1,4,900-1200 m,900,1200,10197,1976025.5490442794,1.9760255490442793,5160.358379440924,2341.5689145523565,2.2038037605343948
11031,BANCO DE LA PROVINCIA DE BUENOS AIRES,LINK,Esmeralda 645,San Nicolas,Comuna 1,1,0-300 m,0,300,3127,282289.36414897913,0.28228936414897915,11077.285924062358,11077.285924062358,1.0
11031,BANCO DE LA PROVINCIA DE BUENOS AIRES,LINK,Esmeralda 645,San Nicolas,Comuna 1,2,300-600 m,300,600,14988,846868.092447653,0.8468680924476529,17698.151735391362,11077.285924062358,1.5976974736155354
11031,BANCO DE LA PROVINCIA DE BUENOS AIRES,LINK,Esmeralda 645,San Nicolas,Comuna 1,3,600-900 m,600,900,13595,1411446.8207453075,1.4114468207453075,9631.960482096823,11077.285924062358,0.869523504956574
11031,BANCO DE LA PROVINCIA DE BUENOS AIRES,LINK,Esmeralda 645,San Nicolas,Comuna 1,4,900-1200 m,900,1200,16652,1976025.5490442794,1.9760255490442793,8427.016547460064,11077.285924062358,0.7607474073730178
11048,BANCO DE LA CIUDAD DE BUENOS AIRES,LINK,"Esmeralda 660, entre Viamonte y Tucumán",San Nicolas,Comuna 1,1,0-300 m,0,300,3138,282289.36414897913,0.28228936414897915,11116.253031566255,11116.253031566255,1.0
11048,BANCO DE LA CIUDAD DE BUENOS AIRES,LINK,"Esmeralda 660, entre Viamonte y Tucumán",San Nicolas,Comuna 1,2,300-600 m,300,600,14381,846868.092447653,0.8468680924476529,16981.393121608166,11116.253031566255,1.5276184406190623
11048,BANCO DE LA CIUDAD DE BUENOS AIRES,LINK,"Esmeralda 660, entre Viamonte y Tucumán",San Nicolas,Comuna 1,3,600-900 m,600,900,14087,1411446.8207453075,1.4114468207453075,9980.538971040673,11116.253031566255,0.8978330146587565
11048,BANCO DE LA CIUDAD DE BUENOS AIRES,LINK,"Esmeralda 660, entre Viamonte y Tucumán",San Nicolas,Comuna 1,4,900-1200 m,900,1200,16457,1976025.5490442794,1.9760255490442793,8328.333612872344,11116.253031566255,0.749203314212334
10888,BANCO DE LA PROVINCIA DE BUENOS AIRES,LINK,Esquiú 991,Nueva Pompeya,Comuna 4,1,0-300 m,0,300,1790,282289.36414897913,0.28228936414897915,6341.011130179604,6341.011130179604,1.0
10888,BANCO DE LA PROVINCIA DE BUENOS AIRES,LINK,Esquiú 991,Nueva Pompeya,Comuna 4,2,300-600 m,300,600,3061,846868.092447653,0.8468680924476529,3614.4944263432717,6341.011130179604,0.5700186219734477
10888,BANCO DE LA PROVINCIA DE BUENOS AIRES,LINK,Esquiú 991,Nueva Pompeya,Comuna 4,3,600-900 m,600,900,3301,1411446.8207453075,1.4114468207453075,2338.734943096845,6341.011130179604,0.3688268156423505
10888,BANCO DE LA PROVINCIA DE BUENOS AIRES,LINK,Esquiú 991,Nueva Pompeya,Comuna 4,4,900-1200 m,900,1200,4109,1976025.5490442794,1.9760255490442793,2079.4265549791858,6341.011130179604,0.3279329608936182
11696,BANCO DE LA CIUDAD DE BUENOS AIRES,LINK,Esteban De Luca 2151,Parque Patricios,Comuna 4,1,0-300 m,0,300,1193,282289.36414897913,0.28228936414897915,4226.159932013557,4226.159932013557,1.0
11696,BANCO DE LA CIUDAD DE BUENOS AIRES,LINK,Esteban De Luca 2151,Parque Patricios,Comuna 4,2,300-600 m,300,600,3279,846868.092447653,0.8468680924476529,3871.913500156677,4226.159932013557,0.9161777032682955
11696,BANCO DE LA CIUDAD DE BUENOS AIRES,LINK,Esteban De Luca 2151,Parque Patricios,Comuna 4,3,600-900 m,600,900,4491,1411446.8207453075,1.4114468207453075,3181.841450908189,4226.159932013557,0.7528918692369974
11696,BANCO DE LA CIUDAD DE BUENOS AIRES,LINK,Esteban De Luca 2151,Parque Patricios,Comuna 4,4,900-1200 m,900,1200,5612,1976025.5490442794,1.9760255490442793,2840.044250801458,4226.159932013557,0.6720153275052032
11088,BANCO DE LA CIUDAD DE BUENOS AIRES,LINK,Finochietto 435,Barracas,Comuna 4,1,0-300 m,0,300,1595,282289.36414897913,0.28228936414897915,5650.230588065066,5650.230588065066,1.0
11088,BANCO DE LA CIUDAD DE BUENOS AIRES,LINK,Finochietto 435,Barracas,Comuna 4,2,300-600 m,300,600,4709,846868.092447653,0.8468680924476529,5560.488158657454,5650.230588065066,0.984117032392063
11088,BANCO DE LA CIUDAD DE BUENOS AIRES,LINK,Finochietto 435,Barracas,Comuna 4,3,600-900 m,600,900,7492,1411446.8207453075,1.4114468207453075,5308.028534892931,5650.230588065066,0.939435736676842
11088,BANCO DE LA CIUDAD DE BUENOS AIRES,LINK,Finochietto 435,Barracas,Comuna 4,4,900-1200 m,900,1200,11947,1976025.5490442794,1.9760255490442793,6045.9744590743085,5650.230588065066,1.0700403045222915
11060,BANCO DE LA NACION ARGENTINA,LINK,Florida 101,San Nicolas,Comuna 1,1,0-300 m,0,300,3558,282289.36414897913,0.28228936414897915,12604.088045351413,12604.088045351413,1.0
11060,BANCO DE LA NACION ARGENTINA,LINK,Florida 101,San Nicolas,Comuna 1,2,300-600 m,300,600,8882,846868.092447653,0.8468680924476529,10488.056025736994,12604.088045351413,0.8321154206476014
11060,BANCO DE LA NACION ARGENTINA,LINK,Florida 101,San Nicolas,Comuna 1,3,600-900 m,600,900,15950,1411446.8207453075,1.4114468207453075,11300.461176126835,12604.088045351413,0.8965711073634259
11060,BANCO DE LA NACION ARGENTINA,LINK,Florida 101,San Nicolas,Comuna 1,4,900-1200 m,900,1200,14129,1976025.5490442794,1.9760255490442793,7150.211193794334,12604.088045351413,0.5672930217614153
11070,BANCO DE LA NACION ARGENTINA,LINK,Florida 238,San Nicolas,Comuna 1,1,0-300 m,0,300,3619,282289.36414897913,0.28228936414897915,12820.178368782115,12820.178368782115,1.0
11070,BANCO DE LA NACION ARGENTINA,LINK,Florida 238,San Nicolas,Comuna 1,2,300-600 m,300,600,11173,846868.092447653,0.8468680924476529,13193.31794365677,12820.178368782115,1.0291056461260533
11070,BANCO DE LA NACION ARGENTINA,LINK,Florida 238,San Nicolas,Comuna 1,3,600-900 m,600,900,15685,1411446.8207453075,1.4114468207453075,11112.710567244478,12820.178368782115,0.8668140370265501
11070,BANCO DE LA NACION ARGENTINA,LINK,Florida 238,San Nicolas,Comuna 1,4,900-1200 m,900,1200,12742,1976025.5490442794,1.9760255490442793,6448.297192393475,12820.178368782115,0.5029803023720368
11406,BANCO DE LA CIUDAD DE BUENOS AIRES,LINK,Florida 302,San Nicolas,Comuna 1,1,0-300 m,0,300,3882,282289.36414897913,0.28228936414897915,13751.846484557107,13751.846484557107,1.0
11406,BANCO DE LA CIUDAD DE BUENOS AIRES,LINK,Florida 302,San Nicolas,Comuna 1,2,300-600 m,300,600,11222,846868.092447653,0.8468680924476529,13251.178194192811,13751.846484557107,0.9635926498360398
11406,BANCO DE LA CIUDAD DE BUENOS AIRES,LINK,Florida 302,San Nicolas,Comuna 1,3,600-900 m,600,900,15709,1411446.8207453075,1.4114468207453075,11129.714395973446,13751.846484557107,0.8093250901594754
11406,BANCO DE LA CIUDAD DE BUENOS AIRES,LINK,Florida 302,San Nicolas,Comuna 1,4,900-1200 m,900,1200,12626,1976025.5490442794,1.9760255490442793,6389.593497972061,13751.846484557107,0.46463531316666273
11726,BANCO DE LA NACION ARGENTINA,LINK,Florida 963,Retiro,Comuna 1,1,0-300 m,0,300,2522,282289.36414897913,0.28228936414897915,8934.095011348023,8934.095011348023,1.0
11726,BANCO DE LA NACION ARGENTINA,LINK,Florida 963,Retiro,Comuna 1,2,300-600 m,300,600,7430,846868.092447653,0.8468680924476529,8773.503295566974,8934.095011348023,0.9820248480033997
11726,BANCO DE LA NACION ARGENTINA,LINK,Florida 963,Retiro,Comuna 1,3,600-900 m,600,900,10499,1411446.8207453075,1.4114468207453075,7438.4665760599155,8934.095011348023,0.8325931800156176
11726,BANCO DE LA NACION ARGENTINA,LINK,Florida 963,Retiro,Comuna 1,4,900-1200 m,900,1200,16024,1976025.5490442794,1.9760255490442793,8109.206891454484,8934.095011348023,0.9076696499370365
11801,BANCO DE LA NACION ARGENTINA,LINK,Godoy Cruz 2320,Palermo,Comuna 14,1,0-300 m,0,300,1241,282289.36414897913,0.28228936414897915,4396.19821930329,4396.19821930329,1.0
11801,BANCO DE LA NACION ARGENTINA,LINK,Godoy Cruz 2320,Palermo,Comuna 14,2,300-600 m,300,600,3814,846868.092447653,0.8468680924476529,4503.652970295079,4396.19821930329,1.0244426537729727
11801,BANCO DE LA NACION ARGENTINA,LINK,Godoy Cruz 2320,Palermo,Comuna 14,3,600-900 m,600,900,12210,1411446.8207453075,1.4114468207453075,8650.697865862612,4396.19821930329,1.9677679290888699
11801,BANCO DE LA NACION ARGENTINA,LINK,Godoy Cruz 2320,Palermo,Comuna 14,4,900-1200 m,900,1200,10556,1976025.5490442794,1.9760255490442793,5342.0361923485725,4396.19821930329,1.2151490733270847
11201,BANCO DE LA CIUDAD DE BUENOS AIRES,LINK,Gral. Urquiza 609,Balvanera,Comuna 3,1,0-300 m,0,300,1824,282289.36414897913,0.28228936414897915,6461.454917009831,6461.454917009831,1.0
11201,BANCO DE LA CIUDAD DE BUENOS AIRES,LINK,Gral. Urquiza 609,Balvanera,Comuna 3,2,300-600 m,300,600,4874,846868.092447653,0.8468680924476529,5755.323696176774,6461.454917009831,0.8907163742682533
11201,BANCO DE LA CIUDAD DE BUENOS AIRES,LINK,Gral. Urquiza 609,Balvanera,Comuna 3,3,600-900 m,600,900,8802,1411446.8207453075,1.4114468207453075,6236.154186349117,6461.454917009831,0.9651315789470869
11201,BANCO DE LA CIUDAD DE BUENOS AIRES,LINK,Gral. Urquiza 609,Balvanera,Comuna 3,4,900-1200 m,900,1200,16722,1976025.5490442794,1.9760255490442793,8462.441190645399,6461.454917009831,1.309680451126875
11499,BANCO DE LA PROVINCIA DE BUENOS AIRES,LINK,Guanahani 580 esquina A. Del Valle,Barracas,Comuna 4,1,0-300 m,0,300,671,282289.36414897913,0.28228936414897915,2376.9935577377173,2376.9935577377173,1.0
11499,BANCO DE LA PROVINCIA DE BUENOS AIRES,LINK,Guanahani 580 esquina A. Del Valle,Barracas,Comuna 4,2,300-600 m,300,600,1658,846868.092447653,0.8468680924476529,1957.8019467092925,2376.9935577377173,0.8236462990554393
11499,BANCO DE LA PROVINCIA DE BUENOS AIRES,LINK,Guanahani 580 esquina A. Del Valle,Barracas,Comuna 4,3,600-900 m,600,900,5236,1411446.8207453075,1.4114468207453075,3709.668634369913,2376.9935577377173,1.560655737704463
11499,BANCO DE LA PROVINCIA DE BUENOS AIRES,LINK,Guanahani 580 esquina A. Del Valle,Barracas,Comuna 4,4,900-1200 m,900,1200,8619,1976025.5490442794,1.9760255490442793,4361.785708777222,2376.9935577377173,1.835001064507938
11387,BANCO DE LA NACION ARGENTINA,LINK,Hipólito Yrigoyen 1760,Monserrat,Comuna 1,1,0-300 m,0,300,3331,282289.36414897913,0.28228936414897915,11799.948645043722,11799.948645043722,1.0
11387,BANCO DE LA NACION ARGENTINA,LINK,Hipólito Yrigoyen 1760,Monserrat,Comuna 1,2,300-600 m,300,600,6992,846868.092447653,0.8468680924476529,8256.303505061142,11799.948645043722,0.6996897828474024
11387,BANCO DE LA NACION ARGENTINA,LINK,Hipólito Yrigoyen 1760,Monserrat,Comuna 1,3,600-900 m,600,900,12317,1411446.8207453075,1.4114468207453075,8726.506602279262,11799.948645043722,0.7395376763732456
11387,BANCO DE LA NACION ARGENTINA,LINK,Hipólito Yrigoyen 1760,Monserrat,Comuna 1,4,900-1200 m,900,1200,17171,1976025.5490442794,1.9760255490442793,8689.664973362766,11799.948645043722,0.7364154908430594
11185,BANCO DE LA NACION ARGENTINA,LINK,Hipólito Yrigoyen 1835,Balvanera,Comuna 3,1,0-300 m,0,300,3164,282289.36414897913,0.28228936414897915,11208.357103848193,11208.357103848193,1.0
11185,BANCO DE LA NACION ARGENTINA,LINK,Hipólito Yrigoyen 1835,Balvanera,Comuna 3,2,300-600 m,300,600,7060,846868.092447653,0.8468680924476529,8336.599362947893,11208.357103848193,0.7437842393588323
11185,BANCO DE LA NACION ARGENTINA,LINK,Hipólito Yrigoyen 1835,Balvanera,Comuna 3,3,600-900 m,600,900,12229,1411446.8207453075,1.4114468207453075,8664.159230273046,11208.357103848193,0.7730088495572968
11185,BANCO DE LA NACION ARGENTINA,LINK,Hipólito Yrigoyen 1835,Balvanera,Comuna 3,4,900-1200 m,900,1200,16772,1976025.5490442794,1.9760255490442793,8487.744507206353,11208.357103848193,0.757269279392627
11399,BANCO DE LA NACION ARGENTINA,LINK,Hipolito Yrigoyen 250,Monserrat,Comuna 1,1,0-300 m,0,300,1080,282289.36414897913,0.28228936414897915,3825.861464018979,3825.861464018979,1.0
11399,BANCO DE LA NACION ARGENTINA,LINK,Hipolito Yrigoyen 250,Monserrat,Comuna 1,2,300-600 m,300,600,5278,846868.092447653,0.8468680924476529,6232.375557739231,3825.861464018979,1.629012345677636
11399,BANCO DE LA NACION ARGENTINA,LINK,Hipolito Yrigoyen 250,Monserrat,Comuna 1,3,600-900 m,600,900,7894,1411446.8207453075,1.4114468207453075,5592.84266610315,3825.861464018979,1.4618518518514254
11399,BANCO DE LA NACION ARGENTINA,LINK,Hipolito Yrigoyen 250,Monserrat,Comuna 1,4,900-1200 m,900,1200,13130,1976025.5490442794,1.9760255490442793,6644.650928906476,3825.861464018979,1.736772486771234
11077,BANCO DE LA NACION ARGENTINA,LINK,Hipólito Yrigoyen 370,Monserrat,Comuna 1,1,0-300 m,0,300,2304,282289.36414897913,0.28228936414897915,8161.837789907155,8161.837789907155,1.0
11077,BANCO DE LA NACION ARGENTINA,LINK,Hipólito Yrigoyen 370,Monserrat,Comuna 1,2,300-600 m,300,600,5336,846868.092447653,0.8468680924476529,6300.863201230872,8161.837789907155,0.7719907407400886
11077,BANCO DE LA NACION ARGENTINA,LINK,Hipólito Yrigoyen 370,Monserrat,Comuna 1,3,600-900 m,600,900,9491,1411446.8207453075,1.4114468207453075,6724.305769443247,8161.837789907155,0.8238715277775375
11077,BANCO DE LA NACION ARGENTINA,LINK,Hipólito Yrigoyen 370,Monserrat,Comuna 1,4,900-1200 m,900,1200,15068,1976025.5490442794,1.9760255490442793,7625.407478809047,8161.837789907155,0.9342757936501198
11409,BANCO DE LA CIUDAD DE BUENOS AIRES,LINK,J. A. Roca 538,Monserrat,Comuna 1,1,0-300 m,0,300,3599,282289.36414897913,0.28228936414897915,12749.329082411394,12749.329082411394,1.0
11409,BANCO DE LA CIUDAD DE BUENOS AIRES,LINK,J. A. Roca 538,Monserrat,Comuna 1,2,300-600 m,300,600,5780,846868.092447653,0.8468680924476529,6825.14792037377,12749.329082411394,0.5353338890428004
11409,BANCO DE LA CIUDAD DE BUENOS AIRES,LINK,J. A. Roca 538,Monserrat,Comuna 1,3,600-900 m,600,900,10988,1411446.8207453075,1.4114468207453075,7784.919586412644,12749.329082411394,0.6106140594607833
11409,BANCO DE LA CIUDAD DE BUENOS AIRES,LINK,J. A. Roca 538,Monserrat,Comuna 1,4,900-1200 m,900,1200,18068,1976025.5490442794,1.9760255490442793,9143.606472466277,12749.329082411394,0.7171833445793263
11183,BANCO DE LA CIUDAD DE BUENOS AIRES,LINK,Jean Jaures 521 esquina Corrientes,Balvanera,Comuna 3,1,0-300 m,0,300,4480,282289.36414897913,0.28228936414897915,15870.24014704169,15870.24014704169,1.0
11183,BANCO DE LA CIUDAD DE BUENOS AIRES,LINK,Jean Jaures 521 esquina Corrientes,Balvanera,Comuna 3,2,300-600 m,300,600,14179,846868.092447653,0.8468680924476529,16742.867190826935,15870.24014704169,1.0549851190467276
11183,BANCO DE LA CIUDAD DE BUENOS AIRES,LINK,Jean Jaures 521 esquina Corrientes,Balvanera,Comuna 3,3,600-900 m,600,900,16533,1411446.8207453075,1.4114468207453075,11713.512515668022,15870.24014704169,0.7380803571426418
11183,BANCO DE LA CIUDAD DE BUENOS AIRES,LINK,Jean Jaures 521 esquina Corrientes,Balvanera,Comuna 3,4,900-1200 m,900,1200,19069,1976025.5490442794,1.9760255490442793,9650.178870016573,15870.24014704169,0.6080676020403778
11698,CABAL COOP. LTDA.,LINK,Juana Manso 1159 esquina Azucena Maizani,Puerto Madero,Comuna 1,1,0-300 m,0,300,173,282289.36414897913,0.28228936414897915,612.8463271067438,612.8463271067438,1.0
11698,CABAL COOP. LTDA.,LINK,Juana Manso 1159 esquina Azucena Maizani,Puerto Madero,Comuna 1,2,300-600 m,300,600,669,846868.092447653,0.8468680924476529,789.969543032881,612.8463271067438,1.2890173410393735
11698,CABAL COOP. LTDA.,LINK,Juana Manso 1159 esquina Azucena Maizani,Puerto Madero,Comuna 1,3,600-900 m,600,900,1689,1411446.8207453075,1.4114468207453075,1196.6444468011427,612.8463271067438,1.9526011560687948
11698,CABAL COOP. LTDA.,LINK,Juana Manso 1159 esquina Azucena Maizani,Puerto Madero,Comuna 1,4,900-1200 m,900,1200,4414,1976025.5490442794,1.9760255490442793,2233.7767860010044,612.8463271067438,3.6449215524333747
11670,BANCO DE LA CIUDAD DE BUENOS AIRES,LINK,Juan B. Ambrosetti 743 esquina Díaz Vélez,Caballito,Comuna 6,1,0-300 m,0,300,1824,282289.36414897913,0.28228936414897915,6461.454917009831,6461.454917009831,1.0
11670,BANCO DE LA CIUDAD DE BUENOS AIRES,LINK,Juan B. Ambrosetti 743 esquina Díaz Vélez,Caballito,Comuna 6,2,300-600 m,300,600,4009,846868.092447653,0.8468680924476529,4733.9131509997305,6461.454917009831,0.7326388888882699
11670,BANCO DE LA CIUDAD DE BUENOS AIRES,LINK,Juan B. Ambrosetti 743 esquina Díaz Vélez,Caballito,Comuna 6,3,600-900 m,600,900,5758,1411446.8207453075,1.4114468207453075,4079.501909224973,6461.454917009831,0.6313596491226229
11670,BANCO DE LA CIUDAD DE BUENOS AIRES,LINK,Juan B. Ambrosetti 743 esquina Díaz Vélez,Caballito,Comuna 6,4,900-1200 m,900,1200,9483,1976025.5490442794,1.9760255490442793,4799.027018950504,6461.454917009831,0.7427161654129981
10994,BANCO DE LA CIUDAD DE BUENOS AIRES,LINK,Junín 1930 esquina Av. Quintana,Recoleta,Comuna 2,1,0-300 m,0,300,1164,282289.36414897913,0.28228936414897915,4123.42846677601,4123.42846677601,1.0
10994,BANCO DE LA CIUDAD DE BUENOS AIRES,LINK,Junín 1930 esquina Av. Quintana,Recoleta,Comuna 2,2,300-600 m,300,600,4768,846868.092447653,0.8468680924476529,5630.156623588605,4123.42846677601,1.3654066437560057
10994,BANCO DE LA CIUDAD DE BUENOS AIRES,LINK,Junín 1930 esquina Av. Quintana,Recoleta,Comuna 2,3,600-900 m,600,900,4811,1411446.8207453075,1.4114468207453075,3408.559167294433,4123.42846677601,0.8266323024052572
10994,BANCO DE LA CIUDAD DE BUENOS AIRES,LINK,Junín 1930 esquina Av. Quintana,Recoleta,Comuna 2,4,900-1200 m,900,1200,7948,1976025.5490442794,1.9760255490442793,4022.215200529221,4123.42846677601,0.9754540991647358
10962,BANCO DE LA CIUDAD DE BUENOS AIRES,LINK,Juramento 2527,Belgrano,Comuna 13,1,0-300 m,0,300,3366,282289.36414897913,0.28228936414897915,11923.934896192484,11923.934896192484,1.0
10962,BANCO DE LA CIUDAD DE BUENOS AIRES,LINK,Juramento 2527,Belgrano,Comuna 13,2,300-600 m,300,600,5145,846868.092447653,0.8468680924476529,6075.326306284264,11923.934896192484,0.5095068330358143
10962,BANCO DE LA CIUDAD DE BUENOS AIRES,LINK,Juramento 2527,Belgrano,Comuna 13,3,600-900 m,600,900,6854,1411446.8207453075,1.4114468207453075,4856.010087847858,11923.934896192484,0.4072489601900179
10962,BANCO DE LA CIUDAD DE BUENOS AIRES,LINK,Juramento 2527,Belgrano,Comuna 13,4,900-1200 m,900,1200,7856,1976025.5490442794,1.9760255490442793,3975.657098057066,11923.934896192484,0.33341821577091646
11092,BANCO DE LA CIUDAD DE BUENOS AIRES,LINK,Lacarra 3040,Villa Soldati,Comuna 8,1,0-300 m,0,300,565,282289.36414897913,0.28228936414897915,2001.4923399728916,2001.4923399728916,1.0
11092,BANCO DE LA CIUDAD DE BUENOS AIRES,LINK,Lacarra 3040,Villa Soldati,Comuna 8,2,300-600 m,300,600,1695,846868.092447653,0.8468680924476529,2001.4923399712006,2001.4923399728916,0.9999999999991551
11092,BANCO DE LA CIUDAD DE BUENOS AIRES,LINK,Lacarra 3040,Villa Soldati,Comuna 8,3,600-900 m,600,900,3664,1411446.8207453075,1.4114468207453075,2595.9178526224905,2001.4923399728916,1.2969911504420994
11092,BANCO DE LA CIUDAD DE BUENOS AIRES,LINK,Lacarra 3040,Villa Soldati,Comuna 8,4,900-1200 m,900,1200,5951,1976025.5490442794,1.9760255490442793,3011.600737084725,2001.4923399728916,1.504677623260609
10960,BANCO DE LA CIUDAD DE BUENOS AIRES,LINK,La Pampa 2475,Belgrano,Comuna 13,1,0-300 m,0,300,1884,282289.36414897913,0.28228936414897915,6674.002776121996,6674.002776121996,1.0
10960,BANCO DE LA CIUDAD DE BUENOS AIRES,LINK,La Pampa 2475,Belgrano,Comuna 13,2,300-600 m,300,600,5546,846868.092447653,0.8468680924476529,6548.835703528188,6674.002776121996,0.981245576786149
10960,BANCO DE LA CIUDAD DE BUENOS AIRES,LINK,La Pampa 2475,Belgrano,Comuna 13,3,600-900 m,600,900,6055,1411446.8207453075,1.4114468207453075,4289.924289745955,6674.002776121996,0.6427813163480078
10960,BANCO DE LA CIUDAD DE BUENOS AIRES,LINK,La Pampa 2475,Belgrano,Comuna 13,4,900-1200 m,900,1200,7419,1976025.5490442794,1.9760255490442793,3754.5061113143297,6674.002776121996,0.5625568698813049
11172,BANCO DE LA CIUDAD DE BUENOS AIRES,LINK,Larrea 11,Balvanera,Comuna 3,1,0-300 m,0,300,2574,282289.36414897913,0.28228936414897915,9118.303155911899,9118.303155911899,1.0
11172,BANCO DE LA CIUDAD DE BUENOS AIRES,LINK,Larrea 11,Balvanera,Comuna 3,2,300-600 m,300,600,11515,846868.092447653,0.8468680924476529,13597.158875969544,9118.303155911899,1.4911939911927314
11172,BANCO DE LA CIUDAD DE BUENOS AIRES,LINK,Larrea 11,Balvanera,Comuna 3,3,600-900 m,600,900,17065,1411446.8207453075,1.4114468207453075,12090.430719160153,9118.303155911899,1.3259518259514391
11172,BANCO DE LA CIUDAD DE BUENOS AIRES,LINK,Larrea 11,Balvanera,Comuna 3,4,900-1200 m,900,1200,17670,1976025.5490442794,1.9760255490442793,8942.192072641084,9118.303155911899,0.9806859806852735
11015,BANCO DE LA NACION ARGENTINA,LINK,Lavalle 1402,San Nicolas,Comuna 1,1,0-300 m,0,300,4058,282289.36414897913,0.28228936414897915,14375.32020461946,14375.32020461946,1.0
11015,BANCO DE LA NACION ARGENTINA,LINK,Lavalle 1402,San Nicolas,Comuna 1,2,300-600 m,300,600,8969,846868.092447653,0.8468680924476529,10590.787490974453,14375.32020461946,0.7367340233277823
11015,BANCO DE LA NACION ARGENTINA,LINK,Lavalle 1402,San Nicolas,Comuna 1,3,600-900 m,600,900,17559,1411446.8207453075,1.4114468207453075,12440.426193831418,14375.32020461946,0.8654016757020639
11015,BANCO DE LA NACION ARGENTINA,LINK,Lavalle 1402,San Nicolas,Comuna 1,4,900-1200 m,900,1200,19299,1976025.5490442794,1.9760255490442793,9766.57412619696,14375.32020461946,0.6793987185800915
11026,BANCO DE LA CIUDAD DE BUENOS AIRES,LINK,Lavalle 1428 esquina Uruguay,San Nicolas,Comuna 1,1,0-300 m,0,300,4028,282289.36414897913,0.28228936414897915,14269.046275063376,14269.046275063376,1.0
11026,BANCO DE LA CIUDAD DE BUENOS AIRES,LINK,Lavalle 1428 esquina Uruguay,San Nicolas,Comuna 1,2,300-600 m,300,600,8310,846868.092447653,0.8468680924476529,9812.626162336683,14269.046275063376,0.6876861966230535
11026,BANCO DE LA CIUDAD DE BUENOS AIRES,LINK,Lavalle 1428 esquina Uruguay,San Nicolas,Comuna 1,3,600-900 m,600,900,18472,1411446.8207453075,1.4114468207453075,13087.280178395918,14269.046275063376,0.9171797418070811
11026,BANCO DE LA CIUDAD DE BUENOS AIRES,LINK,Lavalle 1428 esquina Uruguay,San Nicolas,Comuna 1,4,900-1200 m,900,1200,19013,1976025.5490442794,1.9760255490442793,9621.839155468304,14269.046275063376,0.6743155057450094
11023,BANCO DE LA NACION ARGENTINA,LINK,Lavalle 593,San Nicolas,Comuna 1,1,0-300 m,0,300,5188,282289.36414897913,0.28228936414897915,18378.30488456524,18378.30488456524,1.0
11023,BANCO DE LA NACION ARGENTINA,LINK,Lavalle 593,San Nicolas,Comuna 1,2,300-600 m,300,600,10284,846868.092447653,0.8468680924476529,12143.567683931462,18378.30488456524,0.6607555898221095
11023,BANCO DE LA NACION ARGENTINA,LINK,Lavalle 593,San Nicolas,Comuna 1,3,600-900 m,600,900,15491,1411446.8207453075,1.4114468207453075,10975.262951685318,18378.30488456524,0.5971858134154002
11023,BANCO DE LA NACION ARGENTINA,LINK,Lavalle 593,San Nicolas,Comuna 1,4,900-1200 m,900,1200,11549,1976025.5490442794,1.9760255490442793,5844.560059249116,18378.30488456524,0.31801409846876505
11220,BANCO DE LA CIUDAD DE BUENOS AIRES,LINK,Llavallol 4307,Villa Devoto,Comuna 11,1,0-300 m,0,300,677,282289.36414897913,0.28228936414897915,2398.2483436489338,2398.2483436489338,1.0
11220,BANCO DE LA CIUDAD DE BUENOS AIRES,LINK,Llavallol 4307,Villa Devoto,Comuna 11,2,300-600 m,300,600,1632,846868.092447653,0.8468680924476529,1927.1005892820056,2398.2483436489338,0.8035450516979917
11220,BANCO DE LA CIUDAD DE BUENOS AIRES,LINK,Llavallol 4307,Villa Devoto,Comuna 11,3,600-900 m,600,900,2367,1411446.8207453075,1.4114468207453075,1677.0026083944965,2398.2483436489338,0.699261447562573
11220,BANCO DE LA CIUDAD DE BUENOS AIRES,LINK,Llavallol 4307,Villa Devoto,Comuna 11,4,900-1200 m,900,1200,4570,1976025.5490442794,1.9760255490442793,2312.72313367118,2398.2483436489338,0.9643384680305347
11433,CAJERO EXPRESS,LINK,Lope De Vega 1502 esquina Miranda,Villa Luro,Comuna 10,1,0-300 m,0,300,677,282289.36414897913,0.28228936414897915,2398.2483436489338,2398.2483436489338,1.0
11433,CAJERO EXPRESS,LINK,Lope De Vega 1502 esquina Miranda,Villa Luro,Comuna 10,2,300-600 m,300,600,1881,846868.092447653,0.8468680924476529,2221.1251277202527,2398.2483436489338,0.9261447562769133
11433,CAJERO EXPRESS,LINK,Lope De Vega 1502 esquina Miranda,Villa Luro,Comuna 10,3,600-900 m,600,900,2916,1411446.8207453075,1.4114468207453075,2065.965190569646,2398.2483436489338,0.861447562776706
11433,CAJERO EXPRESS,LINK,Lope De Vega 1502 esquina Miranda,Villa Luro,Comuna 10,4,900-1200 m,900,1200,3821,1976025.5490442794,1.9760255490442793,1933.6794515880918,2398.2483436489338,0.8062882464649175
11731,BANCO DE LA NACION ARGENTINA,LINK,Madariaga 6976,Villa Riachuelo,Comuna 8,1,0-300 m,0,300,283,282289.36414897913,0.28228936414897915,1002.5174021457138,1002.5174021457138,1.0
11731,BANCO DE LA NACION ARGENTINA,LINK,Madariaga 6976,Villa Riachuelo,Comuna 8,2,300-600 m,300,600,1004,846868.092447653,0.8468680924476529,1185.544725269077,1002.5174021457138,1.182567726736339
11731,BANCO DE LA NACION ARGENTINA,LINK,Madariaga 6976,Villa Riachuelo,Comuna 8,3,600-900 m,600,900,1081,1411446.8207453075,1.4114468207453075,765.8807856672796,1002.5174021457138,0.7639575971729221
11731,BANCO DE LA NACION ARGENTINA,LINK,Madariaga 6976,Villa Riachuelo,Comuna 8,4,900-1200 m,900,1200,1677,1976025.5490442794,1.9760255490442793,848.6732374543915,1002.5174021457138,0.8465421504284657
11028,BANCO DE LA PROVINCIA DEL NEUQUEN,LINK,"Maipú 50, entre Av. Rivadavia y Bmé. Mitre",San Nicolas,Comuna 1,1,0-300 m,0,300,3597,282289.36414897913,0.28228936414897915,12742.244153774322,12742.244153774322,1.0
11028,BANCO DE LA PROVINCIA DEL NEUQUEN,LINK,"Maipú 50, entre Av. Rivadavia y Bmé. Mitre",San Nicolas,Comuna 1,2,300-600 m,300,600,8995,846868.092447653,0.8468680924476529,10621.488848401741,12742.244153774322,0.8335650078762302
11028,BANCO DE LA PROVINCIA DEL NEUQUEN,LINK,"Maipú 50, entre Av. Rivadavia y Bmé. Mitre",San Nicolas,Comuna 1,3,600-900 m,600,900,16294,1411446.8207453075,1.4114468207453075,11544.182721242047,12742.244153774322,0.9059772032246453
11028,BANCO DE LA PROVINCIA DEL NEUQUEN,LINK,"Maipú 50, entre Av. Rivadavia y Bmé. Mitre",San Nicolas,Comuna 1,4,900-1200 m,900,1200,15286,1976025.5490442794,1.9760255490442793,7735.7299390148055,12742.244153774322,0.6070932125973618
11041,CABAL COOP. LTDA.,LINK,"Maipú 72, entre Av. Rivadavia y Bmé. Mitre",San Nicolas,Comuna 1,1,0-300 m,0,300,3619,282289.36414897913,0.28228936414897915,12820.178368782115,12820.178368782115,1.0
11041,CABAL COOP. LTDA.,LINK,"Maipú 72, entre Av. Rivadavia y Bmé. Mitre",San Nicolas,Comuna 1,2,300-600 m,300,600,9768,846868.092447653,0.8468680924476529,11534.26382114377,12820.178368782115,0.8996960486314588
11041,CABAL COOP. LTDA.,LINK,"Maipú 72, entre Av. Rivadavia y Bmé. Mitre",San Nicolas,Comuna 1,3,600-900 m,600,900,16107,1411446.8207453075,1.4114468207453075,11411.694555728836,12820.178368782115,0.8901353965181156
11041,CABAL COOP. LTDA.,LINK,"Maipú 72, entre Av. Rivadavia y Bmé. Mitre",San Nicolas,Comuna 1,4,900-1200 m,900,1200,15104,1976025.5490442794,1.9760255490442793,7643.625866732933,12820.178368782115,0.5962183712939291
11408,BANCO DE SANTA CRUZ S.A.,LINK,"Maipu 99, entre Bartolome Mitre y Rivadavia",San Nicolas,Comuna 1,1,0-300 m,0,300,2837,282289.36414897913,0.28228936414897915,10049.97127168689,10049.97127168689,1.0
11408,BANCO DE SANTA CRUZ S.A.,LINK,"Maipu 99, entre Bartolome Mitre y Rivadavia",San Nicolas,Comuna 1,2,300-600 m,300,600,11314,846868.092447653,0.8468680924476529,13359.813766627825,10049.97127168689,1.3293385031124947
11408,BANCO DE SANTA CRUZ S.A.,LINK,"Maipu 99, entre Bartolome Mitre y Rivadavia",San Nicolas,Comuna 1,3,600-900 m,600,900,15902,1411446.8207453075,1.4114468207453075,11266.453518668899,10049.97127168689,1.1210433556570576
11408,BANCO DE SANTA CRUZ S.A.,LINK,"Maipu 99, entre Bartolome Mitre y Rivadavia",San Nicolas,Comuna 1,4,900-1200 m,900,1200,15346,1976025.5490442794,1.9760255490442793,7766.09391888795,10049.97127168689,0.7727478725005757
11779,BANCO DE LA CIUDAD DE BUENOS AIRES,LINK,Mansilla 3640 esquina Bulnes,Palermo,Comuna 14,1,0-300 m,0,300,1727,282289.36414897913,0.28228936414897915,6117.83587811183,6117.83587811183,1.0
11779,BANCO DE LA CIUDAD DE BUENOS AIRES,LINK,Mansilla 3640 esquina Bulnes,Palermo,Comuna 14,2,300-600 m,300,600,7695,846868.092447653,0.8468680924476529,9086.420977037398,6117.83587811183,1.4852345107109628
11779,BANCO DE LA CIUDAD DE BUENOS AIRES,LINK,Mansilla 3640 esquina Bulnes,Palermo,Comuna 14,3,600-900 m,600,900,10807,1411446.8207453075,1.4114468207453075,7656.682378081675,6117.83587811183,1.251534452807973
11779,BANCO DE LA CIUDAD DE BUENOS AIRES,LINK,Mansilla 3640 esquina Bulnes,Palermo,Comuna 14,4,900-1200 m,900,1200,12981,1976025.5490442794,1.9760255490442793,6569.247045554834,6117.83587811183,1.0737860865241655
10995,BANCO DE LA CIUDAD DE BUENOS AIRES,LINK,"Marcelo T. De Alvear 1840, entre Callao y Riobamba",Recoleta,Comuna 2,1,0-300 m,0,300,3010,282289.36414897913,0.28228936414897915,10662.817598793636,10662.817598793636,1.0
10995,BANCO DE LA CIUDAD DE BUENOS AIRES,LINK,"Marcelo T. De Alvear 1840, entre Callao y Riobamba",Recoleta,Comuna 2,2,300-600 m,300,600,7807,846868.092447653,0.8468680924476529,9218.672978262633,10662.817598793636,0.8645625692130016
10995,BANCO DE LA CIUDAD DE BUENOS AIRES,LINK,"Marcelo T. De Alvear 1840, entre Callao y Riobamba",Recoleta,Comuna 2,3,600-900 m,600,900,10757,1411446.8207453075,1.4114468207453075,7621.257734896324,10662.817598793636,0.7147508305645756
10995,BANCO DE LA CIUDAD DE BUENOS AIRES,LINK,"Marcelo T. De Alvear 1840, entre Callao y Riobamba",Recoleta,Comuna 2,4,900-1200 m,900,1200,20433,1976025.5490442794,1.9760255490442793,10340.453345799393,10662.817598793636,0.9697674418597656
10889,BANCO DE LA NACION ARGENTINA,LINK,Marcos Sastre 3202,Villa Del Parque,Comuna 11,1,0-300 m,0,300,665,282289.36414897913,0.28228936414897915,2355.738771826501,2355.738771826501,1.0
10889,BANCO DE LA NACION ARGENTINA,LINK,Marcos Sastre 3202,Villa Del Parque,Comuna 11,2,300-600 m,300,600,2208,846868.092447653,0.8468680924476529,2607.2537384403604,2355.738771826501,1.106766917292298
10889,BANCO DE LA NACION ARGENTINA,LINK,Marcos Sastre 3202,Villa Del Parque,Comuna 11,3,600-900 m,600,900,3107,1411446.8207453075,1.4114468207453075,2201.287327537685,2355.738771826501,0.9344360902252913
10889,BANCO DE LA NACION ARGENTINA,LINK,Marcos Sastre 3202,Villa Del Parque,Comuna 11,4,900-1200 m,900,1200,4177,1976025.5490442794,1.9760255490442793,2113.839065502083,2355.738771826501,0.897314715359181
11512,CABAL COOP. LTDA.,LINK,Martin Garcia 743,Barracas,Comuna 4,1,0-300 m,0,300,1423,282289.36414897913,0.28228936414897915,5040.926725276859,5040.926725276859,1.0
11512,CABAL COOP. LTDA.,LINK,Martin Garcia 743,Barracas,Comuna 4,2,300-600 m,300,600,3634,846868.092447653,0.8468680924476529,4291.105111183094,5040.926725276859,0.8512532208941039
11512,CABAL COOP. LTDA.,LINK,Martin Garcia 743,Barracas,Comuna 4,3,600-900 m,600,900,5863,1411446.8207453075,1.4114468207453075,4153.893659914209,5040.926725276859,0.8240337315528165
11512,CABAL COOP. LTDA.,LINK,Martin Garcia 743,Barracas,Comuna 4,4,900-1200 m,900,1200,13936,1976025.5490442794,1.9760255490442793,7052.540391869052,5040.926725276859,1.3990563196456125
11079,BANCO DE LA NACION ARGENTINA,LINK,Mexico 12,Monserrat,Comuna 1,1,0-300 m,0,300,476,282289.36414897913,0.28228936414897915,1686.2130156231794,1686.2130156231794,1.0
11079,BANCO DE LA NACION ARGENTINA,LINK,Mexico 12,Monserrat,Comuna 1,2,300-600 m,300,600,3244,846868.092447653,0.8468680924476529,3830.5847497737905,1686.2130156231794,2.27170868347147
11079,BANCO DE LA NACION ARGENTINA,LINK,Mexico 12,Monserrat,Comuna 1,3,600-900 m,600,900,5748,1411446.8207453075,1.4114468207453075,4072.416980587903,1686.2130156231794,2.4151260504194636
11079,BANCO DE LA NACION ARGENTINA,LINK,Mexico 12,Monserrat,Comuna 1,4,900-1200 m,900,1200,9167,1976025.5490442794,1.9760255490442793,4639.110058285275,1686.2130156231794,2.7512004801900924
11030,CABAL COOP. LTDA.,LINK,Montevideo 431,San Nicolas,Comuna 1,1,0-300 m,0,300,3623,282289.36414897913,0.28228936414897915,12834.34822605626,12834.34822605626,1.0
11030,CABAL COOP. LTDA.,LINK,Montevideo 431,San Nicolas,Comuna 1,2,300-600 m,300,600,9904,846868.092447653,0.8468680924476529,11694.85553691727,12834.34822605626,0.9112153831991566
11030,CABAL COOP. LTDA.,LINK,Montevideo 431,San Nicolas,Comuna 1,3,600-900 m,600,900,14695,1411446.8207453075,1.4114468207453075,10411.302632174536,12834.34822605626,0.8112061827212649
11030,CABAL COOP. LTDA.,LINK,Montevideo 431,San Nicolas,Comuna 1,4,900-1200 m,900,1200,21519,1976025.5490442794,1.9760255490442793,10890.04138150331,12834.34822605626,0.8485075509634666
11730,BANCO DE LA NACION ARGENTINA,LINK,Murguiondo 4130,Villa Lugano,Comuna 8,1,0-300 m,0,300,631,282289.36414897913,0.28228936414897915,2235.294984996274,2235.294984996274,1.0
11730,BANCO DE LA NACION ARGENTINA,LINK,Murguiondo 4130,Villa Lugano,Comuna 8,2,300-600 m,300,600,2179,846868.092447653,0.8468680924476529,2573.0099166945406,2235.294984996274,1.1510829371358473
11730,BANCO DE LA NACION ARGENTINA,LINK,Murguiondo 4130,Villa Lugano,Comuna 8,3,600-900 m,600,900,2769,1411446.8207453075,1.4114468207453075,1961.8167396047152,2235.294984996274,0.8776545166399975
11730,BANCO DE LA NACION ARGENTINA,LINK,Murguiondo 4130,Villa Lugano,Comuna 8,4,900-1200 m,900,1200,5229,1976025.5490442794,1.9760255490442793,2646.220845944552,2235.294984996274,1.1838351822495423
11729,BANCO DE LA PROVINCIA DE BUENOS AIRES,LINK,Murguiondo 4349,Villa Lugano,Comuna 8,1,0-300 m,0,300,1014,282289.36414897913,0.28228936414897915,3592.058818995597,3592.058818995597,1.0
11729,BANCO DE LA PROVINCIA DE BUENOS AIRES,LINK,Murguiondo 4349,Villa Lugano,Comuna 8,2,300-600 m,300,600,2439,846868.092447653,0.8468680924476529,2880.023490967409,3592.058818995597,0.8017751479283166
11729,BANCO DE LA PROVINCIA DE BUENOS AIRES,LINK,Murguiondo 4349,Villa Lugano,Comuna 8,3,600-900 m,600,900,4389,1411446.8207453075,1.4114468207453075,3109.5751788100742,3592.058818995597,0.8656804733725285
11729,BANCO DE LA PROVINCIA DE BUENOS AIRES,LINK,Murguiondo 4349,Villa Lugano,Comuna 8,4,900-1200 m,900,1200,7323,1976025.5490442794,1.9760255490442793,3705.923743517298,3592.058818995597,1.0316990701598645
10892,BANCO DE LA CIUDAD DE BUENOS AIRES,LINK,"Nogoya 3174, entre Helguera y Cuenca",Villa Del Parque,Comuna 11,1,0-300 m,0,300,904,282289.36414897913,0.28228936414897915,3202.3877439566268,3202.3877439566268,1.0
10892,BANCO DE LA CIUDAD DE BUENOS AIRES,LINK,"Nogoya 3174, entre Helguera y Cuenca",Villa Del Parque,Comuna 11,2,300-600 m,300,600,2188,846868.092447653,0.8468680924476529,2583.6373096501397,3202.3877439566268,0.80678466076628
10892,BANCO DE LA CIUDAD DE BUENOS AIRES,LINK,"Nogoya 3174, entre Helguera y Cuenca",Villa Del Parque,Comuna 11,3,600-900 m,600,900,2885,1411446.8207453075,1.4114468207453075,2044.0019117947286,3202.3877439566268,0.6382743362829997
10892,BANCO DE LA CIUDAD DE BUENOS AIRES,LINK,"Nogoya 3174, entre Helguera y Cuenca",Villa Del Parque,Comuna 11,4,900-1200 m,900,1200,3995,1976025.5490442794,1.9760255490442793,2021.7349932202112,3202.3877439566268,0.6313211125153474
11219,BANCO DE LA CIUDAD DE BUENOS AIRES,LINK,Nueva York 3952,Villa Devoto,Comuna 11,1,0-300 m,0,300,868,282289.36414897913,0.28228936414897915,3074.8590284893276,3074.8590284893276,1.0
11219,BANCO DE LA CIUDAD DE BUENOS AIRES,LINK,Nueva York 3952,Villa Devoto,Comuna 11,2,300-600 m,300,600,1305,846868.092447653,0.8468680924476529,1540.971978561898,3074.8590284893276,0.5011520737322954
11219,BANCO DE LA CIUDAD DE BUENOS AIRES,LINK,Nueva York 3952,Villa Devoto,Comuna 11,3,600-900 m,600,900,2405,1411446.8207453075,1.4114468207453075,1703.925337215363,3074.8590284893276,0.5541474654376264
11219,BANCO DE LA CIUDAD DE BUENOS AIRES,LINK,Nueva York 3952,Villa Devoto,Comuna 11,4,900-1200 m,900,1200,3448,1976025.5490442794,1.9760255490442793,1744.9167100433763,3074.8590284893276,0.5674786043445544
11218,BANCO DE LA PROVINCIA DE BUENOS AIRES,LINK,Nueva York 4020,Villa Devoto,Comuna 11,1,0-300 m,0,300,957,282289.36414897913,0.28228936414897915,3390.1383528390397,3390.1383528390397,1.0
11218,BANCO DE LA PROVINCIA DE BUENOS AIRES,LINK,Nueva York 4020,Villa Devoto,Comuna 11,2,300-600 m,300,600,1187,846868.092447653,0.8468680924476529,1401.635048699596,3390.1383528390397,0.41344479275478824
11218,BANCO DE LA PROVINCIA DE BUENOS AIRES,LINK,Nueva York 4020,Villa Devoto,Comuna 11,3,600-900 m,600,900,2421,1411446.8207453075,1.4114468207453075,1715.2612230346751,3390.1383528390397,0.505956112852517
11218,BANCO DE LA PROVINCIA DE BUENOS AIRES,LINK,Nueva York 4020,Villa Devoto,Comuna 11,4,900-1200 m,900,1200,3328,1976025.5490442794,1.9760255490442793,1684.188750297087,3390.1383528390397,0.4967905657557246
10992,BANCO DE LA CIUDAD DE BUENOS AIRES,LINK,Paraguay 1536,Recoleta,Comuna 2,1,0-300 m,0,300,1895,282289.36414897913,0.28228936414897915,6712.969883625893,6712.969883625893,1.0
10992,BANCO DE LA CIUDAD DE BUENOS AIRES,LINK,Paraguay 1536,Recoleta,Comuna 2,2,300-600 m,300,600,7646,846868.092447653,0.8468680924476529,9028.560726501357,6712.969883625893,1.3449428320129357
10992,BANCO DE LA CIUDAD DE BUENOS AIRES,LINK,Paraguay 1536,Recoleta,Comuna 2,3,600-900 m,600,900,14000,1411446.8207453075,1.4114468207453075,9918.900091898162,6712.969883625893,1.4775725593663236
10992,BANCO DE LA CIUDAD DE BUENOS AIRES,LINK,Paraguay 1536,Recoleta,Comuna 2,4,900-1200 m,900,1200,20084,1976025.5490442794,1.9760255490442793,10163.836196203934,6712.969883625893,1.514059555219413
11790,BANCO DE LA CIUDAD DE BUENOS AIRES,LINK,Paraguay 4302 esquina Armenia,Palermo,Comuna 14,1,0-300 m,0,300,1433,282289.36414897913,0.28228936414897915,5076.351368462219,5076.351368462219,1.0
11790,BANCO DE LA CIUDAD DE BUENOS AIRES,LINK,Paraguay 4302 esquina Armenia,Palermo,Comuna 14,2,300-600 m,300,600,6134,846868.092447653,0.8468680924476529,7243.158709960676,5076.351368462219,1.4268434519643678
11790,BANCO DE LA CIUDAD DE BUENOS AIRES,LINK,Paraguay 4302 esquina Armenia,Palermo,Comuna 14,3,600-900 m,600,900,10361,1411446.8207453075,1.4114468207453075,7340.694560868347,5076.351368462219,1.4460572226094874
11790,BANCO DE LA CIUDAD DE BUENOS AIRES,LINK,Paraguay 4302 esquina Armenia,Palermo,Comuna 14,4,900-1200 m,900,1200,12032,1976025.5490442794,1.9760255490442793,6088.99009722793,5076.351368462219,1.1994816070173782
11027,BANCO DE LA CIUDAD DE BUENOS AIRES,LINK,Paraná 744,San Nicolas,Comuna 1,1,0-300 m,0,300,2304,282289.36414897913,0.28228936414897915,8161.837789907155,8161.837789907155,1.0
11027,BANCO DE LA CIUDAD DE BUENOS AIRES,LINK,Paraná 744,San Nicolas,Comuna 1,2,300-600 m,300,600,8781,846868.092447653,0.8468680924476529,10368.79306034638,8161.837789907155,1.2703993055544822
11027,BANCO DE LA CIUDAD DE BUENOS AIRES,LINK,Paraná 744,San Nicolas,Comuna 1,3,600-900 m,600,900,16164,1411446.8207453075,1.4114468207453075,11452.078648960136,8161.837789907155,1.4031249999995907
11027,BANCO DE LA CIUDAD DE BUENOS AIRES,LINK,Paraná 744,San Nicolas,Comuna 1,4,900-1200 m,900,1200,19379,1976025.5490442794,1.9760255490442793,9807.059432694487,8161.837789907155,1.2015749007927843
11528,BANCO DE LA NACION ARGENTINA,LINK,Paroissien 2443,Saavedra,Comuna 12,1,0-300 m,0,300,1195,282289.36414897913,0.28228936414897915,4233.24486065063,4233.24486065063,1.0
11528,BANCO DE LA NACION ARGENTINA,LINK,Paroissien 2443,Saavedra,Comuna 12,2,300-600 m,300,600,2772,846868.092447653,0.8468680924476529,3273.237030324583,4233.24486065063,0.7732217573215224
11528,BANCO DE LA NACION ARGENTINA,LINK,Paroissien 2443,Saavedra,Comuna 12,3,600-900 m,600,900,4317,1411446.8207453075,1.4114468207453075,3058.563692623169,4233.24486065063,0.7225104602508352
11528,BANCO DE LA NACION ARGENTINA,LINK,Paroissien 2443,Saavedra,Comuna 12,4,900-1200 m,900,1200,6392,1976025.5490442794,1.9760255490442793,3234.775989152338,4233.24486065063,0.7641362821273627
11695,BANCO DE LA NACION ARGENTINA,LINK,Pedro Chutro 2780,Parque Patricios,Comuna 4,1,0-300 m,0,300,480,282289.36414897913,0.28228936414897915,1700.382872897324,1700.382872897324,1.0
11695,BANCO DE LA NACION ARGENTINA,LINK,Pedro Chutro 2780,Parque Patricios,Comuna 4,2,300-600 m,300,600,2483,846868.092447653,0.8468680924476529,2931.9796343058947,1700.382872897324,1.7243055555540987
11695,BANCO DE LA NACION ARGENTINA,LINK,Pedro Chutro 2780,Parque Patricios,Comuna 4,3,600-900 m,600,900,3646,1411446.8207453075,1.4114468207453075,2583.1649810757644,1700.382872897324,1.5191666666662236
11695,BANCO DE LA NACION ARGENTINA,LINK,Pedro Chutro 2780,Parque Patricios,Comuna 4,4,900-1200 m,900,1200,4981,1976025.5490442794,1.9760255490442793,2520.7163958022206,1700.382872897324,1.4824404761894068
10986,BANCO DE LA CIUDAD DE BUENOS AIRES,LINK,Peña 3050 esquina Rodriguez Peña,Recoleta,Comuna 2,1,0-300 m,0,300,1006,282289.36414897913,0.28228936414897915,3563.719104447308,3563.719104447308,1.0
10986,BANCO DE LA CIUDAD DE BUENOS AIRES,LINK,Peña 3050 esquina Rodriguez Peña,Recoleta,Comuna 2,2,300-600 m,300,600,4775,846868.092447653,0.8468680924476529,5638.422373665182,3563.719104447308,1.5821736249158271
10986,BANCO DE LA CIUDAD DE BUENOS AIRES,LINK,Peña 3050 esquina Rodriguez Peña,Recoleta,Comuna 2,3,600-900 m,600,900,11051,1411446.8207453075,1.4114468207453075,7829.554636826186,3563.719104447308,2.1970178926434945
10986,BANCO DE LA CIUDAD DE BUENOS AIRES,LINK,Peña 3050 esquina Rodriguez Peña,Recoleta,Comuna 2,4,900-1200 m,900,1200,12364,1976025.5490442794,1.9760255490442793,6257.004119192664,3563.719104447308,1.7557512070421875
11066,BANCO DE LA NACION ARGENTINA,LINK,Peru 103,Monserrat,Comuna 1,1,0-300 m,0,300,2881,282289.36414897913,0.28228936414897915,10205.83970170248,10205.83970170248,1.0
11066,BANCO DE LA NACION ARGENTINA,LINK,Peru 103,Monserrat,Comuna 1,2,300-600 m,300,600,7064,846868.092447653,0.8468680924476529,8341.322648705936,10205.83970170248,0.817308804812453
11066,BANCO DE LA NACION ARGENTINA,LINK,Peru 103,Monserrat,Comuna 1,3,600-900 m,600,900,9641,1411446.8207453075,1.4114468207453075,6830.579698999299,10205.83970170248,0.6692814994791522
11066,BANCO DE LA NACION ARGENTINA,LINK,Peru 103,Monserrat,Comuna 1,4,900-1200 m,900,1200,19358,1976025.5490442794,1.9760255490442793,9796.432039738886,10205.83970170248,0.9598849605784716
11389,BANCO DE LA CIUDAD DE BUENOS AIRES,LINK,Peru 146,Monserrat,Comuna 1,1,0-300 m,0,300,3351,282289.36414897913,0.28228936414897915,11870.797931414443,11870.797931414443,1.0
11389,BANCO DE LA CIUDAD DE BUENOS AIRES,LINK,Peru 146,Monserrat,Comuna 1,2,300-600 m,300,600,6499,846868.092447653,0.8468680924476529,7674.158535382203,11870.797931414443,0.6464736894453903
11389,BANCO DE LA CIUDAD DE BUENOS AIRES,LINK,Peru 146,Monserrat,Comuna 1,3,600-900 m,600,900,11403,1411446.8207453075,1.4114468207453075,8078.944124851054,11870.797931414443,0.6805729632943404
11389,BANCO DE LA CIUDAD DE BUENOS AIRES,LINK,Peru 146,Monserrat,Comuna 1,4,900-1200 m,900,1200,18378,1976025.5490442794,1.9760255490442793,9300.48703514419,11870.797931414443,0.7834761478444278
11395,BANCO DE LA NACION ARGENTINA,LINK,Perú 169,Monserrat,Comuna 1,1,0-300 m,0,300,3240,282289.36414897913,0.28228936414897915,11477.584392056937,11477.584392056937,1.0
11395,BANCO DE LA NACION ARGENTINA,LINK,Perú 169,Monserrat,Comuna 1,2,300-600 m,300,600,6805,846868.092447653,0.8468680924476529,8035.489895872579,11477.584392056937,0.7001028806578448
11395,BANCO DE LA NACION ARGENTINA,LINK,Perú 169,Monserrat,Comuna 1,3,600-900 m,600,900,10919,1411446.8207453075,1.4114468207453075,7736.0335788168595,11477.584392056937,0.6740123456788156
11395,BANCO DE LA NACION ARGENTINA,LINK,Perú 169,Monserrat,Comuna 1,4,900-1200 m,900,1200,18681,1976025.5490442794,1.9760255490442793,9453.825133503571,11477.584392056937,0.8236772486766546
11426,BANCO DE LA CIUDAD DE BUENOS AIRES,LINK,"Pilar 950, entre Acassuso y Patrón",Liniers,Comuna 9,1,0-300 m,0,300,1073,282289.36414897913,0.28228936414897915,3801.064213789226,3801.064213789226,1.0
11426,BANCO DE LA CIUDAD DE BUENOS AIRES,LINK,"Pilar 950, entre Acassuso y Patrón",Liniers,Comuna 9,2,300-600 m,300,600,1587,846868.092447653,0.8468680924476529,1873.9636245040092,3801.064213789226,0.4930102516305248
11426,BANCO DE LA CIUDAD DE BUENOS AIRES,LINK,"Pilar 950, entre Acassuso y Patrón",Liniers,Comuna 9,3,600-900 m,600,900,2450,1411446.8207453075,1.4114468207453075,1735.8075160821784,3801.064213789226,0.4566635601117028
11426,BANCO DE LA CIUDAD DE BUENOS AIRES,LINK,"Pilar 950, entre Acassuso y Patrón",Liniers,Comuna 9,4,900-1200 m,900,1200,3969,1976025.5490442794,1.9760255490442793,2008.5772686085152,3801.064213789226,0.5284249767004576
11009,BANCO DE LA NACION ARGENTINA,LINK,Pizzurno 935,Recoleta,Comuna 2,1,0-300 m,0,300,2236,282289.36414897913,0.28228936414897915,7920.950216246701,7920.950216246701,1.0
11009,BANCO DE LA NACION ARGENTINA,LINK,Pizzurno 935,Recoleta,Comuna 2,2,300-600 m,300,600,7926,846868.092447653,0.8468680924476529,9359.190729564447,7920.950216246701,1.1815742397127764
11009,BANCO DE LA NACION ARGENTINA,LINK,Pizzurno 935,Recoleta,Comuna 2,3,600-900 m,600,900,13611,1411446.8207453075,1.4114468207453075,9643.296367916135,7920.950216246701,1.217441860464761
11009,BANCO DE LA NACION ARGENTINA,LINK,Pizzurno 935,Recoleta,Comuna 2,4,900-1200 m,900,1200,16995,1976025.5490442794,1.9760255490442793,8600.597299068208,7920.950216246701,1.0858037311517852
11403,BANCO DE LA NACION ARGENTINA,LINK,Presidentte Luis Saenz Peña 850,S/D,,1,0-300 m,0,300,1968,282289.36414897913,0.28228936414897915,6971.5697788790285,6971.5697788790285,1.0
11403,BANCO DE LA NACION ARGENTINA,LINK,Presidentte Luis Saenz Peña 850,S/D,,2,300-600 m,300,600,6208,846868.092447653,0.8468680924476529,7330.539496484492,6971.5697788790285,1.0514905149042606
11403,BANCO DE LA NACION ARGENTINA,LINK,Presidentte Luis Saenz Peña 850,S/D,,3,600-900 m,600,900,11263,1411446.8207453075,1.4114468207453075,7979.755123932072,6971.5697788790285,1.1446138211378774
11403,BANCO DE LA NACION ARGENTINA,LINK,Presidentte Luis Saenz Peña 850,S/D,,4,900-1200 m,900,1200,15262,1976025.5490442794,1.9760255490442793,7723.584347065547,6971.5697788790285,1.107868757258202
11024,CABAL COOP. LTDA.,LINK,Pte. Perón 479,San Nicolas,Comuna 1,1,0-300 m,0,300,2261,282289.36414897913,0.28228936414897915,8009.5118242101025,8009.5118242101025,1.0
11024,CABAL COOP. LTDA.,LINK,Pte. Perón 479,San Nicolas,Comuna 1,2,300-600 m,300,600,10129,846868.092447653,0.8468680924476529,11960.540360807252,8009.5118242101025,1.493292053662309
11024,CABAL COOP. LTDA.,LINK,Pte. Perón 479,San Nicolas,Comuna 1,3,600-900 m,600,900,13150,1411446.8207453075,1.4114468207453075,9316.681157747204,8009.5118242101025,1.1632021229541059
11024,CABAL COOP. LTDA.,LINK,Pte. Perón 479,San Nicolas,Comuna 1,4,900-1200 m,900,1200,14375,1976025.5490442794,1.9760255490442793,7274.703511274227,8009.5118242101025,0.9082580400574735
11054,BANCO HIPOTECARIO S.A.,LINK,Pte. Perón 525,San Nicolas,Comuna 1,1,0-300 m,0,300,2637,282289.36414897913,0.28228936414897915,9341.478407979674,9341.478407979674,1.0
11054,BANCO HIPOTECARIO S.A.,LINK,Pte. Perón 525,San Nicolas,Comuna 1,2,300-600 m,300,600,10420,846868.092447653,0.8468680924476529,12304.159399704962,9341.478407979674,1.317153330804095
11054,BANCO HIPOTECARIO S.A.,LINK,Pte. Perón 525,San Nicolas,Comuna 1,3,600-900 m,600,900,14259,1411446.8207453075,1.4114468207453075,10102.399743598278,9341.478407979674,1.0814562002272157
11054,BANCO HIPOTECARIO S.A.,LINK,Pte. Perón 525,San Nicolas,Comuna 1,4,900-1200 m,900,1200,13744,1976025.5490442794,1.9760255490442793,6955.3756562749895,9341.478407979674,0.7445690449098048
11076,BANCO DE LA CIUDAD DE BUENOS AIRES,LINK,Pte. Perón 566,San Nicolas,Comuna 1,1,0-300 m,0,300,2829,282289.36414897913,0.28228936414897915,10021.631557138602,10021.631557138602,1.0
11076,BANCO DE LA CIUDAD DE BUENOS AIRES,LINK,Pte. Perón 566,San Nicolas,Comuna 1,2,300-600 m,300,600,11043,846868.092447653,0.8468680924476529,13039.811156520336,10021.631557138602,1.3011664899246695
11076,BANCO DE LA CIUDAD DE BUENOS AIRES,LINK,Pte. Perón 566,San Nicolas,Comuna 1,3,600-900 m,600,900,14983,1411446.8207453075,1.4114468207453075,10615.348576922155,10021.631557138602,1.0592435489569199
11076,BANCO DE LA CIUDAD DE BUENOS AIRES,LINK,Pte. Perón 566,San Nicolas,Comuna 1,4,900-1200 m,900,1200,13543,1976025.5490442794,1.9760255490442793,6853.656323699955,10021.631557138602,0.6838862798560942
11032,BANCO DE LA PROVINCIA DE BUENOS AIRES,LINK,Pte. Perón 739,San Nicolas,Comuna 1,1,0-300 m,0,300,3225,282289.36414897913,0.28228936414897915,11424.447427278896,11424.447427278896,1.0
11032,BANCO DE LA PROVINCIA DE BUENOS AIRES,LINK,Pte. Perón 739,San Nicolas,Comuna 1,2,300-600 m,300,600,14651,846868.092447653,0.8468680924476529,17300.214910276143,11424.447427278896,1.5143152454767568
11032,BANCO DE LA PROVINCIA DE BUENOS AIRES,LINK,Pte. Perón 739,San Nicolas,Comuna 1,3,600-900 m,600,900,13241,1411446.8207453075,1.4114468207453075,9381.154008344542,11424.447427278896,0.8211472868214659
11032,BANCO DE LA PROVINCIA DE BUENOS AIRES,LINK,Pte. Perón 739,San Nicolas,Comuna 1,4,900-1200 m,900,1200,15642,1976025.5490442794,1.9760255490442793,7915.889552928797,11424.447427278896,0.6928903654480052
11771,BANCO DE LA NACION ARGENTINA,LINK,Punta Arenas 1201,Paternal,Comuna 15,1,0-300 m,0,300,235,282289.36414897913,0.28228936414897915,832.4791148559815,832.4791148559815,1.0
11771,BANCO DE LA NACION ARGENTINA,LINK,Punta Arenas 1201,Paternal,Comuna 15,2,300-600 m,300,600,1081,846868.092447653,0.8468680924476529,1276.4679761114264,832.4791148559815,1.5333333333320378
11771,BANCO DE LA NACION ARGENTINA,LINK,Punta Arenas 1201,Paternal,Comuna 15,3,600-900 m,600,900,1540,1411446.8207453075,1.4114468207453075,1091.079010108798,832.4791148559815,1.3106382978719582
11771,BANCO DE LA NACION ARGENTINA,LINK,Punta Arenas 1201,Paternal,Comuna 15,4,900-1200 m,900,1200,2651,1976025.5490442794,1.9760255490442793,1341.5818440617722,832.4791148559815,1.6115501519745217
11526,BANCO HIPOTECARIO S.A.,LINK,Ramon Falcon 2452,Flores,Comuna 7,1,0-300 m,0,300,2873,282289.36414897913,0.28228936414897915,10177.499987154191,10177.499987154191,1.0
11526,BANCO HIPOTECARIO S.A.,LINK,Ramon Falcon 2452,Flores,Comuna 7,2,300-600 m,300,600,5532,846868.092447653,0.8468680924476529,6532.3042033750335,10177.499987154191,0.6418378002082986
11526,BANCO HIPOTECARIO S.A.,LINK,Ramon Falcon 2452,Flores,Comuna 7,3,600-900 m,600,900,9275,1411446.8207453075,1.4114468207453075,6571.271310882533,10177.499987154191,0.6456665506437378
11526,BANCO HIPOTECARIO S.A.,LINK,Ramon Falcon 2452,Flores,Comuna 7,4,900-1200 m,900,1200,9721,1976025.5490442794,1.9760255490442793,4919.470805780644,10177.499987154191,0.4833673114212614
11423,CABAL COOP. LTDA.,LINK,Ramón L Falcón 6837,Liniers,Comuna 9,1,0-300 m,0,300,1816,282289.36414897913,0.28228936414897915,6433.115202461542,6433.115202461542,1.0
11423,CABAL COOP. LTDA.,LINK,Ramón L Falcón 6837,Liniers,Comuna 9,2,300-600 m,300,600,4269,846868.092447653,0.8468680924476529,5040.9267252725995,6433.115202461542,0.783590308369382
11423,CABAL COOP. LTDA.,LINK,Ramón L Falcón 6837,Liniers,Comuna 9,3,600-900 m,600,900,5038,1411446.8207453075,1.4114468207453075,3569.3870473559246,6433.115202461542,0.5548458149778117
11423,CABAL COOP. LTDA.,LINK,Ramón L Falcón 6837,Liniers,Comuna 9,4,900-1200 m,900,1200,3122,1976025.5490442794,1.9760255490442793,1579.9390860659573,6433.115202461542,0.24559471365621055
11068,BANCO HIPOTECARIO S.A.,LINK,Reconquista 101 esquina Bartolomé Mitre,San Nicolas,Comuna 1,1,0-300 m,0,300,1897,282289.36414897913,0.28228936414897915,6720.054812262965,6720.054812262965,1.0
11068,BANCO HIPOTECARIO S.A.,LINK,Reconquista 101 esquina Bartolomé Mitre,San Nicolas,Comuna 1,2,300-600 m,300,600,8223,846868.092447653,0.8468680924476529,9709.894697099224,6720.054812262965,1.4449130205575564
11068,BANCO HIPOTECARIO S.A.,LINK,Reconquista 101 esquina Bartolomé Mitre,San Nicolas,Comuna 1,3,600-900 m,600,900,10823,1411446.8207453075,1.4114468207453075,7668.018263900987,6720.054812262965,1.141064839219488
11068,BANCO HIPOTECARIO S.A.,LINK,Reconquista 101 esquina Bartolomé Mitre,San Nicolas,Comuna 1,4,900-1200 m,900,1200,16202,1976025.5490442794,1.9760255490442793,8199.286698411479,6720.054812262965,1.2201219971374586
11055,BANCO HIPOTECARIO S.A.,LINK,"Reconquista 151, entre Pte. Perón y Bmé. Mitre",San Nicolas,Comuna 1,1,0-300 m,0,300,1703,282289.36414897913,0.28228936414897915,6032.816734466964,6032.816734466964,1.0
11055,BANCO HIPOTECARIO S.A.,LINK,"Reconquista 151, entre Pte. Perón y Bmé. Mitre",San Nicolas,Comuna 1,2,300-600 m,300,600,8986,846868.092447653,0.8468680924476529,10610.861455446142,6032.816734466964,1.7588569191607768
11055,BANCO HIPOTECARIO S.A.,LINK,"Reconquista 151, entre Pte. Perón y Bmé. Mitre",San Nicolas,Comuna 1,3,600-900 m,600,900,10909,1411446.8207453075,1.4114468207453075,7728.94865017979,6032.816734466964,1.2811509101581702
11055,BANCO HIPOTECARIO S.A.,LINK,"Reconquista 151, entre Pte. Perón y Bmé. Mitre",San Nicolas,Comuna 1,4,900-1200 m,900,1200,15925,1976025.5490442794,1.9760255490442793,8059.106324663795,6032.816734466964,1.3358778625944563
11056,BANCO DE LA NACION ARGENTINA,LINK,Reconquista 266,San Nicolas,Comuna 1,1,0-300 m,0,300,1897,282289.36414897913,0.28228936414897915,6720.054812262965,6720.054812262965,1.0
11056,BANCO DE LA NACION ARGENTINA,LINK,Reconquista 266,San Nicolas,Comuna 1,2,300-600 m,300,600,10455,846868.092447653,0.8468680924476529,12345.48815008785,6720.054812262965,1.8371112282535877
11056,BANCO DE LA NACION ARGENTINA,LINK,Reconquista 266,San Nicolas,Comuna 1,3,600-900 m,600,900,10631,1411446.8207453075,1.4114468207453075,7531.987634069241,6720.054812262965,1.1208223510803268
11056,BANCO DE LA NACION ARGENTINA,LINK,Reconquista 266,San Nicolas,Comuna 1,4,900-1200 m,900,1200,14470,1976025.5490442794,1.9760255490442793,7322.779812740039,6720.054812262965,1.0896904887408363
11038,BANCO DE LA PAMPA,LINK,Reconquista 319,San Nicolas,Comuna 1,1,0-300 m,0,300,2551,282289.36414897913,0.28228936414897915,9036.82647658557,9036.82647658557,1.0
11038,BANCO DE LA PAMPA,LINK,Reconquista 319,San Nicolas,Comuna 1,2,300-600 m,300,600,9261,846868.092447653,0.8468680924476529,10935.587351311675,9036.82647658557,1.2101136809084247
11038,BANCO DE LA PAMPA,LINK,Reconquista 319,San Nicolas,Comuna 1,3,600-900 m,600,900,11453,1411446.8207453075,1.4114468207453075,8114.368768036405,9036.82647658557,0.8979223833788051
11038,BANCO DE LA PAMPA,LINK,Reconquista 319,San Nicolas,Comuna 1,4,900-1200 m,900,1200,14407,1976025.5490442794,1.9760255490442793,7290.897633873237,9036.82647658557,0.8067984543870532
11065,BANCO DE SANTIAGO DEL ESTERO S.A.,LINK,"Reconquista 353, entre Sarmiento y Corrientes",San Nicolas,Comuna 1,1,0-300 m,0,300,3031,282289.36414897913,0.28228936414897915,10737.209349482893,10737.209349482893,1.0
11065,BANCO DE SANTIAGO DEL ESTERO S.A.,LINK,"Reconquista 353, entre Sarmiento y Corrientes",San Nicolas,Comuna 1,2,300-600 m,300,600,9099,846868.092447653,0.8468680924476529,10744.294278110889,10737.209349482893,1.0006598482340605
11065,BANCO DE SANTIAGO DEL ESTERO S.A.,LINK,"Reconquista 353, entre Sarmiento y Corrientes",San Nicolas,Comuna 1,3,600-900 m,600,900,11263,1411446.8207453075,1.4114468207453075,7979.755123932072,10737.209349482893,0.7431870669743791
11065,BANCO DE SANTIAGO DEL ESTERO S.A.,LINK,"Reconquista 353, entre Sarmiento y Corrientes",San Nicolas,Comuna 1,4,900-1200 m,900,1200,13670,1976025.5490442794,1.9760255490442793,6917.926747764777,10737.209349482893,0.6442946693684376
11034,CABAL COOP. LTDA.,LINK,Reconquista 480,San Nicolas,Comuna 1,1,0-300 m,0,300,3135,282289.36414897913,0.28228936414897915,11105.625638610647,11105.625638610647,1.0
11034,CABAL COOP. LTDA.,LINK,Reconquista 480,San Nicolas,Comuna 1,2,300-600 m,300,600,9585,846868.092447653,0.8468680924476529,11318.173497713251,11105.625638610647,1.0191387559800003
11034,CABAL COOP. LTDA.,LINK,Reconquista 480,San Nicolas,Comuna 1,3,600-900 m,600,900,10375,1411446.8207453075,1.4114468207453075,7350.613460960246,11105.625638610647,0.6618819776712583
11034,CABAL COOP. LTDA.,LINK,Reconquista 480,San Nicolas,Comuna 1,4,900-1200 m,900,1200,13465,1976025.5490442794,1.9760255490442793,6814.183149864867,11105.625638610647,0.6135794030526447
11035,CABAL COOP. LTDA.,LINK,"Reconquista 480, entre Lavalle y Corrientes piso P",San Nicolas,Comuna 1,1,0-300 m,0,300,3254,282289.36414897913,0.28228936414897915,11527.178892516442,11527.178892516442,1.0
11035,CABAL COOP. LTDA.,LINK,"Reconquista 480, entre Lavalle y Corrientes piso P",San Nicolas,Comuna 1,2,300-600 m,300,600,9108,846868.092447653,0.8468680924476529,10754.921671066488,11527.178892516442,0.9330055316525615
11035,CABAL COOP. LTDA.,LINK,"Reconquista 480, entre Lavalle y Corrientes piso P",San Nicolas,Comuna 1,3,600-900 m,600,900,10982,1411446.8207453075,1.4114468207453075,7780.668629230402,11527.178892516442,0.6749846342960539
11035,CABAL COOP. LTDA.,LINK,"Reconquista 480, entre Lavalle y Corrientes piso P",San Nicolas,Comuna 1,4,900-1200 m,900,1200,13068,1976025.5490442794,1.9760255490442793,6613.274816370894,11527.178892516442,0.5737114759851863
11181,BANCO DE LA NACION ARGENTINA,LINK,Riobamba 25,Balvanera,Comuna 3,1,0-300 m,0,300,3497,282289.36414897913,0.28228936414897915,12387.997721920712,12387.997721920712,1.0
11181,BANCO DE LA NACION ARGENTINA,LINK,Riobamba 25,Balvanera,Comuna 3,2,300-600 m,300,600,6983,846868.092447653,0.8468680924476529,8245.676112105542,12387.997721920712,0.665618148888962
11181,BANCO DE LA NACION ARGENTINA,LINK,Riobamba 25,Balvanera,Comuna 3,3,600-900 m,600,900,13632,1411446.8207453075,1.4114468207453075,9658.174718053982,12387.997721920712,0.7796396911636273
11181,BANCO DE LA NACION ARGENTINA,LINK,Riobamba 25,Balvanera,Comuna 3,4,900-1200 m,900,1200,16620,1976025.5490442794,1.9760255490442793,8410.822424861053,12387.997721920712,0.6789493034841297
11521,CABAL COOP. LTDA.,LINK,Rivera Indarte 112,Flores,Comuna 7,1,0-300 m,0,300,2653,282289.36414897913,0.28228936414897915,9398.15783707625,9398.15783707625,1.0
11521,CABAL COOP. LTDA.,LINK,Rivera Indarte 112,Flores,Comuna 7,2,300-600 m,300,600,5671,846868.092447653,0.8468680924476529,6696.438383467067,9398.15783707625,0.7125266993334851
11521,CABAL COOP. LTDA.,LINK,Rivera Indarte 112,Flores,Comuna 7,3,600-900 m,600,900,9226,1411446.8207453075,1.4114468207453075,6536.555160560889,9398.15783707625,0.695514511873148
11521,CABAL COOP. LTDA.,LINK,Rivera Indarte 112,Flores,Comuna 7,4,900-1200 m,900,1200,9855,1976025.5490442794,1.9760255490442793,4987.283694164,9398.15783707625,0.5306660922940548
11187,BANCO DE LA NACION ARGENTINA,LINK,Saavedra 87,Balvanera,Comuna 3,1,0-300 m,0,300,2596,282289.36414897913,0.28228936414897915,9196.237370919693,9196.237370919693,1.0
11187,BANCO DE LA NACION ARGENTINA,LINK,Saavedra 87,Balvanera,Comuna 3,2,300-600 m,300,600,11633,846868.092447653,0.8468680924476529,13736.495805831846,9196.237370919693,1.4937082691307362
11187,BANCO DE LA NACION ARGENTINA,LINK,Saavedra 87,Balvanera,Comuna 3,3,600-900 m,600,900,15417,1411446.8207453075,1.4114468207453075,10922.834479770998,9196.237370919693,1.1877503852076658
11187,BANCO DE LA NACION ARGENTINA,LINK,Saavedra 87,Balvanera,Comuna 3,4,900-1200 m,900,1200,17190,1976025.5490442794,1.9760255490442793,8699.280233655927,9196.237370919693,0.9459608188414925
11780,BANCO DE LA CIUDAD DE BUENOS AIRES,LINK,"Salguero 2727, entre Cerviño y J F Segui",Palermo,Comuna 14,1,0-300 m,0,300,1769,282289.36414897913,0.28228936414897915,6266.619379490346,6266.619379490346,1.0
11780,BANCO DE LA CIUDAD DE BUENOS AIRES,LINK,"Salguero 2727, entre Cerviño y J F Segui",Palermo,Comuna 14,2,300-600 m,300,600,3738,846868.092447653,0.8468680924476529,4413.9105408922405,6266.619379490346,0.7043527416613607
11780,BANCO DE LA CIUDAD DE BUENOS AIRES,LINK,"Salguero 2727, entre Cerviño y J F Segui",Palermo,Comuna 14,3,600-900 m,600,900,4116,1411446.8207453075,1.4114468207453075,2916.1566270180597,6266.619379490346,0.4653476540416958
11780,BANCO DE LA CIUDAD DE BUENOS AIRES,LINK,"Salguero 2727, entre Cerviño y J F Segui",Palermo,Comuna 14,4,900-1200 m,900,1200,8904,1976025.5490442794,1.9760255490442793,4506.014613174659,6266.619379490346,0.7190503109096001
11795,BANCO HIPOTECARIO S.A.,LINK,Salguero 3172,Palermo,Comuna 14,1,0-300 m,0,300,662,282289.36414897913,0.28228936414897915,2345.1113788708926,2345.1113788708926,1.0
11795,BANCO HIPOTECARIO S.A.,LINK,Salguero 3172,Palermo,Comuna 14,2,300-600 m,300,600,1131,846868.092447653,0.8468680924476529,1335.5090480869783,2345.1113788708926,0.5694864048333558
11795,BANCO HIPOTECARIO S.A.,LINK,Salguero 3172,Palermo,Comuna 14,3,600-900 m,600,900,2218,1411446.8207453075,1.4114468207453075,1571.4371717021518,2345.1113788708926,0.6700906344408921
11795,BANCO HIPOTECARIO S.A.,LINK,Salguero 3172,Palermo,Comuna 14,4,900-1200 m,900,1200,5573,1976025.5490442794,1.9760255490442793,2820.307663883914,2345.1113788708926,1.2026327147164393
11221,CABAL COOP. LTDA.,LINK,Sanabria 2963,Villa Devoto,Comuna 11,1,0-300 m,0,300,553,282289.36414897913,0.28228936414897915,1958.9827681504587,1958.9827681504587,1.0
11221,CABAL COOP. LTDA.,LINK,Sanabria 2963,Villa Devoto,Comuna 11,2,300-600 m,300,600,1876,846868.092447653,0.8468680924476529,2215.2210205226975,1958.9827681504587,1.1308016877627576
11221,CABAL COOP. LTDA.,LINK,Sanabria 2963,Villa Devoto,Comuna 11,3,600-900 m,600,900,2847,1411446.8207453075,1.4114468207453075,2017.079182973862,1958.9827681504587,1.0296564195295368
11221,CABAL COOP. LTDA.,LINK,Sanabria 2963,Villa Devoto,Comuna 11,4,900-1200 m,900,1200,3690,1976025.5490442794,1.9760255490442793,1867.3847621983928,1958.9827681504587,0.9532420563155097
11000,BANCO DE LA CIUDAD DE BUENOS AIRES,LINK,Sanchez De Bustamante 1399 esquina Paraguay,Recoleta,Comuna 2,1,0-300 m,0,300,2000,282289.36414897913,0.28228936414897915,7084.928637072183,7084.928637072183,1.0
11000,BANCO DE LA CIUDAD DE BUENOS AIRES,LINK,Sanchez De Bustamante 1399 esquina Paraguay,Recoleta,Comuna 2,2,300-600 m,300,600,5948,846868.092447653,0.8468680924476529,7023.525922211624,7084.928637072183,0.9913333333324958
11000,BANCO DE LA CIUDAD DE BUENOS AIRES,LINK,Sanchez De Bustamante 1399 esquina Paraguay,Recoleta,Comuna 2,3,600-900 m,600,900,11945,1411446.8207453075,1.4114468207453075,8462.947256980255,7084.928637072183,1.1944999999996517
11000,BANCO DE LA CIUDAD DE BUENOS AIRES,LINK,Sanchez De Bustamante 1399 esquina Paraguay,Recoleta,Comuna 2,4,900-1200 m,900,1200,18591,1976025.5490442794,1.9760255490442793,9408.279163693853,7084.928637072183,1.3279285714276134
11720,BANCO DE LA NACION ARGENTINA,LINK,San Martín 1145,Retiro,Comuna 1,1,0-300 m,0,300,2220,282289.36414897913,0.28228936414897915,7864.270787150123,7864.270787150123,1.0
11720,BANCO DE LA NACION ARGENTINA,LINK,San Martín 1145,Retiro,Comuna 1,2,300-600 m,300,600,6134,846868.092447653,0.8468680924476529,7243.158709960676,7864.270787150123,0.9210210210202429
11720,BANCO DE LA NACION ARGENTINA,LINK,San Martín 1145,Retiro,Comuna 1,3,600-900 m,600,900,7699,1411446.8207453075,1.4114468207453075,5454.686557680283,7864.270787150123,0.6936036036034013
11720,BANCO DE LA NACION ARGENTINA,LINK,San Martín 1145,Retiro,Comuna 1,4,900-1200 m,900,1200,9550,1976025.5490442794,1.9760255490442793,4832.933463142182,7864.270787150123,0.6145431145426712
11706,BANCO DE LA NACION ARGENTINA,LINK,San Martín 1155,Retiro,Comuna 1,1,0-300 m,0,300,2250,282289.36414897913,0.28228936414897915,7970.544716706206,7970.544716706206,1.0
11706,BANCO DE LA NACION ARGENTINA,LINK,San Martín 1155,Retiro,Comuna 1,2,300-600 m,300,600,6154,846868.092447653,0.8468680924476529,7266.775138750896,7970.544716706206,0.9117037037029334
11706,BANCO DE LA NACION ARGENTINA,LINK,San Martín 1155,Retiro,Comuna 1,3,600-900 m,600,900,8349,1411446.8207453075,1.4114468207453075,5915.20691908984,7970.544716706206,0.7421333333331168
11706,BANCO DE LA NACION ARGENTINA,LINK,San Martín 1155,Retiro,Comuna 1,4,900-1200 m,900,1200,10964,1976025.5490442794,1.9760255490442793,5548.511255485956,7970.544716706206,0.696126984126482
11057,BANCO DE LA PROVINCIA DE BUENOS AIRES,LINK,San Martin 137,San Nicolas,Comuna 1,1,0-300 m,0,300,2725,282289.36414897913,0.28228936414897915,9653.21526801085,9653.21526801085,1.0
11057,BANCO DE LA PROVINCIA DE BUENOS AIRES,LINK,San Martin 137,San Nicolas,Comuna 1,2,300-600 m,300,600,8809,846868.092447653,0.8468680924476529,10401.856060652688,9653.21526801085,1.0775535168186614
11057,BANCO DE LA PROVINCIA DE BUENOS AIRES,LINK,San Martin 137,San Nicolas,Comuna 1,3,600-900 m,600,900,11905,1411446.8207453075,1.4114468207453075,8434.607542431973,9653.21526801085,0.8737614678896533
11057,BANCO DE LA PROVINCIA DE BUENOS AIRES,LINK,San Martin 137,San Nicolas,Comuna 1,4,900-1200 m,900,1200,15900,1976025.5490442794,1.9760255490442793,8046.454666383318,9653.21526801085,0.8335517693309845
11016,BANCO DE LA PROVINCIA DE BUENOS AIRES,LINK,San Martín 137,San Nicolas,Comuna 1,1,0-300 m,0,300,2989,282289.36414897913,0.28228936414897915,10588.425848104378,10588.425848104378,1.0
11016,BANCO DE LA PROVINCIA DE BUENOS AIRES,LINK,San Martín 137,San Nicolas,Comuna 1,2,300-600 m,300,600,8079,846868.092447653,0.8468680924476529,9539.856409809634,10588.425848104378,0.9009702241544746
11016,BANCO DE LA PROVINCIA DE BUENOS AIRES,LINK,San Martín 137,San Nicolas,Comuna 1,3,600-900 m,600,900,14296,1411446.8207453075,1.4114468207453075,10128.613979555439,10588.425848104378,0.9565741050515778
11016,BANCO DE LA PROVINCIA DE BUENOS AIRES,LINK,San Martín 137,San Nicolas,Comuna 1,4,900-1200 m,900,1200,14877,1976025.5490442794,1.9760255490442793,7528.748809546203,10588.425848104378,0.711035702336628
11075,CABAL COOP. LTDA.,LINK,San Martin 215,San Nicolas,Comuna 1,1,0-300 m,0,300,3252,282289.36414897913,0.28228936414897915,11520.09396387937,11520.09396387937,1.0
11075,CABAL COOP. LTDA.,LINK,San Martin 215,San Nicolas,Comuna 1,2,300-600 m,300,600,10144,846868.092447653,0.8468680924476529,11978.252682399918,11520.09396387937,1.0397703977030985
11075,CABAL COOP. LTDA.,LINK,San Martin 215,San Nicolas,Comuna 1,3,600-900 m,600,900,14254,1411446.8207453075,1.4114468207453075,10098.857279279744,11520.09396387937,0.8766297662974073
11075,CABAL COOP. LTDA.,LINK,San Martin 215,San Nicolas,Comuna 1,4,900-1200 m,900,1200,12769,1976025.5490442794,1.9760255490442793,6461.960983336389,11520.09396387937,0.5609295378664026
11040,NUEVO BCO. INDUSTRIAL DE AZUL S.A.,LINK,San Martín 298,San Nicolas,Comuna 1,1,0-300 m,0,300,3327,282289.36414897913,0.28228936414897915,11785.778787769576,11785.778787769576,1.0
11040,NUEVO BCO. INDUSTRIAL DE AZUL S.A.,LINK,San Martín 298,San Nicolas,Comuna 1,2,300-600 m,300,600,10341,846868.092447653,0.8468680924476529,12210.874505983591,11785.778787769576,1.036068530206519
11040,NUEVO BCO. INDUSTRIAL DE AZUL S.A.,LINK,San Martín 298,San Nicolas,Comuna 1,3,600-900 m,600,900,14525,1411446.8207453075,1.4114468207453075,10290.858845344344,11785.778787769576,0.873159002103743
11040,NUEVO BCO. INDUSTRIAL DE AZUL S.A.,LINK,San Martín 298,San Nicolas,Comuna 1,4,900-1200 m,900,1200,12243,1976025.5490442794,1.9760255490442793,6195.770093115155,11785.778787769576,0.5256988277723891
11081,BANCO DE CORRIENTES S.A.,LINK,San Martín 333,San Nicolas,Comuna 1,1,0-300 m,0,300,4290,282289.36414897913,0.28228936414897915,15197.171926519832,15197.171926519832,1.0
11081,BANCO DE CORRIENTES S.A.,LINK,San Martín 333,San Nicolas,Comuna 1,2,300-600 m,300,600,9387,846868.092447653,0.8468680924476529,11084.370852690066,15197.171926519832,0.7293706293700133
11081,BANCO DE CORRIENTES S.A.,LINK,San Martín 333,San Nicolas,Comuna 1,3,600-900 m,600,900,14749,1411446.8207453075,1.4114468207453075,10449.561246814714,15197.171926519832,0.687599067598867
11081,BANCO DE CORRIENTES S.A.,LINK,San Martín 333,San Nicolas,Comuna 1,4,900-1200 m,900,1200,11764,1976025.5490442794,1.9760255490442793,5953.364320461217,15197.171926519832,0.3917415917413092
11063,BANCO PIANO S.A.,LINK,San Martin 347,San Nicolas,Comuna 1,1,0-300 m,0,300,4282,282289.36414897913,0.28228936414897915,15168.832211971543,15168.832211971543,1.0
11063,BANCO PIANO S.A.,LINK,San Martin 347,San Nicolas,Comuna 1,2,300-600 m,300,600,9434,846868.092447653,0.8468680924476529,11139.869460347085,15168.832211971543,0.7343920286464293
11063,BANCO PIANO S.A.,LINK,San Martin 347,San Nicolas,Comuna 1,3,600-900 m,600,900,14718,1411446.8207453075,1.4114468207453075,10427.597968039798,15168.832211971543,0.6874357776737836
11063,BANCO PIANO S.A.,LINK,San Martin 347,San Nicolas,Comuna 1,4,900-1200 m,900,1200,11828,1976025.5490442794,1.9760255490442793,5985.752565659239,15168.832211971543,0.39460866083910956
11707,BANCO DE LA NACION ARGENTINA,LINK,San Martín 913,Retiro,Comuna 1,1,0-300 m,0,300,2940,282289.36414897913,0.28228936414897915,10414.845096496108,10414.845096496108,1.0
11707,BANCO DE LA NACION ARGENTINA,LINK,San Martín 913,Retiro,Comuna 1,2,300-600 m,300,600,6354,846868.092447653,0.8468680924476529,7502.939426653103,10414.845096496108,0.7204081632646975
11707,BANCO DE LA NACION ARGENTINA,LINK,San Martín 913,Retiro,Comuna 1,3,600-900 m,600,900,12403,1411446.8207453075,1.4114468207453075,8787.436988558065,10414.845096496108,0.8437414965983934
11707,BANCO DE LA NACION ARGENTINA,LINK,San Martín 913,Retiro,Comuna 1,4,900-1200 m,900,1200,14471,1976025.5490442794,1.9760255490442793,7323.285879071258,10414.845096496108,0.7031584062191236
11094,BANCO DE LA CIUDAD DE BUENOS AIRES,LINK,Santiago De Compostela 3801 esquina Fernandez,Parque Avellaneda,Comuna 9,1,0-300 m,0,300,266,282289.36414897913,0.28228936414897915,942.2955087306003,942.2955087306003,1.0
11094,BANCO DE LA CIUDAD DE BUENOS AIRES,LINK,Santiago De Compostela 3801 esquina Fernandez,Parque Avellaneda,Comuna 9,2,300-600 m,300,600,524,846868.092447653,0.8468680924476529,618.7504343037813,942.2955087306003,0.6566416040094704
11094,BANCO DE LA CIUDAD DE BUENOS AIRES,LINK,Santiago De Compostela 3801 esquina Fernandez,Parque Avellaneda,Comuna 9,3,600-900 m,600,900,2964,1411446.8207453075,1.4114468207453075,2099.9728480275826,942.2955087306003,2.2285714285707785
11094,BANCO DE LA CIUDAD DE BUENOS AIRES,LINK,Santiago De Compostela 3801 esquina Fernandez,Parque Avellaneda,Comuna 9,4,900-1200 m,900,1200,4375,1976025.5490442794,1.9760255490442793,2214.0401990834603,942.2955087306003,2.349624060148681
11058,BANCO DE LA CIUDAD DE BUENOS AIRES,LINK,"Sarmiento 1531/51, entre Paraná y Montevideo",San Nicolas,Comuna 1,1,0-300 m,0,300,3612,282289.36414897913,0.28228936414897915,12795.381118552363,12795.381118552363,1.0
11058,BANCO DE LA CIUDAD DE BUENOS AIRES,LINK,"Sarmiento 1531/51, entre Paraná y Montevideo",San Nicolas,Comuna 1,2,300-600 m,300,600,10000,846868.092447653,0.8468680924476529,11808.214395110328,12795.381118552363,0.9228497600582827
11058,BANCO DE LA CIUDAD DE BUENOS AIRES,LINK,"Sarmiento 1531/51, entre Paraná y Montevideo",San Nicolas,Comuna 1,3,600-900 m,600,900,16933,1411446.8207453075,1.4114468207453075,11996.909661150828,12795.381118552363,0.9375968992245327
11058,BANCO DE LA CIUDAD DE BUENOS AIRES,LINK,"Sarmiento 1531/51, entre Paraná y Montevideo",San Nicolas,Comuna 1,4,900-1200 m,900,1200,16785,1976025.5490442794,1.9760255490442793,8494.323369512202,12795.381118552363,0.6638585666820082
11071,NUEVO BCO. INDUSTRIAL DE AZUL S.A.,LINK,Sarmiento 532,San Nicolas,Comuna 1,1,0-300 m,0,300,3770,282289.36414897913,0.28228936414897915,13355.090480881065,13355.090480881065,1.0
11071,NUEVO BCO. INDUSTRIAL DE AZUL S.A.,LINK,Sarmiento 532,San Nicolas,Comuna 1,2,300-600 m,300,600,10916,846868.092447653,0.8468680924476529,12889.846833702435,13355.090480881065,0.9651635720593084
11071,NUEVO BCO. INDUSTRIAL DE AZUL S.A.,LINK,Sarmiento 532,San Nicolas,Comuna 1,3,600-900 m,600,900,14699,1411446.8207453075,1.4114468207453075,10414.136603629364,13355.090480881065,0.7797877984082606
11071,NUEVO BCO. INDUSTRIAL DE AZUL S.A.,LINK,Sarmiento 532,San Nicolas,Comuna 1,4,900-1200 m,900,1200,11925,1976025.5490442794,1.9760255490442793,6034.840999787489,13355.090480881065,0.4518757104960742
11051,BANCO DE LA CIUDAD DE BUENOS AIRES,LINK,"Sarmiento 630, entre Florida y Maipú",San Nicolas,Comuna 1,1,0-300 m,0,300,4084,282289.36414897913,0.28228936414897915,14467.424276901398,14467.424276901398,1.0
11051,BANCO DE LA CIUDAD DE BUENOS AIRES,LINK,"Sarmiento 630, entre Florida y Maipú",San Nicolas,Comuna 1,2,300-600 m,300,600,11410,846868.092447653,0.8468680924476529,13473.172624820885,14467.424276901398,0.9312765262806366
11051,BANCO DE LA CIUDAD DE BUENOS AIRES,LINK,"Sarmiento 630, entre Florida y Maipú",San Nicolas,Comuna 1,3,600-900 m,600,900,15861,1411446.8207453075,1.4114468207453075,11237.40531125691,14467.424276901398,0.776738491674602
11051,BANCO DE LA CIUDAD DE BUENOS AIRES,LINK,"Sarmiento 630, entre Florida y Maipú",San Nicolas,Comuna 1,4,900-1200 m,900,1200,12688,1976025.5490442794,1.9760255490442793,6420.969610507645,14467.424276901398,0.44382258290159676
11074,BANCO FINANSUR S.A.,LINK,Sarmiento 700 esquina Maipu,San Nicolas,Comuna 1,1,0-300 m,0,300,4177,282289.36414897913,0.28228936414897915,14796.873458525255,14796.873458525255,1.0
11074,BANCO FINANSUR S.A.,LINK,Sarmiento 700 esquina Maipu,San Nicolas,Comuna 1,2,300-600 m,300,600,13780,846868.092447653,0.8468680924476529,16271.719436462034,14796.873458525255,1.0996728114267302
11074,BANCO FINANSUR S.A.,LINK,Sarmiento 700 esquina Maipu,San Nicolas,Comuna 1,3,600-900 m,600,900,14194,1411446.8207453075,1.4114468207453075,10056.347707457324,14796.873458525255,0.6796265262147886
11074,BANCO FINANSUR S.A.,LINK,Sarmiento 700 esquina Maipu,San Nicolas,Comuna 1,4,900-1200 m,900,1200,13708,1976025.5490442794,1.9760255490442793,6937.157268351102,14796.873458525255,0.46882588323780267
11011,BANCO PCIA. DE TIERRA DEL FUEGO,LINK,"Sarmiento 741, entre Esmeralda y Maipú",San Nicolas,Comuna 1,1,0-300 m,0,300,5130,282289.36414897913,0.28228936414897915,18172.84195409015,18172.84195409015,1.0
11011,BANCO PCIA. DE TIERRA DEL FUEGO,LINK,"Sarmiento 741, entre Esmeralda y Maipú",San Nicolas,Comuna 1,2,300-600 m,300,600,13445,846868.092447653,0.8468680924476529,15876.144254225837,18172.84195409015,0.873619233267618
11011,BANCO PCIA. DE TIERRA DEL FUEGO,LINK,"Sarmiento 741, entre Esmeralda y Maipú",San Nicolas,Comuna 1,3,600-900 m,600,900,14305,1411446.8207453075,1.4114468207453075,10134.9904153288,18172.84195409015,0.5576998050680634
11011,BANCO PCIA. DE TIERRA DEL FUEGO,LINK,"Sarmiento 741, entre Esmeralda y Maipú",San Nicolas,Comuna 1,4,900-1200 m,900,1200,14091,1976025.5490442794,1.9760255490442793,7130.980673208009,18172.84195409015,0.3923976608184304
11019,NUEVO BANCO DEL CHACO S.A.,LINK,Sarmiento 779 esquina Esmeralda,San Nicolas,Comuna 1,1,0-300 m,0,300,3911,282289.36414897913,0.28228936414897915,13854.577949794653,13854.577949794653,1.0
11019,NUEVO BANCO DEL CHACO S.A.,LINK,Sarmiento 779 esquina Esmeralda,San Nicolas,Comuna 1,2,300-600 m,300,600,14603,846868.092447653,0.8468680924476529,17243.535481179613,13854.577949794653,1.244609221851842
11019,NUEVO BANCO DEL CHACO S.A.,LINK,Sarmiento 779 esquina Esmeralda,San Nicolas,Comuna 1,3,600-900 m,600,900,14469,1411446.8207453075,1.4114468207453075,10251.183244976752,13854.577949794653,0.7399130657118783
11019,NUEVO BANCO DEL CHACO S.A.,LINK,Sarmiento 779 esquina Esmeralda,San Nicolas,Comuna 1,4,900-1200 m,900,1200,14865,1976025.5490442794,1.9760255490442793,7522.676013571574,13854.577949794653,0.5429740292942717
11728,BANCO DE LA CIUDAD DE BUENOS AIRES,LINK,Soldado De La Frontera 5290,Villa Lugano,Comuna 8,1,0-300 m,0,300,2052,282289.36414897913,0.28228936414897915,7269.13678163606,7269.13678163606,1.0
11728,BANCO DE LA CIUDAD DE BUENOS AIRES,LINK,Soldado De La Frontera 5290,Villa Lugano,Comuna 8,2,300-600 m,300,600,3276,846868.092447653,0.8468680924476529,3868.3710358381436,7269.13678163606,0.5321637426896089
11728,BANCO DE LA CIUDAD DE BUENOS AIRES,LINK,Soldado De La Frontera 5290,Villa Lugano,Comuna 8,3,600-900 m,600,900,2304,1411446.8207453075,1.4114468207453075,1632.3675579809549,7269.13678163606,0.22456140350870643
11728,BANCO DE LA CIUDAD DE BUENOS AIRES,LINK,Soldado De La Frontera 5290,Villa Lugano,Comuna 8,4,900-1200 m,900,1200,3508,1976025.5490442794,1.9760255490442793,1775.2806899165207,7269.13678163606,0.24422166527412068
11072,BANCO DE LA CIUDAD DE BUENOS AIRES,LINK,Talcahuano 459,San Nicolas,Comuna 1,1,0-300 m,0,300,4122,282289.36414897913,0.28228936414897915,14602.037921005769,14602.037921005769,1.0
11072,BANCO DE LA CIUDAD DE BUENOS AIRES,LINK,Talcahuano 459,San Nicolas,Comuna 1,2,300-600 m,300,600,11287,846868.092447653,0.8468680924476529,13327.931587761028,14602.037921005769,0.9127446223508381
11072,BANCO DE LA CIUDAD DE BUENOS AIRES,LINK,Talcahuano 459,San Nicolas,Comuna 1,3,600-900 m,600,900,15750,1411446.8207453075,1.4114468207453075,11158.762603385434,14602.037921005769,0.7641921397377684
11072,BANCO DE LA CIUDAD DE BUENOS AIRES,LINK,Talcahuano 459,San Nicolas,Comuna 1,4,900-1200 m,900,1200,20652,1976025.5490442794,1.9760255490442793,10451.28187233637,14602.037921005769,0.7157413183608895
11021,BANCO DE LA CIUDAD DE BUENOS AIRES,LINK,"Talcahuano S/N, entre Lavalle y Tucuman",S/D,,1,0-300 m,0,300,3643,282289.36414897913,0.28228936414897915,12905.197512426981,12905.197512426981,1.0
11021,BANCO DE LA CIUDAD DE BUENOS AIRES,LINK,"Talcahuano S/N, entre Lavalle y Tucuman",S/D,,2,300-600 m,300,600,11554,846868.092447653,0.8468680924476529,13643.210912110473,12905.197512426981,1.0571872998435574
11021,BANCO DE LA CIUDAD DE BUENOS AIRES,LINK,"Talcahuano S/N, entre Lavalle y Tucuman",S/D,,3,600-900 m,600,900,14602,1411446.8207453075,1.4114468207453075,10345.412795849783,12905.197512426981,0.8016469942352863
11021,BANCO DE LA CIUDAD DE BUENOS AIRES,LINK,"Talcahuano S/N, entre Lavalle y Tucuman",S/D,,4,900-1200 m,900,1200,21714,1976025.5490442794,1.9760255490442793,10988.72431609103,12905.197512426981,0.8514960197633167
11428,CABAL COOP. LTDA.,LINK,Timoteo Gordillo 57,Liniers,Comuna 9,1,0-300 m,0,300,1696,282289.36414897913,0.28228936414897915,6008.019484237211,6008.019484237211,1.0
11428,CABAL COOP. LTDA.,LINK,Timoteo Gordillo 57,Liniers,Comuna 9,2,300-600 m,300,600,4126,846868.092447653,0.8468680924476529,4872.069259422522,6008.019484237211,0.8109276729552898
11428,CABAL COOP. LTDA.,LINK,Timoteo Gordillo 57,Liniers,Comuna 9,3,600-900 m,600,900,5565,1411446.8207453075,1.4114468207453075,3942.76278652952,6008.019484237211,0.6562499999998086
11428,CABAL COOP. LTDA.,LINK,Timoteo Gordillo 57,Liniers,Comuna 9,4,900-1200 m,900,1200,2968,1976025.5490442794,1.9760255490442793,1502.0048710582194,6008.019484237211,0.24999999999981967
11230,BANCO DE LA CIUDAD DE BUENOS AIRES,LINK,Tronador 801,Villa Ortuzar,Comuna 15,1,0-300 m,0,300,674,282289.36414897913,0.28228936414897915,2387.6209506933255,2387.6209506933255,1.0
11230,BANCO DE LA CIUDAD DE BUENOS AIRES,LINK,Tronador 801,Villa Ortuzar,Comuna 15,2,300-600 m,300,600,1355,846868.092447653,0.8468680924476529,1600.0130505374495,2387.6209506933255,0.6701285855582865
11230,BANCO DE LA CIUDAD DE BUENOS AIRES,LINK,Tronador 801,Villa Ortuzar,Comuna 15,3,600-900 m,600,900,2498,1411446.8207453075,1.4114468207453075,1769.815173540115,2387.6209506933255,0.7412462908009707
11230,BANCO DE LA CIUDAD DE BUENOS AIRES,LINK,Tronador 801,Villa Ortuzar,Comuna 15,4,900-1200 m,900,1200,3697,1976025.5490442794,1.9760255490442793,1870.9272265169263,2387.6209506933255,0.7835947435348313
11182,BANCO DE LA CIUDAD DE BUENOS AIRES,LINK,Tte. Gral. Juan D. Peron 2941,Balvanera,Comuna 3,1,0-300 m,0,300,5117,282289.36414897913,0.28228936414897915,18126.78991794918,18126.78991794918,1.0
11182,BANCO DE LA CIUDAD DE BUENOS AIRES,LINK,Tte. Gral. Juan D. Peron 2941,Balvanera,Comuna 3,2,300-600 m,300,600,15317,846868.092447653,0.8468680924476529,18086.64198899049,18126.78991794918,0.9977851605750153
11182,BANCO DE LA CIUDAD DE BUENOS AIRES,LINK,Tte. Gral. Juan D. Peron 2941,Balvanera,Comuna 3,3,600-900 m,600,900,16206,1411446.8207453075,1.4114468207453075,11481.835349235831,18126.78991794918,0.633418018369954
11182,BANCO DE LA CIUDAD DE BUENOS AIRES,LINK,Tte. Gral. Juan D. Peron 2941,Balvanera,Comuna 3,4,900-1200 m,900,1200,16049,1976025.5490442794,1.9760255490442793,8121.85854973496,18126.78991794918,0.4480582930843526
11044,CABAL COOP. LTDA.,LINK,Tucuman 661,San Nicolas,Comuna 1,1,0-300 m,0,300,4246,282289.36414897913,0.28228936414897915,15041.303496504244,15041.303496504244,1.0
11044,CABAL COOP. LTDA.,LINK,Tucuman 661,San Nicolas,Comuna 1,2,300-600 m,300,600,10338,846868.092447653,0.8468680924476529,12207.332041665059,15041.303496504244,0.8115873763535301
11044,CABAL COOP. LTDA.,LINK,Tucuman 661,San Nicolas,Comuna 1,3,600-900 m,600,900,16258,1411446.8207453075,1.4114468207453075,11518.676978148595,15041.303496504244,0.7658031088080668
11044,CABAL COOP. LTDA.,LINK,Tucuman 661,San Nicolas,Comuna 1,4,900-1200 m,900,1200,13361,1976025.5490442794,1.9760255490442793,6761.552251418083,15041.303496504244,0.44953233295169787
11067,BANCO MERIDIAN S.A.,LINK,"Tucumán 821, entre Esmeralda y Suipacha piso PB",San Nicolas,Comuna 1,1,0-300 m,0,300,3145,282289.36414897913,0.28228936414897915,11141.050281796008,11141.050281796008,1.0
11067,BANCO MERIDIAN S.A.,LINK,"Tucumán 821, entre Esmeralda y Suipacha piso PB",San Nicolas,Comuna 1,2,300-600 m,300,600,15467,846868.092447653,0.8468680924476529,18263.765204917145,11141.050281796008,1.6393216746144073
11067,BANCO MERIDIAN S.A.,LINK,"Tucumán 821, entre Esmeralda y Suipacha piso PB",San Nicolas,Comuna 1,3,600-900 m,600,900,13158,1411446.8207453075,1.4114468207453075,9322.349100656858,11141.050281796008,0.8367567567565126
11067,BANCO MERIDIAN S.A.,LINK,"Tucumán 821, entre Esmeralda y Suipacha piso PB",San Nicolas,Comuna 1,4,900-1200 m,900,1200,17077,1976025.5490442794,1.9760255490442793,8642.094738228172,11141.050281796008,0.7756983874625338
11692,BANCO DE LA CIUDAD DE BUENOS AIRES,LINK,Uspallata 2272,Parque Patricios,Comuna 4,1,0-300 m,0,300,767,282289.36414897913,0.28228936414897915,2717.070132317182,2717.070132317182,1.0
11692,BANCO DE LA CIUDAD DE BUENOS AIRES,LINK,Uspallata 2272,Parque Patricios,Comuna 4,2,300-600 m,300,600,2827,846868.092447653,0.8468680924476529,3338.18220949769,2717.070132317182,1.2285962624935298
11692,BANCO DE LA CIUDAD DE BUENOS AIRES,LINK,Uspallata 2272,Parque Patricios,Comuna 4,3,600-900 m,600,900,3822,1411446.8207453075,1.4114468207453075,2707.8597250881985,2717.070132317182,0.9966101694912348
11692,BANCO DE LA CIUDAD DE BUENOS AIRES,LINK,Uspallata 2272,Parque Patricios,Comuna 4,4,900-1200 m,900,1200,4631,1976025.5490442794,1.9760255490442793,2343.5931798755437,2717.070132317182,0.8625442354249692
11694,BANCO DE LA CIUDAD DE BUENOS AIRES,LINK,Uspallata 3150,Parque Patricios,Comuna 4,1,0-300 m,0,300,545,282289.36414897913,0.28228936414897915,1930.6430536021699,1930.6430536021699,1.0
11694,BANCO DE LA CIUDAD DE BUENOS AIRES,LINK,Uspallata 3150,Parque Patricios,Comuna 4,2,300-600 m,300,600,3633,846868.092447653,0.8468680924476529,4289.924289743582,1930.6430536021699,2.222018348621976
11694,BANCO DE LA CIUDAD DE BUENOS AIRES,LINK,Uspallata 3150,Parque Patricios,Comuna 4,3,600-900 m,600,900,3937,1411446.8207453075,1.4114468207453075,2789.3364044145046,1930.6430536021699,1.4447706422014133
11694,BANCO DE LA CIUDAD DE BUENOS AIRES,LINK,Uspallata 3150,Parque Patricios,Comuna 4,4,900-1200 m,900,1200,6097,1976025.5490442794,1.9760255490442793,3085.4864214427103,1930.6430536021699,1.5981651376135262
11693,BANCO DE LA NACION ARGENTINA,LINK,Uspallata 3400,Parque Patricios,Comuna 4,1,0-300 m,0,300,646,282289.36414897913,0.28228936414897915,2288.431949774315,2288.431949774315,1.0
11693,BANCO DE LA NACION ARGENTINA,LINK,Uspallata 3400,Parque Patricios,Comuna 4,2,300-600 m,300,600,2512,846868.092447653,0.8468680924476529,2966.2234560517145,2288.431949774315,1.2961816305458607
11693,BANCO DE LA NACION ARGENTINA,LINK,Uspallata 3400,Parque Patricios,Comuna 4,3,600-900 m,600,900,5331,1411446.8207453075,1.4114468207453075,3776.975456422079,2288.431949774315,1.6504643962843484
11693,BANCO DE LA NACION ARGENTINA,LINK,Uspallata 3400,Parque Patricios,Comuna 4,4,900-1200 m,900,1200,5881,1976025.5490442794,1.9760255490442793,2976.17609389939,2288.431949774315,1.300530738610296
11516,BANCO DE LA PROVINCIA DE BUENOS AIRES,LINK,Varela 1122,Flores,Comuna 7,1,0-300 m,0,300,1039,282289.36414897913,0.28228936414897915,3680.620426958999,3680.620426958999,1.0
11516,BANCO DE LA PROVINCIA DE BUENOS AIRES,LINK,Varela 1122,Flores,Comuna 7,2,300-600 m,300,600,3351,846868.092447653,0.8468680924476529,3956.932643801471,3680.620426958999,1.075072184792162
11516,BANCO DE LA PROVINCIA DE BUENOS AIRES,LINK,Varela 1122,Flores,Comuna 7,3,600-900 m,600,900,3903,1411446.8207453075,1.4114468207453075,2765.247647048466,3680.620426958999,0.7512993262750455
11516,BANCO DE LA PROVINCIA DE BUENOS AIRES,LINK,Varela 1122,Flores,Comuna 7,4,900-1200 m,900,1200,6058,1976025.5490442794,1.9760255490442793,3065.749834525166,3680.620426958999,0.8329437646082264
11524,BANCO DE LA CIUDAD DE BUENOS AIRES,LINK,Varela 1307,Flores,Comuna 7,1,0-300 m,0,300,1495,282289.36414897913,0.28228936414897915,5295.984156211457,5295.984156211457,1.0
11524,BANCO DE LA CIUDAD DE BUENOS AIRES,LINK,Varela 1307,Flores,Comuna 7,2,300-600 m,300,600,2619,846868.092447653,0.8468680924476529,3092.571350079395,5295.984156211457,0.583946488293821
11524,BANCO DE LA CIUDAD DE BUENOS AIRES,LINK,Varela 1307,Flores,Comuna 7,3,600-900 m,600,900,4066,1411446.8207453075,1.4114468207453075,2880.7319838327094,5295.984156211457,0.5439464882941557
11524,BANCO DE LA CIUDAD DE BUENOS AIRES,LINK,Varela 1307,Flores,Comuna 7,4,900-1200 m,900,1200,5674,1976025.5490442794,1.9760255490442793,2871.4203633370407,5295.984156211457,0.5421882465356815
11531,BANCO HIPOTECARIO S.A.,LINK,Vedia 3626,Saavedra,Comuna 12,1,0-300 m,0,300,947,282289.36414897913,0.28228936414897915,3354.7137096536785,3354.7137096536785,1.0
11531,BANCO HIPOTECARIO S.A.,LINK,Vedia 3626,Saavedra,Comuna 12,2,300-600 m,300,600,874,846868.092447653,0.8468680924476529,1032.0379381326427,3354.7137096536785,0.30763815557876156
11531,BANCO HIPOTECARIO S.A.,LINK,Vedia 3626,Saavedra,Comuna 12,3,600-900 m,600,900,1634,1411446.8207453075,1.4114468207453075,1157.677339297257,3354.7137096536785,0.34508975712767126
11531,BANCO HIPOTECARIO S.A.,LINK,Vedia 3626,Saavedra,Comuna 12,4,900-1200 m,900,1200,2154,1976025.5490442794,1.9760255490442793,1090.0668774458911,3354.7137096536785,0.32493588776564286
11018,BANCO DE LA CIUDAD DE BUENOS AIRES,LINK,Viamonte 1155 esquina Libertad,San Nicolas,Comuna 1,1,0-300 m,0,300,2501,282289.36414897913,0.28228936414897915,8859.703260658765,8859.703260658765,1.0
11018,BANCO DE LA CIUDAD DE BUENOS AIRES,LINK,Viamonte 1155 esquina Libertad,San Nicolas,Comuna 1,2,300-600 m,300,600,11617,846868.092447653,0.8468680924476529,13717.602662799669,8859.703260658765,1.548314007728933
11018,BANCO DE LA CIUDAD DE BUENOS AIRES,LINK,Viamonte 1155 esquina Libertad,San Nicolas,Comuna 1,3,600-900 m,600,900,15311,1411446.8207453075,1.4114468207453075,10847.734236218055,8859.703260658765,1.2243902439020817
11018,BANCO DE LA CIUDAD DE BUENOS AIRES,LINK,Viamonte 1155 esquina Libertad,San Nicolas,Comuna 1,4,900-1200 m,900,1200,19664,1976025.5490442794,1.9760255490442793,9951.288337091923,8859.703260658765,1.1232078597124473
11036,BANCO DE LA CIUDAD DE BUENOS AIRES,LINK,"Viamonte 900, entre Suipacha y Esmeralda",San Nicolas,Comuna 1,1,0-300 m,0,300,2470,282289.36414897913,0.28228936414897915,8749.886866784145,8749.886866784145,1.0
11036,BANCO DE LA CIUDAD DE BUENOS AIRES,LINK,"Viamonte 900, entre Suipacha y Esmeralda",San Nicolas,Comuna 1,2,300-600 m,300,600,13850,846868.092447653,0.8468680924476529,16354.376937227806,8749.886866784145,1.8690958164626585
11036,BANCO DE LA CIUDAD DE BUENOS AIRES,LINK,"Viamonte 900, entre Suipacha y Esmeralda",San Nicolas,Comuna 1,3,600-900 m,600,900,14834,1411446.8207453075,1.4114468207453075,10509.78314022981,8749.886866784145,1.201133603238516
11036,BANCO DE LA CIUDAD DE BUENOS AIRES,LINK,"Viamonte 900, entre Suipacha y Esmeralda",San Nicolas,Comuna 1,4,900-1200 m,900,1200,16590,1976025.5490442794,1.9760255490442793,8395.640434924482,8749.886866784145,0.9595141700397939
11013,CABAL COOP. LTDA.,LINK,Viamonte 930,San Nicolas,Comuna 1,1,0-300 m,0,300,2758,282289.36414897913,0.28228936414897915,9770.11659052254,9770.11659052254,1.0
11013,CABAL COOP. LTDA.,LINK,Viamonte 930,San Nicolas,Comuna 1,2,300-600 m,300,600,12727,846868.092447653,0.8468680924476529,15028.314460656915,9770.11659052254,1.5381919265155
11013,CABAL COOP. LTDA.,LINK,Viamonte 930,San Nicolas,Comuna 1,3,600-900 m,600,900,16242,1411446.8207453075,1.4114468207453075,11507.341092329283,9770.11659052254,1.177810007251288
11013,CABAL COOP. LTDA.,LINK,Viamonte 930,San Nicolas,Comuna 1,4,900-1200 m,900,1200,16188,1976025.5490442794,1.9760255490442793,8192.201769774412,9770.11659052254,0.838495804412531
11211,BANCO DE LA NACION ARGENTINA,LINK,Warnes 1354,Villa Crespo,Comuna 15,1,0-300 m,0,300,541,282289.36414897913,0.28228936414897915,1916.4731963280256,1916.4731963280256,1.0
11211,BANCO DE LA NACION ARGENTINA,LINK,Warnes 1354,Villa Crespo,Comuna 15,2,300-600 m,300,600,2028,846868.092447653,0.8468680924476529,2394.7058793283745,1916.4731963280256,1.2495378927900718
11211,BANCO DE LA NACION ARGENTINA,LINK,Warnes 1354,Villa Crespo,Comuna 15,3,600-900 m,600,900,2743,1411446.8207453075,1.4114468207453075,1943.395925148333,1916.4731963280256,1.014048059149427
11211,BANCO DE LA NACION ARGENTINA,LINK,Warnes 1354,Villa Crespo,Comuna 15,4,900-1200 m,900,1200,6553,1976025.5490442794,1.9760255490442793,3316.252668478609,1916.4731963280256,1.7303934512794488
41100,HSBC Bank Argentina,BANELCO,,S/D,,1,0-300 m,0,300,90,282289.36414897913,0.28228936414897915,318.82178866824825,318.82178866824825,1.0
41100,HSBC Bank Argentina,BANELCO,,S/D,,2,300-600 m,300,600,113,846868.092447653,0.8468680924476529,133.4328226647467,318.82178866824825,0.4185185185181649
41100,HSBC Bank Argentina,BANELCO,,S/D,,3,600-900 m,600,900,81,1411446.8207453075,1.4114468207453075,57.38792196026794,318.82178866824825,0.17999999999994748
41100,HSBC Bank Argentina,BANELCO,,S/D,,4,900-1200 m,900,1200,351,1976025.5490442794,1.9760255490442793,177.6292822578959,318.82178866824825,0.5571428571424553
40720,BBVA Banco Francés,BANELCO,,S/D,,1,0-300 m,0,300,65,282289.36414897913,0.28228936414897915,230.26018070484594,230.26018070484594,1.0
40720,BBVA Banco Francés,BANELCO,,S/D,,2,300-600 m,300,600,61,846868.092447653,0.8468680924476529,72.030107810173,230.26018070484594,0.31282051282024853
40720,BBVA Banco Francés,BANELCO,,S/D,,3,600-900 m,600,900,260,1411446.8207453075,1.4114468207453075,184.20814456382303,230.26018070484594,0.7999999999997667
40720,BBVA Banco Francés,BANELCO,,S/D,,4,900-1200 m,900,1200,722,1976025.5490442794,1.9760255490442793,365.37989114017336,230.26018070484594,1.5868131868120425
40860,Banco Galicia,BANELCO,100 - Colectora General Paz Y D11 - Colectora General José María Paz,Liniers,Comuna 9,1,0-300 m,0,300,452,282289.36414897913,0.28228936414897915,1601.1938719783134,1601.1938719783134,1.0
40860,Banco Galicia,BANELCO,100 - Colectora General Paz Y D11 - Colectora General José María Paz,Liniers,Comuna 9,2,300-600 m,300,600,2341,846868.092447653,0.8468680924476529,2764.3029898953278,1601.1938719783134,1.7264011799395442
40860,Banco Galicia,BANELCO,100 - Colectora General Paz Y D11 - Colectora General José María Paz,Liniers,Comuna 9,3,600-900 m,600,900,4191,1411446.8207453075,1.4114468207453075,2969.293591796086,1601.1938719783134,1.854424778760521
40860,Banco Galicia,BANELCO,100 - Colectora General Paz Y D11 - Colectora General José María Paz,Liniers,Comuna 9,4,900-1200 m,900,1200,3462,1976025.5490442794,1.9760255490442793,1752.0016386804432,1601.1938719783134,1.094184576484672
40430,Banco Supervielle,BANELCO,12 DE OCTUBRE Y SAN MARTIN AV.,Paternal,Comuna 15,1,0-300 m,0,300,871,282289.36414897913,0.28228936414897915,3085.486421444936,3085.486421444936,1.0
40430,Banco Supervielle,BANELCO,12 DE OCTUBRE Y SAN MARTIN AV.,Paternal,Comuna 15,2,300-600 m,300,600,2272,846868.092447653,0.8468680924476529,2682.8263105690667,3085.486421444936,0.869498660542702
40430,Banco Supervielle,BANELCO,12 DE OCTUBRE Y SAN MARTIN AV.,Paternal,Comuna 15,3,600-900 m,600,900,3247,1411446.8207453075,1.4114468207453075,2300.4763284566666,3085.486421444936,0.7455797933407698
40430,Banco Supervielle,BANELCO,12 DE OCTUBRE Y SAN MARTIN AV.,Paternal,Comuna 15,4,900-1200 m,900,1200,4135,1976025.5490442794,1.9760255490442793,2092.584279590882,3085.486421444936,0.6782023946198159
40776,Banco Galicia,BANELCO,24 DE NOVIEMBRE 791,Balvanera,Comuna 3,1,0-300 m,0,300,1230,282289.36414897913,0.28228936414897915,4357.231111799392,4357.231111799392,1.0
40776,Banco Galicia,BANELCO,24 DE NOVIEMBRE 791,Balvanera,Comuna 3,2,300-600 m,300,600,4616,846868.092447653,0.8468680924476529,5450.671764782927,4357.231111799392,1.250948509484038
40776,Banco Galicia,BANELCO,24 DE NOVIEMBRE 791,Balvanera,Comuna 3,3,600-900 m,600,900,8732,1411446.8207453075,1.4114468207453075,6186.559685889625,4357.231111799392,1.4198373983735695
40776,Banco Galicia,BANELCO,24 DE NOVIEMBRE 791,Balvanera,Comuna 3,4,900-1200 m,900,1200,11470,1976025.5490442794,1.9760255490442793,5804.580819082809,4357.231111799392,1.3321718931465423
40117,Banco Santander Río,BANELCO,25 DE MAYO 140,San Nicolas,Comuna 1,1,0-300 m,0,300,1230,282289.36414897913,0.28228936414897915,4357.231111799392,4357.231111799392,1.0
40117,Banco Santander Río,BANELCO,25 DE MAYO 140,San Nicolas,Comuna 1,2,300-600 m,300,600,8374,846868.092447653,0.8468680924476529,9888.19873446539,4357.231111799392,2.269376693765021
40117,Banco Santander Río,BANELCO,25 DE MAYO 140,San Nicolas,Comuna 1,3,600-900 m,600,900,9007,1411446.8207453075,1.4114468207453075,6381.395223409054,4357.231111799392,1.4645528455280281
40117,Banco Santander Río,BANELCO,25 DE MAYO 140,San Nicolas,Comuna 1,4,900-1200 m,900,1200,15047,1976025.5490442794,1.9760255490442793,7614.7800858534465,4357.231111799392,1.7476190476177873
41184,HSBC Bank Argentina,BANELCO,25 DE MAYO 299,San Nicolas,Comuna 1,1,0-300 m,0,300,2053,282289.36414897913,0.28228936414897915,7272.679245954596,7272.679245954596,1.0
41184,HSBC Bank Argentina,BANELCO,25 DE MAYO 299,San Nicolas,Comuna 1,2,300-600 m,300,600,7129,846868.092447653,0.8468680924476529,8418.076042274153,7272.679245954596,1.1574930995281665
41184,HSBC Bank Argentina,BANELCO,25 DE MAYO 299,San Nicolas,Comuna 1,3,600-900 m,600,900,10114,1411446.8207453075,1.4114468207453075,7165.696823532716,7272.679245954596,0.9852898197756502
41184,HSBC Bank Argentina,BANELCO,25 DE MAYO 299,San Nicolas,Comuna 1,4,900-1200 m,900,1200,12979,1976025.5490442794,1.9760255490442793,6568.234912892395,7272.679245954596,0.9031382645599219
40692,BBVA Banco Francés,BANELCO,ARIAS Y GRECIA,Nuñez,Comuna 13,1,0-300 m,0,300,581,282289.36414897913,0.28228936414897915,2058.171769069469,2058.171769069469,1.0
40692,BBVA Banco Francés,BANELCO,ARIAS Y GRECIA,Nuñez,Comuna 13,2,300-600 m,300,600,2023,846868.092447653,0.8468680924476529,2388.8017721308197,2058.171769069469,1.1606425702801442
40692,BBVA Banco Francés,BANELCO,ARIAS Y GRECIA,Nuñez,Comuna 13,3,600-900 m,600,900,3133,1411446.8207453075,1.4114468207453075,2219.7081419940673,2058.171769069469,1.0784853700513206
40692,BBVA Banco Francés,BANELCO,ARIAS Y GRECIA,Nuñez,Comuna 13,4,900-1200 m,900,1200,2691,1976025.5490442794,1.9760255490442793,1361.8244973105352,2058.171769069469,0.6616670764686646
40686,BBVA Banco Francés,BANELCO,9 DE JULIO AV. Y POSADAS,Retiro,Comuna 1,1,0-300 m,0,300,853,282289.36414897913,0.28228936414897915,3021.722063711286,3021.722063711286,1.0
40686,BBVA Banco Francés,BANELCO,9 DE JULIO AV. Y POSADAS,Retiro,Comuna 1,2,300-600 m,300,600,2459,846868.092447653,0.8468680924476529,2903.6399197576297,3021.722063711286,0.960922235247332
40686,BBVA Banco Francés,BANELCO,9 DE JULIO AV. Y POSADAS,Retiro,Comuna 1,3,600-900 m,600,900,7230,1411446.8207453075,1.4114468207453075,5122.403404601694,3021.722063711286,1.6951934349350273
40686,BBVA Banco Francés,BANELCO,9 DE JULIO AV. Y POSADAS,Retiro,Comuna 1,4,900-1200 m,900,1200,15062,1976025.5490442794,1.9760255490442793,7622.371080821732,3021.722063711286,2.522525540108715
41169,HSBC Bank Argentina,BANELCO,"ACOSTA, MARIANO Y CASTAÑARES AV.",Villa Soldati,Comuna 8,1,0-300 m,0,300,632,282289.36414897913,0.28228936414897915,2238.83744931481,2238.83744931481,1.0
41169,HSBC Bank Argentina,BANELCO,"ACOSTA, MARIANO Y CASTAÑARES AV.",Villa Soldati,Comuna 8,2,300-600 m,300,600,1370,846868.092447653,0.8468680924476529,1617.7253721301151,2238.83744931481,0.7225738396618369
41169,HSBC Bank Argentina,BANELCO,"ACOSTA, MARIANO Y CASTAÑARES AV.",Villa Soldati,Comuna 8,3,600-900 m,600,900,2721,1411446.8207453075,1.4114468207453075,1927.8090821467786,2238.83744931481,0.8610759493668374
41169,HSBC Bank Argentina,BANELCO,"ACOSTA, MARIANO Y CASTAÑARES AV.",Villa Soldati,Comuna 8,4,900-1200 m,900,1200,2756,1976025.5490442794,1.9760255490442793,1394.7188088397752,2238.83744931481,0.6229656419525343
40618,BBVA Banco Francés,BANELCO,"ACOYTE Y DAVEL, DESIDERIO FERNANDO, DR.",Caballito,Comuna 6,1,0-300 m,0,300,1800,282289.36414897913,0.28228936414897915,6376.435773364965,6376.435773364965,1.0
40618,BBVA Banco Francés,BANELCO,"ACOYTE Y DAVEL, DESIDERIO FERNANDO, DR.",Caballito,Comuna 6,2,300-600 m,300,600,3810,846868.092447653,0.8468680924476529,4498.929684537035,6376.435773364965,0.7055555555549594
40618,BBVA Banco Francés,BANELCO,"ACOYTE Y DAVEL, DESIDERIO FERNANDO, DR.",Caballito,Comuna 6,3,600-900 m,600,900,6219,1411446.8207453075,1.4114468207453075,4406.117119393905,6376.435773364965,0.6909999999997984
40618,BBVA Banco Francés,BANELCO,"ACOYTE Y DAVEL, DESIDERIO FERNANDO, DR.",Caballito,Comuna 6,4,900-1200 m,900,1200,9968,1976025.5490442794,1.9760255490442793,5044.469189591756,6376.435773364965,0.7911111111105404
40549,BBVA Banco Francés,BANELCO,"ACUÑA DE FIGUEROA, FRANCISCO Y CORDOBA AV.",Palermo,Comuna 14,1,0-300 m,0,300,2960,282289.36414897913,0.28228936414897915,10485.69438286683,10485.69438286683,1.0
40549,BBVA Banco Francés,BANELCO,"ACUÑA DE FIGUEROA, FRANCISCO Y CORDOBA AV.",Palermo,Comuna 14,2,300-600 m,300,600,5410,846868.092447653,0.8468680924476529,6388.243987754688,10485.69438286683,0.6092342342337196
40549,BBVA Banco Francés,BANELCO,"ACUÑA DE FIGUEROA, FRANCISCO Y CORDOBA AV.",Palermo,Comuna 14,3,600-900 m,600,900,9214,1411446.8207453075,1.4114468207453075,6528.053246196405,10485.69438286683,0.622567567567386
40549,BBVA Banco Francés,BANELCO,"ACUÑA DE FIGUEROA, FRANCISCO Y CORDOBA AV.",Palermo,Comuna 14,4,900-1200 m,900,1200,14594,1976025.5490442794,1.9760255490442793,7385.532037811205,10485.69438286683,0.7043436293431214
40590,BBVA Banco Francés,BANELCO,"AGOTE, LUIS DR. Y GELLY Y OBES, GRAL. AV.",Recoleta,Comuna 2,1,0-300 m,0,300,1920,282289.36414897913,0.28228936414897915,6801.531491589296,6801.531491589296,1.0
40590,BBVA Banco Francés,BANELCO,"AGOTE, LUIS DR. Y GELLY Y OBES, GRAL. AV.",Recoleta,Comuna 2,2,300-600 m,300,600,4444,846868.092447653,0.8468680924476529,5247.5704771870305,6801.531491589296,0.771527777777126
40590,BBVA Banco Francés,BANELCO,"AGOTE, LUIS DR. Y GELLY Y OBES, GRAL. AV.",Recoleta,Comuna 2,3,600-900 m,600,900,6584,1411446.8207453075,1.4114468207453075,4664.717014646964,6801.531491589296,0.6858333333331332
40590,BBVA Banco Francés,BANELCO,"AGOTE, LUIS DR. Y GELLY Y OBES, GRAL. AV.",Recoleta,Comuna 2,4,900-1200 m,900,1200,11527,1976025.5490442794,1.9760255490442793,5833.426599962297,6801.531491589296,0.8576636904755719
41056,CitiBank,BANELCO,"AGOTE, LUIS DR. Y GELLY Y OBES, GRAL. AV.",Recoleta,Comuna 2,1,0-300 m,0,300,1918,282289.36414897913,0.28228936414897915,6794.446562952224,6794.446562952224,1.0
41056,CitiBank,BANELCO,"AGOTE, LUIS DR. Y GELLY Y OBES, GRAL. AV.",Recoleta,Comuna 2,2,300-600 m,300,600,4390,846868.092447653,0.8468680924476529,5183.806119453434,6794.446562952224,0.7629475147716877
41056,CitiBank,BANELCO,"AGOTE, LUIS DR. Y GELLY Y OBES, GRAL. AV.",Recoleta,Comuna 2,3,600-900 m,600,900,6338,1411446.8207453075,1.4114468207453075,4490.42777017504,6794.446562952224,0.6608967674659177
41056,CitiBank,BANELCO,"AGOTE, LUIS DR. Y GELLY Y OBES, GRAL. AV.",Recoleta,Comuna 2,4,900-1200 m,900,1200,10799,1976025.5490442794,1.9760255490442793,5465.0103108348085,6794.446562952224,0.8043348726346052
41158,HSBC Bank Argentina,BANELCO,AGUERO 628,Balvanera,Comuna 3,1,0-300 m,0,300,5940,282289.36414897913,0.28228936414897915,21042.238052104385,21042.238052104385,1.0
41158,HSBC Bank Argentina,BANELCO,AGUERO 628,Balvanera,Comuna 3,2,300-600 m,300,600,8135,846868.092447653,0.8468680924476529,9605.982410422252,21042.238052104385,0.45650953984248743
41158,HSBC Bank Argentina,BANELCO,AGUERO 628,Balvanera,Comuna 3,3,600-900 m,600,900,15823,1411446.8207453075,1.4114468207453075,11210.482582436045,21042.238052104385,0.5327609427607873
41158,HSBC Bank Argentina,BANELCO,AGUERO 628,Balvanera,Comuna 3,4,900-1200 m,900,1200,22618,1976025.5490442794,1.9760255490442793,11446.208279513075,21042.238052104385,0.5439634439630516
40594,BBVA Banco Francés,BANELCO,AGUIRRE Y FITZ ROY,Chacarita,Comuna 15,1,0-300 m,0,300,758,282289.36414897913,0.28228936414897915,2685.1879534503573,2685.1879534503573,1.0
40594,BBVA Banco Francés,BANELCO,AGUIRRE Y FITZ ROY,Chacarita,Comuna 15,2,300-600 m,300,600,4430,846868.092447653,0.8468680924476529,5231.038977033875,2685.1879534503573,1.948109058925355
40594,BBVA Banco Francés,BANELCO,AGUIRRE Y FITZ ROY,Chacarita,Comuna 15,3,600-900 m,600,900,7882,1411446.8207453075,1.4114468207453075,5584.340751738666,2685.1879534503573,2.0796833773081005
40594,BBVA Banco Francés,BANELCO,AGUIRRE Y FITZ ROY,Chacarita,Comuna 15,4,900-1200 m,900,1200,9109,1976025.5490442794,1.9760255490442793,4609.758211074569,2685.1879534503573,1.7167357708242423
40246,Banco Santander Río,BANELCO,"ALBERDI, JUAN BAUTISTA AV. Y LACARRA",Parque Avellaneda,Comuna 9,1,0-300 m,0,300,969,282289.36414897913,0.28228936414897915,3432.6479246614726,3432.6479246614726,1.0
40246,Banco Santander Río,BANELCO,"ALBERDI, JUAN BAUTISTA AV. Y LACARRA",Parque Avellaneda,Comuna 9,2,300-600 m,300,600,2994,846868.092447653,0.8468680924476529,3535.3793898960325,3432.6479246614726,1.0299277605770454
40246,Banco Santander Río,BANELCO,"ALBERDI, JUAN BAUTISTA AV. Y LACARRA",Parque Avellaneda,Comuna 9,3,600-900 m,600,900,4546,1411446.8207453075,1.4114468207453075,3220.808558412075,3432.6479246614726,0.9382868937045767
40246,Banco Santander Río,BANELCO,"ALBERDI, JUAN BAUTISTA AV. Y LACARRA",Parque Avellaneda,Comuna 9,4,900-1200 m,900,1200,5986,1976025.5490442794,1.9760255490442793,3029.3130586773927,3432.6479246614726,0.8825003685678435
39913,Banco Macro,BANELCO,"ALBERDI, JUAN BAUTISTA AV. Y PIERES",Mataderos,Comuna 9,1,0-300 m,0,300,913,282289.36414897913,0.28228936414897915,3234.2699228234515,3234.2699228234515,1.0
39913,Banco Macro,BANELCO,"ALBERDI, JUAN BAUTISTA AV. Y PIERES",Mataderos,Comuna 9,2,300-600 m,300,600,2160,846868.092447653,0.8468680924476529,2550.574309343831,3234.2699228234515,0.7886089813793995
39913,Banco Macro,BANELCO,"ALBERDI, JUAN BAUTISTA AV. Y PIERES",Mataderos,Comuna 9,3,600-900 m,600,900,3486,1411446.8207453075,1.4114468207453075,2469.8061228826427,3234.2699228234515,0.763636363636141
39913,Banco Macro,BANELCO,"ALBERDI, JUAN BAUTISTA AV. Y PIERES",Mataderos,Comuna 9,4,900-1200 m,900,1200,4291,1976025.5490442794,1.9760255490442793,2171.530627261058,3234.2699228234515,0.6714129244244884
40349,Banco Santander Río,BANELCO,"ALBERDI, JUAN BAUTISTA AV. Y PILAR",Mataderos,Comuna 9,1,0-300 m,0,300,1292,282289.36414897913,0.28228936414897915,4576.86389954863,4576.86389954863,1.0
40349,Banco Santander Río,BANELCO,"ALBERDI, JUAN BAUTISTA AV. Y PILAR",Mataderos,Comuna 9,2,300-600 m,300,600,2091,846868.092447653,0.8468680924476529,2469.09763001757,4576.86389954863,0.5394736842100706
40349,Banco Santander Río,BANELCO,"ALBERDI, JUAN BAUTISTA AV. Y PILAR",Mataderos,Comuna 9,3,600-900 m,600,900,3122,1411446.8207453075,1.4114468207453075,2211.91472049329,4576.86389954863,0.48328173374598904
40349,Banco Santander Río,BANELCO,"ALBERDI, JUAN BAUTISTA AV. Y PILAR",Mataderos,Comuna 9,4,900-1200 m,900,1200,4141,1976025.5490442794,1.9760255490442793,2095.620677578196,4576.86389954863,0.4578726227329736
40096,Banco Santander Río,BANELCO,"ALBERDI, JUAN BAUTISTA AV. Y PILAR",Mataderos,Comuna 9,1,0-300 m,0,300,1193,282289.36414897913,0.28228936414897915,4226.159932013557,4226.159932013557,1.0
40096,Banco Santander Río,BANELCO,"ALBERDI, JUAN BAUTISTA AV. Y PILAR",Mataderos,Comuna 9,2,300-600 m,300,600,2148,846868.092447653,0.8468680924476529,2536.4044520696984,4226.159932013557,0.6001676445929547
40096,Banco Santander Río,BANELCO,"ALBERDI, JUAN BAUTISTA AV. Y PILAR",Mataderos,Comuna 9,3,600-900 m,600,900,3150,1411446.8207453075,1.4114468207453075,2231.7525206770865,4226.159932013557,0.5280804694047075
40096,Banco Santander Río,BANELCO,"ALBERDI, JUAN BAUTISTA AV. Y PILAR",Mataderos,Comuna 9,4,900-1200 m,900,1200,4185,1976025.5490442794,1.9760255490442793,2117.8875961518356,4226.159932013557,0.5011375883124154
41195,HSBC Bank Argentina,BANELCO,"ALBERDI, JUAN BAUTISTA AV. Y SUAREZ, JOSE LEON",Mataderos,Comuna 9,1,0-300 m,0,300,990,282289.36414897913,0.28228936414897915,3507.0396753507307,3507.0396753507307,1.0
41195,HSBC Bank Argentina,BANELCO,"ALBERDI, JUAN BAUTISTA AV. Y SUAREZ, JOSE LEON",Mataderos,Comuna 9,2,300-600 m,300,600,1462,846868.092447653,0.8468680924476529,1726.36094456513,3507.0396753507307,0.49225589225547633
41195,HSBC Bank Argentina,BANELCO,"ALBERDI, JUAN BAUTISTA AV. Y SUAREZ, JOSE LEON",Mataderos,Comuna 9,3,600-900 m,600,900,1774,1411446.8207453075,1.4114468207453075,1256.8663402162385,3507.0396753507307,0.3583838383837338
41195,HSBC Bank Argentina,BANELCO,"ALBERDI, JUAN BAUTISTA AV. Y SUAREZ, JOSE LEON",Mataderos,Comuna 9,4,900-1200 m,900,1200,3076,1976025.5490442794,1.9760255490442793,1556.6600348298798,3507.0396753507307,0.4438672438669237
39966,Banco Macro,BANELCO,"ALBERTI Y YRIGOYEN, HIPOLITO",Balvanera,Comuna 3,1,0-300 m,0,300,2605,282289.36414897913,0.28228936414897915,9228.11954978652,9228.11954978652,1.0
39966,Banco Macro,BANELCO,"ALBERTI Y YRIGOYEN, HIPOLITO",Balvanera,Comuna 3,2,300-600 m,300,600,10431,846868.092447653,0.8468680924476529,12317.148435539584,9228.11954978652,1.3347408829163387
39966,Banco Macro,BANELCO,"ALBERTI Y YRIGOYEN, HIPOLITO",Balvanera,Comuna 3,3,600-900 m,600,900,16812,1411446.8207453075,1.4114468207453075,11911.18202464228,9228.11954978652,1.290748560460276
39966,Banco Macro,BANELCO,"ALBERTI Y YRIGOYEN, HIPOLITO",Balvanera,Comuna 3,4,900-1200 m,900,1200,18312,1976025.5490442794,1.9760255490442793,9267.086657283731,9228.11954978652,1.0042226487516748
39766,Banco Comafi,BANELCO,"ALCORTA, AMANCIO AV. Y ANCASTE",Nueva Pompeya,Comuna 4,1,0-300 m,0,300,934,282289.36414897913,0.28228936414897915,3308.6616735127095,3308.6616735127095,1.0
39766,Banco Comafi,BANELCO,"ALCORTA, AMANCIO AV. Y ANCASTE",Nueva Pompeya,Comuna 4,2,300-600 m,300,600,2908,846868.092447653,0.8468680924476529,3433.8287460980837,3308.6616735127095,1.037830121341022
39766,Banco Comafi,BANELCO,"ALCORTA, AMANCIO AV. Y ANCASTE",Nueva Pompeya,Comuna 4,3,600-900 m,600,900,3945,1411446.8207453075,1.4114468207453075,2795.004347324161,3308.6616735127095,0.844753747323094
39766,Banco Comafi,BANELCO,"ALCORTA, AMANCIO AV. Y ANCASTE",Nueva Pompeya,Comuna 4,4,900-1200 m,900,1200,8359,1976025.5490442794,1.9760255490442793,4230.208462660262,3308.6616735127095,1.2785255429785822
40643,BBVA Banco Francés,BANELCO,"ALEM, LEANDRO N. AV. Y BUTTY, E., ING.",Retiro,Comuna 1,1,0-300 m,0,300,1320,282289.36414897913,0.28228936414897915,4676.052900467641,4676.052900467641,1.0
40643,BBVA Banco Francés,BANELCO,"ALEM, LEANDRO N. AV. Y BUTTY, E., ING.",Retiro,Comuna 1,2,300-600 m,300,600,4867,846868.092447653,0.8468680924476529,5747.057946100197,4676.052900467641,1.2290404040393657
40643,BBVA Banco Francés,BANELCO,"ALEM, LEANDRO N. AV. Y BUTTY, E., ING.",Retiro,Comuna 1,3,600-900 m,600,900,9429,1411446.8207453075,1.4114468207453075,6680.3792118934125,4676.052900467641,1.428636363635947
40643,BBVA Banco Francés,BANELCO,"ALEM, LEANDRO N. AV. Y BUTTY, E., ING.",Retiro,Comuna 1,4,900-1200 m,900,1200,11255,1976025.5490442794,1.9760255490442793,5695.776557870708,4676.052900467641,1.2180735930727145
40732,BBVA Banco Francés,BANELCO,"ALEM, LEANDRO N. AV. Y BUTTY, E., ING.",Retiro,Comuna 1,1,0-300 m,0,300,1111,282289.36414897913,0.28228936414897915,3935.677857893598,3935.677857893598,1.0
40732,BBVA Banco Francés,BANELCO,"ALEM, LEANDRO N. AV. Y BUTTY, E., ING.",Retiro,Comuna 1,2,300-600 m,300,600,5228,846868.092447653,0.8468680924476529,6173.33448576368,3935.677857893598,1.5685568556842433
40732,BBVA Banco Francés,BANELCO,"ALEM, LEANDRO N. AV. Y BUTTY, E., ING.",Retiro,Comuna 1,3,600-900 m,600,900,8746,1411446.8207453075,1.4114468207453075,6196.478585981524,3935.677857893598,1.574437443743915
40732,BBVA Banco Francés,BANELCO,"ALEM, LEANDRO N. AV. Y BUTTY, E., ING.",Retiro,Comuna 1,4,900-1200 m,900,1200,10605,1976025.5490442794,1.9760255490442793,5366.833442578308,3935.677857893598,1.36363636363538
40319,Banco Santander Río,BANELCO,"ALEM, LEANDRO N. AV. Y CORDOBA AV.",Retiro,Comuna 1,1,0-300 m,0,300,1781,282289.36414897913,0.28228936414897915,6309.128951312779,6309.128951312779,1.0
40319,Banco Santander Río,BANELCO,"ALEM, LEANDRO N. AV. Y CORDOBA AV.",Retiro,Comuna 1,2,300-600 m,300,600,4431,846868.092447653,0.8468680924476529,5232.219798473387,6309.128951312779,0.8293093767539317
40319,Banco Santander Río,BANELCO,"ALEM, LEANDRO N. AV. Y CORDOBA AV.",Retiro,Comuna 1,3,600-900 m,600,900,8663,1411446.8207453075,1.4114468207453075,6137.6736782938415,6309.128951312779,0.9728242560356511
40319,Banco Santander Río,BANELCO,"ALEM, LEANDRO N. AV. Y CORDOBA AV.",Retiro,Comuna 1,4,900-1200 m,900,1200,11764,1976025.5490442794,1.9760255490442793,5953.364320461217,6309.128951312779,0.9436111333914747
40942,Banco Galicia,BANELCO,"ALEM, LEANDRO N. AV. Y DELLA PAOLERA, CARLOS M.",Retiro,Comuna 1,1,0-300 m,0,300,1255,282289.36414897913,0.28228936414897915,4445.792719762795,4445.792719762795,1.0
40942,Banco Galicia,BANELCO,"ALEM, LEANDRO N. AV. Y DELLA PAOLERA, CARLOS M.",Retiro,Comuna 1,2,300-600 m,300,600,5851,846868.092447653,0.8468680924476529,6908.986242579053,4445.792719762795,1.554050464806124
40942,Banco Galicia,BANELCO,"ALEM, LEANDRO N. AV. Y DELLA PAOLERA, CARLOS M.",Retiro,Comuna 1,3,600-900 m,600,900,8142,1411446.8207453075,1.4114468207453075,5768.548896302489,4445.792719762795,1.2975298804777091
40942,Banco Galicia,BANELCO,"ALEM, LEANDRO N. AV. Y DELLA PAOLERA, CARLOS M.",Retiro,Comuna 1,4,900-1200 m,900,1200,11063,1976025.5490442794,1.9760255490442793,5598.6118222766445,4445.792719762795,1.259305634603531
41171,HSBC Bank Argentina,BANELCO,"ALEM, LEANDRO N. AV. Y DELLA PAOLERA, CARLOS M.",Retiro,Comuna 1,1,0-300 m,0,300,1057,282289.36414897913,0.28228936414897915,3744.3847846926487,3744.3847846926487,1.0
41171,HSBC Bank Argentina,BANELCO,"ALEM, LEANDRO N. AV. Y DELLA PAOLERA, CARLOS M.",Retiro,Comuna 1,2,300-600 m,300,600,5957,846868.092447653,0.8468680924476529,7034.153315167223,3744.3847846926487,1.878587196466404
41171,HSBC Bank Argentina,BANELCO,"ALEM, LEANDRO N. AV. Y DELLA PAOLERA, CARLOS M.",Retiro,Comuna 1,3,600-900 m,600,900,7375,1411446.8207453075,1.4114468207453075,5225.134869839211,3744.3847846926487,1.3954588457895647
41171,HSBC Bank Argentina,BANELCO,"ALEM, LEANDRO N. AV. Y DELLA PAOLERA, CARLOS M.",Retiro,Comuna 1,4,900-1200 m,900,1200,8558,1976025.5490442794,1.9760255490442793,4330.915662572857,3744.3847846926487,1.1566427895653233
41071,CitiBank,BANELCO,"ALEM, LEANDRO N. AV. Y DEL LIBERTADOR AV.",Retiro,Comuna 1,1,0-300 m,0,300,1901,282289.36414897913,0.28228936414897915,6734.22466953711,6734.22466953711,1.0
41071,CitiBank,BANELCO,"ALEM, LEANDRO N. AV. Y DEL LIBERTADOR AV.",Retiro,Comuna 1,2,300-600 m,300,600,5942,846868.092447653,0.8468680924476529,7016.440993574557,6734.22466953711,1.0419077678406068
41071,CitiBank,BANELCO,"ALEM, LEANDRO N. AV. Y DEL LIBERTADOR AV.",Retiro,Comuna 1,3,600-900 m,600,900,7519,1411446.8207453075,1.4114468207453075,5327.157842213021,6734.22466953711,0.7910573382427993
41071,CitiBank,BANELCO,"ALEM, LEANDRO N. AV. Y DEL LIBERTADOR AV.",Retiro,Comuna 1,4,900-1200 m,900,1200,8682,1976025.5490442794,1.9760255490442793,4393.667887644024,6734.22466953711,0.6524385661677117
40876,Banco Galicia,BANELCO,"ALEM, LEANDRO N. AV. Y DEL LIBERTADOR AV.",Retiro,Comuna 1,1,0-300 m,0,300,2116,282289.36414897913,0.28228936414897915,7495.85449802237,7495.85449802237,1.0
40876,Banco Galicia,BANELCO,"ALEM, LEANDRO N. AV. Y DEL LIBERTADOR AV.",Retiro,Comuna 1,2,300-600 m,300,600,5630,846868.092447653,0.8468680924476529,6648.024704447115,7495.85449802237,0.8868935097661065
40876,Banco Galicia,BANELCO,"ALEM, LEANDRO N. AV. Y DEL LIBERTADOR AV.",Retiro,Comuna 1,3,600-900 m,600,900,7207,1411446.8207453075,1.4114468207453075,5106.108068736433,7495.85449802237,0.6811909262757937
40876,Banco Galicia,BANELCO,"ALEM, LEANDRO N. AV. Y DEL LIBERTADOR AV.",Retiro,Comuna 1,4,900-1200 m,900,1200,8266,1976025.5490442794,1.9760255490442793,4183.144293856887,7495.85449802237,0.5580610315956007
41096,HSBC Bank Argentina,BANELCO,"ALEM, LEANDRO N. AV. Y LAVALLE",San Nicolas,Comuna 1,1,0-300 m,0,300,3115,282289.36414897913,0.28228936414897915,11034.776352239925,11034.776352239925,1.0
41096,HSBC Bank Argentina,BANELCO,"ALEM, LEANDRO N. AV. Y LAVALLE",San Nicolas,Comuna 1,2,300-600 m,300,600,7050,846868.092447653,0.8468680924476529,8324.791148552782,11034.776352239925,0.7544141252000047
41096,HSBC Bank Argentina,BANELCO,"ALEM, LEANDRO N. AV. Y LAVALLE",San Nicolas,Comuna 1,3,600-900 m,600,900,8383,1411446.8207453075,1.4114468207453075,5939.2956764558785,11034.776352239925,0.5382343499195862
41096,HSBC Bank Argentina,BANELCO,"ALEM, LEANDRO N. AV. Y LAVALLE",San Nicolas,Comuna 1,4,900-1200 m,900,1200,12338,1976025.5490442794,1.9760255490442793,6243.846394580967,11034.776352239925,0.5658335244205962
40528,BBVA Banco Francés,BANELCO,"ALEM, LEANDRO N. AV. Y MITRE, BARTOLOME",San Nicolas,Comuna 1,1,0-300 m,0,300,842,282289.36414897913,0.28228936414897915,2982.754956207389,2982.754956207389,1.0
40528,BBVA Banco Francés,BANELCO,"ALEM, LEANDRO N. AV. Y MITRE, BARTOLOME",San Nicolas,Comuna 1,2,300-600 m,300,600,6433,846868.092447653,0.8468680924476529,7596.224320374475,2982.754956207389,2.5467141726027576
40528,BBVA Banco Francés,BANELCO,"ALEM, LEANDRO N. AV. Y MITRE, BARTOLOME",San Nicolas,Comuna 1,3,600-900 m,600,900,9638,1411446.8207453075,1.4114468207453075,6828.454220408178,2982.754956207389,2.289311163894819
40528,BBVA Banco Francés,BANELCO,"ALEM, LEANDRO N. AV. Y MITRE, BARTOLOME",San Nicolas,Comuna 1,4,900-1200 m,900,1200,12294,1976025.5490442794,1.9760255490442793,6221.579476007328,2982.754956207389,2.0858500169649017
41358,ICBC,BANELCO,"ALEM, LEANDRO N. AV. Y PARAGUAY",Retiro,Comuna 1,1,0-300 m,0,300,1500,282289.36414897913,0.28228936414897915,5313.696477804137,5313.696477804137,1.0
41358,ICBC,BANELCO,"ALEM, LEANDRO N. AV. Y PARAGUAY",Retiro,Comuna 1,2,300-600 m,300,600,4239,846868.092447653,0.8468680924476529,5005.502082087269,5313.696477804137,0.9419999999992041
41358,ICBC,BANELCO,"ALEM, LEANDRO N. AV. Y PARAGUAY",Retiro,Comuna 1,3,600-900 m,600,900,9768,1411446.8207453075,1.4114468207453075,6920.55829269009,5313.696477804137,1.30239999999962
41358,ICBC,BANELCO,"ALEM, LEANDRO N. AV. Y PARAGUAY",Retiro,Comuna 1,4,900-1200 m,900,1200,10600,1976025.5490442794,1.9760255490442793,5364.303110922212,5313.696477804137,1.0095238095230812
39916,Banco Macro,BANELCO,"ALEM, LEANDRO N. AV. Y RECONQUISTA",Retiro,Comuna 1,1,0-300 m,0,300,1995,282289.36414897913,0.28228936414897915,7067.216315479503,7067.216315479503,1.0
39916,Banco Macro,BANELCO,"ALEM, LEANDRO N. AV. Y RECONQUISTA",Retiro,Comuna 1,2,300-600 m,300,600,5705,846868.092447653,0.8468680924476529,6736.586312410443,7067.216315479503,0.9532163742682005
39916,Banco Macro,BANELCO,"ALEM, LEANDRO N. AV. Y RECONQUISTA",Retiro,Comuna 1,3,600-900 m,600,900,7697,1411446.8207453075,1.4114468207453075,5453.269571952868,7067.216315479503,0.7716290726814792
39916,Banco Macro,BANELCO,"ALEM, LEANDRO N. AV. Y RECONQUISTA",Retiro,Comuna 1,4,900-1200 m,900,1200,8761,1976025.5490442794,1.9760255490442793,4433.64712781033,7067.216315479503,0.6273540995340982
41176,HSBC Bank Argentina,BANELCO,"ALEM, LEANDRO N. AV. Y ROJAS, RICARDO, DR.",Retiro,Comuna 1,1,0-300 m,0,300,1545,282289.36414897913,0.28228936414897915,5473.107372138262,5473.107372138262,1.0
41176,HSBC Bank Argentina,BANELCO,"ALEM, LEANDRO N. AV. Y ROJAS, RICARDO, DR.",Retiro,Comuna 1,2,300-600 m,300,600,5797,846868.092447653,0.8468680924476529,6845.221884845458,5473.107372138262,1.25070118662246
41176,HSBC Bank Argentina,BANELCO,"ALEM, LEANDRO N. AV. Y ROJAS, RICARDO, DR.",Retiro,Comuna 1,3,600-900 m,600,900,8703,1411446.8207453075,1.4114468207453075,6166.013392842122,5473.107372138262,1.126601941747244
41176,HSBC Bank Argentina,BANELCO,"ALEM, LEANDRO N. AV. Y ROJAS, RICARDO, DR.",Retiro,Comuna 1,4,900-1200 m,900,1200,11178,1976025.5490442794,1.9760255490442793,5656.809450366839,5473.107372138262,1.033564493757923
39815,Banco Itaú,BANELCO,"ALEM, LEANDRO N. AV. Y TRES SARGENTOS",Retiro,Comuna 1,1,0-300 m,0,300,2269,282289.36414897913,0.28228936414897915,8037.851538758392,8037.851538758392,1.0
39815,Banco Itaú,BANELCO,"ALEM, LEANDRO N. AV. Y TRES SARGENTOS",Retiro,Comuna 1,2,300-600 m,300,600,5064,846868.092447653,0.8468680924476529,5979.67976968387,8037.851538758392,0.7439400617005614
39815,Banco Itaú,BANELCO,"ALEM, LEANDRO N. AV. Y TRES SARGENTOS",Retiro,Comuna 1,3,600-900 m,600,900,10370,1411446.8207453075,1.4114468207453075,7347.070996641711,8037.851538758392,0.9140590568529726
39815,Banco Itaú,BANELCO,"ALEM, LEANDRO N. AV. Y TRES SARGENTOS",Retiro,Comuna 1,4,900-1200 m,900,1200,10980,1976025.5490442794,1.9760255490442793,5556.608316785461,8037.851538758392,0.6913051690481697
40225,Banco Santander Río,BANELCO,ALICIA M. DE JUSTO 1370,Puerto Madero,Comuna 1,1,0-300 m,0,300,291,282289.36414897913,0.28228936414897915,1030.8571166940026,1030.8571166940026,1.0
40225,Banco Santander Río,BANELCO,ALICIA M. DE JUSTO 1370,Puerto Madero,Comuna 1,2,300-600 m,300,600,2430,846868.092447653,0.8468680924476529,2869.39609801181,1030.8571166940026,2.7835051546368237
40225,Banco Santander Río,BANELCO,ALICIA M. DE JUSTO 1370,Puerto Madero,Comuna 1,3,600-900 m,600,900,4994,1411446.8207453075,1.4114468207453075,3538.2133613528163,1030.8571166940026,3.432302405497281
40225,Banco Santander Río,BANELCO,ALICIA M. DE JUSTO 1370,Puerto Madero,Comuna 1,4,900-1200 m,900,1200,8457,1976025.5490442794,1.9760255490442793,4279.802963119731,1030.8571166940026,4.151693667154591
40066,Banco Patagonia,BANELCO,ALMAFUERTE AV. Y USPALLATA,Parque Patricios,Comuna 4,1,0-300 m,0,300,802,282289.36414897913,0.28228936414897915,2841.0563834659456,2841.0563834659456,1.0
40066,Banco Patagonia,BANELCO,ALMAFUERTE AV. Y USPALLATA,Parque Patricios,Comuna 4,2,300-600 m,300,600,2749,846868.092447653,0.8468680924476529,3246.0781372158294,2841.0563834659456,1.142560266000697
40066,Banco Patagonia,BANELCO,ALMAFUERTE AV. Y USPALLATA,Parque Patricios,Comuna 4,3,600-900 m,600,900,4784,1411446.8207453075,1.4114468207453075,3389.429859974344,2841.0563834659456,1.1930174563587541
40066,Banco Patagonia,BANELCO,ALMAFUERTE AV. Y USPALLATA,Parque Patricios,Comuna 4,4,900-1200 m,900,1200,6360,1976025.5490442794,1.9760255490442793,3218.5818665533275,2841.0563834659456,1.132882080512186
40234,Banco Santander Río,BANELCO,ALSINA 1338,Monserrat,Comuna 1,1,0-300 m,0,300,1857,282289.36414897913,0.28228936414897915,6578.356239521522,6578.356239521522,1.0
40234,Banco Santander Río,BANELCO,ALSINA 1338,Monserrat,Comuna 1,2,300-600 m,300,600,6470,846868.092447653,0.8468680924476529,7639.914713636383,6578.356239521522,1.1613713875416503
40234,Banco Santander Río,BANELCO,ALSINA 1338,Monserrat,Comuna 1,3,600-900 m,600,900,11404,1411446.8207453075,1.4114468207453075,8079.652617714761,6578.356239521522,1.2282175551961954
40234,Banco Santander Río,BANELCO,ALSINA 1338,Monserrat,Comuna 1,4,900-1200 m,900,1200,23297,1976025.5490442794,1.9760255490442793,11789.827318410828,6578.356239521522,1.7922147857514574
41273,ICBC,BANELCO,"ALSINA, ADOLFO Y PICHINCHA",Balvanera,Comuna 3,1,0-300 m,0,300,1642,282289.36414897913,0.28228936414897915,5816.726411036262,5816.726411036262,1.0
41273,ICBC,BANELCO,"ALSINA, ADOLFO Y PICHINCHA",Balvanera,Comuna 3,2,300-600 m,300,600,6323,846868.092447653,0.8468680924476529,7466.33396202826,5816.726411036262,1.2835972391381765
41273,ICBC,BANELCO,"ALSINA, ADOLFO Y PICHINCHA",Balvanera,Comuna 3,3,600-900 m,600,900,14884,1411446.8207453075,1.4114468207453075,10545.20778341516,5816.726411036262,1.81291108404332
41273,ICBC,BANELCO,"ALSINA, ADOLFO Y PICHINCHA",Balvanera,Comuna 3,4,900-1200 m,900,1200,21468,1976025.5490442794,1.9760255490442793,10864.231998611138,5816.726411036262,1.8677570906546475
40937,Banco Galicia,BANELCO,"ALVAREZ, DONATO, TTE. GRAL. AV. Y SAN BLAS",Villa Gral. Mitre,Comuna 11,1,0-300 m,0,300,1176,282289.36414897913,0.28228936414897915,4165.938038598443,4165.938038598443,1.0
40937,Banco Galicia,BANELCO,"ALVAREZ, DONATO, TTE. GRAL. AV. Y SAN BLAS",Villa Gral. Mitre,Comuna 11,2,300-600 m,300,600,2560,846868.092447653,0.8468680924476529,3022.902885148244,4165.938038598443,0.7256235827658268
40937,Banco Galicia,BANELCO,"ALVAREZ, DONATO, TTE. GRAL. AV. Y SAN BLAS",Villa Gral. Mitre,Comuna 11,3,600-900 m,600,900,4327,1411446.8207453075,1.4114468207453075,3065.6486212602395,4165.938038598443,0.735884353741282
40937,Banco Galicia,BANELCO,"ALVAREZ, DONATO, TTE. GRAL. AV. Y SAN BLAS",Villa Gral. Mitre,Comuna 11,4,900-1200 m,900,1200,4261,1976025.5490442794,1.9760255490442793,2156.3486373244855,4165.938038598443,0.5176141885321826
41290,ICBC,BANELCO,ARIAS Y DEL LIBERTADOR AV.,Nuñez,Comuna 13,1,0-300 m,0,300,546,282289.36414897913,0.28228936414897915,1934.185517920706,1934.185517920706,1.0
41290,ICBC,BANELCO,ARIAS Y DEL LIBERTADOR AV.,Nuñez,Comuna 13,2,300-600 m,300,600,1496,846868.092447653,0.8468680924476529,1766.508873508505,1934.185517920706,0.9133089133081417
41290,ICBC,BANELCO,ARIAS Y DEL LIBERTADOR AV.,Nuñez,Comuna 13,3,600-900 m,600,900,1212,1411446.8207453075,1.4114468207453075,858.6933508128981,1934.185517920706,0.4439560439559144
41290,ICBC,BANELCO,ARIAS Y DEL LIBERTADOR AV.,Nuñez,Comuna 13,4,900-1200 m,900,1200,3401,1976025.5490442794,1.9760255490442793,1721.1315924760797,1934.185517920706,0.8898482469904624
41124,HSBC Bank Argentina,BANELCO,"ALVAREZ, DONATO, TTE. GRAL. AV. Y SAN MARTIN AV.",Paternal,Comuna 15,1,0-300 m,0,300,1208,282289.36414897913,0.28228936414897915,4279.296896791599,4279.296896791599,1.0
41124,HSBC Bank Argentina,BANELCO,"ALVAREZ, DONATO, TTE. GRAL. AV. Y SAN MARTIN AV.",Paternal,Comuna 15,2,300-600 m,300,600,2405,846868.092447653,0.8468680924476529,2839.875562024034,4279.296896791599,0.6636313465778058
41124,HSBC Bank Argentina,BANELCO,"ALVAREZ, DONATO, TTE. GRAL. AV. Y SAN MARTIN AV.",Paternal,Comuna 15,3,600-900 m,600,900,4363,1411446.8207453075,1.4114468207453075,3091.1543643536916,4279.296896791599,0.7223509933772727
41124,HSBC Bank Argentina,BANELCO,"ALVAREZ, DONATO, TTE. GRAL. AV. Y SAN MARTIN AV.",Paternal,Comuna 15,4,900-1200 m,900,1200,3955,1976025.5490442794,1.9760255490442793,2001.492339971448,4279.296896791599,0.4677152317877421
40956,Banco Galicia,BANELCO,"ALVAREZ JONTE AV. Y JUSTO, JUAN B. AV.",Versalles,Comuna 10,1,0-300 m,0,300,1067,282289.36414897913,0.28228936414897915,3779.8094278780095,3779.8094278780095,1.0
40956,Banco Galicia,BANELCO,"ALVAREZ JONTE AV. Y JUSTO, JUAN B. AV.",Versalles,Comuna 10,2,300-600 m,300,600,1301,846868.092447653,0.8468680924476529,1536.2486928038538,3779.8094278780095,0.40643548890937237
40956,Banco Galicia,BANELCO,"ALVAREZ JONTE AV. Y JUSTO, JUAN B. AV.",Versalles,Comuna 10,3,600-900 m,600,900,3604,1411446.8207453075,1.4114468207453075,2553.40828080007,3779.8094278780095,0.675538894095398
40956,Banco Galicia,BANELCO,"ALVAREZ JONTE AV. Y JUSTO, JUAN B. AV.",Versalles,Comuna 10,4,900-1200 m,900,1200,6481,1976025.5490442794,1.9760255490442793,3279.8158926308356,3779.8094278780095,0.8677199089563965
40142,Banco Santander Río,BANELCO,"ALVAREZ JONTE Y LAMAS, ANDRES",Villa Gral. Mitre,Comuna 11,1,0-300 m,0,300,905,282289.36414897913,0.28228936414897915,3205.930208275163,3205.930208275163,1.0
40142,Banco Santander Río,BANELCO,"ALVAREZ JONTE Y LAMAS, ANDRES",Villa Gral. Mitre,Comuna 11,2,300-600 m,300,600,2443,846868.092447653,0.8468680924476529,2884.7467767254534,3205.930208275163,0.8998158379366247
40142,Banco Santander Río,BANELCO,"ALVAREZ JONTE Y LAMAS, ANDRES",Villa Gral. Mitre,Comuna 11,3,600-900 m,600,900,3283,1411446.8207453075,1.4114468207453075,2325.982071550119,3205.930208275163,0.7255248618782414
40142,Banco Santander Río,BANELCO,"ALVAREZ JONTE Y LAMAS, ANDRES",Villa Gral. Mitre,Comuna 11,4,900-1200 m,900,1200,5115,1976025.5490442794,1.9760255490442793,2588.529284185577,3205.930208275163,0.8074191002361975
40525,BBVA Banco Francés,BANELCO,ALVAREZ THOMAS AV. Y MAURE,Chacarita,Comuna 15,1,0-300 m,0,300,1634,282289.36414897913,0.28228936414897915,5788.3866964879735,5788.3866964879735,1.0
40525,BBVA Banco Francés,BANELCO,ALVAREZ THOMAS AV. Y MAURE,Chacarita,Comuna 15,2,300-600 m,300,600,3349,846868.092447653,0.8468680924476529,3954.571000922449,5788.3866964879735,0.683190534475147
40525,BBVA Banco Francés,BANELCO,ALVAREZ THOMAS AV. Y MAURE,Chacarita,Comuna 15,3,600-900 m,600,900,5440,1411446.8207453075,1.4114468207453075,3854.2011785661434,5788.3866964879735,0.6658506731944203
40525,BBVA Banco Francés,BANELCO,ALVAREZ THOMAS AV. Y MAURE,Chacarita,Comuna 15,4,900-1200 m,900,1200,6397,1976025.5490442794,1.9760255490442793,3237.306320808433,5788.3866964879735,0.5592760972193903
40198,Banco Santander Río,BANELCO,ALVEAR 1301,Retiro,Comuna 1,1,0-300 m,0,300,868,282289.36414897913,0.28228936414897915,3074.8590284893276,3074.8590284893276,1.0
40198,Banco Santander Río,BANELCO,ALVEAR 1301,Retiro,Comuna 1,2,300-600 m,300,600,3910,846868.092447653,0.8468680924476529,4617.011828488138,3074.8590284893276,1.5015360983090231
40198,Banco Santander Río,BANELCO,ALVEAR 1301,Retiro,Comuna 1,3,600-900 m,600,900,7360,1411446.8207453075,1.4114468207453075,5214.507476883606,3074.8590284893276,1.6958525345617173
40198,Banco Santander Río,BANELCO,ALVEAR 1301,Retiro,Comuna 1,4,900-1200 m,900,1200,12587,1976025.5490442794,1.9760255490442793,6369.856911054518,3074.8590284893276,2.071593153388894
40386,Banco Santander Río,BANELCO,ALVEAR AV. Y POSADAS,Recoleta,Comuna 2,1,0-300 m,0,300,1241,282289.36414897913,0.28228936414897915,4396.19821930329,4396.19821930329,1.0
40386,Banco Santander Río,BANELCO,ALVEAR AV. Y POSADAS,Recoleta,Comuna 2,2,300-600 m,300,600,3313,846868.092447653,0.8468680924476529,3912.061429100052,4396.19821930329,0.8898737577215151
40386,Banco Santander Río,BANELCO,ALVEAR AV. Y POSADAS,Recoleta,Comuna 2,3,600-900 m,600,900,4711,1411446.8207453075,1.4114468207453075,3337.709880923732,4396.19821930329,0.7592264302979251
40386,Banco Santander Río,BANELCO,ALVEAR AV. Y POSADAS,Recoleta,Comuna 2,4,900-1200 m,900,1200,8203,1976025.5490442794,1.9760255490442793,4151.262114990086,4396.19821930329,0.9442845631396436
40873,Banco Galicia,BANELCO,"ALVEAR, MARCELO T. DE Y AZCUENAGA",Recoleta,Comuna 2,1,0-300 m,0,300,2862,282289.36414897913,0.28228936414897915,10138.532879650294,10138.532879650294,1.0
40873,Banco Galicia,BANELCO,"ALVEAR, MARCELO T. DE Y AZCUENAGA",Recoleta,Comuna 2,2,300-600 m,300,600,9382,846868.092447653,0.8468680924476529,11078.466745492511,10138.532879650294,1.0927090612615973
40873,Banco Galicia,BANELCO,"ALVEAR, MARCELO T. DE Y AZCUENAGA",Recoleta,Comuna 2,3,600-900 m,600,900,11324,1411446.8207453075,1.4114468207453075,8022.9731886182,10138.532879650294,0.7913347309571416
40873,Banco Galicia,BANELCO,"ALVEAR, MARCELO T. DE Y AZCUENAGA",Recoleta,Comuna 2,4,900-1200 m,900,1200,19739,1976025.5490442794,1.9760255490442793,9989.243311933353,10138.532879650294,0.985275032444133
41041,CitiBank,BANELCO,"ALVEAR, MARCELO T. DE Y RECONQUISTA",Retiro,Comuna 1,1,0-300 m,0,300,2352,282289.36414897913,0.28228936414897915,8331.876077196886,8331.876077196886,1.0
41041,CitiBank,BANELCO,"ALVEAR, MARCELO T. DE Y RECONQUISTA",Retiro,Comuna 1,2,300-600 m,300,600,5591,846868.092447653,0.8468680924476529,6601.9726683061845,8331.876077196886,0.7923752834460426
41041,CitiBank,BANELCO,"ALVEAR, MARCELO T. DE Y RECONQUISTA",Retiro,Comuna 1,3,600-900 m,600,900,10507,1411446.8207453075,1.4114468207453075,7444.134518969571,8331.876077196886,0.8934523809521204
41041,CitiBank,BANELCO,"ALVEAR, MARCELO T. DE Y RECONQUISTA",Retiro,Comuna 1,4,900-1200 m,900,1200,11514,1976025.5490442794,1.9760255490442793,5826.847737656449,8331.876077196886,0.6993440233231109
41049,CitiBank,BANELCO,ALVEAR Y CALLAO AV.,Recoleta,Comuna 2,1,0-300 m,0,300,1177,282289.36414897913,0.28228936414897915,4169.480502916979,4169.480502916979,1.0
41049,CitiBank,BANELCO,ALVEAR Y CALLAO AV.,Recoleta,Comuna 2,2,300-600 m,300,600,3504,846868.092447653,0.8468680924476529,4137.598324046659,4169.480502916979,0.9923534409507335
41049,CitiBank,BANELCO,ALVEAR Y CALLAO AV.,Recoleta,Comuna 2,3,600-900 m,600,900,5736,1411446.8207453075,1.4114468207453075,4063.9150662234188,4169.480502916979,0.974681393372698
41049,CitiBank,BANELCO,ALVEAR Y CALLAO AV.,Recoleta,Comuna 2,4,900-1200 m,900,1200,10183,1976025.5490442794,1.9760255490442793,5153.2734508038575,4169.480502916979,1.2359509649220362
41146,HSBC Bank Argentina,BANELCO,ALVEAR Y MONTEVIDEO,Recoleta,Comuna 2,1,0-300 m,0,300,909,282289.36414897913,0.28228936414897915,3220.100065549307,3220.100065549307,1.0
41146,HSBC Bank Argentina,BANELCO,ALVEAR Y MONTEVIDEO,Recoleta,Comuna 2,2,300-600 m,300,600,3420,846868.092447653,0.8468680924476529,4038.4093231277325,3220.100065549307,1.2541254125401946
41146,HSBC Bank Argentina,BANELCO,ALVEAR Y MONTEVIDEO,Recoleta,Comuna 2,3,600-900 m,600,900,6059,1411446.8207453075,1.4114468207453075,4292.758261200784,3220.100065549307,1.3331133113307443
41146,HSBC Bank Argentina,BANELCO,ALVEAR Y MONTEVIDEO,Recoleta,Comuna 2,4,900-1200 m,900,1200,12208,1976025.5490442794,1.9760255490442793,6178.057771522487,3220.100065549307,1.9185918591845348
40016,Banco Patagonia,BANELCO,"ANCHORENA, TOMAS MANUEL DE, DR. Y CORRIENTES AV.",Balvanera,Comuna 3,1,0-300 m,0,300,6081,282289.36414897913,0.28228936414897915,21541.725521017972,21541.725521017972,1.0
40016,Banco Patagonia,BANELCO,"ANCHORENA, TOMAS MANUEL DE, DR. Y CORRIENTES AV.",Balvanera,Comuna 3,2,300-600 m,300,600,11630,846868.092447653,0.8468680924476529,13732.953341513312,21541.725521017972,0.6375047963597091
40016,Banco Patagonia,BANELCO,"ANCHORENA, TOMAS MANUEL DE, DR. Y CORRIENTES AV.",Balvanera,Comuna 3,3,600-900 m,600,900,16172,1411446.8207453075,1.4114468207453075,11457.746591869793,21541.725521017972,0.5318862029269951
40016,Banco Patagonia,BANELCO,"ANCHORENA, TOMAS MANUEL DE, DR. Y CORRIENTES AV.",Balvanera,Comuna 3,4,900-1200 m,900,1200,19726,1976025.5490442794,1.9760255490442793,9982.664449627506,21541.725521017972,0.4634106232524203
41168,HSBC Bank Argentina,BANELCO,"ANCHORENA, TOMAS MANUEL DE, DR. Y GARDEL, CARLOS",Balvanera,Comuna 3,1,0-300 m,0,300,6477,282289.36414897913,0.28228936414897915,22944.541391158265,22944.541391158265,1.0
41168,HSBC Bank Argentina,BANELCO,"ANCHORENA, TOMAS MANUEL DE, DR. Y GARDEL, CARLOS",Balvanera,Comuna 3,2,300-600 m,300,600,8378,846868.092447653,0.8468680924476529,9892.922020223434,22944.541391158265,0.43116669239838
41168,HSBC Bank Argentina,BANELCO,"ANCHORENA, TOMAS MANUEL DE, DR. Y GARDEL, CARLOS",Balvanera,Comuna 3,3,600-900 m,600,900,16246,1411446.8207453075,1.4114468207453075,11510.17506378411,22944.541391158265,0.5016519993822838
41168,HSBC Bank Argentina,BANELCO,"ANCHORENA, TOMAS MANUEL DE, DR. Y GARDEL, CARLOS",Balvanera,Comuna 3,4,900-1200 m,900,1200,22431,1976025.5490442794,1.9760255490442793,11351.573875575108,22944.541391158265,0.4947396281343616
40372,Banco Santander Río,BANELCO,"ANDALGALA Y CASTRO, EMILIO AV.",Liniers,Comuna 9,1,0-300 m,0,300,513,282289.36414897913,0.28228936414897915,1817.284195409015,1817.284195409015,1.0
40372,Banco Santander Río,BANELCO,"ANDALGALA Y CASTRO, EMILIO AV.",Liniers,Comuna 9,2,300-600 m,300,600,2179,846868.092447653,0.8468680924476529,2573.0099166945406,1817.284195409015,1.415854450940974
40372,Banco Santander Río,BANELCO,"ANDALGALA Y CASTRO, EMILIO AV.",Liniers,Comuna 9,3,600-900 m,600,900,2382,1411446.8207453075,1.4114468207453075,1687.6300013501018,1817.284195409015,0.9286549707599631
40372,Banco Santander Río,BANELCO,"ANDALGALA Y CASTRO, EMILIO AV.",Liniers,Comuna 9,4,900-1200 m,900,1200,3632,1976025.5490442794,1.9760255490442793,1838.0329149876864,1817.284195409015,1.0114174324693346
41312,ICBC,BANELCO,"ANTARTIDA ARGENTINA AV. Y GRIERSON, CECILIA",Puerto Madero,Comuna 1,1,0-300 m,0,300,483,282289.36414897913,0.28228936414897915,1711.0102658529322,1711.0102658529322,1.0
41312,ICBC,BANELCO,"ANTARTIDA ARGENTINA AV. Y GRIERSON, CECILIA",Puerto Madero,Comuna 1,2,300-600 m,300,600,3306,846868.092447653,0.8468680924476529,3903.795679023475,1711.0102658529322,2.2815734989628758
41312,ICBC,BANELCO,"ANTARTIDA ARGENTINA AV. Y GRIERSON, CECILIA",Puerto Madero,Comuna 1,3,600-900 m,600,900,6114,1411446.8207453075,1.4114468207453075,4331.725368704669,1711.0102658529322,2.5316770186328017
41312,ICBC,BANELCO,"ANTARTIDA ARGENTINA AV. Y GRIERSON, CECILIA",Puerto Madero,Comuna 1,4,900-1200 m,900,1200,8780,1976025.5490442794,1.9760255490442793,4443.262388103492,1711.0102658529322,2.596864832887804
41141,HSBC Bank Argentina,BANELCO,"ANTARTIDA ARGENTINA AV. Y GRIERSON, CECILIA",Retiro,Comuna 1,1,0-300 m,0,300,348,282289.36414897913,0.28228936414897915,1232.7775828505598,1232.7775828505598,1.0
41141,HSBC Bank Argentina,BANELCO,"ANTARTIDA ARGENTINA AV. Y GRIERSON, CECILIA",Retiro,Comuna 1,2,300-600 m,300,600,2614,846868.092447653,0.8468680924476529,3086.66724288184,1232.7775828505598,2.503831417622406
41141,HSBC Bank Argentina,BANELCO,"ANTARTIDA ARGENTINA AV. Y GRIERSON, CECILIA",Retiro,Comuna 1,3,600-900 m,600,900,6049,1411446.8207453075,1.4114468207453075,4285.673332563713,1232.7775828505598,3.4764367816081814
41141,HSBC Bank Argentina,BANELCO,"ANTARTIDA ARGENTINA AV. Y GRIERSON, CECILIA",Retiro,Comuna 1,4,900-1200 m,900,1200,10751,1976025.5490442794,1.9760255490442793,5440.719126936293,1232.7775828505598,4.413382594413894
40976,Banco Galicia,BANELCO,"ANTARTIDA ARGENTINA AV. Y RAMOS MEJIA, JOSE MARIA, DR. AV.",Retiro,Comuna 1,1,0-300 m,0,300,1613,282289.36414897913,0.28228936414897915,5713.994945798716,5713.994945798716,1.0
40976,Banco Galicia,BANELCO,"ANTARTIDA ARGENTINA AV. Y RAMOS MEJIA, JOSE MARIA, DR. AV.",Retiro,Comuna 1,2,300-600 m,300,600,2943,846868.092447653,0.8468680924476529,3475.1574964809697,5713.994945798716,0.6081835089889468
40976,Banco Galicia,BANELCO,"ANTARTIDA ARGENTINA AV. Y RAMOS MEJIA, JOSE MARIA, DR. AV.",Retiro,Comuna 1,3,600-900 m,600,900,3938,1411446.8207453075,1.4114468207453075,2790.044897278212,5713.994945798716,0.4882827030376753
40976,Banco Galicia,BANELCO,"ANTARTIDA ARGENTINA AV. Y RAMOS MEJIA, JOSE MARIA, DR. AV.",Retiro,Comuna 1,4,900-1200 m,900,1200,4206,1976025.5490442794,1.9760255490442793,2128.514989107436,5713.994945798716,0.37250907802647826
41193,HSBC Bank Argentina,BANELCO,"ARAOZ DE LAMADRID, GREGORIO, GRAL. Y ISABEL LA CATOLICA",Barracas,Comuna 4,1,0-300 m,0,300,1195,282289.36414897913,0.28228936414897915,4233.24486065063,4233.24486065063,1.0
41193,HSBC Bank Argentina,BANELCO,"ARAOZ DE LAMADRID, GREGORIO, GRAL. Y ISABEL LA CATOLICA",Barracas,Comuna 4,2,300-600 m,300,600,3477,846868.092447653,0.8468680924476529,4105.716145179861,4233.24486065063,0.9698744769866282
41193,HSBC Bank Argentina,BANELCO,"ARAOZ DE LAMADRID, GREGORIO, GRAL. Y ISABEL LA CATOLICA",Barracas,Comuna 4,3,600-900 m,600,900,5232,1411446.8207453075,1.4114468207453075,3706.8346629150847,4233.24486065063,0.875648535564598
41193,HSBC Bank Argentina,BANELCO,"ARAOZ DE LAMADRID, GREGORIO, GRAL. Y ISABEL LA CATOLICA",Barracas,Comuna 4,4,900-1200 m,900,1200,5672,1976025.5490442794,1.9760255490442793,2870.4082306746027,4233.24486065063,0.6780633592344183
40098,Banco Santander Río,BANELCO,ARAUJO Y ECHENAGUCIA,Villa Luro,Comuna 10,1,0-300 m,0,300,831,282289.36414897913,0.28228936414897915,2943.787848703492,2943.787848703492,1.0
40098,Banco Santander Río,BANELCO,ARAUJO Y ECHENAGUCIA,Villa Luro,Comuna 10,2,300-600 m,300,600,2027,846868.092447653,0.8468680924476529,2393.5250578888636,2943.787848703492,0.8130766145199709
40098,Banco Santander Río,BANELCO,ARAUJO Y ECHENAGUCIA,Villa Luro,Comuna 10,3,600-900 m,600,900,2673,1411446.8207453075,1.4114468207453075,1893.8014246888422,2943.787848703492,0.6433212996388016
40098,Banco Santander Río,BANELCO,ARAUJO Y ECHENAGUCIA,Villa Luro,Comuna 10,4,900-1200 m,900,1200,4238,1976025.5490442794,1.9760255490442793,2144.709111706447,2943.787848703492,0.728554237578983
40124,Banco Santander Río,BANELCO,ARCE 940,Palermo,Comuna 14,1,0-300 m,0,300,1060,282289.36414897913,0.28228936414897915,3755.012177648257,3755.012177648257,1.0
40124,Banco Santander Río,BANELCO,ARCE 940,Palermo,Comuna 14,2,300-600 m,300,600,2680,846868.092447653,0.8468680924476529,3164.601457889568,3755.012177648257,0.8427672955967722
40124,Banco Santander Río,BANELCO,ARCE 940,Palermo,Comuna 14,3,600-900 m,600,900,3447,1411446.8207453075,1.4114468207453075,2442.174901198069,3755.012177648257,0.6503773584903764
40124,Banco Santander Río,BANELCO,ARCE 940,Palermo,Comuna 14,4,900-1200 m,900,1200,5052,1976025.5490442794,1.9760255490442793,2556.647105318775,3755.012177648257,0.6808625336922313
40287,Banco Santander Río,BANELCO,"ARENAL, CONCEPCION Y CORDOBA AV.",Chacarita,Comuna 15,1,0-300 m,0,300,1195,282289.36414897913,0.28228936414897915,4233.24486065063,4233.24486065063,1.0
40287,Banco Santander Río,BANELCO,"ARENAL, CONCEPCION Y CORDOBA AV.",Chacarita,Comuna 15,2,300-600 m,300,600,2880,846868.092447653,0.8468680924476529,3400.765745791775,4233.24486065063,0.8033472803340493
40287,Banco Santander Río,BANELCO,"ARENAL, CONCEPCION Y CORDOBA AV.",Chacarita,Comuna 15,3,600-900 m,600,900,6855,1411446.8207453075,1.4114468207453075,4856.718580711565,4233.24486065063,1.1472803347276987
40287,Banco Santander Río,BANELCO,"ARENAL, CONCEPCION Y CORDOBA AV.",Chacarita,Comuna 15,4,900-1200 m,900,1200,10514,1976025.5490442794,1.9760255490442793,5320.7814064373715,4233.24486065063,1.25690376568947
40366,Banco Santander Río,BANELCO,"ARENAL, CONCEPCION Y GUZMAN",Chacarita,Comuna 15,1,0-300 m,0,300,1087,282289.36414897913,0.28228936414897915,3850.6587142487315,3850.6587142487315,1.0
40366,Banco Santander Río,BANELCO,"ARENAL, CONCEPCION Y GUZMAN",Chacarita,Comuna 15,2,300-600 m,300,600,2947,846868.092447653,0.8468680924476529,3479.880782239014,3850.6587142487315,0.9037105182451733
40366,Banco Santander Río,BANELCO,"ARENAL, CONCEPCION Y GUZMAN",Chacarita,Comuna 15,3,600-900 m,600,900,4912,1411446.8207453075,1.4114468207453075,3480.1169465288413,3850.6587142487315,0.9037718491257714
40366,Banco Santander Río,BANELCO,"ARENAL, CONCEPCION Y GUZMAN",Chacarita,Comuna 15,4,900-1200 m,900,1200,6329,1976025.5490442794,1.9760255490442793,3202.893810285536,3850.6587142487315,0.8317781574445308
40733,BBVA Banco Francés,BANELCO,ARENGREEN Y HIDALGO,Caballito,Comuna 6,1,0-300 m,0,300,1465,282289.36414897913,0.28228936414897915,5189.710226655374,5189.710226655374,1.0
40733,BBVA Banco Francés,BANELCO,ARENGREEN Y HIDALGO,Caballito,Comuna 6,2,300-600 m,300,600,4186,846868.092447653,0.8468680924476529,4942.9185457931835,5189.710226655374,0.9524459613188768
40733,BBVA Banco Francés,BANELCO,ARENGREEN Y HIDALGO,Caballito,Comuna 6,3,600-900 m,600,900,5192,1411446.8207453075,1.4114468207453075,3678.4949483668042,5189.710226655374,0.7088054607506464
40733,BBVA Banco Francés,BANELCO,ARENGREEN Y HIDALGO,Caballito,Comuna 6,4,900-1200 m,900,1200,9296,1976025.5490442794,1.9760255490442793,4704.392615012536,5189.710226655374,0.9064846416375715
41211,HSBC Bank Argentina,BANELCO,"ARGENTINA AV. Y DE LA ROSA, JOSE I., DR.",Villa Lugano,Comuna 8,1,0-300 m,0,300,313,282289.36414897913,0.28228936414897915,1108.7913317017967,1108.7913317017967,1.0
41211,HSBC Bank Argentina,BANELCO,"ARGENTINA AV. Y DE LA ROSA, JOSE I., DR.",Villa Lugano,Comuna 8,2,300-600 m,300,600,2663,846868.092447653,0.8468680924476529,3144.5274934178806,1108.7913317017967,2.8359957401466986
41211,HSBC Bank Argentina,BANELCO,"ARGENTINA AV. Y DE LA ROSA, JOSE I., DR.",Villa Lugano,Comuna 8,3,600-900 m,600,900,4570,1411446.8207453075,1.4114468207453075,3237.812387141043,1108.7913317017967,2.9201277955263043
41211,HSBC Bank Argentina,BANELCO,"ARGENTINA AV. Y DE LA ROSA, JOSE I., DR.",Villa Lugano,Comuna 8,4,900-1200 m,900,1200,3412,1976025.5490442794,1.9760255490442793,1726.6983221194894,1108.7913317017967,1.55727978092083
40118,Banco Santander Río,BANELCO,ARIAS Y DEL LIBERTADOR AV.,Nuñez,Comuna 13,1,0-300 m,0,300,546,282289.36414897913,0.28228936414897915,1934.185517920706,1934.185517920706,1.0
40118,Banco Santander Río,BANELCO,ARIAS Y DEL LIBERTADOR AV.,Nuñez,Comuna 13,2,300-600 m,300,600,1496,846868.092447653,0.8468680924476529,1766.508873508505,1934.185517920706,0.9133089133081417
40118,Banco Santander Río,BANELCO,ARIAS Y DEL LIBERTADOR AV.,Nuñez,Comuna 13,3,600-900 m,600,900,1212,1411446.8207453075,1.4114468207453075,858.6933508128981,1934.185517920706,0.4439560439559144
40118,Banco Santander Río,BANELCO,ARIAS Y DEL LIBERTADOR AV.,Nuñez,Comuna 13,4,900-1200 m,900,1200,3401,1976025.5490442794,1.9760255490442793,1721.1315924760797,1934.185517920706,0.8898482469904624
41105,HSBC Bank Argentina,BANELCO,ARIAS Y DEL LIBERTADOR AV.,Nuñez,Comuna 13,1,0-300 m,0,300,546,282289.36414897913,0.28228936414897915,1934.185517920706,1934.185517920706,1.0
41105,HSBC Bank Argentina,BANELCO,ARIAS Y DEL LIBERTADOR AV.,Nuñez,Comuna 13,2,300-600 m,300,600,1496,846868.092447653,0.8468680924476529,1766.508873508505,1934.185517920706,0.9133089133081417
41105,HSBC Bank Argentina,BANELCO,ARIAS Y DEL LIBERTADOR AV.,Nuñez,Comuna 13,3,600-900 m,600,900,1212,1411446.8207453075,1.4114468207453075,858.6933508128981,1934.185517920706,0.4439560439559144
41105,HSBC Bank Argentina,BANELCO,ARIAS Y DEL LIBERTADOR AV.,Nuñez,Comuna 13,4,900-1200 m,900,1200,3401,1976025.5490442794,1.9760255490442793,1721.1315924760797,1934.185517920706,0.8898482469904624
40222,Banco Santander Río,BANELCO,ARIAS Y MELIAN AV.,Saavedra,Comuna 12,1,0-300 m,0,300,571,282289.36414897913,0.28228936414897915,2022.7471258841083,2022.7471258841083,1.0
40222,Banco Santander Río,BANELCO,ARIAS Y MELIAN AV.,Saavedra,Comuna 12,2,300-600 m,300,600,2226,846868.092447653,0.8468680924476529,2628.508524351559,2022.7471258841083,1.299474605953368
40222,Banco Santander Río,BANELCO,ARIAS Y MELIAN AV.,Saavedra,Comuna 12,3,600-900 m,600,900,1922,1411446.8207453075,1.4114468207453075,1361.7232840448764,2022.7471258841083,0.6732049036775619
40222,Banco Santander Río,BANELCO,ARIAS Y MELIAN AV.,Saavedra,Comuna 12,4,900-1200 m,900,1200,2823,1976025.5490442794,1.9760255490442793,1428.6252530314534,2022.7471258841083,0.7062797097818274
40511,Banco Supervielle,BANELCO,ARIAS Y SUPERI,Saavedra,Comuna 12,1,0-300 m,0,300,683,282289.36414897913,0.28228936414897915,2419.5031295601507,2419.5031295601507,1.0
40511,Banco Supervielle,BANELCO,ARIAS Y SUPERI,Saavedra,Comuna 12,2,300-600 m,300,600,1978,846868.092447653,0.8468680924476529,2335.664807352823,2419.5031295601507,0.9653489507068467
40511,Banco Supervielle,BANELCO,ARIAS Y SUPERI,Saavedra,Comuna 12,3,600-900 m,600,900,1963,1411446.8207453075,1.4114468207453075,1390.7714914568637,2419.5031295601507,0.5748169838944149
40511,Banco Supervielle,BANELCO,ARIAS Y SUPERI,Saavedra,Comuna 12,4,900-1200 m,900,1200,2813,1976025.5490442794,1.9760255490442793,1423.5645897192626,2419.5031295601507,0.5883706337582035
40762,Banco Galicia,BANELCO,ARRIOLA Y CASEROS AV.,Parque Patricios,Comuna 4,1,0-300 m,0,300,1601,282289.36414897913,0.28228936414897915,5671.485373976282,5671.485373976282,1.0
40762,Banco Galicia,BANELCO,ARRIOLA Y CASEROS AV.,Parque Patricios,Comuna 4,2,300-600 m,300,600,2747,846868.092447653,0.8468680924476529,3243.7164943368075,5671.485373976282,0.5719342077863168
40762,Banco Galicia,BANELCO,ARRIOLA Y CASEROS AV.,Parque Patricios,Comuna 4,3,600-900 m,600,900,4133,1411446.8207453075,1.4114468207453075,2928.201005701079,5671.485373976282,0.5163023110554397
40762,Banco Galicia,BANELCO,ARRIOLA Y CASEROS AV.,Parque Patricios,Comuna 4,4,900-1200 m,900,1200,6004,1976025.5490442794,1.9760255490442793,3038.422252639336,5671.485373976282,0.5357365932002918
40663,BBVA Banco Francés,BANELCO,"ARROTEA Y PERON, EVA AV.",Flores,Comuna 7,1,0-300 m,0,300,1135,282289.36414897913,0.28228936414897915,4020.697001538464,4020.697001538464,1.0
40663,BBVA Banco Francés,BANELCO,"ARROTEA Y PERON, EVA AV.",Flores,Comuna 7,2,300-600 m,300,600,3346,846868.092447653,0.8468680924476529,3951.028536603916,4020.697001538464,0.9826725403809612
40663,BBVA Banco Francés,BANELCO,"ARROTEA Y PERON, EVA AV.",Flores,Comuna 7,3,600-900 m,600,900,3741,1411446.8207453075,1.4114468207453075,2650.4718031279303,4020.697001538464,0.6592070484579574
40663,BBVA Banco Francés,BANELCO,"ARROTEA Y PERON, EVA AV.",Flores,Comuna 7,4,900-1200 m,900,1200,5652,1976025.5490442794,1.9760255490442793,2860.286904050221,4020.697001538464,0.7113908118308273
39763,Banco Comafi,BANELCO,"ARROTEA Y PERON, EVA AV.",Flores,Comuna 7,1,0-300 m,0,300,1151,282289.36414897913,0.28228936414897915,4077.3764306350413,4077.3764306350413,1.0
39763,Banco Comafi,BANELCO,"ARROTEA Y PERON, EVA AV.",Flores,Comuna 7,2,300-600 m,300,600,3311,846868.092447653,0.8468680924476529,3909.6997862210296,4077.3764306350413,0.9588763394141913
39763,Banco Comafi,BANELCO,"ARROTEA Y PERON, EVA AV.",Flores,Comuna 7,3,600-900 m,600,900,3749,1411446.8207453075,1.4114468207453075,2656.1397460375865,4077.3764306350413,0.6514335360554138
39763,Banco Comafi,BANELCO,"ARROTEA Y PERON, EVA AV.",Flores,Comuna 7,4,900-1200 m,900,1200,5764,1976025.5490442794,1.9760255490442793,2916.9663331467577,4077.3764306350413,0.715402755367487
39742,Banco Comafi,BANELCO,"ASAMBLEA AV. Y MITRE, EMILIO",Parque Chacabuco,Comuna 7,1,0-300 m,0,300,918,282289.36414897913,0.28228936414897915,3251.982244416132,3251.982244416132,1.0
39742,Banco Comafi,BANELCO,"ASAMBLEA AV. Y MITRE, EMILIO",Parque Chacabuco,Comuna 7,2,300-600 m,300,600,2485,846868.092447653,0.8468680924476529,2934.3412771849166,3251.982244416132,0.9023238925192086
39742,Banco Comafi,BANELCO,"ASAMBLEA AV. Y MITRE, EMILIO",Parque Chacabuco,Comuna 7,3,600-900 m,600,900,5014,1411446.8207453075,1.4114468207453075,3552.3832186269565,3251.982244416132,1.0923747276685267
39742,Banco Comafi,BANELCO,"ASAMBLEA AV. Y MITRE, EMILIO",Parque Chacabuco,Comuna 7,4,900-1200 m,900,1200,7310,1976025.5490442794,1.9760255490442793,3699.3448812114502,3251.982244416132,1.1375661375653172
40200,Banco Santander Río,BANELCO,ASUNCION 4193,Villa Devoto,Comuna 11,1,0-300 m,0,300,775,282289.36414897913,0.28228936414897915,2745.409846865471,2745.409846865471,1.0
40200,Banco Santander Río,BANELCO,ASUNCION 4193,Villa Devoto,Comuna 11,2,300-600 m,300,600,1573,846868.092447653,0.8468680924476529,1857.4321243508548,2745.409846865471,0.6765591397843747
40200,Banco Santander Río,BANELCO,ASUNCION 4193,Villa Devoto,Comuna 11,3,600-900 m,600,900,2279,1411446.8207453075,1.4114468207453075,1614.6552363882795,2745.409846865471,0.5881290322578929
40200,Banco Santander Río,BANELCO,ASUNCION 4193,Villa Devoto,Comuna 11,4,900-1200 m,900,1200,3204,1976025.5490442794,1.9760255490442793,1621.4365252259215,2745.409846865471,0.5905990783405878
40199,Banco Santander Río,BANELCO,AV. ALVAREZ JONTE 4502,Monte Castro,Comuna 10,1,0-300 m,0,300,710,282289.36414897913,0.28228936414897915,2515.1496661606247,2515.1496661606247,1.0
40199,Banco Santander Río,BANELCO,AV. ALVAREZ JONTE 4502,Monte Castro,Comuna 10,2,300-600 m,300,600,1755,846868.092447653,0.8468680924476529,2072.3416263418626,2515.1496661606247,0.8239436619711349
40199,Banco Santander Río,BANELCO,AV. ALVAREZ JONTE 4502,Monte Castro,Comuna 10,3,600-900 m,600,900,2911,1411446.8207453075,1.4114468207453075,2062.422726251111,2515.1496661606247,0.8199999999997608
40199,Banco Santander Río,BANELCO,AV. ALVAREZ JONTE 4502,Monte Castro,Comuna 10,4,900-1200 m,900,1200,4029,1976025.5490442794,1.9760255490442793,2038.9412484816598,2515.1496661606247,0.8106639839028359
40083,Banco Patagonia,BANELCO,AV. ALVAREZ JONTE 4740,Monte Castro,Comuna 10,1,0-300 m,0,300,591,282289.36414897913,0.28228936414897915,2093.5964122548303,2093.5964122548303,1.0
40083,Banco Patagonia,BANELCO,AV. ALVAREZ JONTE 4740,Monte Castro,Comuna 10,2,300-600 m,300,600,1834,846868.092447653,0.8468680924476529,2165.6265200632342,2093.5964122548303,1.0344049633380994
40083,Banco Patagonia,BANELCO,AV. ALVAREZ JONTE 4740,Monte Castro,Comuna 10,3,600-900 m,600,900,2967,1411446.8207453075,1.4114468207453075,2102.0983266187036,2093.5964122548303,1.0040609137052907
40083,Banco Patagonia,BANELCO,AV. ALVAREZ JONTE 4740,Monte Castro,Comuna 10,4,900-1200 m,900,1200,4239,1976025.5490442794,1.9760255490442793,2145.2151780376657,2093.5964122548303,1.024655547497448
40557,BBVA Banco Francés,BANELCO,AV. ALVAREZ JONTE 5255,Monte Castro,Comuna 10,1,0-300 m,0,300,794,282289.36414897913,0.28228936414897915,2812.7166689176565,2812.7166689176565,1.0
40557,BBVA Banco Francés,BANELCO,AV. ALVAREZ JONTE 5255,Monte Castro,Comuna 10,2,300-600 m,300,600,1922,846868.092447653,0.8468680924476529,2269.538806740205,2812.7166689176565,0.8068849706122486
40557,BBVA Banco Francés,BANELCO,AV. ALVAREZ JONTE 5255,Monte Castro,Comuna 10,3,600-900 m,600,900,2754,1411446.8207453075,1.4114468207453075,1951.1893466491101,2812.7166689176565,0.6937027707806541
40557,BBVA Banco Francés,BANELCO,AV. ALVAREZ JONTE 5255,Monte Castro,Comuna 10,4,900-1200 m,900,1200,3763,1976025.5490442794,1.9760255490442793,1904.3276043773853,2812.7166689176565,0.6770421014748625
40963,Banco Galicia,BANELCO,AV. ALVEAR 1331,Retiro,Comuna 1,1,0-300 m,0,300,904,282289.36414897913,0.28228936414897915,3202.3877439566268,3202.3877439566268,1.0
40963,Banco Galicia,BANELCO,AV. ALVEAR 1331,Retiro,Comuna 1,2,300-600 m,300,600,3543,846868.092447653,0.8468680924476529,4183.650360187589,3202.3877439566268,1.306415929202436
40963,Banco Galicia,BANELCO,AV. ALVEAR 1331,Retiro,Comuna 1,3,600-900 m,600,900,6956,1411446.8207453075,1.4114468207453075,4928.276359945973,3202.3877439566268,1.5389380530968964
40963,Banco Galicia,BANELCO,AV. ALVEAR 1331,Retiro,Comuna 1,4,900-1200 m,900,1200,13255,1976025.5490442794,1.9760255490442793,6707.90922030886,3202.3877439566268,2.0946586599226356
40615,BBVA Banco Francés,BANELCO,AV. ALVEAR 1528,Retiro,Comuna 1,1,0-300 m,0,300,766,282289.36414897913,0.28228936414897915,2713.527667998646,2713.527667998646,1.0
40615,BBVA Banco Francés,BANELCO,AV. ALVEAR 1528,Retiro,Comuna 1,2,300-600 m,300,600,3653,846868.092447653,0.8468680924476529,4313.540718533803,2713.527667998646,1.5896431679708065
40615,BBVA Banco Francés,BANELCO,AV. ALVEAR 1528,Retiro,Comuna 1,3,600-900 m,600,900,6908,1411446.8207453075,1.4114468207453075,4894.268702488036,2713.527667998646,1.8036553524798917
40615,BBVA Banco Francés,BANELCO,AV. ALVEAR 1528,Retiro,Comuna 1,4,900-1200 m,900,1200,11530,1976025.5490442794,1.9760255490442793,5834.944798955954,2713.527667998646,2.150317045876853
40548,BBVA Banco Francés,BANELCO,AV ASAMBLEA 695,Parque Chacabuco,Comuna 7,1,0-300 m,0,300,782,282289.36414897913,0.28228936414897915,2770.2070970952236,2770.2070970952236,1.0
40548,BBVA Banco Francés,BANELCO,AV ASAMBLEA 695,Parque Chacabuco,Comuna 7,2,300-600 m,300,600,2492,846868.092447653,0.8468680924476529,2942.607027261494,2770.2070970952236,1.0622335890869115
40548,BBVA Banco Francés,BANELCO,AV ASAMBLEA 695,Parque Chacabuco,Comuna 7,3,600-900 m,600,900,4869,1411446.8207453075,1.4114468207453075,3449.65175338944,2770.2070970952236,1.2452685421991252
40548,BBVA Banco Francés,BANELCO,AV ASAMBLEA 695,Parque Chacabuco,Comuna 7,4,900-1200 m,900,1200,7375,1976025.5490442794,1.9760255490442793,3732.23919274069,2770.2070970952236,1.3472780416504715
39941,Banco Macro,BANELCO,AV. BELGRANO 1358,Monserrat,Comuna 1,1,0-300 m,0,300,1329,282289.36414897913,0.28228936414897915,4707.935079334466,4707.935079334466,1.0
39941,Banco Macro,BANELCO,AV. BELGRANO 1358,Monserrat,Comuna 1,2,300-600 m,300,600,5521,846868.092447653,0.8468680924476529,6519.315167540412,4707.935079334466,1.384750438925341
39941,Banco Macro,BANELCO,AV. BELGRANO 1358,Monserrat,Comuna 1,3,600-900 m,600,900,12531,1411446.8207453075,1.4114468207453075,8878.124075112562,4707.935079334466,1.8857787810378246
39941,Banco Macro,BANELCO,AV. BELGRANO 1358,Monserrat,Comuna 1,4,900-1200 m,900,1200,15425,1976025.5490442794,1.9760255490442793,7806.073159054257,4707.935079334466,1.6580672901202704
40402,Banco Supervielle,BANELCO,AV. BELGRANO 1783,Monserrat,Comuna 1,1,0-300 m,0,300,2280,282289.36414897913,0.28228936414897915,8076.818646262289,8076.818646262289,1.0
40402,Banco Supervielle,BANELCO,AV. BELGRANO 1783,Monserrat,Comuna 1,2,300-600 m,300,600,5784,846868.092447653,0.8468680924476529,6829.871206131814,8076.818646262289,0.8456140350870048
40402,Banco Supervielle,BANELCO,AV. BELGRANO 1783,Monserrat,Comuna 1,3,600-900 m,600,900,10952,1411446.8207453075,1.4114468207453075,7759.413843319191,8076.818646262289,0.9607017543856846
40402,Banco Supervielle,BANELCO,AV. BELGRANO 1783,Monserrat,Comuna 1,4,900-1200 m,900,1200,14476,1976025.5490442794,1.9760255490442793,7325.816210727353,8076.818646262289,0.9070175438589948
40634,BBVA Banco Francés,BANELCO,AV. BELGRANO 698,Monserrat,Comuna 1,1,0-300 m,0,300,2139,282289.36414897913,0.28228936414897915,7577.331177348699,7577.331177348699,1.0
40634,BBVA Banco Francés,BANELCO,AV. BELGRANO 698,Monserrat,Comuna 1,2,300-600 m,300,600,6673,846868.092447653,0.8468680924476529,7879.6214658571225,7577.331177348699,1.0398940314780056
40634,BBVA Banco Francés,BANELCO,AV. BELGRANO 698,Monserrat,Comuna 1,3,600-900 m,600,900,12998,1411446.8207453075,1.4114468207453075,9208.990242463737,7577.331177348699,1.2153342683493416
40634,BBVA Banco Francés,BANELCO,AV. BELGRANO 698,Monserrat,Comuna 1,4,900-1200 m,900,1200,12755,1976025.5490442794,1.9760255490442793,6454.876054699323,7577.331177348699,0.8518666933808056
40108,Banco Santander Río,BANELCO,AV. BELGRANO 980,Monserrat,Comuna 1,1,0-300 m,0,300,1941,282289.36414897913,0.28228936414897915,6875.9232422785535,6875.9232422785535,1.0
40108,Banco Santander Río,BANELCO,AV. BELGRANO 980,Monserrat,Comuna 1,2,300-600 m,300,600,5720,846868.092447653,0.8468680924476529,6754.298634003108,6875.9232422785535,0.9823115232689623
40108,Banco Santander Río,BANELCO,AV. BELGRANO 980,Monserrat,Comuna 1,3,600-900 m,600,900,12083,1411446.8207453075,1.4114468207453075,8560.719272171822,6875.9232422785535,1.245028335908962
40108,Banco Santander Río,BANELCO,AV. BELGRANO 980,Monserrat,Comuna 1,4,900-1200 m,900,1200,17208,1976025.5490442794,1.9760255490442793,8708.38942761787,6875.9232422785535,1.2665047471838955
40755,Banco Galicia,BANELCO,AV. BELGRANO 992,Monserrat,Comuna 1,1,0-300 m,0,300,1775,282289.36414897913,0.28228936414897915,6287.874165401562,6287.874165401562,1.0
40755,Banco Galicia,BANELCO,AV. BELGRANO 992,Monserrat,Comuna 1,2,300-600 m,300,600,5979,846868.092447653,0.8468680924476529,7060.131386836466,6287.874165401562,1.1228169014075022
40755,Banco Galicia,BANELCO,AV. BELGRANO 992,Monserrat,Comuna 1,3,600-900 m,600,900,11981,1411446.8207453075,1.4114468207453075,8488.453000073707,6287.874165401562,1.3499718309855218
40755,Banco Galicia,BANELCO,AV. BELGRANO 992,Monserrat,Comuna 1,4,900-1200 m,900,1200,16981,1976025.5490442794,1.9760255490442793,8593.51237043114,6287.874165401562,1.3666800804819117
40407,Banco Supervielle,BANELCO,AV. BOEDO 729,Boedo,Comuna 5,1,0-300 m,0,300,1437,282289.36414897913,0.28228936414897915,5090.521225736364,5090.521225736364,1.0
40407,Banco Supervielle,BANELCO,AV. BOEDO 729,Boedo,Comuna 5,2,300-600 m,300,600,4159,846868.092447653,0.8468680924476529,4911.036366926386,5090.521225736364,0.9647413593125693
40407,Banco Supervielle,BANELCO,AV. BOEDO 729,Boedo,Comuna 5,3,600-900 m,600,900,6565,1411446.8207453075,1.4114468207453075,4651.255650236531,5090.521225736364,0.9137091162140689
40407,Banco Supervielle,BANELCO,AV. BOEDO 729,Boedo,Comuna 5,4,900-1200 m,900,1200,10260,1976025.5490442794,1.9760255490442793,5192.240558307726,5090.521225736364,1.0199821055763594
40097,Banco Santander Río,BANELCO,AV. BOEDO 802,Boedo,Comuna 5,1,0-300 m,0,300,1570,282289.36414897913,0.28228936414897915,5561.668980101664,5561.668980101664,1.0
40097,Banco Santander Río,BANELCO,AV. BOEDO 802,Boedo,Comuna 5,2,300-600 m,300,600,4105,846868.092447653,0.8468680924476529,4847.27200919279,5561.668980101664,0.8715498938421512
40097,Banco Santander Río,BANELCO,AV. BOEDO 802,Boedo,Comuna 5,3,600-900 m,600,900,6355,1411446.8207453075,1.4114468207453075,4502.472148858059,5561.668980101664,0.8095541401271524
40097,Banco Santander Río,BANELCO,AV. BOEDO 802,Boedo,Comuna 5,4,900-1200 m,900,1200,10324,1976025.5490442794,1.9760255490442793,5224.628803505747,5561.668980101664,0.9393994540484579
41202,HSBC Bank Argentina,BANELCO,AV. BRASIL 1199,Constitucion,Comuna 1,1,0-300 m,0,300,8224,282289.36414897913,0.28228936414897915,29133.226555640817,29133.226555640817,1.0
41202,HSBC Bank Argentina,BANELCO,AV. BRASIL 1199,Constitucion,Comuna 1,2,300-600 m,300,600,8240,846868.092447653,0.8468680924476529,9729.96866157091,29133.226555640817,0.33398184176366075
41202,HSBC Bank Argentina,BANELCO,AV. BRASIL 1199,Constitucion,Comuna 1,3,600-900 m,600,900,8113,1411446.8207453075,1.4114468207453075,5748.002603254985,29133.226555640817,0.19730058365752998
41202,HSBC Bank Argentina,BANELCO,AV. BRASIL 1199,Constitucion,Comuna 1,4,900-1200 m,900,1200,11673,1976025.5490442794,1.9760255490442793,5907.312284320282,29133.226555640817,0.20276889938840295
39798,Banco Itaú,BANELCO,AV. CABILDO 1000,Colegiales,Comuna 13,1,0-300 m,0,300,1820,282289.36414897913,0.28228936414897915,6447.285059735686,6447.285059735686,1.0
39798,Banco Itaú,BANELCO,AV. CABILDO 1000,Colegiales,Comuna 13,2,300-600 m,300,600,3385,846868.092447653,0.8468680924476529,3997.0805727448464,6447.285059735686,0.6199633699628462
39798,Banco Itaú,BANELCO,AV. CABILDO 1000,Colegiales,Comuna 13,3,600-900 m,600,900,4096,1411446.8207453075,1.4114468207453075,2901.9867697439195,6447.285059735686,0.45010989010975877
39798,Banco Itaú,BANELCO,AV. CABILDO 1000,Colegiales,Comuna 13,4,900-1200 m,900,1200,6524,1976025.5490442794,1.9760255490442793,3301.576744873256,6447.285059735686,0.5120879120875427
40306,Banco Santander Río,BANELCO,AV. CABILDO 1021,Palermo,Comuna 14,1,0-300 m,0,300,1683,282289.36414897913,0.28228936414897915,5961.967448096242,5961.967448096242,1.0
40306,Banco Santander Río,BANELCO,AV. CABILDO 1021,Palermo,Comuna 14,2,300-600 m,300,600,3273,846868.092447653,0.8468680924476529,3864.8285715196107,5961.967448096242,0.6482471776583947
40306,Banco Santander Río,BANELCO,AV. CABILDO 1021,Palermo,Comuna 14,3,600-900 m,600,900,4306,1411446.8207453075,1.4114468207453075,3050.770271122392,5961.967448096242,0.5117052881757271
40306,Banco Santander Río,BANELCO,AV. CABILDO 1021,Palermo,Comuna 14,4,900-1200 m,900,1200,6717,1976025.5490442794,1.9760255490442793,3399.2475467985378,5961.967448096242,0.5701553348608059
39990,Banco Patagonia,BANELCO,AV. CABILDO 1159,Palermo,Comuna 14,1,0-300 m,0,300,1404,282289.36414897913,0.28228936414897915,4973.619903224672,4973.619903224672,1.0
39990,Banco Patagonia,BANELCO,AV. CABILDO 1159,Palermo,Comuna 14,2,300-600 m,300,600,3565,846868.092447653,0.8468680924476529,4209.628431856832,4973.619903224672,0.8463912630572147
39990,Banco Patagonia,BANELCO,AV. CABILDO 1159,Palermo,Comuna 14,3,600-900 m,600,900,4540,1411446.8207453075,1.4114468207453075,3216.557601229833,4973.619903224672,0.6467236467234582
39990,Banco Patagonia,BANELCO,AV. CABILDO 1159,Palermo,Comuna 14,4,900-1200 m,900,1200,6867,1976025.5490442794,1.9760255490442793,3475.1574964813994,4973.619903224672,0.6987179487174449
40187,Banco Santander Río,BANELCO,AV. CABILDO 1741,Belgrano,Comuna 13,1,0-300 m,0,300,1943,282289.36414897913,0.28228936414897915,6883.008170915626,6883.008170915626,1.0
40187,Banco Santander Río,BANELCO,AV. CABILDO 1741,Belgrano,Comuna 13,2,300-600 m,300,600,4911,846868.092447653,0.8468680924476529,5799.014089438682,6883.008170915626,0.8425115800301682
40187,Banco Santander Río,BANELCO,AV. CABILDO 1741,Belgrano,Comuna 13,3,600-900 m,600,900,6322,1411446.8207453075,1.4114468207453075,4479.091884355727,6883.008170915626,0.6507462686565266
40187,Banco Santander Río,BANELCO,AV. CABILDO 1741,Belgrano,Comuna 13,4,900-1200 m,900,1200,8221,1976025.5490442794,1.9760255490442793,4160.371308952029,6883.008170915626,0.6044408499370686
41177,HSBC Bank Argentina,BANELCO,AV. CABILDO 1802,Belgrano,Comuna 13,1,0-300 m,0,300,2120,282289.36414897913,0.28228936414897915,7510.024355296514,7510.024355296514,1.0
41177,HSBC Bank Argentina,BANELCO,AV. CABILDO 1802,Belgrano,Comuna 13,2,300-600 m,300,600,5283,846868.092447653,0.8468680924476529,6238.2796649367865,7510.024355296514,0.8306603773577887
41177,HSBC Bank Argentina,BANELCO,AV. CABILDO 1802,Belgrano,Comuna 13,3,600-900 m,600,900,6066,1411446.8207453075,1.4114468207453075,4297.7177112467325,7510.024355296514,0.5722641509432292
41177,HSBC Bank Argentina,BANELCO,AV. CABILDO 1802,Belgrano,Comuna 13,4,900-1200 m,900,1200,7807,1976025.5490442794,1.9760255490442793,3950.859847827331,7510.024355296514,0.5260781671155235
40011,Banco Patagonia,BANELCO,AV. CABILDO 1939,Belgrano,Comuna 13,1,0-300 m,0,300,2959,282289.36414897913,0.28228936414897915,10482.151918548294,10482.151918548294,1.0
40011,Banco Patagonia,BANELCO,AV. CABILDO 1939,Belgrano,Comuna 13,2,300-600 m,300,600,5374,846868.092447653,0.8468680924476529,6345.734415932291,10482.151918548294,0.6053847020384657
40011,Banco Patagonia,BANELCO,AV. CABILDO 1939,Belgrano,Comuna 13,3,600-900 m,600,900,6432,1411446.8207453075,1.4114468207453075,4557.026099363498,10482.151918548294,0.43474146671160013
40011,Banco Patagonia,BANELCO,AV. CABILDO 1939,Belgrano,Comuna 13,4,900-1200 m,900,1200,7628,1976025.5490442794,1.9760255490442793,3860.2739745391164,10482.151918548294,0.36827113407012496
39843,Banco Itaú,BANELCO,AV. CABILDO 2215,Belgrano,Comuna 13,1,0-300 m,0,300,3696,282289.36414897913,0.28228936414897915,13092.948121309395,13092.948121309395,1.0
39843,Banco Itaú,BANELCO,AV. CABILDO 2215,Belgrano,Comuna 13,2,300-600 m,300,600,5114,846868.092447653,0.8468680924476529,6038.720841659422,13092.948121309395,0.4612193362189465
39843,Banco Itaú,BANELCO,AV. CABILDO 2215,Belgrano,Comuna 13,3,600-900 m,600,900,7363,1411446.8207453075,1.4114468207453075,5216.632955474726,13092.948121309395,0.3984307359306197
39843,Banco Itaú,BANELCO,AV. CABILDO 2215,Belgrano,Comuna 13,4,900-1200 m,900,1200,7957,1976025.5490442794,1.9760255490442793,4026.769797510193,13092.948121309395,0.30755256648091606
41135,HSBC Bank Argentina,BANELCO,AV CABILDO 2453,Belgrano,Comuna 13,1,0-300 m,0,300,2375,282289.36414897913,0.28228936414897915,8413.352756523218,8413.352756523218,1.0
41135,HSBC Bank Argentina,BANELCO,AV CABILDO 2453,Belgrano,Comuna 13,2,300-600 m,300,600,6482,846868.092447653,0.8468680924476529,7654.084570910515,8413.352756523218,0.9097543859641436
41135,HSBC Bank Argentina,BANELCO,AV CABILDO 2453,Belgrano,Comuna 13,3,600-900 m,600,900,7040,1411446.8207453075,1.4114468207453075,4987.789760497362,8413.352756523218,0.592842105262985
41135,HSBC Bank Argentina,BANELCO,AV CABILDO 2453,Belgrano,Comuna 13,4,900-1200 m,900,1200,8144,1976025.5490442794,1.9760255490442793,4121.40420144816,8413.352756523218,0.489864661653782
40360,Banco Santander Río,BANELCO,AV. CABILDO 2491,Belgrano,Comuna 13,1,0-300 m,0,300,2342,282289.36414897913,0.28228936414897915,8296.451434011526,8296.451434011526,1.0
40360,Banco Santander Río,BANELCO,AV. CABILDO 2491,Belgrano,Comuna 13,2,300-600 m,300,600,5483,846868.092447653,0.8468680924476529,6474.443952838993,8296.451434011526,0.7803871335034682
40360,Banco Santander Río,BANELCO,AV. CABILDO 2491,Belgrano,Comuna 13,3,600-900 m,600,900,7859,1411446.8207453075,1.4114468207453075,5568.045415873405,8296.451434011526,0.6711357813832373
40360,Banco Santander Río,BANELCO,AV. CABILDO 2491,Belgrano,Comuna 13,4,900-1200 m,900,1200,7951,1976025.5490442794,1.9760255490442793,4023.7333995228782,8296.451434011526,0.48499451018630385
40262,Banco Santander Río,BANELCO,AV. CABILDO 2754,Belgrano,Comuna 13,1,0-300 m,0,300,2220,282289.36414897913,0.28228936414897915,7864.270787150123,7864.270787150123,1.0
40262,Banco Santander Río,BANELCO,AV. CABILDO 2754,Belgrano,Comuna 13,2,300-600 m,300,600,4476,846868.092447653,0.8468680924476529,5285.356763251383,7864.270787150123,0.6720720720715042
40262,Banco Santander Río,BANELCO,AV. CABILDO 2754,Belgrano,Comuna 13,3,600-900 m,600,900,6702,1411446.8207453075,1.4114468207453075,4748.319172564392,7864.270787150123,0.6037837837836076
40262,Banco Santander Río,BANELCO,AV. CABILDO 2754,Belgrano,Comuna 13,4,900-1200 m,900,1200,9164,1976025.5490442794,1.9760255490442793,4637.591859291619,7864.270787150123,0.5897039897035644
41347,ICBC,BANELCO,Av. Cabildo 3223,Nuñez,Comuna 13,1,0-300 m,0,300,1491,282289.36414897913,0.28228936414897915,5281.814298937313,5281.814298937313,1.0
41347,ICBC,BANELCO,Av. Cabildo 3223,Nuñez,Comuna 13,2,300-600 m,300,600,4060,846868.092447653,0.8468680924476529,4794.135044414794,5281.814298937313,0.9076682316111268
41347,ICBC,BANELCO,Av. Cabildo 3223,Nuñez,Comuna 13,3,600-900 m,600,900,5314,1411446.8207453075,1.4114468207453075,3764.9310777390597,5281.814298937313,0.7128101945001274
41347,ICBC,BANELCO,Av. Cabildo 3223,Nuñez,Comuna 13,4,900-1200 m,900,1200,6970,1976025.5490442794,1.9760255490442793,3527.282328596964,5281.814298937313,0.6678164223431036
40296,Banco Santander Río,BANELCO,AV. CABILDO 3349,Nuñez,Comuna 13,1,0-300 m,0,300,1602,282289.36414897913,0.28228936414897915,5675.027838294818,5675.027838294818,1.0
40296,Banco Santander Río,BANELCO,AV. CABILDO 3349,Nuñez,Comuna 13,2,300-600 m,300,600,3499,846868.092447653,0.8468680924476529,4131.694216849104,5675.027838294818,0.7280482729914782
40296,Banco Santander Río,BANELCO,AV. CABILDO 3349,Nuñez,Comuna 13,3,600-900 m,600,900,5399,1411446.8207453075,1.4114468207453075,3825.1529711541557,5675.027838294818,0.6740324594255213
40296,Banco Santander Río,BANELCO,AV. CABILDO 3349,Nuñez,Comuna 13,4,900-1200 m,900,1200,6638,1976025.5490442794,1.9760255490442793,3359.2683066322306,5675.027838294818,0.5919386481179965
40520,BBVA Banco Francés,BANELCO,AV.CABILDO 3622,Nuñez,Comuna 13,1,0-300 m,0,300,1548,282289.36414897913,0.28228936414897915,5483.73476509387,5483.73476509387,1.0
40520,BBVA Banco Francés,BANELCO,AV.CABILDO 3622,Nuñez,Comuna 13,2,300-600 m,300,600,3211,846868.092447653,0.8468680924476529,3791.6176422699264,5483.73476509387,0.6914298018943339
40520,BBVA Banco Francés,BANELCO,AV.CABILDO 3622,Nuñez,Comuna 13,3,600-900 m,600,900,4374,1411446.8207453075,1.4114468207453075,3098.9477858544687,5483.73476509387,0.5651162790696025
40520,BBVA Banco Francés,BANELCO,AV.CABILDO 3622,Nuñez,Comuna 13,4,900-1200 m,900,1200,6575,1976025.5490442794,1.9760255490442793,3327.3861277654287,5483.73476509387,0.6067737172383958
39892,Banco Itaú,BANELCO,AV. CABILDO 3702,Saavedra,Comuna 12,1,0-300 m,0,300,1458,282289.36414897913,0.28228936414897915,5164.912976425621,5164.912976425621,1.0
39892,Banco Itaú,BANELCO,AV. CABILDO 3702,Saavedra,Comuna 12,2,300-600 m,300,600,3224,846868.092447653,0.8468680924476529,3806.96832098357,5164.912976425621,0.7370827617734971
39892,Banco Itaú,BANELCO,AV. CABILDO 3702,Saavedra,Comuna 12,3,600-900 m,600,900,3937,1411446.8207453075,1.4114468207453075,2789.3364044145046,5164.912976425621,0.5400548696843418
39892,Banco Itaú,BANELCO,AV. CABILDO 3702,Saavedra,Comuna 12,4,900-1200 m,900,1200,6724,1976025.5490442794,1.9760255490442793,3402.790011117071,5164.912976425621,0.6588281403091466
40153,Banco Santander Río,BANELCO,AV. CABILDO 4664,Saavedra,Comuna 12,1,0-300 m,0,300,1223,282289.36414897913,0.28228936414897915,4332.43386156964,4332.43386156964,1.0
40153,Banco Santander Río,BANELCO,AV. CABILDO 4664,Saavedra,Comuna 12,2,300-600 m,300,600,2754,846868.092447653,0.8468680924476529,3251.9822444133847,4332.43386156964,0.7506132461154739
40153,Banco Santander Río,BANELCO,AV. CABILDO 4664,Saavedra,Comuna 12,3,600-900 m,600,900,2326,1411446.8207453075,1.4114468207453075,1647.954400982509,4332.43386156964,0.38037612428443524
40153,Banco Santander Río,BANELCO,AV. CABILDO 4664,Saavedra,Comuna 12,4,900-1200 m,900,1200,3670,1976025.5490442794,1.9760255490442793,1857.2634355740113,4332.43386156964,0.42868823735513994
41228,ICBC,BANELCO,AV. CABILDO 745,Palermo,Comuna 14,1,0-300 m,0,300,2042,282289.36414897913,0.28228936414897915,7233.712138450699,7233.712138450699,1.0
41228,ICBC,BANELCO,AV. CABILDO 745,Palermo,Comuna 14,2,300-600 m,300,600,2834,846868.092447653,0.8468680924476529,3346.4479595742673,7233.712138450699,0.4626183480244214
41228,ICBC,BANELCO,AV. CABILDO 745,Palermo,Comuna 14,3,600-900 m,600,900,4227,1411446.8207453075,1.4114468207453075,2994.799334889538,7233.712138450699,0.4140058765914561
41228,ICBC,BANELCO,AV. CABILDO 745,Palermo,Comuna 14,4,900-1200 m,900,1200,6477,1976025.5490442794,1.9760255490442793,3277.7916273059595,7233.712138450699,0.45312718623165865
40370,Banco Santander Río,BANELCO,AV. CABILDO 769,Palermo,Comuna 14,1,0-300 m,0,300,2003,282289.36414897913,0.28228936414897915,7095.556030027791,7095.556030027791,1.0
40370,Banco Santander Río,BANELCO,AV. CABILDO 769,Palermo,Comuna 14,2,300-600 m,300,600,2937,846868.092447653,0.8468680924476529,3468.0725678439035,7095.556030027791,0.48876684972499895
40370,Banco Santander Río,BANELCO,AV. CABILDO 769,Palermo,Comuna 14,3,600-900 m,600,900,4153,1411446.8207453075,1.4114468207453075,2942.370862975219,7095.556030027791,0.4146779830253408
40370,Banco Santander Río,BANELCO,AV. CABILDO 769,Palermo,Comuna 14,4,900-1200 m,900,1200,6486,1976025.5490442794,1.9760255490442793,3282.346224286931,7095.556030027791,0.4625918265455618
41199,HSBC Bank Argentina,BANELCO,AV. CABILDO 867,Palermo,Comuna 14,1,0-300 m,0,300,2043,282289.36414897913,0.28228936414897915,7237.254602769235,7237.254602769235,1.0
41199,HSBC Bank Argentina,BANELCO,AV. CABILDO 867,Palermo,Comuna 14,2,300-600 m,300,600,2879,846868.092447653,0.8468680924476529,3399.5849243522634,7237.254602769235,0.4697340512314517
41199,HSBC Bank Argentina,BANELCO,AV. CABILDO 867,Palermo,Comuna 14,3,600-900 m,600,900,4068,1411446.8207453075,1.4114468207453075,2882.148969560123,7237.254602769235,0.3982378854624389
41199,HSBC Bank Argentina,BANELCO,AV. CABILDO 867,Palermo,Comuna 14,4,900-1200 m,900,1200,6775,1976025.5490442794,1.9760255490442793,3428.599394009244,7237.254602769235,0.4737430948881276
40792,Banco Galicia,BANELCO,AV. CABILDO 935,Palermo,Comuna 14,1,0-300 m,0,300,1965,282289.36414897913,0.28228936414897915,6960.942385923419,6960.942385923419,1.0
40792,Banco Galicia,BANELCO,AV. CABILDO 935,Palermo,Comuna 14,2,300-600 m,300,600,2969,846868.092447653,0.8468680924476529,3505.8588539082566,6960.942385923419,0.5036471586085652
40792,Banco Galicia,BANELCO,AV. CABILDO 935,Palermo,Comuna 14,3,600-900 m,600,900,4125,1411446.8207453075,1.4114468207453075,2922.533062791423,6960.942385923419,0.4198473282441524
40792,Banco Galicia,BANELCO,AV. CABILDO 935,Palermo,Comuna 14,4,900-1200 m,900,1200,6869,1976025.5490442794,1.9760255490442793,3476.1696291438375,6960.942385923419,0.49938204289313315
40447,Banco Supervielle,BANELCO,AV. CALLAO 1021,Recoleta,Comuna 2,1,0-300 m,0,300,3012,282289.36414897913,0.28228936414897915,10669.902527430708,10669.902527430708,1.0
40447,Banco Supervielle,BANELCO,AV. CALLAO 1021,Recoleta,Comuna 2,2,300-600 m,300,600,7137,846868.092447653,0.8468680924476529,8427.522613790241,10669.902527430708,0.7898406374495318
40447,Banco Supervielle,BANELCO,AV. CALLAO 1021,Recoleta,Comuna 2,3,600-900 m,600,900,11067,1411446.8207453075,1.4114468207453075,7840.890522645498,10669.902527430708,0.73486055776871
40447,Banco Supervielle,BANELCO,AV. CALLAO 1021,Recoleta,Comuna 2,4,900-1200 m,900,1200,19827,1976025.5490442794,1.9760255490442793,10033.777149080632,10669.902527430708,0.9403813318149165
40029,Banco Patagonia,BANELCO,AV. CALLAO 1165,Recoleta,Comuna 2,1,0-300 m,0,300,3012,282289.36414897913,0.28228936414897915,10669.902527430708,10669.902527430708,1.0
40029,Banco Patagonia,BANELCO,AV. CALLAO 1165,Recoleta,Comuna 2,2,300-600 m,300,600,6256,846868.092447653,0.8468680924476529,7387.218925581022,10669.902527430708,0.6923417441339879
40029,Banco Patagonia,BANELCO,AV. CALLAO 1165,Recoleta,Comuna 2,3,600-900 m,600,900,10934,1411446.8207453075,1.4114468207453075,7746.660971772465,10669.902527430708,0.7260292164672517
40029,Banco Patagonia,BANELCO,AV. CALLAO 1165,Recoleta,Comuna 2,4,900-1200 m,900,1200,15828,1976025.5490442794,1.9760255490442793,8010.017890535545,10669.902527430708,0.7507114399539264
40923,Banco Galicia,BANELCO,AV. CALLAO 1171,Recoleta,Comuna 2,1,0-300 m,0,300,3016,282289.36414897913,0.28228936414897915,10684.072384704852,10684.072384704852,1.0
40923,Banco Galicia,BANELCO,AV. CALLAO 1171,Recoleta,Comuna 2,2,300-600 m,300,600,5873,846868.092447653,0.8468680924476529,6934.964314248296,10684.072384704852,0.6490937223690361
40923,Banco Galicia,BANELCO,AV. CALLAO 1171,Recoleta,Comuna 2,3,600-900 m,600,900,11286,1411446.8207453075,1.4114468207453075,7996.050459797333,10684.072384704852,0.7484084880634422
40923,Banco Galicia,BANELCO,AV. CALLAO 1171,Recoleta,Comuna 2,4,900-1200 m,900,1200,15763,1976025.5490442794,1.9760255490442793,7977.123579006305,10684.072384704852,0.7466369837054107
39840,Banco Itaú,BANELCO,AV. CALLAO 1270,Recoleta,Comuna 2,1,0-300 m,0,300,2801,282289.36414897913,0.28228936414897915,9922.442556219592,9922.442556219592,1.0
39840,Banco Itaú,BANELCO,AV. CALLAO 1270,Recoleta,Comuna 2,2,300-600 m,300,600,5737,846868.092447653,0.8468680924476529,6774.372598474795,9922.442556219592,0.6827323574907953
39840,Banco Itaú,BANELCO,AV. CALLAO 1270,Recoleta,Comuna 2,3,600-900 m,600,900,11066,1411446.8207453075,1.4114468207453075,7840.18202978179,9922.442556219592,0.7901463762939501
39840,Banco Itaú,BANELCO,AV. CALLAO 1270,Recoleta,Comuna 2,4,900-1200 m,900,1200,15050,1976025.5490442794,1.9760255490442793,7616.298284847103,9922.442556219592,0.7675830060687073
39788,Banco Itaú,BANELCO,AV. CALLAO 1270,Recoleta,Comuna 2,1,0-300 m,0,300,2801,282289.36414897913,0.28228936414897915,9922.442556219592,9922.442556219592,1.0
39788,Banco Itaú,BANELCO,AV. CALLAO 1270,Recoleta,Comuna 2,2,300-600 m,300,600,5737,846868.092447653,0.8468680924476529,6774.372598474795,9922.442556219592,0.6827323574907953
39788,Banco Itaú,BANELCO,AV. CALLAO 1270,Recoleta,Comuna 2,3,600-900 m,600,900,11066,1411446.8207453075,1.4114468207453075,7840.18202978179,9922.442556219592,0.7901463762939501
39788,Banco Itaú,BANELCO,AV. CALLAO 1270,Recoleta,Comuna 2,4,900-1200 m,900,1200,15050,1976025.5490442794,1.9760255490442793,7616.298284847103,9922.442556219592,0.7675830060687073
39778,Banco Comafi,BANELCO,AV. CALLAO 1279,Recoleta,Comuna 2,1,0-300 m,0,300,2487,282289.36414897913,0.28228936414897915,8810.10876019926,8810.10876019926,1.0
39778,Banco Comafi,BANELCO,AV. CALLAO 1279,Recoleta,Comuna 2,2,300-600 m,300,600,5985,846868.092447653,0.8468680924476529,7067.216315473532,8810.10876019926,0.802171290711023
39778,Banco Comafi,BANELCO,AV. CALLAO 1279,Recoleta,Comuna 2,3,600-900 m,600,900,10717,1411446.8207453075,1.4114468207453075,7592.918020348044,8810.10876019926,0.8618415761959689
39778,Banco Comafi,BANELCO,AV. CALLAO 1279,Recoleta,Comuna 2,4,900-1200 m,900,1200,15211,1976025.5490442794,1.9760255490442793,7697.774964173374,8810.10876019926,0.8737434660226909
40844,Banco Galicia,BANELCO,AV. CALLAO 141,San Nicolas,Comuna 1,1,0-300 m,0,300,4088,282289.36414897913,0.28228936414897915,14481.594134175542,14481.594134175542,1.0
40844,Banco Galicia,BANELCO,AV. CALLAO 141,San Nicolas,Comuna 1,2,300-600 m,300,600,9037,846868.092447653,0.8468680924476529,10671.083348861204,14481.594134175542,0.7368721461180989
40844,Banco Galicia,BANELCO,AV. CALLAO 141,San Nicolas,Comuna 1,3,600-900 m,600,900,12168,1411446.8207453075,1.4114468207453075,8620.941165586917,14481.594134175542,0.5953033268100024
40844,Banco Galicia,BANELCO,AV. CALLAO 141,San Nicolas,Comuna 1,4,900-1200 m,900,1200,18011,1976025.5490442794,1.9760255490442793,9114.76069158679,14481.594134175542,0.6294031311150059
40518,BBVA Banco Francés,BANELCO,AV. CALLAO 1499,Recoleta,Comuna 2,1,0-300 m,0,300,1870,282289.36414897913,0.28228936414897915,6624.408275662491,6624.408275662491,1.0
40518,BBVA Banco Francés,BANELCO,AV. CALLAO 1499,Recoleta,Comuna 2,2,300-600 m,300,600,6191,846868.092447653,0.8468680924476529,7310.465532012805,6624.408275662491,1.1035650623876594
40518,BBVA Banco Francés,BANELCO,AV. CALLAO 1499,Recoleta,Comuna 2,3,600-900 m,600,900,8035,1411446.8207453075,1.4114468207453075,5692.740159885839,6624.408275662491,0.8593582887698028
40518,BBVA Banco Francés,BANELCO,AV. CALLAO 1499,Recoleta,Comuna 2,4,900-1200 m,900,1200,13380,1976025.5490442794,1.9760255490442793,6771.167511711245,6624.408275662491,1.022154316271226
41121,HSBC Bank Argentina,BANELCO,AV. CALLAO 1631,Recoleta,Comuna 2,1,0-300 m,0,300,1874,282289.36414897913,0.28228936414897915,6638.5781329366355,6638.5781329366355,1.0
41121,HSBC Bank Argentina,BANELCO,AV. CALLAO 1631,Recoleta,Comuna 2,2,300-600 m,300,600,4413,846868.092447653,0.8468680924476529,5210.965012562188,6638.5781329366355,0.7849519743856762
41121,HSBC Bank Argentina,BANELCO,AV. CALLAO 1631,Recoleta,Comuna 2,3,600-900 m,600,900,9033,1411446.8207453075,1.4114468207453075,6399.816037865436,6638.5781329366355,0.9640341515472107
41121,HSBC Bank Argentina,BANELCO,AV. CALLAO 1631,Recoleta,Comuna 2,4,900-1200 m,900,1200,9735,1976025.5490442794,1.9760255490442793,4926.555734417711,6638.5781329366355,0.7421100777552202
41345,ICBC,BANELCO,AV. CALLAO 1661,Recoleta,Comuna 2,1,0-300 m,0,300,1837,282289.36414897913,0.28228936414897915,6507.5069531508,6507.5069531508,1.0
41345,ICBC,BANELCO,AV. CALLAO 1661,Recoleta,Comuna 2,2,300-600 m,300,600,4215,846868.092447653,0.8468680924476529,4977.162367539004,6507.5069531508,0.7648339684261367
41345,ICBC,BANELCO,AV. CALLAO 1661,Recoleta,Comuna 2,3,600-900 m,600,900,8707,1411446.8207453075,1.4114468207453075,6168.84736429695,6507.5069531508,0.9479586281978727
41345,ICBC,BANELCO,AV. CALLAO 1661,Recoleta,Comuna 2,4,900-1200 m,900,1200,9278,1976025.5490442794,1.9760255490442793,4695.283421050593,6507.5069531508,0.7215180029546082
39735,Banco Comafi,BANELCO,AV. CALLAO 169,San Nicolas,Comuna 1,1,0-300 m,0,300,3955,282289.36414897913,0.28228936414897915,14010.446379810242,14010.446379810242,1.0
39735,Banco Comafi,BANELCO,AV. CALLAO 169,San Nicolas,Comuna 1,2,300-600 m,300,600,9209,846868.092447653,0.8468680924476529,10874.184636457101,14010.446379810242,0.7761483354397151
39735,Banco Comafi,BANELCO,AV. CALLAO 169,San Nicolas,Comuna 1,3,600-900 m,600,900,12308,1411446.8207453075,1.4114468207453075,8720.1301665059,14010.446379810242,0.6224020227558236
39735,Banco Comafi,BANELCO,AV. CALLAO 169,San Nicolas,Comuna 1,4,900-1200 m,900,1200,18493,1976025.5490442794,1.9760255490442793,9358.684663234384,14010.446379810242,0.6679790500266086
40209,Banco Santander Río,BANELCO,AV CALLAO 1690,Recoleta,Comuna 2,1,0-300 m,0,300,1662,282289.36414897913,0.28228936414897915,5887.575697406984,5887.575697406984,1.0
40209,Banco Santander Río,BANELCO,AV CALLAO 1690,Recoleta,Comuna 2,2,300-600 m,300,600,4148,846868.092447653,0.8468680924476529,4898.047331091764,5887.575697406984,0.8319294023258114
40209,Banco Santander Río,BANELCO,AV CALLAO 1690,Recoleta,Comuna 2,3,600-900 m,600,900,8308,1411446.8207453075,1.4114468207453075,5886.158711677853,5887.575697406984,0.9997593261128253
40209,Banco Santander Río,BANELCO,AV CALLAO 1690,Recoleta,Comuna 2,4,900-1200 m,900,1200,9024,1976025.5490442794,1.9760255490442793,4566.742572920947,5887.575697406984,0.7756575554403895
40202,Banco Santander Río,BANELCO,AV. CALLAO 1833,Recoleta,Comuna 2,1,0-300 m,0,300,1299,282289.36414897913,0.28228936414897915,4601.661149778382,4601.661149778382,1.0
40202,Banco Santander Río,BANELCO,AV. CALLAO 1833,Recoleta,Comuna 2,2,300-600 m,300,600,4240,846868.092447653,0.8468680924476529,5006.682903526779,4601.661149778382,1.088016422888483
40202,Banco Santander Río,BANELCO,AV. CALLAO 1833,Recoleta,Comuna 2,3,600-900 m,600,900,5448,1411446.8207453075,1.4114468207453075,3859.869121475799,4601.661149778382,0.8387990762122265
40202,Banco Santander Río,BANELCO,AV. CALLAO 1833,Recoleta,Comuna 2,4,900-1200 m,900,1200,10040,1976025.5490442794,1.9760255490442793,5080.90596543953,4601.661149778382,1.1041460464085295
40404,Banco Supervielle,BANELCO,AV. CALLAO 1991,Recoleta,Comuna 2,1,0-300 m,0,300,1319,282289.36414897913,0.28228936414897915,4672.510436149105,4672.510436149105,1.0
40404,Banco Supervielle,BANELCO,AV. CALLAO 1991,Recoleta,Comuna 2,2,300-600 m,300,600,2443,846868.092447653,0.8468680924476529,2884.7467767254534,4672.510436149105,0.6173869092741815
40404,Banco Supervielle,BANELCO,AV. CALLAO 1991,Recoleta,Comuna 2,3,600-900 m,600,900,5715,1411446.8207453075,1.4114468207453075,4049.0367160855712,4672.510436149105,0.8665655799845842
40404,Banco Supervielle,BANELCO,AV. CALLAO 1991,Recoleta,Comuna 2,4,900-1200 m,900,1200,9903,1976025.5490442794,1.9760255490442793,5011.574878062516,4672.510436149105,1.0725657965983817
40556,BBVA Banco Francés,BANELCO,AV.CALLAO 257,San Nicolas,Comuna 1,1,0-300 m,0,300,4313,282289.36414897913,0.28228936414897915,15278.648605846163,15278.648605846163,1.0
40556,BBVA Banco Francés,BANELCO,AV.CALLAO 257,San Nicolas,Comuna 1,2,300-600 m,300,600,9265,846868.092447653,0.8468680924476529,10940.310637069719,15278.648605846163,0.7160522451497157
40556,BBVA Banco Francés,BANELCO,AV.CALLAO 257,San Nicolas,Comuna 1,3,600-900 m,600,900,13362,1411446.8207453075,1.4114468207453075,9466.881644853089,15278.648605846163,0.619615117087693
40556,BBVA Banco Francés,BANELCO,AV.CALLAO 257,San Nicolas,Comuna 1,4,900-1200 m,900,1200,17750,1976025.5490442794,1.9760255490442793,8982.67737913861,15278.648605846163,0.58792355337641
39919,Banco Macro,BANELCO,AV. CALLAO 264,Balvanera,Comuna 3,1,0-300 m,0,300,4452,282289.36414897913,0.28228936414897915,15771.05114612268,15771.05114612268,1.0
39919,Banco Macro,BANELCO,AV. CALLAO 264,Balvanera,Comuna 3,2,300-600 m,300,600,9058,846868.092447653,0.8468680924476529,10695.880599090935,15771.05114612268,0.6781970649889447
39919,Banco Macro,BANELCO,AV. CALLAO 264,Balvanera,Comuna 3,3,600-900 m,600,900,13808,1411446.8207453075,1.4114468207453075,9782.869462066417,15771.05114612268,0.6203054806826582
39919,Banco Macro,BANELCO,AV. CALLAO 264,Balvanera,Comuna 3,4,900-1200 m,900,1200,16737,1976025.5490442794,1.9760255490442793,8470.032185613685,15771.05114612268,0.537061994608777
40036,Banco Patagonia,BANELCO,AV. CALLAO 273,San Nicolas,Comuna 1,1,0-300 m,0,300,4682,282289.36414897913,0.28228936414897915,16585.81793938598,16585.81793938598,1.0
40036,Banco Patagonia,BANELCO,AV. CALLAO 273,San Nicolas,Comuna 1,2,300-600 m,300,600,8961,846868.092447653,0.8468680924476529,10581.340919458366,16585.81793938598,0.6379752242625965
40036,Banco Patagonia,BANELCO,AV. CALLAO 273,San Nicolas,Comuna 1,3,600-900 m,600,900,13365,1411446.8207453075,1.4114468207453075,9469.007123444211,16585.81793938598,0.5709098675777917
40036,Banco Patagonia,BANELCO,AV. CALLAO 273,San Nicolas,Comuna 1,4,900-1200 m,900,1200,17936,1976025.5490442794,1.9760255490442793,9076.805716745359,16585.81793938598,0.5472630743878399
40276,Banco Santander Río,BANELCO,AV. CALLAO 349,San Nicolas,Comuna 1,1,0-300 m,0,300,4610,282289.36414897913,0.28228936414897915,16330.760508451382,16330.760508451382,1.0
40276,Banco Santander Río,BANELCO,AV. CALLAO 349,San Nicolas,Comuna 1,2,300-600 m,300,600,8818,846868.092447653,0.8468680924476529,10412.483453608287,16330.760508451382,0.6375994215468221
40276,Banco Santander Río,BANELCO,AV. CALLAO 349,San Nicolas,Comuna 1,3,600-900 m,600,900,14518,1411446.8207453075,1.4114468207453075,10285.899395298395,16330.760508451382,0.6298481561820288
40276,Banco Santander Río,BANELCO,AV. CALLAO 349,San Nicolas,Comuna 1,4,900-1200 m,900,1200,17037,1976025.5490442794,1.9760255490442793,8621.852084979408,16330.760508451382,0.5279516578862011
40335,Banco Santander Río,BANELCO,AV. CASEROS 2795,Parque Patricios,Comuna 4,1,0-300 m,0,300,1346,282289.36414897913,0.28228936414897915,4768.156972749579,4768.156972749579,1.0
40335,Banco Santander Río,BANELCO,AV. CASEROS 2795,Parque Patricios,Comuna 4,2,300-600 m,300,600,2966,846868.092447653,0.8468680924476529,3502.3163895897237,4768.156972749579,0.734522040613545
40335,Banco Santander Río,BANELCO,AV. CASEROS 2795,Parque Patricios,Comuna 4,3,600-900 m,600,900,4209,1411446.8207453075,1.4114468207453075,2982.046463342812,4768.156972749579,0.6254086181276036
40335,Banco Santander Río,BANELCO,AV. CASEROS 2795,Parque Patricios,Comuna 4,4,900-1200 m,900,1200,5676,1976025.5490442794,1.9760255490442793,2872.4324959994788,4768.156972749579,0.6024198683926879
40874,Banco Galicia,BANELCO,AV. CENTENERA 2933,Nueva Pompeya,Comuna 4,1,0-300 m,0,300,574,282289.36414897913,0.28228936414897915,2033.3745188397165,2033.3745188397165,1.0
40874,Banco Galicia,BANELCO,AV. CENTENERA 2933,Nueva Pompeya,Comuna 4,2,300-600 m,300,600,1641,846868.092447653,0.8468680924476529,1937.727982237605,2033.3745188397165,0.9529616724730625
40874,Banco Galicia,BANELCO,AV. CENTENERA 2933,Nueva Pompeya,Comuna 4,3,600-900 m,600,900,4602,1411446.8207453075,1.4114468207453075,3260.4841587796677,2033.3745188397165,1.6034843205570237
40874,Banco Galicia,BANELCO,AV. CENTENERA 2933,Nueva Pompeya,Comuna 4,4,900-1200 m,900,1200,7312,1976025.5490442794,1.9760255490442793,3700.3570138738883,2033.3745188397165,1.8198108511684237
40184,Banco Santander Río,BANELCO,AV. CONSTITUYENTES 5847,Villa Urquiza,Comuna 12,1,0-300 m,0,300,776,282289.36414897913,0.28228936414897915,2748.952311184007,2748.952311184007,1.0
40184,Banco Santander Río,BANELCO,AV. CONSTITUYENTES 5847,Villa Urquiza,Comuna 12,2,300-600 m,300,600,1564,846868.092447653,0.8468680924476529,1846.8047313952554,2748.952311184007,0.6718213058413568
40184,Banco Santander Río,BANELCO,AV. CONSTITUYENTES 5847,Villa Urquiza,Comuna 12,3,600-900 m,600,900,2357,1411446.8207453075,1.4114468207453075,1669.9176797574264,2748.952311184007,0.6074742268039465
40184,Banco Santander Río,BANELCO,AV. CONSTITUYENTES 5847,Villa Urquiza,Comuna 12,4,900-1200 m,900,1200,2366,1976025.5490442794,1.9760255490442793,1197.3529396643353,2748.952311184007,0.43556701030896416
40300,Banco Santander Río,BANELCO,AV. CONSTITUYENTES 5847,Villa Urquiza,Comuna 12,1,0-300 m,0,300,776,282289.36414897913,0.28228936414897915,2748.952311184007,2748.952311184007,1.0
40300,Banco Santander Río,BANELCO,AV. CONSTITUYENTES 5847,Villa Urquiza,Comuna 12,2,300-600 m,300,600,1564,846868.092447653,0.8468680924476529,1846.8047313952554,2748.952311184007,0.6718213058413568
40300,Banco Santander Río,BANELCO,AV. CONSTITUYENTES 5847,Villa Urquiza,Comuna 12,3,600-900 m,600,900,2357,1411446.8207453075,1.4114468207453075,1669.9176797574264,2748.952311184007,0.6074742268039465
40300,Banco Santander Río,BANELCO,AV. CONSTITUYENTES 5847,Villa Urquiza,Comuna 12,4,900-1200 m,900,1200,2366,1976025.5490442794,1.9760255490442793,1197.3529396643353,2748.952311184007,0.43556701030896416
40176,Banco Santander Río,BANELCO,AV. CORDOBA 1299,Retiro,Comuna 1,1,0-300 m,0,300,1876,282289.36414897913,0.28228936414897915,6645.663061573708,6645.663061573708,1.0
40176,Banco Santander Río,BANELCO,AV. CORDOBA 1299,Retiro,Comuna 1,2,300-600 m,300,600,7487,846868.092447653,0.8468680924476529,8840.810117619103,6645.663061573708,1.330312722102643
40176,Banco Santander Río,BANELCO,AV. CORDOBA 1299,Retiro,Comuna 1,3,600-900 m,600,900,17514,1411446.8207453075,1.4114468207453075,12408.544014964602,6645.663061573708,1.867164179103933
40176,Banco Santander Río,BANELCO,AV. CORDOBA 1299,Retiro,Comuna 1,4,900-1200 m,900,1200,19926,1976025.5490442794,1.9760255490442793,10083.87771587132,6645.663061573708,1.5173621687470018
39950,Banco Macro,BANELCO,AV. CORDOBA 1315,Retiro,Comuna 1,1,0-300 m,0,300,2091,282289.36414897913,0.28228936414897915,7407.292890058968,7407.292890058968,1.0
39950,Banco Macro,BANELCO,AV. CORDOBA 1315,Retiro,Comuna 1,2,300-600 m,300,600,7062,846868.092447653,0.8468680924476529,8338.961005826914,7407.292890058968,1.1257771401233911
39950,Banco Macro,BANELCO,AV. CORDOBA 1315,Retiro,Comuna 1,3,600-900 m,600,900,17628,1411446.8207453075,1.4114468207453075,12489.312201427201,7407.292890058968,1.6860832137728223
39950,Banco Macro,BANELCO,AV. CORDOBA 1315,Retiro,Comuna 1,4,900-1200 m,900,1200,19505,1976025.5490442794,1.9760255490442793,9870.82379042809,7407.292890058968,1.332581813212129
40774,Banco Galicia,BANELCO,AV. CORDOBA 1428,San Nicolas,Comuna 1,1,0-300 m,0,300,2170,282289.36414897913,0.28228936414897915,7687.147571223319,7687.147571223319,1.0
40774,Banco Galicia,BANELCO,AV. CORDOBA 1428,San Nicolas,Comuna 1,2,300-600 m,300,600,7087,846868.092447653,0.8468680924476529,8368.48154181469,7687.147571223319,1.0886328725029204
40774,Banco Galicia,BANELCO,AV. CORDOBA 1428,San Nicolas,Comuna 1,3,600-900 m,600,900,17666,1411446.8207453075,1.4114468207453075,12516.234930248067,7687.147571223319,1.6282027649764834
40774,Banco Galicia,BANELCO,AV. CORDOBA 1428,San Nicolas,Comuna 1,4,900-1200 m,900,1200,19253,1976025.5490442794,1.9760255490442793,9743.295074960883,7687.147571223319,1.2674786043440496
39938,Banco Macro,BANELCO,AV. CORDOBA 1674,San Nicolas,Comuna 1,1,0-300 m,0,300,2896,282289.36414897913,0.28228936414897915,10258.976666480521,10258.976666480521,1.0
39938,Banco Macro,BANELCO,AV. CORDOBA 1674,San Nicolas,Comuna 1,2,300-600 m,300,600,7177,846868.092447653,0.8468680924476529,8474.755471370683,10258.976666480521,0.8260819521171658
39938,Banco Macro,BANELCO,AV. CORDOBA 1674,San Nicolas,Comuna 1,3,600-900 m,600,900,15948,1411446.8207453075,1.4114468207453075,11299.044190399421,10258.976666480521,1.101381215469292
39938,Banco Macro,BANELCO,AV. CORDOBA 1674,San Nicolas,Comuna 1,4,900-1200 m,900,1200,17703,1976025.5490442794,1.9760255490442793,8958.892261571313,10258.976666480521,0.8732734806623534
40761,Banco Galicia,BANELCO,AV. CORDOBA 2090,Balvanera,Comuna 3,1,0-300 m,0,300,2643,282289.36414897913,0.28228936414897915,9362.73319389089,9362.73319389089,1.0
40761,Banco Galicia,BANELCO,AV. CORDOBA 2090,Balvanera,Comuna 3,2,300-600 m,300,600,7619,846868.092447653,0.8468680924476529,8996.67854763456,9362.73319389089,0.96090301425067
40761,Banco Galicia,BANELCO,AV. CORDOBA 2090,Balvanera,Comuna 3,3,600-900 m,600,900,16077,1411446.8207453075,1.4114468207453075,11390.439769817625,9362.73319389089,1.216572077184662
40761,Banco Galicia,BANELCO,AV. CORDOBA 2090,Balvanera,Comuna 3,4,900-1200 m,900,1200,21020,1976025.5490442794,1.9760255490442793,10637.51428222499,9362.73319389089,1.1361548024422916
40012,Banco Patagonia,BANELCO,AV. CORDOBA 2240,Balvanera,Comuna 3,1,0-300 m,0,300,2836,282289.36414897913,0.28228936414897915,10046.428807368355,10046.428807368355,1.0
40012,Banco Patagonia,BANELCO,AV. CORDOBA 2240,Balvanera,Comuna 3,2,300-600 m,300,600,7085,846868.092447653,0.8468680924476529,8366.119898935667,10046.428807368355,0.8327456511511535
40012,Banco Patagonia,BANELCO,AV. CORDOBA 2240,Balvanera,Comuna 3,3,600-900 m,600,900,17891,1411446.8207453075,1.4114468207453075,12675.645824582145,10046.428807368355,1.261706629054639
40012,Banco Patagonia,BANELCO,AV. CORDOBA 2240,Balvanera,Comuna 3,4,900-1200 m,900,1200,20347,1976025.5490442794,1.9760255490442793,10296.931641314552,10046.428807368355,1.024934515413325
40217,Banco Santander Río,BANELCO,AV. CORDOBA  2282,Balvanera,Comuna 3,1,0-300 m,0,300,2761,282289.36414897913,0.28228936414897915,9780.743983478149,9780.743983478149,1.0
40217,Banco Santander Río,BANELCO,AV. CORDOBA  2282,Balvanera,Comuna 3,2,300-600 m,300,600,7357,846868.092447653,0.8468680924476529,8687.30333048267,9780.743983478149,0.8882047567299027
40217,Banco Santander Río,BANELCO,AV. CORDOBA  2282,Balvanera,Comuna 3,3,600-900 m,600,900,17544,1411446.8207453075,1.4114468207453075,12429.798800875811,9780.743983478149,1.2708438971383471
40217,Banco Santander Río,BANELCO,AV. CORDOBA  2282,Balvanera,Comuna 3,4,900-1200 m,900,1200,20521,1976025.5490442794,1.9760255490442793,10384.987182946672,9780.743983478149,1.0617788585908419
39954,Banco Macro,BANELCO,AV. CORDOBA 2571/81,Recoleta,Comuna 2,1,0-300 m,0,300,3209,282289.36414897913,0.28228936414897915,11367.767998182318,11367.767998182318,1.0
39954,Banco Macro,BANELCO,AV. CORDOBA 2571/81,Recoleta,Comuna 2,2,300-600 m,300,600,8466,846868.092447653,0.8468680924476529,9996.834306900404,11367.767998182318,0.8794016827664741
39954,Banco Macro,BANELCO,AV. CORDOBA 2571/81,Recoleta,Comuna 2,3,600-900 m,600,900,15743,1411446.8207453075,1.4114468207453075,11153.803153339484,11367.767998182318,0.9811779370517548
39954,Banco Macro,BANELCO,AV. CORDOBA 2571/81,Recoleta,Comuna 2,4,900-1200 m,900,1200,21574,1976025.5490442794,1.9760255490442793,10917.875029720359,11367.767998182318,0.960423808039195
40862,Banco Galicia,BANELCO,AV. CORDOBA 3227,Recoleta,Comuna 2,1,0-300 m,0,300,2349,282289.36414897913,0.28228936414897915,8321.248684241278,8321.248684241278,1.0
40862,Banco Galicia,BANELCO,AV. CORDOBA 3227,Recoleta,Comuna 2,2,300-600 m,300,600,6123,846868.092447653,0.8468680924476529,7230.169674126054,8321.248684241278,0.868880374626767
40862,Banco Galicia,BANELCO,AV. CORDOBA 3227,Recoleta,Comuna 2,3,600-900 m,600,900,14373,1411446.8207453075,1.4114468207453075,10183.167930060878,8321.248684241278,1.2237547892716738
40862,Banco Galicia,BANELCO,AV. CORDOBA 3227,Recoleta,Comuna 2,4,900-1200 m,900,1200,21635,1976025.5490442794,1.9760255490442793,10948.745075924722,8321.248684241278,1.3157574651818036
40466,Banco Supervielle,BANELCO,AV. CORDOBA 331,Retiro,Comuna 1,1,0-300 m,0,300,2405,282289.36414897913,0.28228936414897915,8519.6266860793,8519.6266860793,1.0
40466,Banco Supervielle,BANELCO,AV. CORDOBA 331,Retiro,Comuna 1,2,300-600 m,300,600,5603,846868.092447653,0.8468680924476529,6616.142525580317,8519.6266860793,0.7765765765759204
40466,Banco Supervielle,BANELCO,AV. CORDOBA 331,Retiro,Comuna 1,3,600-900 m,600,900,10366,1411446.8207453075,1.4114468207453075,7344.237025186882,8519.6266860793,0.8620374220371705
40466,Banco Supervielle,BANELCO,AV. CORDOBA 331,Retiro,Comuna 1,4,900-1200 m,900,1200,11141,1976025.5490442794,1.9760255490442793,5638.084996111733,8519.6266860793,0.6617760617755845
40930,Banco Galicia,BANELCO,AV. CORDOBA 3710,Almagro,Comuna 5,1,0-300 m,0,300,2674,282289.36414897913,0.28228936414897915,9472.549587765508,9472.549587765508,1.0
40930,Banco Galicia,BANELCO,AV. CORDOBA 3710,Almagro,Comuna 5,2,300-600 m,300,600,6256,846868.092447653,0.8468680924476529,7387.218925581022,9472.549587765508,0.7798553976557859
40930,Banco Galicia,BANELCO,AV. CORDOBA 3710,Almagro,Comuna 5,3,600-900 m,600,900,10158,1411446.8207453075,1.4114468207453075,7196.870509535825,9472.549587765508,0.759760658189756
40930,Banco Galicia,BANELCO,AV. CORDOBA 3710,Almagro,Comuna 5,4,900-1200 m,900,1200,15883,1976025.5490442794,1.9760255490442793,8037.851538752594,9472.549587765508,0.8485415108445638
40554,BBVA Banco Francés,BANELCO,AV. CORDOBA 4675,Palermo,Comuna 14,1,0-300 m,0,300,2085,282289.36414897913,0.28228936414897915,7386.03810414775,7386.03810414775,1.0
40554,BBVA Banco Francés,BANELCO,AV. CORDOBA 4675,Palermo,Comuna 14,2,300-600 m,300,600,5110,846868.092447653,0.8468680924476529,6033.997555901378,7386.03810414775,0.8169464428450333
40554,BBVA Banco Francés,BANELCO,AV. CORDOBA 4675,Palermo,Comuna 14,3,600-900 m,600,900,10083,1411446.8207453075,1.4114468207453075,7143.733544757798,7386.03810414775,0.9671942446040345
40554,BBVA Banco Francés,BANELCO,AV. CORDOBA 4675,Palermo,Comuna 14,4,900-1200 m,900,1200,12743,1976025.5490442794,1.9760255490442793,6448.8032587246935,7386.03810414775,0.8731072285022823
40321,Banco Santander Río,BANELCO,AV. CORDOBA 5030,Villa Crespo,Comuna 15,1,0-300 m,0,300,1784,282289.36414897913,0.28228936414897915,6319.756344268387,6319.756344268387,1.0
40321,Banco Santander Río,BANELCO,AV. CORDOBA 5030,Villa Crespo,Comuna 15,2,300-600 m,300,600,5023,846868.092447653,0.8468680924476529,5931.2660906639185,6319.756344268387,0.9385276532129591
40321,Banco Santander Río,BANELCO,AV. CORDOBA 5030,Villa Crespo,Comuna 15,3,600-900 m,600,900,10791,1411446.8207453075,1.4114468207453075,7645.3464922623625,6319.756344268387,1.2097533632283468
40321,Banco Santander Río,BANELCO,AV. CORDOBA 5030,Villa Crespo,Comuna 15,4,900-1200 m,900,1200,11603,1976025.5490442794,1.9760255490442793,5871.8876411349465,6319.756344268387,0.9291319666873504
41205,HSBC Bank Argentina,BANELCO,AV. CORDOBA 544,San Nicolas,Comuna 1,1,0-300 m,0,300,3372,282289.36414897913,0.28228936414897915,11945.1896821037,11945.1896821037,1.0
41205,HSBC Bank Argentina,BANELCO,AV. CORDOBA 544,San Nicolas,Comuna 1,2,300-600 m,300,600,8259,846868.092447653,0.8468680924476529,9752.40426892162,11945.1896821037,0.8164294187418962
41205,HSBC Bank Argentina,BANELCO,AV. CORDOBA 544,San Nicolas,Comuna 1,3,600-900 m,600,900,12591,1411446.8207453075,1.4114468207453075,8920.633646934983,11945.1896821037,0.7467971530246931
41205,HSBC Bank Argentina,BANELCO,AV. CORDOBA 544,San Nicolas,Comuna 1,4,900-1200 m,900,1200,14701,1976025.5490442794,1.9760255490442793,7439.681135251645,11945.1896821037,0.6228181664120231
41337,ICBC,BANELCO,AV. CORDOBA 633,Retiro,Comuna 1,1,0-300 m,0,300,3078,282289.36414897913,0.28228936414897915,10903.705172454089,10903.705172454089,1.0
41337,ICBC,BANELCO,AV. CORDOBA 633,Retiro,Comuna 1,2,300-600 m,300,600,8914,846868.092447653,0.8468680924476529,10525.842311801347,10903.705172454089,0.9653454624206703
41337,ICBC,BANELCO,AV. CORDOBA 633,Retiro,Comuna 1,3,600-900 m,600,900,14249,1411446.8207453075,1.4114468207453075,10095.314814961208,10903.705172454089,0.9258609486676961
41337,ICBC,BANELCO,AV. CORDOBA 633,Retiro,Comuna 1,4,900-1200 m,900,1200,14628,1976025.5490442794,1.9760255490442793,7402.738293072653,10903.705172454089,0.6789195210242945
39756,Banco Comafi,BANELCO,AV.CORDOBA 669,Retiro,Comuna 1,1,0-300 m,0,300,3107,282289.36414897913,0.28228936414897915,11006.436637691637,11006.436637691637,1.0
39756,Banco Comafi,BANELCO,AV.CORDOBA 669,Retiro,Comuna 1,2,300-600 m,300,600,9127,846868.092447653,0.8468680924476529,10777.357278417197,11006.436637691637,0.9791867825332355
39756,Banco Comafi,BANELCO,AV.CORDOBA 669,Retiro,Comuna 1,3,600-900 m,600,900,15532,1411446.8207453075,1.4114468207453075,11004.311159097304,11006.436637691637,0.9998068876727046
39756,Banco Comafi,BANELCO,AV.CORDOBA 669,Retiro,Comuna 1,4,900-1200 m,900,1200,13982,1976025.5490442794,1.9760255490442793,7075.81944310513,11006.436637691637,0.6428801324194177
40757,Banco Galicia,BANELCO,AV. CORDOBA 699,Retiro,Comuna 1,1,0-300 m,0,300,3121,282289.36414897913,0.28228936414897915,11056.031138151142,11056.031138151142,1.0
40757,Banco Galicia,BANELCO,AV. CORDOBA 699,Retiro,Comuna 1,2,300-600 m,300,600,9206,846868.092447653,0.8468680924476529,10870.642172138569,11056.031138151142,0.9832318701262653
40757,Banco Galicia,BANELCO,AV. CORDOBA 699,Retiro,Comuna 1,3,600-900 m,600,900,16596,1411446.8207453075,1.4114468207453075,11758.147566081565,11056.031138151142,1.0635052867667516
40757,Banco Galicia,BANELCO,AV. CORDOBA 699,Retiro,Comuna 1,4,900-1200 m,900,1200,13009,1976025.5490442794,1.9760255490442793,6583.416902828968,11056.031138151142,0.5954593308001381
41134,HSBC Bank Argentina,BANELCO,AV. CORDOBA 899,Retiro,Comuna 1,1,0-300 m,0,300,2177,282289.36414897913,0.28228936414897915,7711.944821453071,7711.944821453071,1.0
41134,HSBC Bank Argentina,BANELCO,AV. CORDOBA 899,Retiro,Comuna 1,2,300-600 m,300,600,9834,846868.092447653,0.8468680924476529,11612.198036151498,7711.944821453071,1.5057418465765875
41134,HSBC Bank Argentina,BANELCO,AV. CORDOBA 899,Retiro,Comuna 1,3,600-900 m,600,900,17824,1411446.8207453075,1.4114468207453075,12628.176802713775,7711.944821453071,1.6374827744597886
41134,HSBC Bank Argentina,BANELCO,AV. CORDOBA 899,Retiro,Comuna 1,4,900-1200 m,900,1200,15559,1976025.5490442794,1.9760255490442793,7873.886047437613,7711.944821453071,1.0209987531982925
40909,Banco Galicia,BANELCO,AV. CORONEL DIAZ 1854,Palermo,Comuna 14,1,0-300 m,0,300,4033,282289.36414897913,0.28228936414897915,14286.758596656056,14286.758596656056,1.0
40909,Banco Galicia,BANELCO,AV. CORONEL DIAZ 1854,Palermo,Comuna 14,2,300-600 m,300,600,6772,846868.092447653,0.8468680924476529,7996.522788368715,14286.758596656056,0.5597156789812612
40909,Banco Galicia,BANELCO,AV. CORONEL DIAZ 1854,Palermo,Comuna 14,3,600-900 m,600,900,9080,1411446.8207453075,1.4114468207453075,6433.115202459666,14286.758596656056,0.45028514753272264
40909,Banco Galicia,BANELCO,AV. CORONEL DIAZ 1854,Palermo,Comuna 14,4,900-1200 m,900,1200,14419,1976025.5490442794,1.9760255490442793,7296.970429847866,14286.758596656056,0.5107505933190323
40677,BBVA Banco Francés,BANELCO,AV. CORONEL DIAZ 2257,Recoleta,Comuna 2,1,0-300 m,0,300,1282,282289.36414897913,0.28228936414897915,4541.439256363269,4541.439256363269,1.0
40677,BBVA Banco Francés,BANELCO,AV. CORONEL DIAZ 2257,Recoleta,Comuna 2,2,300-600 m,300,600,7108,846868.092447653,0.8468680924476529,8393.278792044423,4541.439256363269,1.8481539261554851
40677,BBVA Banco Francés,BANELCO,AV. CORONEL DIAZ 2257,Recoleta,Comuna 2,3,600-900 m,600,900,9727,1411446.8207453075,1.4114468207453075,6891.510085278102,4541.439256363269,1.5174726989075138
40677,BBVA Banco Francés,BANELCO,AV. CORONEL DIAZ 2257,Recoleta,Comuna 2,4,900-1200 m,900,1200,12093,1976025.5490442794,1.9760255490442793,6119.860143432294,4541.439256363269,1.3475596166694093
40569,BBVA Banco Francés,BANELCO,AV. CORRIENTES 1102,San Nicolas,Comuna 1,1,0-300 m,0,300,6536,282289.36414897913,0.28228936414897915,23153.546785951894,23153.546785951894,1.0
40569,BBVA Banco Francés,BANELCO,AV. CORRIENTES 1102,San Nicolas,Comuna 1,2,300-600 m,300,600,9405,846868.092447653,0.8468680924476529,11105.625638601265,23153.546785951894,0.47965116279029246
40569,BBVA Banco Francés,BANELCO,AV. CORRIENTES 1102,San Nicolas,Comuna 1,3,600-900 m,600,900,16485,1411446.8207453075,1.4114468207453075,11679.504858210086,23153.546785951894,0.5044369645041368
40569,BBVA Banco Francés,BANELCO,AV. CORRIENTES 1102,San Nicolas,Comuna 1,4,900-1200 m,900,1200,19402,1976025.5490442794,1.9760255490442793,9818.698958312525,23153.546785951894,0.4240688931628345
40290,Banco Santander Río,BANELCO,AV. CORRIENTES 1118,San Nicolas,Comuna 1,1,0-300 m,0,300,6723,282289.36414897913,0.28228936414897915,23815.987613518144,23815.987613518144,1.0
40290,Banco Santander Río,BANELCO,AV. CORRIENTES 1118,San Nicolas,Comuna 1,2,300-600 m,300,600,9200,846868.092447653,0.8468680924476529,10863.557243501502,23815.987613518144,0.4561455699336718
40290,Banco Santander Río,BANELCO,AV. CORRIENTES 1118,San Nicolas,Comuna 1,3,600-900 m,600,900,16407,1411446.8207453075,1.4114468207453075,11624.24241484094,23815.987613518144,0.4880856760373408
40290,Banco Santander Río,BANELCO,AV. CORRIENTES 1118,San Nicolas,Comuna 1,4,900-1200 m,900,1200,19712,1976025.5490442794,1.9760255490442793,9975.579520990439,23815.987613518144,0.41886062769566695
40295,Banco Santander Río,BANELCO,AV. CORRIENTES 1427,San Nicolas,Comuna 1,1,0-300 m,0,300,4225,282289.36414897913,0.28228936414897915,14966.911745814987,14966.911745814987,1.0
40295,Banco Santander Río,BANELCO,AV. CORRIENTES 1427,San Nicolas,Comuna 1,2,300-600 m,300,600,8582,846868.092447653,0.8468680924476529,10133.809593883685,14966.911745814987,0.6770808678495266
40295,Banco Santander Río,BANELCO,AV. CORRIENTES 1427,San Nicolas,Comuna 1,3,600-900 m,600,900,18769,1411446.8207453075,1.4114468207453075,13297.7025589169,14966.911745814987,0.8884733727808058
40295,Banco Santander Río,BANELCO,AV. CORRIENTES 1427,San Nicolas,Comuna 1,4,900-1200 m,900,1200,17336,1976025.5490442794,1.9760255490442793,8773.165918013912,14966.911745814987,0.5861707523241757
40060,Banco Patagonia,BANELCO,AV. CORRIENTES 1556,San Nicolas,Comuna 1,1,0-300 m,0,300,4043,282289.36414897913,0.28228936414897915,14322.183239841417,14322.183239841417,1.0
40060,Banco Patagonia,BANELCO,AV. CORRIENTES 1556,San Nicolas,Comuna 1,2,300-600 m,300,600,9336,846868.092447653,0.8468680924476529,11024.148959275002,14322.183239841417,0.7697254513968268
40060,Banco Patagonia,BANELCO,AV. CORRIENTES 1556,San Nicolas,Comuna 1,3,600-900 m,600,900,17405,1411446.8207453075,1.4114468207453075,12331.318292820537,14322.183239841417,0.8609943111548317
40060,Banco Patagonia,BANELCO,AV. CORRIENTES 1556,San Nicolas,Comuna 1,4,900-1200 m,900,1200,17066,1976025.5490442794,1.9760255490442793,8636.528008584763,14322.183239841417,0.6030175612164833
39998,Banco Patagonia,BANELCO,AV. CORRIENTES 2171,Balvanera,Comuna 3,1,0-300 m,0,300,3215,282289.36414897913,0.28228936414897915,11389.022784093535,11389.022784093535,1.0
39998,Banco Patagonia,BANELCO,AV. CORRIENTES 2171,Balvanera,Comuna 3,2,300-600 m,300,600,6985,846868.092447653,0.8468680924476529,8248.037754984565,11389.022784093535,0.7242094349397717
39998,Banco Patagonia,BANELCO,AV. CORRIENTES 2171,Balvanera,Comuna 3,3,600-900 m,600,900,19957,1411446.8207453075,1.4114468207453075,14139.392081000831,11389.022784093535,1.2414930015548478
39998,Banco Patagonia,BANELCO,AV. CORRIENTES 2171,Balvanera,Comuna 3,4,900-1200 m,900,1200,23522,1976025.5490442794,1.9760255490442793,11903.69224293512,11389.022784093535,1.0451899577864043
40988,Banco Galicia,BANELCO,AV. CORRIENTES 2202,Balvanera,Comuna 3,1,0-300 m,0,300,3328,282289.36414897913,0.28228936414897915,11789.321252088113,11789.321252088113,1.0
40988,Banco Galicia,BANELCO,AV. CORRIENTES 2202,Balvanera,Comuna 3,2,300-600 m,300,600,7114,846868.092447653,0.8468680924476529,8400.363720681487,11789.321252088113,0.712540064101962
40988,Banco Galicia,BANELCO,AV. CORRIENTES 2202,Balvanera,Comuna 3,3,600-900 m,600,900,20401,1411446.8207453075,1.4114468207453075,14453.962912486744,11789.321252088113,1.2260216346150268
40988,Banco Galicia,BANELCO,AV. CORRIENTES 2202,Balvanera,Comuna 3,4,900-1200 m,900,1200,22704,1976025.5490442794,1.9760255490442793,11489.729983997915,11789.321252088113,0.974587912087209
40662,BBVA Banco Francés,BANELCO,AV. CORRIENTES 2249/51,Balvanera,Comuna 3,1,0-300 m,0,300,3525,282289.36414897913,0.28228936414897915,12487.186722839722,12487.186722839722,1.0
40662,BBVA Banco Francés,BANELCO,AV. CORRIENTES 2249/51,Balvanera,Comuna 3,2,300-600 m,300,600,7029,846868.092447653,0.8468680924476529,8299.99389832305,12487.186722839722,0.6646808510632682
40662,BBVA Banco Francés,BANELCO,AV. CORRIENTES 2249/51,Balvanera,Comuna 3,3,600-900 m,600,900,20421,1411446.8207453075,1.4114468207453075,14468.132769760885,12487.186722839722,1.1586382978720025
40662,BBVA Banco Francés,BANELCO,AV. CORRIENTES 2249/51,Balvanera,Comuna 3,4,900-1200 m,900,1200,22351,1976025.5490442794,1.9760255490442793,11311.088569077581,12487.186722839722,0.9058156028362261
41355,ICBC,BANELCO,AV. CORRIENTES 2267,Balvanera,Comuna 3,1,0-300 m,0,300,3605,282289.36414897913,0.28228936414897915,12770.58386832261,12770.58386832261,1.0
41355,ICBC,BANELCO,AV. CORRIENTES 2267,Balvanera,Comuna 3,2,300-600 m,300,600,7017,846868.092447653,0.8468680924476529,8285.824041048918,12770.58386832261,0.6488210818302425
41355,ICBC,BANELCO,AV. CORRIENTES 2267,Balvanera,Comuna 3,3,600-900 m,600,900,19930,1411446.8207453075,1.4114468207453075,14120.262773680743,12770.58386832261,1.105686546462923
41355,ICBC,BANELCO,AV. CORRIENTES 2267,Balvanera,Comuna 3,4,900-1200 m,900,1200,23092,1976025.5490442794,1.9760255490442793,11686.083720510918,12770.58386832261,0.9150782643147749
40297,Banco Santander Río,BANELCO,AV. CORRIENTES 2426,Balvanera,Comuna 3,1,0-300 m,0,300,4148,282289.36414897913,0.28228936414897915,14694.141993287707,14694.141993287707,1.0
40297,Banco Santander Río,BANELCO,AV. CORRIENTES 2426,Balvanera,Comuna 3,2,300-600 m,300,600,10858,846868.092447653,0.8468680924476529,12821.359190210795,14694.141993287707,0.872549019607106
40297,Banco Santander Río,BANELCO,AV. CORRIENTES 2426,Balvanera,Comuna 3,3,600-900 m,600,900,17725,1411446.8207453075,1.4114468207453075,12558.03600920678,14694.141993287707,0.8546287367403486
40297,Banco Santander Río,BANELCO,AV. CORRIENTES 2426,Balvanera,Comuna 3,4,900-1200 m,900,1200,23761,1976025.5490442794,1.9760255490442793,12024.64209609648,14694.141993287707,0.8183289709320452
40788,Banco Galicia,BANELCO,AV. CORRIENTES 3148,Balvanera,Comuna 3,1,0-300 m,0,300,5593,282289.36414897913,0.28228936414897915,19813.00293357236,19813.00293357236,1.0
40788,Banco Galicia,BANELCO,AV. CORRIENTES 3148,Balvanera,Comuna 3,2,300-600 m,300,600,13002,846868.092447653,0.8468680924476529,15353.04035652245,19813.00293357236,0.7748971929190664
40788,Banco Galicia,BANELCO,AV. CORRIENTES 3148,Balvanera,Comuna 3,3,600-900 m,600,900,17380,1411446.8207453075,1.4114468207453075,12313.605971227862,19813.00293357236,0.6214911496511686
40788,Banco Galicia,BANELCO,AV. CORRIENTES 3148,Balvanera,Comuna 3,4,900-1200 m,900,1200,18152,1976025.5490442794,1.9760255490442793,9186.11604428868,19813.00293357236,0.46364077545878546
41183,HSBC Bank Argentina,BANELCO,AV. CORRIENTES 3158,Balvanera,Comuna 3,1,0-300 m,0,300,5619,282289.36414897913,0.28228936414897915,19905.107005854297,19905.107005854297,1.0
41183,HSBC Bank Argentina,BANELCO,AV. CORRIENTES 3158,Balvanera,Comuna 3,2,300-600 m,300,600,12827,846868.092447653,0.8468680924476529,15146.396604608019,19905.107005854297,0.7609301773737417
41183,HSBC Bank Argentina,BANELCO,AV. CORRIENTES 3158,Balvanera,Comuna 3,3,600-900 m,600,900,17405,1411446.8207453075,1.4114468207453075,12331.318292820537,19905.107005854297,0.6195052500443112
41183,HSBC Bank Argentina,BANELCO,AV. CORRIENTES 3158,Balvanera,Comuna 3,4,900-1200 m,900,1200,18039,1976025.5490442794,1.9760255490442793,9128.930548860922,19905.107005854297,0.4586225306990819
40646,BBVA Banco Francés,BANELCO,AV. CORRIENTES 3399,Balvanera,Comuna 3,1,0-300 m,0,300,5932,282289.36414897913,0.28228936414897915,21013.898337556097,21013.898337556097,1.0
40646,BBVA Banco Francés,BANELCO,AV. CORRIENTES 3399,Balvanera,Comuna 3,2,300-600 m,300,600,8511,846868.092447653,0.8468680924476529,10049.971271678402,21013.898337556097,0.47825354012097154
40646,BBVA Banco Francés,BANELCO,AV. CORRIENTES 3399,Balvanera,Comuna 3,3,600-900 m,600,900,15547,1411446.8207453075,1.4114468207453075,11014.93855205291,21013.898337556097,0.524173971678876
40646,BBVA Banco Francés,BANELCO,AV. CORRIENTES 3399,Balvanera,Comuna 3,4,900-1200 m,900,1200,21738,1976025.5490442794,1.9760255490442793,11000.869908040288,21013.898337556097,0.523504479336873
41240,ICBC,BANELCO,AV. CORRIENTES 366,San Nicolas,Comuna 1,1,0-300 m,0,300,2948,282289.36414897913,0.28228936414897915,10443.184811044397,10443.184811044397,1.0
41240,ICBC,BANELCO,AV. CORRIENTES 366,San Nicolas,Comuna 1,2,300-600 m,300,600,8033,846868.092447653,0.8468680924476529,9485.538623592127,10443.184811044397,0.908299412029988
41240,ICBC,BANELCO,AV. CORRIENTES 366,San Nicolas,Comuna 1,3,600-900 m,600,900,11528,1411446.8207453075,1.4114468207453075,8167.50573281443,10443.184811044397,0.7820895522385779
41240,ICBC,BANELCO,AV. CORRIENTES 366,San Nicolas,Comuna 1,4,900-1200 m,900,1200,12989,1976025.5490442794,1.9760255490442793,6573.295576204587,10443.184811044397,0.62943399883653
39824,Banco Itaú,BANELCO,AV. CORRIENTES 3684,Almagro,Comuna 5,1,0-300 m,0,300,2697,282289.36414897913,0.28228936414897915,9554.026267091838,9554.026267091838,1.0
39824,Banco Itaú,BANELCO,AV. CORRIENTES 3684,Almagro,Comuna 5,2,300-600 m,300,600,9572,846868.092447653,0.8468680924476529,11302.822818999606,9554.026267091838,1.1830428871575718
39824,Banco Itaú,BANELCO,AV. CORRIENTES 3684,Almagro,Comuna 5,3,600-900 m,600,900,12964,1411446.8207453075,1.4114468207453075,9184.901485097698,9554.026267091838,0.9613644790505167
39824,Banco Itaú,BANELCO,AV. CORRIENTES 3684,Almagro,Comuna 5,4,900-1200 m,900,1200,16337,1976025.5490442794,1.9760255490442793,8267.605653126055,9554.026267091838,0.8653530377662068
41315,ICBC,BANELCO,AV. CORRIENTES 3829,Almagro,Comuna 5,1,0-300 m,0,300,3110,282289.36414897913,0.28228936414897915,11017.064030647245,11017.064030647245,1.0
41315,ICBC,BANELCO,AV. CORRIENTES 3829,Almagro,Comuna 5,2,300-600 m,300,600,6741,846868.092447653,0.8468680924476529,7959.917323743873,11017.064030647245,0.7225080385845986
41315,ICBC,BANELCO,AV. CORRIENTES 3829,Almagro,Comuna 5,3,600-900 m,600,900,14451,1411446.8207453075,1.4114468207453075,10238.430373430025,11017.064030647245,0.9293247588421726
41315,ICBC,BANELCO,AV. CORRIENTES 3829,Almagro,Comuna 5,4,900-1200 m,900,1200,15158,1976025.5490442794,1.9760255490442793,7670.953448618764,11017.064030647245,0.6962792834170449
39987,Banco Patagonia,BANELCO,AV. CORRIENTES 400,San Nicolas,Comuna 1,1,0-300 m,0,300,2972,282289.36414897913,0.28228936414897915,10528.203954689265,10528.203954689265,1.0
39987,Banco Patagonia,BANELCO,AV. CORRIENTES 400,San Nicolas,Comuna 1,2,300-600 m,300,600,8385,846868.092447653,0.8468680924476529,9901.18777030001,10528.203954689265,0.9404441453558675
39987,Banco Patagonia,BANELCO,AV. CORRIENTES 400,San Nicolas,Comuna 1,3,600-900 m,600,900,11732,1411446.8207453075,1.4114468207453075,8312.03827701066,10528.203954689265,0.7895020188423
39987,Banco Patagonia,BANELCO,AV. CORRIENTES 400,San Nicolas,Comuna 1,4,900-1200 m,900,1200,13389,1976025.5490442794,1.9760255490442793,6775.722108692217,10528.203954689265,0.6435781580460653
40298,Banco Santander Río,BANELCO,AV. CORRIENTES 4136,Almagro,Comuna 5,1,0-300 m,0,300,2539,282289.36414897913,0.28228936414897915,8994.316904763136,8994.316904763136,1.0
40298,Banco Santander Río,BANELCO,AV. CORRIENTES 4136,Almagro,Comuna 5,2,300-600 m,300,600,5744,846868.092447653,0.8468680924476529,6782.6383485513725,8994.316904763136,0.7541026650906061
40298,Banco Santander Río,BANELCO,AV. CORRIENTES 4136,Almagro,Comuna 5,3,600-900 m,600,900,10764,1411446.8207453075,1.4114468207453075,7626.217184942273,8994.316904763136,0.8478928712088901
40298,Banco Santander Río,BANELCO,AV. CORRIENTES 4136,Almagro,Comuna 5,4,900-1200 m,900,1200,14304,1976025.5490442794,1.9760255490442793,7238.772801757672,8994.316904763136,0.8048162943785339
40890,Banco Galicia,BANELCO,AV. CORRIENTES 4152,Almagro,Comuna 5,1,0-300 m,0,300,2457,282289.36414897913,0.28228936414897915,8703.834830643176,8703.834830643176,1.0
40890,Banco Galicia,BANELCO,AV. CORRIENTES 4152,Almagro,Comuna 5,2,300-600 m,300,600,6017,846868.092447653,0.8468680924476529,7105.002601537884,8703.834830643176,0.8163071496397933
40890,Banco Galicia,BANELCO,AV. CORRIENTES 4152,Almagro,Comuna 5,3,600-900 m,600,900,10679,1411446.8207453075,1.4114468207453075,7565.995291527177,8703.834830643176,0.8692714692712157
40890,Banco Galicia,BANELCO,AV. CORRIENTES 4152,Almagro,Comuna 5,4,900-1200 m,900,1200,13881,1976025.5490442794,1.9760255490442793,7024.706743652003,8703.834830643176,0.807081807081225
39980,Banco Macro,BANELCO,AV. CORRIENTES 4222,Almagro,Comuna 5,1,0-300 m,0,300,1657,282289.36414897913,0.28228936414897915,5869.863375814303,5869.863375814303,1.0
39980,Banco Macro,BANELCO,AV. CORRIENTES 4222,Almagro,Comuna 5,2,300-600 m,300,600,6637,846868.092447653,0.8468680924476529,7837.111894034725,5869.863375814303,1.3351438342374558
39980,Banco Macro,BANELCO,AV. CORRIENTES 4222,Almagro,Comuna 5,3,600-900 m,600,900,10304,1411446.8207453075,1.4114468207453075,7300.310467637048,5869.863375814303,1.2436934218463482
39980,Banco Macro,BANELCO,AV. CORRIENTES 4222,Almagro,Comuna 5,4,900-1200 m,900,1200,12684,1976025.5490442794,1.9760255490442793,6418.945345182768,5869.863375814303,1.0935425467704847
40112,Banco Santander Río,BANELCO,AV. CORRIENTES 4626,Almagro,Comuna 5,1,0-300 m,0,300,1998,282289.36414897913,0.28228936414897915,7077.843708435111,7077.843708435111,1.0
40112,Banco Santander Río,BANELCO,AV. CORRIENTES 4626,Almagro,Comuna 5,2,300-600 m,300,600,5050,846868.092447653,0.8468680924476529,5963.148269530716,7077.843708435111,0.8425091758417974
40112,Banco Santander Río,BANELCO,AV. CORRIENTES 4626,Almagro,Comuna 5,3,600-900 m,600,900,7458,1411446.8207453075,1.4114468207453075,5283.939777526893,7077.843708435111,0.7465465465463288
40112,Banco Santander Río,BANELCO,AV. CORRIENTES 4626,Almagro,Comuna 5,4,900-1200 m,900,1200,13664,1976025.5490442794,1.9760255490442793,6914.890349777463,7077.843708435111,0.9769769769762723
41175,HSBC Bank Argentina,BANELCO,AV. CORRIENTES 500,San Nicolas,Comuna 1,1,0-300 m,0,300,4246,282289.36414897913,0.28228936414897915,15041.303496504244,15041.303496504244,1.0
41175,HSBC Bank Argentina,BANELCO,AV. CORRIENTES 500,San Nicolas,Comuna 1,2,300-600 m,300,600,9354,846868.092447653,0.8468680924476529,11045.403745186202,15041.303496504244,0.7343382006588238
41175,HSBC Bank Argentina,BANELCO,AV. CORRIENTES 500,San Nicolas,Comuna 1,3,600-900 m,600,900,14718,1411446.8207453075,1.4114468207453075,10427.597968039798,15041.303496504244,0.693264248704461
41175,HSBC Bank Argentina,BANELCO,AV. CORRIENTES 500,San Nicolas,Comuna 1,4,900-1200 m,900,1200,11087,1976025.5490442794,1.9760255490442793,5610.757414225903,15041.303496504244,0.3730233497070185
40113,Banco Santander Río,BANELCO,AV. CORRIENTES 5100,Villa Crespo,Comuna 15,1,0-300 m,0,300,2219,282289.36414897913,0.28228936414897915,7860.728322831587,7860.728322831587,1.0
40113,Banco Santander Río,BANELCO,AV. CORRIENTES 5100,Villa Crespo,Comuna 15,2,300-600 m,300,600,5105,846868.092447653,0.8468680924476529,6028.093448703823,7860.728322831587,0.7668619498266016
40113,Banco Santander Río,BANELCO,AV. CORRIENTES 5100,Villa Crespo,Comuna 15,3,600-900 m,600,900,6799,1411446.8207453075,1.4114468207453075,4817.042980343972,7860.728322831587,0.6127985579087892
40113,Banco Santander Río,BANELCO,AV. CORRIENTES 5100,Villa Crespo,Comuna 15,4,900-1200 m,900,1200,10455,1976025.5490442794,1.9760255490442793,5290.9234928954465,7860.728322831587,0.6730831133710461
40694,BBVA Banco Francés,BANELCO,AV. CORRIENTES 5117,Villa Crespo,Comuna 15,1,0-300 m,0,300,2657,282289.36414897913,0.28228936414897915,9412.327694350395,9412.327694350395,1.0
40694,BBVA Banco Francés,BANELCO,AV. CORRIENTES 5117,Villa Crespo,Comuna 15,2,300-600 m,300,600,4637,846868.092447653,0.8468680924476529,5475.46901501266,9412.327694350395,0.5817337849700267
40694,BBVA Banco Francés,BANELCO,AV. CORRIENTES 5117,Villa Crespo,Comuna 15,3,600-900 m,600,900,6948,1411446.8207453075,1.4114468207453075,4922.6084170363165,9412.327694350395,0.5229958599923201
40694,BBVA Banco Francés,BANELCO,AV. CORRIENTES 5117,Villa Crespo,Comuna 15,4,900-1200 m,900,1200,10035,1976025.5490442794,1.9760255490442793,5078.375633783434,9412.327694350395,0.5395451368349246
40777,Banco Galicia,BANELCO,AV. CORRIENTES 5253,Villa Crespo,Comuna 15,1,0-300 m,0,300,2686,282289.36414897913,0.28228936414897915,9515.059159587941,9515.059159587941,1.0
40777,Banco Galicia,BANELCO,AV. CORRIENTES 5253,Villa Crespo,Comuna 15,2,300-600 m,300,600,4242,846868.092447653,0.8468680924476529,5009.044546405801,9515.059159587941,0.5264333581529431
40777,Banco Galicia,BANELCO,AV. CORRIENTES 5253,Villa Crespo,Comuna 15,3,600-900 m,600,900,6931,1411446.8207453075,1.4114468207453075,4910.564038353297,9515.059159587941,0.5160833953833193
40777,Banco Galicia,BANELCO,AV. CORRIENTES 5253,Villa Crespo,Comuna 15,4,900-1200 m,900,1200,9254,1976025.5490442794,1.9760255490442793,4683.137829101335,9515.059159587941,0.4921816827993472
41102,HSBC Bank Argentina,BANELCO,AV. CORRIENTES 5322,Villa Crespo,Comuna 15,1,0-300 m,0,300,2501,282289.36414897913,0.28228936414897915,8859.703260658765,8859.703260658765,1.0
41102,HSBC Bank Argentina,BANELCO,AV. CORRIENTES 5322,Villa Crespo,Comuna 15,2,300-600 m,300,600,4161,846868.092447653,0.8468680924476529,4913.398009805408,8859.703260658765,0.5545781687320385
41102,HSBC Bank Argentina,BANELCO,AV. CORRIENTES 5322,Villa Crespo,Comuna 15,3,600-900 m,600,900,6741,1411446.8207453075,1.4114468207453075,4775.9503942489655,8859.703260658765,0.5390643742501426
41102,HSBC Bank Argentina,BANELCO,AV. CORRIENTES 5322,Villa Crespo,Comuna 15,4,900-1200 m,900,1200,9128,1976025.5490442794,1.9760255490442793,4619.373471367731,8859.703260658765,0.5213914434222549
40040,Banco Patagonia,BANELCO,AV. CORRIENTES 5376,Villa Crespo,Comuna 15,1,0-300 m,0,300,2402,282289.36414897913,0.28228936414897915,8508.999293123692,8508.999293123692,1.0
40040,Banco Patagonia,BANELCO,AV. CORRIENTES 5376,Villa Crespo,Comuna 15,2,300-600 m,300,600,4320,846868.092447653,0.8468680924476529,5101.148618687662,8508.999293123692,0.599500416319227
40040,Banco Patagonia,BANELCO,AV. CORRIENTES 5376,Villa Crespo,Comuna 15,3,600-900 m,600,900,6465,1411446.8207453075,1.4114468207453075,4580.40636386583,8508.999293123692,0.538301415486937
40040,Banco Patagonia,BANELCO,AV. CORRIENTES 5376,Villa Crespo,Comuna 15,4,900-1200 m,900,1200,9163,1976025.5490442794,1.9760255490442793,4637.085792960399,8508.999293123692,0.544962531223587
41241,ICBC,BANELCO,AV. CORRIENTES 5386,Villa Crespo,Comuna 15,1,0-300 m,0,300,2312,282289.36414897913,0.28228936414897915,8190.177504455443,8190.177504455443,1.0
41241,ICBC,BANELCO,AV. CORRIENTES 5386,Villa Crespo,Comuna 15,2,300-600 m,300,600,4416,846868.092447653,0.8468680924476529,5214.507476880721,8190.177504455443,0.6366782006915036
41241,ICBC,BANELCO,AV. CORRIENTES 5386,Villa Crespo,Comuna 15,3,600-900 m,600,900,6530,1411446.8207453075,1.4114468207453075,4626.458400006786,8190.177504455443,0.5648788927333993
41241,ICBC,BANELCO,AV. CORRIENTES 5386,Villa Crespo,Comuna 15,4,900-1200 m,900,1200,9360,1976025.5490442794,1.9760255490442793,4736.780860210557,8190.177504455443,0.5783489866530678
39847,Banco Itaú,BANELCO,AV. CORRIENTES 555,San Nicolas,Comuna 1,1,0-300 m,0,300,5156,282289.36414897913,0.28228936414897915,18264.946026372087,18264.946026372087,1.0
39847,Banco Itaú,BANELCO,AV. CORRIENTES 555,San Nicolas,Comuna 1,2,300-600 m,300,600,9644,846868.092447653,0.8468680924476529,11387.841962644401,18264.946026372087,0.6234807344189199
39847,Banco Itaú,BANELCO,AV. CORRIENTES 555,San Nicolas,Comuna 1,3,600-900 m,600,900,15539,1411446.8207453075,1.4114468207453075,11009.270609143254,18264.946026372087,0.6027540729245721
39847,Banco Itaú,BANELCO,AV. CORRIENTES 555,San Nicolas,Comuna 1,4,900-1200 m,900,1200,11162,1976025.5490442794,1.9760255490442793,5648.712389067334,18264.946026372087,0.3092652111268966
40559,BBVA Banco Francés,BANELCO,AV. CORRIENTES 942,San Nicolas,Comuna 1,1,0-300 m,0,300,7799,282289.36414897913,0.28228936414897915,27627.679220262977,27627.679220262977,1.0
40559,BBVA Banco Francés,BANELCO,AV. CORRIENTES 942,San Nicolas,Comuna 1,2,300-600 m,300,600,9834,846868.092447653,0.8468680924476529,11612.198036151498,27627.679220262977,0.42031029619146437
40559,BBVA Banco Francés,BANELCO,AV. CORRIENTES 942,San Nicolas,Comuna 1,3,600-900 m,600,900,15918,1411446.8207453075,1.4114468207453075,11277.78940448821,27627.679220262977,0.4082061802794039
40559,BBVA Banco Francés,BANELCO,AV. CORRIENTES 942,San Nicolas,Comuna 1,4,900-1200 m,900,1200,16950,1976025.5490442794,1.9760255490442793,8577.824314163348,27627.679220262977,0.3104793654861937
40479,Banco Supervielle,BANELCO,AV. CRAMER 1710,Belgrano,Comuna 13,1,0-300 m,0,300,1015,282289.36414897913,0.28228936414897915,3595.601283314133,3595.601283314133,1.0
40479,Banco Supervielle,BANELCO,AV. CRAMER 1710,Belgrano,Comuna 13,2,300-600 m,300,600,2552,846868.092447653,0.8468680924476529,3013.456313632156,3595.601283314133,0.8380952380945299
40479,Banco Supervielle,BANELCO,AV. CRAMER 1710,Belgrano,Comuna 13,3,600-900 m,600,900,5279,1411446.8207453075,1.4114468207453075,3740.1338275093144,3595.601283314133,1.040197044334672
40479,Banco Supervielle,BANELCO,AV. CRAMER 1710,Belgrano,Comuna 13,4,900-1200 m,900,1200,7931,1976025.5490442794,1.9760255490442793,4013.612072898497,3595.601283314133,1.1162561576346628
40071,Banco Patagonia,BANELCO,AV. CRAMER 2060,Belgrano,Comuna 13,1,0-300 m,0,300,1215,282289.36414897913,0.28228936414897915,4304.094147021351,4304.094147021351,1.0
40071,Banco Patagonia,BANELCO,AV. CRAMER 2060,Belgrano,Comuna 13,2,300-600 m,300,600,3495,846868.092447653,0.8468680924476529,4126.97093109106,4304.094147021351,0.9588477366247045
40071,Banco Patagonia,BANELCO,AV. CRAMER 2060,Belgrano,Comuna 13,3,600-900 m,600,900,7986,1411446.8207453075,1.4114468207453075,5658.024009564195,4304.094147021351,1.3145679012341844
40071,Banco Patagonia,BANELCO,AV. CRAMER 2060,Belgrano,Comuna 13,4,900-1200 m,900,1200,7024,1976025.5490442794,1.9760255490442793,3554.6099104827945,4304.094147021351,0.8258671369776525
39862,Banco Itaú,BANELCO,AV. DEL LIBERTADOR 5769,Belgrano,Comuna 13,1,0-300 m,0,300,1247,282289.36414897913,0.28228936414897915,4417.453005214506,4417.453005214506,1.0
39862,Banco Itaú,BANELCO,AV. DEL LIBERTADOR 5769,Belgrano,Comuna 13,2,300-600 m,300,600,3008,846868.092447653,0.8468680924476529,3551.910890049187,4417.453005214506,0.8040630847360221
39862,Banco Itaú,BANELCO,AV. DEL LIBERTADOR 5769,Belgrano,Comuna 13,3,600-900 m,600,900,3618,1411446.8207453075,1.4114468207453075,2563.327180891968,4417.453005214506,0.5802726543703198
39862,Banco Itaú,BANELCO,AV. DEL LIBERTADOR 5769,Belgrano,Comuna 13,4,900-1200 m,900,1200,4979,1976025.5490442794,1.9760255490442793,2519.7042631397826,4417.453005214506,0.5703975254893354
40587,BBVA Banco Francés,BANELCO,AV.DEL LIBERTADOR 6220,Belgrano,Comuna 13,1,0-300 m,0,300,1288,282289.36414897913,0.28228936414897915,4562.694042274486,4562.694042274486,1.0
40587,BBVA Banco Francés,BANELCO,AV.DEL LIBERTADOR 6220,Belgrano,Comuna 13,2,300-600 m,300,600,3764,846868.092447653,0.8468680924476529,4444.611898319527,4562.694042274486,0.974120082814912
40587,BBVA Banco Francés,BANELCO,AV.DEL LIBERTADOR 6220,Belgrano,Comuna 13,3,600-900 m,600,900,4026,1411446.8207453075,1.4114468207453075,2852.392269284429,4562.694042274486,0.6251552795029233
40587,BBVA Banco Francés,BANELCO,AV.DEL LIBERTADOR 6220,Belgrano,Comuna 13,4,900-1200 m,900,1200,5542,1976025.5490442794,1.9760255490442793,2804.6196076161227,4562.694042274486,0.614685004436114
41284,ICBC,BANELCO,AV DEL LIBERTADOR 7468,Nuñez,Comuna 13,1,0-300 m,0,300,970,282289.36414897913,0.28228936414897915,3436.1903889800087,3436.1903889800087,1.0
41284,ICBC,BANELCO,AV DEL LIBERTADOR 7468,Nuñez,Comuna 13,2,300-600 m,300,600,1650,846868.092447653,0.8468680924476529,1948.3553751932043,3436.1903889800087,0.5670103092778714
41284,ICBC,BANELCO,AV DEL LIBERTADOR 7468,Nuñez,Comuna 13,3,600-900 m,600,900,2885,1411446.8207453075,1.4114468207453075,2044.0019117947286,3436.1903889800087,0.5948453608245687
41284,ICBC,BANELCO,AV DEL LIBERTADOR 7468,Nuñez,Comuna 13,4,900-1200 m,900,1200,4489,1976025.5490442794,1.9760255490442793,2271.731760842435,3436.1903889800087,0.6611192930775791
40065,Banco Patagonia,BANELCO,AV. DEL LIBERTADOR 8108,Nuñez,Comuna 13,1,0-300 m,0,300,854,282289.36414897913,0.28228936414897915,3025.264528029822,3025.264528029822,1.0
40065,Banco Patagonia,BANELCO,AV. DEL LIBERTADOR 8108,Nuñez,Comuna 13,2,300-600 m,300,600,1216,846868.092447653,0.8468680924476529,1435.878870445416,3025.264528029822,0.47462919594027037
40065,Banco Patagonia,BANELCO,AV. DEL LIBERTADOR 8108,Nuñez,Comuna 13,3,600-900 m,600,900,2436,1411446.8207453075,1.4114468207453075,1725.8886159902804,3025.264528029822,0.5704918032785221
40065,Banco Patagonia,BANELCO,AV. DEL LIBERTADOR 8108,Nuñez,Comuna 13,4,900-1200 m,900,1200,3758,1976025.5490442794,1.9760255490442793,1901.79727272129,3025.264528029822,0.6286383405816811
40849,Banco Galicia,BANELCO,AV. DE LOS CONSTITUYENTES 5668,Villa Pueyrredon,Comuna 12,1,0-300 m,0,300,550,282289.36414897913,0.28228936414897915,1948.3553751948502,1948.3553751948502,1.0
40849,Banco Galicia,BANELCO,AV. DE LOS CONSTITUYENTES 5668,Villa Pueyrredon,Comuna 12,2,300-600 m,300,600,1742,846868.092447653,0.8468680924476529,2056.990947628219,1948.3553751948502,1.0557575757566837
40849,Banco Galicia,BANELCO,AV. DE LOS CONSTITUYENTES 5668,Villa Pueyrredon,Comuna 12,3,600-900 m,600,900,2429,1411446.8207453075,1.4114468207453075,1720.9291659443313,1948.3553751948502,0.8832727272724696
40849,Banco Galicia,BANELCO,AV. DE LOS CONSTITUYENTES 5668,Villa Pueyrredon,Comuna 12,4,900-1200 m,900,1200,3308,1976025.5490442794,1.9760255490442793,1674.0674236727054,1948.3553751948502,0.8592207792201595
39926,Banco Macro,BANELCO,AV. DE LOS INCAS 4138,Villa Ortuzar,Comuna 15,1,0-300 m,0,300,671,282289.36414897913,0.28228936414897915,2376.9935577377173,2376.9935577377173,1.0
39926,Banco Macro,BANELCO,AV. DE LOS INCAS 4138,Villa Ortuzar,Comuna 15,2,300-600 m,300,600,1690,846868.092447653,0.8468680924476529,1995.5882327736456,2376.9935577377173,0.8395429706898024
39926,Banco Macro,BANELCO,AV. DE LOS INCAS 4138,Villa Ortuzar,Comuna 15,3,600-900 m,600,900,3081,1411446.8207453075,1.4114468207453075,2182.866513081303,2376.9935577377173,0.9183308494781226
39926,Banco Macro,BANELCO,AV. DE LOS INCAS 4138,Villa Ortuzar,Comuna 15,4,900-1200 m,900,1200,3567,1976025.5490442794,1.9760255490442793,1805.1386034584464,2376.9935577377173,0.7594209069613429
40985,Banco Galicia,BANELCO,AV. DE LOS INCAS  4763,Parque Chas,Comuna 15,1,0-300 m,0,300,538,282289.36414897913,0.28228936414897915,1905.8458033724173,1905.8458033724173,1.0
40985,Banco Galicia,BANELCO,AV. DE LOS INCAS  4763,Parque Chas,Comuna 15,2,300-600 m,300,600,1987,846868.092447653,0.8468680924476529,2346.2922003084223,1905.8458033724173,1.2311028500609176
40985,Banco Galicia,BANELCO,AV. DE LOS INCAS  4763,Parque Chas,Comuna 15,3,600-900 m,600,900,2627,1411446.8207453075,1.4114468207453075,1861.2107529583195,1905.8458033724173,0.9765799256502726
40985,Banco Galicia,BANELCO,AV. DE LOS INCAS  4763,Parque Chas,Comuna 15,4,900-1200 m,900,1200,3759,1976025.5490442794,1.9760255490442793,1902.303339052509,1905.8458033724173,0.9981412639398004
40619,BBVA Banco Francés,BANELCO,AV. DE MAYO 1165,Monserrat,Comuna 1,1,0-300 m,0,300,3130,282289.36414897913,0.28228936414897915,11087.913317017967,11087.913317017967,1.0
40619,BBVA Banco Francés,BANELCO,AV. DE MAYO 1165,Monserrat,Comuna 1,2,300-600 m,300,600,6287,846868.092447653,0.8468680924476529,7423.824390205864,11087.913317017967,0.6695420660271234
40619,BBVA Banco Francés,BANELCO,AV. DE MAYO 1165,Monserrat,Comuna 1,3,600-900 m,600,900,17079,1411446.8207453075,1.4114468207453075,12100.349619252052,11087.913317017967,1.0913099041530363
40619,BBVA Banco Francés,BANELCO,AV. DE MAYO 1165,Monserrat,Comuna 1,4,900-1200 m,900,1200,21691,1976025.5490442794,1.9760255490442793,10977.08479047299,11087.913317017967,0.9900045641252557
41229,ICBC,BANELCO,Av. De Mayo 1202,Monserrat,Comuna 1,1,0-300 m,0,300,2573,282289.36414897913,0.28228936414897915,9114.760691593363,9114.760691593363,1.0
41229,ICBC,BANELCO,Av. De Mayo 1202,Monserrat,Comuna 1,2,300-600 m,300,600,6241,846868.092447653,0.8468680924476529,7369.506603988356,9114.760691593363,0.8085244202610089
41229,ICBC,BANELCO,Av. De Mayo 1202,Monserrat,Comuna 1,3,600-900 m,600,900,15918,1411446.8207453075,1.4114468207453075,11277.78940448821,9114.760691593363,1.2373105324520293
41229,ICBC,BANELCO,Av. De Mayo 1202,Monserrat,Comuna 1,4,900-1200 m,900,1200,23178,1976025.5490442794,1.9760255490442793,11729.605424995758,9114.760691593363,1.2868802398524948
40897,Banco Galicia,BANELCO,AV. DE MAYO 1225,Monserrat,Comuna 1,1,0-300 m,0,300,2742,282289.36414897913,0.28228936414897915,9713.437161425963,9713.437161425963,1.0
40897,Banco Galicia,BANELCO,AV. DE MAYO 1225,Monserrat,Comuna 1,2,300-600 m,300,600,6297,846868.092447653,0.8468680924476529,7435.632604600974,9713.437161425963,0.765499635302052
40897,Banco Galicia,BANELCO,AV. DE MAYO 1225,Monserrat,Comuna 1,3,600-900 m,600,900,16708,1411446.8207453075,1.4114468207453075,11837.49876681675,9713.437161425963,1.218672501823131
40897,Banco Galicia,BANELCO,AV. DE MAYO 1225,Monserrat,Comuna 1,4,900-1200 m,900,1200,21907,1976025.5490442794,1.9760255490442793,11086.395118016311,9713.437161425963,1.1413462540368968
40032,Banco Patagonia,BANELCO,AV. DE MAYO 1441,Monserrat,Comuna 1,1,0-300 m,0,300,2719,282289.36414897913,0.28228936414897915,9631.960482099632,9631.960482099632,1.0
40032,Banco Patagonia,BANELCO,AV. DE MAYO 1441,Monserrat,Comuna 1,2,300-600 m,300,600,6663,846868.092447653,0.8468680924476529,7867.813251462012,9631.960482099632,0.8168444280978756
40032,Banco Patagonia,BANELCO,AV. DE MAYO 1441,Monserrat,Comuna 1,3,600-900 m,600,900,15001,1411446.8207453075,1.4114468207453075,10628.101448468882,9631.960482099632,1.1034203751375966
40032,Banco Patagonia,BANELCO,AV. DE MAYO 1441,Monserrat,Comuna 1,4,900-1200 m,900,1200,20742,1976025.5490442794,1.9760255490442793,10496.827842146087,9631.960482099632,1.0897914149101582
40621,BBVA Banco Francés,BANELCO,AV. DE MAYO 782,Monserrat,Comuna 1,1,0-300 m,0,300,2470,282289.36414897913,0.28228936414897915,8749.886866784145,8749.886866784145,1.0
40621,BBVA Banco Francés,BANELCO,AV. DE MAYO 782,Monserrat,Comuna 1,2,300-600 m,300,600,8870,846868.092447653,0.8468680924476529,10473.886168462861,8749.886866784145,1.197031039135291
40621,BBVA Banco Francés,BANELCO,AV. DE MAYO 782,Monserrat,Comuna 1,3,600-900 m,600,900,15811,1411446.8207453075,1.4114468207453075,11201.980668071561,8749.886866784145,1.2802429149793837
40621,BBVA Banco Francés,BANELCO,AV. DE MAYO 782,Monserrat,Comuna 1,4,900-1200 m,900,1200,16398,1976025.5490442794,1.9760255490442793,8298.475699330418,8749.886866784145,0.9484094852509065
40472,Banco Supervielle,BANELCO,AV. DIAZ VELEZ 3916,Almagro,Comuna 5,1,0-300 m,0,300,1739,282289.36414897913,0.28228936414897915,6160.345449934263,6160.345449934263,1.0
40472,Banco Supervielle,BANELCO,AV. DIAZ VELEZ 3916,Almagro,Comuna 5,2,300-600 m,300,600,5651,846868.092447653,0.8468680924476529,6672.821954676847,6160.345449934263,1.0831895725503595
40472,Banco Supervielle,BANELCO,AV. DIAZ VELEZ 3916,Almagro,Comuna 5,3,600-900 m,600,900,9702,1411446.8207453075,1.4114468207453075,6873.797763685427,6160.345449934263,1.1158136860261265
40472,Banco Supervielle,BANELCO,AV. DIAZ VELEZ 3916,Almagro,Comuna 5,4,900-1200 m,900,1200,12989,1976025.5490442794,1.9760255490442793,6573.295576204587,6160.345449934263,1.0670335989477229
40192,Banco Santander Río,BANELCO,AV. DIAZ VELEZ 4101,Almagro,Comuna 5,1,0-300 m,0,300,1403,282289.36414897913,0.28228936414897915,4970.077438906136,4970.077438906136,1.0
40192,Banco Santander Río,BANELCO,AV. DIAZ VELEZ 4101,Almagro,Comuna 5,2,300-600 m,300,600,5292,846868.092447653,0.8468680924476529,6248.907057892386,4970.077438906136,1.2573057733417745
40192,Banco Santander Río,BANELCO,AV. DIAZ VELEZ 4101,Almagro,Comuna 5,3,600-900 m,600,900,8929,1411446.8207453075,1.4114468207453075,6326.132780039907,4970.077438906136,1.2728439059155232
40192,Banco Santander Río,BANELCO,AV. DIAZ VELEZ 4101,Almagro,Comuna 5,4,900-1200 m,900,1200,12060,1976025.5490442794,1.9760255490442793,6103.1599545020645,4970.077438906136,1.2279808573456168
40047,Banco Patagonia,BANELCO,AV. DIAZ VELEZ 4363,Almagro,Comuna 5,1,0-300 m,0,300,1494,282289.36414897913,0.28228936414897915,5292.441691892921,5292.441691892921,1.0
40047,Banco Patagonia,BANELCO,AV. DIAZ VELEZ 4363,Almagro,Comuna 5,2,300-600 m,300,600,4187,846868.092447653,0.8468680924476529,4944.099367232695,5292.441691892921,0.9341811691201389
40047,Banco Patagonia,BANELCO,AV. DIAZ VELEZ 4363,Almagro,Comuna 5,3,600-900 m,600,900,7895,1411446.8207453075,1.4114468207453075,5593.551158966857,5292.441691892921,1.0568942436409232
40047,Banco Patagonia,BANELCO,AV. DIAZ VELEZ 4363,Almagro,Comuna 5,4,900-1200 m,900,1200,12317,1976025.5490442794,1.9760255490442793,6233.219001625367,5292.441691892921,1.1777586536614186
40560,BBVA Banco Francés,BANELCO,AV. DIAZ VELEZ 5253,Caballito,Comuna 6,1,0-300 m,0,300,1542,282289.36414897913,0.28228936414897915,5462.479979182653,5462.479979182653,1.0
40560,BBVA Banco Francés,BANELCO,AV. DIAZ VELEZ 5253,Caballito,Comuna 6,2,300-600 m,300,600,3929,846868.092447653,0.8468680924476529,4639.447435838848,5462.479979182653,0.8493298746209859
40560,BBVA Banco Francés,BANELCO,AV. DIAZ VELEZ 5253,Caballito,Comuna 6,3,600-900 m,600,900,5646,1411446.8207453075,1.4114468207453075,4000.1507084897876,5462.479979182653,0.7322957198441444
40560,BBVA Banco Francés,BANELCO,AV. DIAZ VELEZ 5253,Caballito,Comuna 6,4,900-1200 m,900,1200,8544,1976025.5490442794,1.9760255490442793,4323.830733935791,5462.479979182653,0.7915508615892012
40120,Banco Santander Río,BANELCO,AV.DIRECTORIO 1950,Flores,Comuna 7,1,0-300 m,0,300,1554,282289.36414897913,0.28228936414897915,5504.9895510050865,5504.9895510050865,1.0
40120,Banco Santander Río,BANELCO,AV.DIRECTORIO 1950,Flores,Comuna 7,2,300-600 m,300,600,3889,846868.092447653,0.8468680924476529,4592.214578258407,5504.9895510050865,0.8341913341906293
40120,Banco Santander Río,BANELCO,AV.DIRECTORIO 1950,Flores,Comuna 7,3,600-900 m,600,900,7379,1411446.8207453075,1.4114468207453075,5227.968841294039,5504.9895510050865,0.9496782496779725
40120,Banco Santander Río,BANELCO,AV.DIRECTORIO 1950,Flores,Comuna 7,4,900-1200 m,900,1200,9448,1976025.5490442794,1.9760255490442793,4781.314697357836,5504.9895510050865,0.8685420113985277
39991,Banco Patagonia,BANELCO,AV E CASTRO 7325,Liniers,Comuna 9,1,0-300 m,0,300,563,282289.36414897913,0.28228936414897915,1994.4074113358195,1994.4074113358195,1.0
39991,Banco Patagonia,BANELCO,AV E CASTRO 7325,Liniers,Comuna 9,2,300-600 m,300,600,1440,846868.092447653,0.8468680924476529,1700.3828728958874,1994.4074113358195,0.8525754884539867
39991,Banco Patagonia,BANELCO,AV E CASTRO 7325,Liniers,Comuna 9,3,600-900 m,600,900,2546,1411446.8207453075,1.4114468207453075,1803.8228309980516,1994.4074113358195,0.9044404973354377
39991,Banco Patagonia,BANELCO,AV E CASTRO 7325,Liniers,Comuna 9,4,900-1200 m,900,1200,3016,1976025.5490442794,1.9760255490442793,1526.2960549567351,1994.4074113358195,0.7652879979695064
39876,Banco Itaú,BANELCO,AV. EL CANO 3034,Colegiales,Comuna 13,1,0-300 m,0,300,751,282289.36414897913,0.28228936414897915,2660.390703220605,2660.390703220605,1.0
39876,Banco Itaú,BANELCO,AV. EL CANO 3034,Colegiales,Comuna 13,2,300-600 m,300,600,1866,846868.092447653,0.8468680924476529,2203.4128061275874,2660.390703220605,0.8282290279620166
39876,Banco Itaú,BANELCO,AV. EL CANO 3034,Colegiales,Comuna 13,3,600-900 m,600,900,3721,1411446.8207453075,1.4114468207453075,2636.30194585379,2660.390703220605,0.9909454061248772
39876,Banco Itaú,BANELCO,AV. EL CANO 3034,Colegiales,Comuna 13,4,900-1200 m,900,1200,7335,1976025.5490442794,1.9760255490442793,3711.9965394919273,2660.390703220605,1.3952824805011812
39800,Banco Itaú,BANELCO,AV. EL CANO 3034,Colegiales,Comuna 13,1,0-300 m,0,300,751,282289.36414897913,0.28228936414897915,2660.390703220605,2660.390703220605,1.0
39800,Banco Itaú,BANELCO,AV. EL CANO 3034,Colegiales,Comuna 13,2,300-600 m,300,600,1866,846868.092447653,0.8468680924476529,2203.4128061275874,2660.390703220605,0.8282290279620166
39800,Banco Itaú,BANELCO,AV. EL CANO 3034,Colegiales,Comuna 13,3,600-900 m,600,900,3721,1411446.8207453075,1.4114468207453075,2636.30194585379,2660.390703220605,0.9909454061248772
39800,Banco Itaú,BANELCO,AV. EL CANO 3034,Colegiales,Comuna 13,4,900-1200 m,900,1200,7335,1976025.5490442794,1.9760255490442793,3711.9965394919273,2660.390703220605,1.3952824805011812
40727,BBVA Banco Francés,BANELCO,AV. ELCANO 3107,Colegiales,Comuna 13,1,0-300 m,0,300,697,282289.36414897913,0.28228936414897915,2469.0976300196558,2469.0976300196558,1.0
40727,BBVA Banco Francés,BANELCO,AV. ELCANO 3107,Colegiales,Comuna 13,2,300-600 m,300,600,1672,846868.092447653,0.8468680924476529,1974.3334468624469,2469.0976300196558,0.7996174079381096
40727,BBVA Banco Francés,BANELCO,AV. ELCANO 3107,Colegiales,Comuna 13,3,600-900 m,600,900,3565,1411446.8207453075,1.4114468207453075,2525.7770591154963,2469.0976300196558,1.0229555236725854
40727,BBVA Banco Francés,BANELCO,AV. ELCANO 3107,Colegiales,Comuna 13,4,900-1200 m,900,1200,6617,1976025.5490442794,1.9760255490442793,3348.64091367663,2469.0976300196558,1.3562205369943077
40275,Banco Santander Río,BANELCO,Avenida Brigadier General Juan Manuel de Rosas Y Avenida General Paz,Mataderos,Comuna 9,1,0-300 m,0,300,722,282289.36414897913,0.28228936414897915,2557.659237983058,2557.659237983058,1.0
40275,Banco Santander Río,BANELCO,Avenida Brigadier General Juan Manuel de Rosas Y Avenida General Paz,Mataderos,Comuna 9,2,300-600 m,300,600,816,846868.092447653,0.8468680924476529,963.5502946410028,2557.659237983058,0.3767313019387399
40275,Banco Santander Río,BANELCO,Avenida Brigadier General Juan Manuel de Rosas Y Avenida General Paz,Mataderos,Comuna 9,3,600-900 m,600,900,1296,1411446.8207453075,1.4114468207453075,918.206751364287,2557.659237983058,0.35900277008299775
40275,Banco Santander Río,BANELCO,Avenida Brigadier General Juan Manuel de Rosas Y Avenida General Paz,Mataderos,Comuna 9,4,900-1200 m,900,1200,2099,1976025.5490442794,1.9760255490442793,1062.2332292288418,2557.659237983058,0.4153146022949121
40797,Banco Galicia,BANELCO,AV. ENTRE RIOS 1145,San Cristobal,Comuna 3,1,0-300 m,0,300,3096,282289.36414897913,0.28228936414897915,10967.46953018774,10967.46953018774,1.0
40797,Banco Galicia,BANELCO,AV. ENTRE RIOS 1145,San Cristobal,Comuna 3,2,300-600 m,300,600,6153,846868.092447653,0.8468680924476529,7265.594317311386,10967.46953018774,0.6624677002578382
40797,Banco Galicia,BANELCO,AV. ENTRE RIOS 1145,San Cristobal,Comuna 3,3,600-900 m,600,900,9826,1411446.8207453075,1.4114468207453075,6961.650878785096,10967.46953018774,0.6347545219636391
40797,Banco Galicia,BANELCO,AV. ENTRE RIOS 1145,San Cristobal,Comuna 3,4,900-1200 m,900,1200,14649,1976025.5490442794,1.9760255490442793,7413.365686028254,10967.46953018774,0.6759413067547727
41111,HSBC Bank Argentina,BANELCO,AV. ENTRE RIOS 1150,Constitucion,Comuna 1,1,0-300 m,0,300,3164,282289.36414897913,0.28228936414897915,11208.357103848193,11208.357103848193,1.0
41111,HSBC Bank Argentina,BANELCO,AV. ENTRE RIOS 1150,Constitucion,Comuna 1,2,300-600 m,300,600,6201,846868.092447653,0.8468680924476529,7322.273746407915,11208.357103848193,0.6532869785076655
41111,HSBC Bank Argentina,BANELCO,AV. ENTRE RIOS 1150,Constitucion,Comuna 1,3,600-900 m,600,900,9688,1411446.8207453075,1.4114468207453075,6863.878863593529,11208.357103848193,0.6123893805307948
41111,HSBC Bank Argentina,BANELCO,AV. ENTRE RIOS 1150,Constitucion,Comuna 1,4,900-1200 m,900,1200,14490,1976025.5490442794,1.9760255490442793,7332.9011393644205,11208.357103848193,0.654235145385116
40031,Banco Patagonia,BANELCO,AV. ENTRE RIOS 555,Balvanera,Comuna 3,1,0-300 m,0,300,2415,282289.36414897913,0.28228936414897915,8555.051329264661,8555.051329264661,1.0
40031,Banco Patagonia,BANELCO,AV. ENTRE RIOS 555,Balvanera,Comuna 3,2,300-600 m,300,600,5321,846868.092447653,0.8468680924476529,6283.150879638206,8555.051329264661,0.7344375431325748
40031,Banco Patagonia,BANELCO,AV. ENTRE RIOS 555,Balvanera,Comuna 3,3,600-900 m,600,900,10300,1411446.8207453075,1.4114468207453075,7297.47649618222,8555.051329264661,0.8530020703931259
40031,Banco Patagonia,BANELCO,AV. ENTRE RIOS 555,Balvanera,Comuna 3,4,900-1200 m,900,1200,15076,1976025.5490442794,1.9760255490442793,7629.4560094588,8555.051329264661,0.8918071576450237
40015,Banco Patagonia,BANELCO,AV. EVA PERON 4902,Villa Lugano,Comuna 8,1,0-300 m,0,300,1196,282289.36414897913,0.28228936414897915,4236.787324969166,4236.787324969166,1.0
40015,Banco Patagonia,BANELCO,AV. EVA PERON 4902,Villa Lugano,Comuna 8,2,300-600 m,300,600,2434,846868.092447653,0.8468680924476529,2874.119383769854,4236.787324969166,0.6783723522848225
40015,Banco Patagonia,BANELCO,AV. EVA PERON 4902,Villa Lugano,Comuna 8,3,600-900 m,600,900,3882,1411446.8207453075,1.4114468207453075,2750.369296910619,4236.787324969166,0.6491638795984728
40015,Banco Patagonia,BANELCO,AV. EVA PERON 4902,Villa Lugano,Comuna 8,4,900-1200 m,900,1200,4155,1976025.5490442794,1.9760255490442793,2102.7056062152633,4236.787324969166,0.49629718107943177
40687,BBVA Banco Francés,BANELCO,AV. EVA PERON 4941,Mataderos,Comuna 9,1,0-300 m,0,300,1039,282289.36414897913,0.28228936414897915,3680.620426958999,3680.620426958999,1.0
40687,BBVA Banco Francés,BANELCO,AV. EVA PERON 4941,Mataderos,Comuna 9,2,300-600 m,300,600,2499,846868.092447653,0.8468680924476529,2950.872777338071,3680.620426958999,0.8017324350330088
40687,BBVA Banco Francés,BANELCO,AV. EVA PERON 4941,Mataderos,Comuna 9,3,600-900 m,600,900,3805,1411446.8207453075,1.4114468207453075,2695.8153464051793,3680.620426958999,0.7324350336860231
40687,BBVA Banco Francés,BANELCO,AV. EVA PERON 4941,Mataderos,Comuna 9,4,900-1200 m,900,1200,4164,1976025.5490442794,1.9760255490442793,2107.260203196235,3680.620426958999,0.5725285301797053
40041,Banco Patagonia,BANELCO,AV. F. BEIRO 5491,Villa Real,Comuna 10,1,0-300 m,0,300,677,282289.36414897913,0.28228936414897915,2398.2483436489338,2398.2483436489338,1.0
40041,Banco Patagonia,BANELCO,AV. F. BEIRO 5491,Villa Real,Comuna 10,2,300-600 m,300,600,2104,846868.092447653,0.8468680924476529,2484.4483087312133,2398.2483436489338,1.035942885277313
40041,Banco Patagonia,BANELCO,AV. F. BEIRO 5491,Villa Real,Comuna 10,3,600-900 m,600,900,1788,1411446.8207453075,1.4114468207453075,1266.7852403081367,2398.2483436489338,0.5282127031017662
40041,Banco Patagonia,BANELCO,AV. F. BEIRO 5491,Villa Real,Comuna 10,4,900-1200 m,900,1200,2266,1976025.5490442794,1.9760255490442793,1146.7463065424276,2398.2483436489338,0.47815994935605943
39949,Banco Macro,BANELCO,AV. FCO. BEIRO 3599,Villa Devoto,Comuna 11,1,0-300 m,0,300,615,282289.36414897913,0.28228936414897915,2178.615555899696,2178.615555899696,1.0
39949,Banco Macro,BANELCO,AV. FCO. BEIRO 3599,Villa Devoto,Comuna 11,2,300-600 m,300,600,1416,846868.092447653,0.8468680924476529,1672.0431583476225,2178.615555899696,0.7674796747960996
39949,Banco Macro,BANELCO,AV. FCO. BEIRO 3599,Villa Devoto,Comuna 11,3,600-900 m,600,900,3013,1411446.8207453075,1.4114468207453075,2134.688998349226,2178.615555899696,0.979837398373698
39949,Banco Macro,BANELCO,AV. FCO. BEIRO 3599,Villa Devoto,Comuna 11,4,900-1200 m,900,1200,4624,1976025.5490442794,1.9760255490442793,2340.0507155570103,2178.615555899696,1.0740998838552067
41002,Banco Galicia,BANELCO,AV. FCO. BEIRO 4229,Villa Devoto,Comuna 11,1,0-300 m,0,300,621,282289.36414897913,0.28228936414897915,2199.870341810913,2199.870341810913,1.0
41002,Banco Galicia,BANELCO,AV. FCO. BEIRO 4229,Villa Devoto,Comuna 11,2,300-600 m,300,600,1879,846868.092447653,0.8468680924476529,2218.763484841231,2199.870341810913,1.0085882984425187
41002,Banco Galicia,BANELCO,AV. FCO. BEIRO 4229,Villa Devoto,Comuna 11,3,600-900 m,600,900,2728,1411446.8207453075,1.4114468207453075,1932.7685321927277,2199.870341810913,0.8785829307565874
41002,Banco Galicia,BANELCO,AV. FCO. BEIRO 4229,Villa Devoto,Comuna 11,4,900-1200 m,900,1200,3524,1976025.5490442794,1.9760255490442793,1783.3777512160261,2199.870341810913,0.8106740280647476
40388,Banco Santander Río,BANELCO,AV. FCO. BEIRO 5248,Villa Devoto,Comuna 11,1,0-300 m,0,300,951,282289.36414897913,0.28228936414897915,3368.883566927823,3368.883566927823,1.0
40388,Banco Santander Río,BANELCO,AV. FCO. BEIRO 5248,Villa Devoto,Comuna 11,2,300-600 m,300,600,1716,846868.092447653,0.8468680924476529,2026.2895902009325,3368.883566927823,0.6014721345946549
40388,Banco Santander Río,BANELCO,AV. FCO. BEIRO 5248,Villa Devoto,Comuna 11,3,600-900 m,600,900,2857,1411446.8207453075,1.4114468207453075,2024.1641116109322,3368.883566927823,0.6008412197684894
40388,Banco Santander Río,BANELCO,AV. FCO. BEIRO 5248,Villa Devoto,Comuna 11,4,900-1200 m,900,1200,2558,1976025.5490442794,1.9760255490442793,1294.517675258398,3368.883566927823,0.3842571729004289
39753,Banco Comafi,BANELCO,AV. FCO. BEIRO 5265,Villa Devoto,Comuna 11,1,0-300 m,0,300,928,282289.36414897913,0.28228936414897915,3287.406887601493,3287.406887601493,1.0
39753,Banco Comafi,BANELCO,AV. FCO. BEIRO 5265,Villa Devoto,Comuna 11,2,300-600 m,300,600,1754,846868.092447653,0.8468680924476529,2071.1608049023516,3287.406887601493,0.6300287356316516
39753,Banco Comafi,BANELCO,AV. FCO. BEIRO 5265,Villa Devoto,Comuna 11,3,600-900 m,600,900,2707,1411446.8207453075,1.4114468207453075,1917.8901820548804,3287.406887601493,0.5834051724136229
39753,Banco Comafi,BANELCO,AV. FCO. BEIRO 5265,Villa Devoto,Comuna 11,4,900-1200 m,900,1200,2438,1976025.5490442794,1.9760255490442793,1233.7897155121088,3287.406887601493,0.3753078817731283
40867,Banco Galicia,BANELCO,AV. FCO. BEIRO 5289,Villa Devoto,Comuna 11,1,0-300 m,0,300,931,282289.36414897913,0.28228936414897915,3298.0342805571013,3298.0342805571013,1.0
40867,Banco Galicia,BANELCO,AV. FCO. BEIRO 5289,Villa Devoto,Comuna 11,2,300-600 m,300,600,1700,846868.092447653,0.8468680924476529,2007.396447168756,3298.0342805571013,0.6086645184384403
40867,Banco Galicia,BANELCO,AV. FCO. BEIRO 5289,Villa Devoto,Comuna 11,3,600-900 m,600,900,2701,1411446.8207453075,1.4114468207453075,1913.6392248726384,3298.0342805571013,0.5802363050481658
40867,Banco Galicia,BANELCO,AV. FCO. BEIRO 5289,Villa Devoto,Comuna 11,4,900-1200 m,900,1200,2437,1976025.5490442794,1.9760255490442793,1233.2836491808898,3298.0342805571013,0.3739450667482342
40368,Banco Santander Río,BANELCO,AV. F DE LA CRUZ 6212,Villa Riachuelo,Comuna 8,1,0-300 m,0,300,708,282289.36414897913,0.28228936414897915,2508.0647375235526,2508.0647375235526,1.0
40368,Banco Santander Río,BANELCO,AV. F DE LA CRUZ 6212,Villa Riachuelo,Comuna 8,2,300-600 m,300,600,2108,846868.092447653,0.8468680924476529,2489.171594489257,2508.0647375235526,0.9924670433136624
40368,Banco Santander Río,BANELCO,AV. F DE LA CRUZ 6212,Villa Riachuelo,Comuna 8,3,600-900 m,600,900,3541,1411446.8207453075,1.4114468207453075,2508.773230386528,2508.0647375235526,1.0002824858754145
40368,Banco Santander Río,BANELCO,AV. F DE LA CRUZ 6212,Villa Riachuelo,Comuna 8,4,900-1200 m,900,1200,6158,1976025.5490442794,1.9760255490442793,3116.3564676470737,2508.0647375235526,1.2425343018554396
40183,Banco Santander Río,BANELCO,AV. F. DE LA CRUZ 809,Nueva Pompeya,Comuna 4,1,0-300 m,0,300,989,282289.36414897913,0.28228936414897915,3503.4972110321946,3503.4972110321946,1.0
40183,Banco Santander Río,BANELCO,AV. F. DE LA CRUZ 809,Nueva Pompeya,Comuna 4,2,300-600 m,300,600,2579,846868.092447653,0.8468680924476529,3045.3384924989537,3503.4972110321946,0.8692281766086353
40183,Banco Santander Río,BANELCO,AV. F. DE LA CRUZ 809,Nueva Pompeya,Comuna 4,3,600-900 m,600,900,3907,1411446.8207453075,1.4114468207453075,2768.0816185032945,3503.4972110321946,0.7900910010108919
40183,Banco Santander Río,BANELCO,AV. F. DE LA CRUZ 809,Nueva Pompeya,Comuna 4,4,900-1200 m,900,1200,6519,1976025.5490442794,1.9760255490442793,3299.0464132171605,3503.4972110321946,0.9416437960414991
40553,BBVA Banco Francés,BANELCO,AV. FEDERICO LACROZE 2451,Colegiales,Comuna 13,1,0-300 m,0,300,2066,282289.36414897913,0.28228936414897915,7318.731282095565,7318.731282095565,1.0
40553,BBVA Banco Francés,BANELCO,AV. FEDERICO LACROZE 2451,Colegiales,Comuna 13,2,300-600 m,300,600,3148,846868.092447653,0.8468680924476529,3717.2258915807315,7318.731282095565,0.5079057760563634
40553,BBVA Banco Francés,BANELCO,AV. FEDERICO LACROZE 2451,Colegiales,Comuna 13,3,600-900 m,600,900,3588,1411446.8207453075,1.4114468207453075,2542.0723949807575,7318.731282095565,0.34733785091955016
40553,BBVA Banco Francés,BANELCO,AV. FEDERICO LACROZE 2451,Colegiales,Comuna 13,4,900-1200 m,900,1200,6740,1976025.5490442794,1.9760255490442793,3410.8870724165763,7318.731282095565,0.4660489558840505
40863,Banco Galicia,BANELCO,AV. FEDERICO LACROZE 3101,Colegiales,Comuna 13,1,0-300 m,0,300,1284,282289.36414897913,0.28228936414897915,4548.524185000341,4548.524185000341,1.0
40863,Banco Galicia,BANELCO,AV. FEDERICO LACROZE 3101,Colegiales,Comuna 13,2,300-600 m,300,600,2937,846868.092447653,0.8468680924476529,3468.0725678439035,4548.524185000341,0.762461059189387
40863,Banco Galicia,BANELCO,AV. FEDERICO LACROZE 3101,Colegiales,Comuna 13,3,600-900 m,600,900,4279,1411446.8207453075,1.4114468207453075,3031.640963802303,4548.524185000341,0.6665109034265969
40863,Banco Galicia,BANELCO,AV. FEDERICO LACROZE 3101,Colegiales,Comuna 13,4,900-1200 m,900,1200,8409,1976025.5490442794,1.9760255490442793,4255.511779221215,4548.524185000341,0.9355807743651462
40507,Banco Supervielle,BANELCO,AV. F.F.DE LA CRUZ 6545,Villa Riachuelo,Comuna 8,1,0-300 m,0,300,720,282289.36414897913,0.28228936414897915,2550.574309345986,2550.574309345986,1.0
40507,Banco Supervielle,BANELCO,AV. F.F.DE LA CRUZ 6545,Villa Riachuelo,Comuna 8,2,300-600 m,300,600,1944,846868.092447653,0.8468680924476529,2295.516878409448,2550.574309345986,0.8999999999992396
40507,Banco Supervielle,BANELCO,AV. F.F.DE LA CRUZ 6545,Villa Riachuelo,Comuna 8,3,600-900 m,600,900,2258,1411446.8207453075,1.4114468207453075,1599.7768862504322,2550.574309345986,0.6272222222220392
40507,Banco Supervielle,BANELCO,AV. F.F.DE LA CRUZ 6545,Villa Riachuelo,Comuna 8,4,900-1200 m,900,1200,2969,1976025.5490442794,1.9760255490442793,1502.5109373894386,2550.574309345986,0.5890873015868767
40215,Banco Santander Río,BANELCO,AV. FIGUEROA ALCORTA 2263,Recoleta,Comuna 2,1,0-300 m,0,300,1083,282289.36414897913,0.28228936414897915,3836.488856974587,3836.488856974587,1.0
40215,Banco Santander Río,BANELCO,AV. FIGUEROA ALCORTA 2263,Recoleta,Comuna 2,2,300-600 m,300,600,1145,846868.092447653,0.8468680924476529,1352.0405482401327,3836.488856974587,0.352416128039099
40215,Banco Santander Río,BANELCO,AV. FIGUEROA ALCORTA 2263,Recoleta,Comuna 2,3,600-900 m,600,900,4278,1411446.8207453075,1.4114468207453075,3030.9324709385955,3836.488856974587,0.7900277008307944
40215,Banco Santander Río,BANELCO,AV. FIGUEROA ALCORTA 2263,Recoleta,Comuna 2,4,900-1200 m,900,1200,6401,1976025.5490442794,1.9760255490442793,3239.3305861333097,3836.488856974587,0.8443477113831135
39912,Banco Macro,BANELCO,AV F. LACROZE 3825,Chacarita,Comuna 15,1,0-300 m,0,300,2027,282289.36414897913,0.28228936414897915,7180.575173672658,7180.575173672658,1.0
39912,Banco Macro,BANELCO,AV F. LACROZE 3825,Chacarita,Comuna 15,2,300-600 m,300,600,4265,846868.092447653,0.8468680924476529,5036.203439514556,7180.575173672658,0.7013649070870576
39912,Banco Macro,BANELCO,AV F. LACROZE 3825,Chacarita,Comuna 15,3,600-900 m,600,900,3958,1411446.8207453075,1.4114468207453075,2804.214754552352,7180.575173672658,0.3905278737048688
39912,Banco Macro,BANELCO,AV F. LACROZE 3825,Chacarita,Comuna 15,4,900-1200 m,900,1200,5064,1976025.5490442794,1.9760255490442793,2562.719901293404,7180.575173672658,0.3568961871870003
40317,Banco Santander Río,BANELCO,AV. FOREST 1187,Chacarita,Comuna 15,1,0-300 m,0,300,935,282289.36414897913,0.28228936414897915,3312.2041378312456,3312.2041378312456,1.0
40317,Banco Santander Río,BANELCO,AV. FOREST 1187,Chacarita,Comuna 15,2,300-600 m,300,600,1954,846868.092447653,0.8468680924476529,2307.325092804558,3312.2041378312456,0.6966131907302492
40317,Banco Santander Río,BANELCO,AV. FOREST 1187,Chacarita,Comuna 15,3,600-900 m,600,900,3295,1411446.8207453075,1.4114468207453075,2334.483985914603,3312.2041378312456,0.7048128342243933
40317,Banco Santander Río,BANELCO,AV. FOREST 1187,Chacarita,Comuna 15,4,900-1200 m,900,1200,5801,1976025.5490442794,1.9760255490442793,2935.6907874018634,3312.2041378312456,0.8863254392659764
40467,Banco Supervielle,BANELCO,AV. FRANCISCO BEIRO 3180,Villa Del Parque,Comuna 11,1,0-300 m,0,300,856,282289.36414897913,0.28228936414897915,3032.349456666894,3032.349456666894,1.0
40467,Banco Supervielle,BANELCO,AV. FRANCISCO BEIRO 3180,Villa Del Parque,Comuna 11,2,300-600 m,300,600,1865,846868.092447653,0.8468680924476529,2202.2319846880764,3032.349456666894,0.7262461059183896
40467,Banco Supervielle,BANELCO,AV. FRANCISCO BEIRO 3180,Villa Del Parque,Comuna 11,3,600-900 m,600,900,2806,1411446.8207453075,1.4114468207453075,1988.0309755618746,3032.349456666894,0.6556074766353228
40467,Banco Supervielle,BANELCO,AV. FRANCISCO BEIRO 3180,Villa Del Parque,Comuna 11,4,900-1200 m,900,1200,3602,1976025.5490442794,1.9760255490442793,1822.850925051114,3032.349456666894,0.6011348464615157
40667,BBVA Banco Francés,BANELCO,AV. FRANCISCO BEIRO 4359,Villa Devoto,Comuna 11,1,0-300 m,0,300,688,282289.36414897913,0.28228936414897915,2437.215451152831,2437.215451152831,1.0
40667,BBVA Banco Francés,BANELCO,AV. FRANCISCO BEIRO 4359,Villa Devoto,Comuna 11,2,300-600 m,300,600,1673,846868.092447653,0.8468680924476529,1975.514268301958,2437.215451152831,0.8105620155031912
40667,BBVA Banco Francés,BANELCO,AV. FRANCISCO BEIRO 4359,Villa Devoto,Comuna 11,3,600-900 m,600,900,3035,1411446.8207453075,1.4114468207453075,2150.2758413507804,2437.215451152831,0.8822674418602078
40667,BBVA Banco Francés,BANELCO,AV. FRANCISCO BEIRO 4359,Villa Devoto,Comuna 11,4,900-1200 m,900,1200,3507,1976025.5490442794,1.9760255490442793,1774.7746235853017,2437.215451152831,0.7281976744180794
40617,BBVA Banco Francés,BANELCO,AV. GAONA 2508,Flores,Comuna 7,1,0-300 m,0,300,1190,282289.36414897913,0.28228936414897915,4215.532539057949,4215.532539057949,1.0
40617,BBVA Banco Francés,BANELCO,AV. GAONA 2508,Flores,Comuna 7,2,300-600 m,300,600,2326,846868.092447653,0.8468680924476529,2746.5906683026624,4215.532539057949,0.6515406162459481
40617,BBVA Banco Francés,BANELCO,AV. GAONA 2508,Flores,Comuna 7,3,600-900 m,600,900,4126,1411446.8207453075,1.4114468207453075,2923.24155565513,4215.532539057949,0.6934453781510582
40617,BBVA Banco Francés,BANELCO,AV. GAONA 2508,Flores,Comuna 7,4,900-1200 m,900,1200,5902,1976025.5490442794,1.9760255490442793,2986.8034868549903,4215.532539057949,0.7085234093632344
40806,Banco Galicia,BANELCO,AV GAONA 3496,Flores,Comuna 7,1,0-300 m,0,300,1005,282289.36414897913,0.28228936414897915,3560.176640128772,3560.176640128772,1.0
40806,Banco Galicia,BANELCO,AV GAONA 3496,Flores,Comuna 7,2,300-600 m,300,600,2715,846868.092447653,0.8468680924476529,3205.9302082724544,3560.176640128772,0.9004975124370502
40806,Banco Galicia,BANELCO,AV GAONA 3496,Flores,Comuna 7,3,600-900 m,600,900,5453,1411446.8207453075,1.4114468207453075,3863.4115857943343,3560.176640128772,1.0851741293529173
40806,Banco Galicia,BANELCO,AV GAONA 3496,Flores,Comuna 7,4,900-1200 m,900,1200,7527,1976025.5490442794,1.9760255490442793,3809.16127508599,3560.176640128772,1.0699360341143669
40591,BBVA Banco Francés,BANELCO,AV. GAONA 3720,Flores,Comuna 7,1,0-300 m,0,300,791,282289.36414897913,0.28228936414897915,2802.0892759620483,2802.0892759620483,1.0
40591,BBVA Banco Francés,BANELCO,AV. GAONA 3720,Flores,Comuna 7,2,300-600 m,300,600,2918,846868.092447653,0.8468680924476529,3445.636960493194,2802.0892759620483,1.2296670880731289
40591,BBVA Banco Francés,BANELCO,AV. GAONA 3720,Flores,Comuna 7,3,600-900 m,600,900,5662,1411446.8207453075,1.4114468207453075,4011.4865943091,2802.0892759620483,1.4316055625785964
40591,BBVA Banco Francés,BANELCO,AV. GAONA 3720,Flores,Comuna 7,4,900-1200 m,900,1200,7725,1976025.5490442794,1.9760255490442793,3909.362408667367,2802.0892759620483,1.3951598338440363
40640,BBVA Banco Francés,BANELCO,AV GRAL MOSCONI 2816,Villa Pueyrredon,Comuna 12,1,0-300 m,0,300,767,282289.36414897913,0.28228936414897915,2717.070132317182,2717.070132317182,1.0
40640,BBVA Banco Francés,BANELCO,AV GRAL MOSCONI 2816,Villa Pueyrredon,Comuna 12,2,300-600 m,300,600,1837,846868.092447653,0.8468680924476529,2169.1689843817676,2717.070132317182,0.7983485441105816
40640,BBVA Banco Francés,BANELCO,AV GRAL MOSCONI 2816,Villa Pueyrredon,Comuna 12,3,600-900 m,600,900,2634,1411446.8207453075,1.4114468207453075,1866.1702030042686,2717.070132317182,0.6868318122553407
40640,BBVA Banco Francés,BANELCO,AV GRAL MOSCONI 2816,Villa Pueyrredon,Comuna 12,4,900-1200 m,900,1200,3536,1976025.5490442794,1.9760255490442793,1789.450547190655,2717.070132317182,0.6585956416460141
40997,Banco Galicia,BANELCO,AV.INDEPENDENCIA 3691,Almagro,Comuna 5,1,0-300 m,0,300,1377,282289.36414897913,0.28228936414897915,4877.973366624198,4877.973366624198,1.0
40997,Banco Galicia,BANELCO,AV.INDEPENDENCIA 3691,Almagro,Comuna 5,2,300-600 m,300,600,3922,846868.092447653,0.8468680924476529,4631.181685762271,4877.973366624198,0.9494069232623302
40997,Banco Galicia,BANELCO,AV.INDEPENDENCIA 3691,Almagro,Comuna 5,3,600-900 m,600,900,6506,1411446.8207453075,1.4114468207453075,4609.454571277818,4877.973366624198,0.9449527959329125
40997,Banco Galicia,BANELCO,AV.INDEPENDENCIA 3691,Almagro,Comuna 5,4,900-1200 m,900,1200,10829,1976025.5490442794,1.9760255490442793,5480.192300771381,4877.973366624198,1.1234567901226464
41316,ICBC,BANELCO,AV. J. B. ALBERDI 5754,Mataderos,Comuna 9,1,0-300 m,0,300,936,282289.36414897913,0.28228936414897915,3315.7466021497817,3315.7466021497817,1.0
41316,ICBC,BANELCO,AV. J. B. ALBERDI 5754,Mataderos,Comuna 9,2,300-600 m,300,600,2156,846868.092447653,0.8468680924476529,2545.851023585787,3315.7466021497817,0.7678062678056192
41316,ICBC,BANELCO,AV. J. B. ALBERDI 5754,Mataderos,Comuna 9,3,600-900 m,600,900,3398,1411446.8207453075,1.4114468207453075,2407.4587508764257,3315.7466021497817,0.7260683760681643
41316,ICBC,BANELCO,AV. J. B. ALBERDI 5754,Mataderos,Comuna 9,4,900-1200 m,900,1200,4314,1976025.5490442794,1.9760255490442793,2183.170152879097,3315.7466021497817,0.6584249084244336
39816,Banco Itaú,BANELCO,AV. J. B. ALBERDI 5977,Mataderos,Comuna 9,1,0-300 m,0,300,981,282289.36414897913,0.28228936414897915,3475.1574964839056,3475.1574964839056,1.0
39816,Banco Itaú,BANELCO,AV. J. B. ALBERDI 5977,Mataderos,Comuna 9,2,300-600 m,300,600,2202,846868.092447653,0.8468680924476529,2600.1688098032946,3475.1574964839056,0.7482161060136391
39816,Banco Itaú,BANELCO,AV. J. B. ALBERDI 5977,Mataderos,Comuna 9,3,600-900 m,600,900,3392,1411446.8207453075,1.4114468207453075,2403.2077936941832,3475.1574964839056,0.6915392456674843
39816,Banco Itaú,BANELCO,AV. J. B. ALBERDI 5977,Mataderos,Comuna 9,4,900-1200 m,900,1200,4366,1976025.5490442794,1.9760255490442793,2209.4856021024884,3475.1574964839056,0.6357943789131864
39852,Banco Itaú,BANELCO,AV. J. B. ALBERDI 5977,Mataderos,Comuna 9,1,0-300 m,0,300,981,282289.36414897913,0.28228936414897915,3475.1574964839056,3475.1574964839056,1.0
39852,Banco Itaú,BANELCO,AV. J. B. ALBERDI 5977,Mataderos,Comuna 9,2,300-600 m,300,600,2202,846868.092447653,0.8468680924476529,2600.1688098032946,3475.1574964839056,0.7482161060136391
39852,Banco Itaú,BANELCO,AV. J. B. ALBERDI 5977,Mataderos,Comuna 9,3,600-900 m,600,900,3392,1411446.8207453075,1.4114468207453075,2403.2077936941832,3475.1574964839056,0.6915392456674843
39852,Banco Itaú,BANELCO,AV. J. B. ALBERDI 5977,Mataderos,Comuna 9,4,900-1200 m,900,1200,4366,1976025.5490442794,1.9760255490442793,2209.4856021024884,3475.1574964839056,0.6357943789131864
39906,Banco Itaú,BANELCO,AV. J.B. ALBERDI 7283,Mataderos,Comuna 9,1,0-300 m,0,300,969,282289.36414897913,0.28228936414897915,3432.6479246614726,3432.6479246614726,1.0
39906,Banco Itaú,BANELCO,AV. J.B. ALBERDI 7283,Mataderos,Comuna 9,2,300-600 m,300,600,1525,846868.092447653,0.8468680924476529,1800.752695254325,3432.6479246614726,0.5245958032331309
39906,Banco Itaú,BANELCO,AV. J.B. ALBERDI 7283,Mataderos,Comuna 9,3,600-900 m,600,900,1828,1411446.8207453075,1.4114468207453075,1295.1249548564172,3432.6479246614726,0.3772961816304369
39906,Banco Itaú,BANELCO,AV. J.B. ALBERDI 7283,Mataderos,Comuna 9,4,900-1200 m,900,1200,3027,1976025.5490442794,1.9760255490442793,1531.862784600145,3432.6479246614726,0.44626271561223896
40852,Banco Galicia,BANELCO,AV. J.B. JUSTO 6629,Floresta,Comuna 10,1,0-300 m,0,300,978,282289.36414897913,0.28228936414897915,3464.5301035282973,3464.5301035282973,1.0
40852,Banco Galicia,BANELCO,AV. J.B. JUSTO 6629,Floresta,Comuna 10,2,300-600 m,300,600,2382,846868.092447653,0.8468680924476529,2812.7166689152805,3464.5301035282973,0.8118609406946107
40852,Banco Galicia,BANELCO,AV. J.B. JUSTO 6629,Floresta,Comuna 10,3,600-900 m,600,900,4248,1411446.8207453075,1.4114468207453075,3009.6776850273855,3464.5301035282973,0.8687116564414644
40852,Banco Galicia,BANELCO,AV. J.B. JUSTO 6629,Floresta,Comuna 10,4,900-1200 m,900,1200,5801,1976025.5490442794,1.9760255490442793,2935.6907874018634,3464.5301035282973,0.8473561203616442
40439,Banco Supervielle,BANELCO,AV. JOSE M. MORENO 230,Caballito,Comuna 6,1,0-300 m,0,300,1330,282289.36414897913,0.28228936414897915,4711.477543653002,4711.477543653002,1.0
40439,Banco Supervielle,BANELCO,AV. JOSE M. MORENO 230,Caballito,Comuna 6,2,300-600 m,300,600,5587,846868.092447653,0.8468680924476529,6597.249382548141,4711.477543653002,1.400250626565233
40439,Banco Supervielle,BANELCO,AV. JOSE M. MORENO 230,Caballito,Comuna 6,3,600-900 m,600,900,7458,1411446.8207453075,1.4114468207453075,5283.939777526893,4711.477543653002,1.1215037593981692
40439,Banco Supervielle,BANELCO,AV. JOSE M. MORENO 230,Caballito,Comuna 6,4,900-1200 m,900,1200,9449,1976025.5490442794,1.9760255490442793,4781.820763689055,4711.477543653002,1.0149301825986234
40181,Banco Santander Río,BANELCO,AV. JUAN B. ALBERDI 1617,Caballito,Comuna 6,1,0-300 m,0,300,1580,282289.36414897913,0.28228936414897915,5597.0936232870245,5597.0936232870245,1.0
40181,Banco Santander Río,BANELCO,AV. JUAN B. ALBERDI 1617,Caballito,Comuna 6,2,300-600 m,300,600,5257,846868.092447653,0.8468680924476529,6207.5783075095,5597.0936232870245,1.1090717299568689
40181,Banco Santander Río,BANELCO,AV. JUAN B. ALBERDI 1617,Caballito,Comuna 6,3,600-900 m,600,900,6137,1411446.8207453075,1.4114468207453075,4348.020704569931,5597.0936232870245,0.7768354430377482
40181,Banco Santander Río,BANELCO,AV. JUAN B. ALBERDI 1617,Caballito,Comuna 6,4,900-1200 m,900,1200,8220,1976025.5490442794,1.9760255490442793,4159.86524262081,5597.0936232870245,0.7432188065094097
40033,Banco Patagonia,BANELCO,AV. JUAN B. ALBERDI 5002,Mataderos,Comuna 9,1,0-300 m,0,300,904,282289.36414897913,0.28228936414897915,3202.3877439566268,3202.3877439566268,1.0
40033,Banco Patagonia,BANELCO,AV. JUAN B. ALBERDI 5002,Mataderos,Comuna 9,2,300-600 m,300,600,2004,846868.092447653,0.8468680924476529,2366.36616478011,3202.3877439566268,0.7389380530967209
40033,Banco Patagonia,BANELCO,AV. JUAN B. ALBERDI 5002,Mataderos,Comuna 9,3,600-900 m,600,900,3390,1411446.8207453075,1.4114468207453075,2401.7908079667695,3202.3877439566268,0.7499999999997813
40033,Banco Patagonia,BANELCO,AV. JUAN B. ALBERDI 5002,Mataderos,Comuna 9,4,900-1200 m,900,1200,4569,1976025.5490442794,1.9760255490442793,2312.217067339961,3202.3877439566268,0.7220290771170519
40885,Banco Galicia,BANELCO,AV. JUAN B. ALBERDI 5859,Mataderos,Comuna 9,1,0-300 m,0,300,920,282289.36414897913,0.28228936414897915,3259.067173053204,3259.067173053204,1.0
40885,Banco Galicia,BANELCO,AV. JUAN B. ALBERDI 5859,Mataderos,Comuna 9,2,300-600 m,300,600,2083,846868.092447653,0.8468680924476529,2459.6510585014817,3259.067173053204,0.7547101449268987
40885,Banco Galicia,BANELCO,AV. JUAN B. ALBERDI 5859,Mataderos,Comuna 9,3,600-900 m,600,900,3610,1411446.8207453075,1.4114468207453075,2557.659237982312,3259.067173053204,0.7847826086954233
40885,Banco Galicia,BANELCO,AV. JUAN B. ALBERDI 5859,Mataderos,Comuna 9,4,900-1200 m,900,1200,4237,1976025.5490442794,1.9760255490442793,2144.2030453752277,3259.067173053204,0.6579192546579106
40865,Banco Galicia,BANELCO,AV. JUAN B. JUSTO 4802,Villa Gral. Mitre,Comuna 11,1,0-300 m,0,300,903,282289.36414897913,0.28228936414897915,3198.8452796380907,3198.8452796380907,1.0
40865,Banco Galicia,BANELCO,AV. JUAN B. JUSTO 4802,Villa Gral. Mitre,Comuna 11,2,300-600 m,300,600,2313,846868.092447653,0.8468680924476529,2731.239989589019,3198.8452796380907,0.8538205980059231
40865,Banco Galicia,BANELCO,AV. JUAN B. JUSTO 4802,Villa Gral. Mitre,Comuna 11,3,600-900 m,600,900,4185,1411446.8207453075,1.4114468207453075,2965.042634613844,3198.8452796380907,0.9269102990030519
40865,Banco Galicia,BANELCO,AV. JUAN B. JUSTO 4802,Villa Gral. Mitre,Comuna 11,4,900-1200 m,900,1200,6312,1976025.5490442794,1.9760255490442793,3194.290682654812,3198.8452796380907,0.9985761746551887
40522,BBVA Banco Francés,BANELCO,AV. JUAN B. JUSTO 7132,Velez Sarsfield,Comuna 10,1,0-300 m,0,300,919,282289.36414897913,0.28228936414897915,3255.524708734668,3255.524708734668,1.0
40522,BBVA Banco Francés,BANELCO,AV. JUAN B. JUSTO 7132,Velez Sarsfield,Comuna 10,2,300-600 m,300,600,2073,846868.092447653,0.8468680924476529,2447.842844106371,3255.524708734668,0.7519042437425639
40522,BBVA Banco Francés,BANELCO,AV. JUAN B. JUSTO 7132,Velez Sarsfield,Comuna 10,3,600-900 m,600,900,3473,1411446.8207453075,1.4114468207453075,2460.5957156544514,3255.524708734668,0.7558215451575597
40522,BBVA Banco Francés,BANELCO,AV. JUAN B. JUSTO 7132,Velez Sarsfield,Comuna 10,4,900-1200 m,900,1200,5528,1976025.5490442794,1.9760255490442793,2797.5346789790556,3255.524708734668,0.8593191357058935
39873,Banco Itaú,BANELCO,AV. JURAMENTO 2013,Belgrano,Comuna 13,1,0-300 m,0,300,1538,282289.36414897913,0.28228936414897915,5448.310121908508,5448.310121908508,1.0
39873,Banco Itaú,BANELCO,AV. JURAMENTO 2013,Belgrano,Comuna 13,2,300-600 m,300,600,6399,846868.092447653,0.8468680924476529,7556.076391431099,5448.310121908508,1.3868660598167737
39873,Banco Itaú,BANELCO,AV. JURAMENTO 2013,Belgrano,Comuna 13,3,600-900 m,600,900,7779,1411446.8207453075,1.4114468207453075,5511.365986776844,5448.310121908508,1.0115734720413176
39873,Banco Itaú,BANELCO,AV. JURAMENTO 2013,Belgrano,Comuna 13,4,900-1200 m,900,1200,8046,1976025.5490442794,1.9760255490442793,4071.8097009886906,5448.310121908508,0.747352777261211
40911,Banco Galicia,BANELCO,AV.JURAMENTO 2095,Belgrano,Comuna 13,1,0-300 m,0,300,1591,282289.36414897913,0.28228936414897915,5636.060730790921,5636.060730790921,1.0
40911,Banco Galicia,BANELCO,AV.JURAMENTO 2095,Belgrano,Comuna 13,2,300-600 m,300,600,6691,846868.092447653,0.8468680924476529,7900.876251768321,5636.060730790921,1.4018437041681013
40911,Banco Galicia,BANELCO,AV.JURAMENTO 2095,Belgrano,Comuna 13,3,600-900 m,600,900,7373,1411446.8207453075,1.4114468207453075,5223.717884111797,5636.060730790921,0.9268384663730798
40911,Banco Galicia,BANELCO,AV.JURAMENTO 2095,Belgrano,Comuna 13,4,900-1200 m,900,1200,8707,1976025.5490442794,1.9760255490442793,4406.3195459245,5636.060730790921,0.7818083864589853
40104,Banco Santander Río,BANELCO,AV. LA PLATA 1031,Parque Chacabuco,Comuna 7,1,0-300 m,0,300,1785,282289.36414897913,0.28228936414897915,6323.298808586924,6323.298808586924,1.0
40104,Banco Santander Río,BANELCO,AV. LA PLATA 1031,Parque Chacabuco,Comuna 7,2,300-600 m,300,600,3886,846868.092447653,0.8468680924476529,4588.672113939874,6323.298808586924,0.7256769374410302
40104,Banco Santander Río,BANELCO,AV. LA PLATA 1031,Parque Chacabuco,Comuna 7,3,600-900 m,600,900,5687,1411446.8207453075,1.4114468207453075,4029.1989159017753,6323.298808586924,0.6371988795516348
40104,Banco Santander Río,BANELCO,AV. LA PLATA 1031,Parque Chacabuco,Comuna 7,4,900-1200 m,900,1200,7305,1976025.5490442794,1.9760255490442793,3696.814549555355,6323.298808586924,0.5846338535409948
40094,Banco Santander Río,BANELCO,AV. LA PLATA 140,Almagro,Comuna 5,1,0-300 m,0,300,1972,282289.36414897913,0.28228936414897915,6985.739636153173,6985.739636153173,1.0
40094,Banco Santander Río,BANELCO,AV. LA PLATA 140,Almagro,Comuna 5,2,300-600 m,300,600,3596,846868.092447653,0.8468680924476529,4246.2338964816745,6985.739636153173,0.6078431372543884
40094,Banco Santander Río,BANELCO,AV. LA PLATA 140,Almagro,Comuna 5,3,600-900 m,600,900,6807,1411446.8207453075,1.4114468207453075,4822.710923253628,6985.739636153173,0.6903651115616647
40094,Banco Santander Río,BANELCO,AV. LA PLATA 140,Almagro,Comuna 5,4,900-1200 m,900,1200,10576,1976025.5490442794,1.9760255490442793,5352.157518972955,6985.739636153173,0.7661547377566192
40837,Banco Galicia,BANELCO,AV. LA PLATA 293,Caballito,Comuna 6,1,0-300 m,0,300,1467,282289.36414897913,0.28228936414897915,5196.795155292446,5196.795155292446,1.0
40837,Banco Galicia,BANELCO,AV. LA PLATA 293,Caballito,Comuna 6,2,300-600 m,300,600,4261,846868.092447653,0.8468680924476529,5031.480153756511,5196.795155292446,0.9681890479428312
40837,Banco Galicia,BANELCO,AV. LA PLATA 293,Caballito,Comuna 6,3,600-900 m,600,900,6713,1411446.8207453075,1.4114468207453075,4756.112594065169,5196.795155292446,0.9152010906609465
40837,Banco Galicia,BANELCO,AV. LA PLATA 293,Caballito,Comuna 6,4,900-1200 m,900,1200,10109,1976025.5490442794,1.9760255490442793,5115.824542293646,5196.795155292446,0.98441912552271
40644,BBVA Banco Francés,BANELCO,AV. LA PLATA 510,Almagro,Comuna 5,1,0-300 m,0,300,1464,282289.36414897913,0.28228936414897915,5186.167762336838,5186.167762336838,1.0
40644,BBVA Banco Francés,BANELCO,AV. LA PLATA 510,Almagro,Comuna 5,2,300-600 m,300,600,3512,846868.092447653,0.8468680924476529,4147.044895562747,5186.167762336838,0.7996357012743699
40644,BBVA Banco Francés,BANELCO,AV. LA PLATA 510,Almagro,Comuna 5,3,600-900 m,600,900,7543,1411446.8207453075,1.4114468207453075,5344.161670941989,5186.167762336838,1.0304644808740164
40644,BBVA Banco Francés,BANELCO,AV. LA PLATA 510,Almagro,Comuna 5,4,900-1200 m,900,1200,10378,1976025.5490442794,1.9760255490442793,5251.956385391577,5186.167762336838,1.012685402028934
40506,Banco Supervielle,BANELCO,AV. LA PLATA 537,Caballito,Comuna 6,1,0-300 m,0,300,1431,282289.36414897913,0.28228936414897915,5069.266439825147,5069.266439825147,1.0
40506,Banco Supervielle,BANELCO,AV. LA PLATA 537,Caballito,Comuna 6,2,300-600 m,300,600,3661,846868.092447653,0.8468680924476529,4322.987290049891,5069.266439825147,0.8527836012105536
40506,Banco Supervielle,BANELCO,AV. LA PLATA 537,Caballito,Comuna 6,3,600-900 m,600,900,7510,1411446.8207453075,1.4114468207453075,5320.781406439657,5069.266439825147,1.049615653388932
40506,Banco Supervielle,BANELCO,AV. LA PLATA 537,Caballito,Comuna 6,4,900-1200 m,900,1200,10355,1976025.5490442794,1.9760255490442793,5240.316859773538,5069.266439825147,1.0337426375154768
40311,Banco Santander Río,BANELCO,AV. LAS HERAS 1602,Recoleta,Comuna 2,1,0-300 m,0,300,1520,282289.36414897913,0.28228936414897915,5384.545764174859,5384.545764174859,1.0
40311,Banco Santander Río,BANELCO,AV. LAS HERAS 1602,Recoleta,Comuna 2,2,300-600 m,300,600,6041,846868.092447653,0.8468680924476529,7133.342316086149,5384.545764174859,1.3247807017532667
40311,Banco Santander Río,BANELCO,AV. LAS HERAS 1602,Recoleta,Comuna 2,3,600-900 m,600,900,9505,1411446.8207453075,1.4114468207453075,6734.224669535146,5384.545764174859,1.2506578947364775
40311,Banco Santander Río,BANELCO,AV. LAS HERAS 1602,Recoleta,Comuna 2,4,900-1200 m,900,1200,13675,1976025.5490442794,1.9760255490442793,6920.457079420873,5384.545764174859,1.2852443609013287
40446,Banco Supervielle,BANELCO,AV. LAS HERAS 2401,Recoleta,Comuna 2,1,0-300 m,0,300,1871,282289.36414897913,0.28228936414897915,6627.950739981027,6627.950739981027,1.0
40446,Banco Supervielle,BANELCO,AV. LAS HERAS 2401,Recoleta,Comuna 2,2,300-600 m,300,600,3858,846868.092447653,0.8468680924476529,4555.609113633564,6627.950739981027,0.6873329770170569
40446,Banco Supervielle,BANELCO,AV. LAS HERAS 2401,Recoleta,Comuna 2,3,600-900 m,600,900,6249,1411446.8207453075,1.4114468207453075,4427.371905305115,6627.950739981027,0.6679850347405855
40446,Banco Supervielle,BANELCO,AV. LAS HERAS 2401,Recoleta,Comuna 2,4,900-1200 m,900,1200,9947,1976025.5490442794,1.9760255490442793,5033.841796636155,6627.950739981027,0.759486905397635
41161,HSBC Bank Argentina,BANELCO,AV. LAS HERAS 2958,Recoleta,Comuna 2,1,0-300 m,0,300,1358,282289.36414897913,0.28228936414897915,4810.666544572012,4810.666544572012,1.0
41161,HSBC Bank Argentina,BANELCO,AV. LAS HERAS 2958,Recoleta,Comuna 2,2,300-600 m,300,600,3839,846868.092447653,0.8468680924476529,4533.173506282855,4810.666544572012,0.9423171330379864
41161,HSBC Bank Argentina,BANELCO,AV. LAS HERAS 2958,Recoleta,Comuna 2,3,600-900 m,600,900,5621,1411446.8207453075,1.4114468207453075,3982.438386897112,4810.666544572012,0.8278350515461503
41161,HSBC Bank Argentina,BANELCO,AV. LAS HERAS 2958,Recoleta,Comuna 2,4,900-1200 m,900,1200,11009,1976025.5490442794,1.9760255490442793,5571.284240390814,4810.666544572012,1.158110666946356
41365,ICBC,BANELCO,AV. LAS HERAS 3001,Palermo,Comuna 14,1,0-300 m,0,300,1522,282289.36414897913,0.28228936414897915,5391.630692811931,5391.630692811931,1.0
41365,ICBC,BANELCO,AV. LAS HERAS 3001,Palermo,Comuna 14,2,300-600 m,300,600,3699,846868.092447653,0.8468680924476529,4367.858504751311,5391.630692811931,0.8101182654395258
41365,ICBC,BANELCO,AV. LAS HERAS 3001,Palermo,Comuna 14,3,600-900 m,600,900,5272,1411446.8207453075,1.4114468207453075,3735.174377463365,5391.630692811931,0.6927726675425049
41365,ICBC,BANELCO,AV. LAS HERAS 3001,Palermo,Comuna 14,4,900-1200 m,900,1200,11934,1976025.5490442794,1.9760255490442793,6039.395596768461,5391.630692811931,1.1201426694191283
39898,Banco Itaú,BANELCO,AV. LAS HERAS 3015,Palermo,Comuna 14,1,0-300 m,0,300,1516,282289.36414897913,0.28228936414897915,5370.375906900715,5370.375906900715,1.0
39898,Banco Itaú,BANELCO,AV. LAS HERAS 3015,Palermo,Comuna 14,2,300-600 m,300,600,3732,846868.092447653,0.8468680924476529,4406.825612255175,5370.375906900715,0.8205804749333437
39898,Banco Itaú,BANELCO,AV. LAS HERAS 3015,Palermo,Comuna 14,3,600-900 m,600,900,5330,1411446.8207453075,1.4114468207453075,3776.266963558372,5370.375906900715,0.7031662269127237
39898,Banco Itaú,BANELCO,AV. LAS HERAS 3015,Palermo,Comuna 14,4,900-1200 m,900,1200,11960,1976025.5490442794,1.9760255490442793,6052.553321380156,5370.375906900715,1.127026008291686
40211,Banco Santander Río,BANELCO,AV. LAS HERAS 3201,Palermo,Comuna 14,1,0-300 m,0,300,1980,282289.36414897913,0.28228936414897915,7014.079350701461,7014.079350701461,1.0
40211,Banco Santander Río,BANELCO,AV. LAS HERAS 3201,Palermo,Comuna 14,2,300-600 m,300,600,3612,846868.092447653,0.8468680924476529,4265.127039513851,7014.079350701461,0.6080808080802943
40211,Banco Santander Río,BANELCO,AV. LAS HERAS 3201,Palermo,Comuna 14,3,600-900 m,600,900,8276,1411446.8207453075,1.4114468207453075,5863.486940039228,7014.079350701461,0.8359595959593521
40211,Banco Santander Río,BANELCO,AV. LAS HERAS 3201,Palermo,Comuna 14,4,900-1200 m,900,1200,10599,1976025.5490442794,1.9760255490442793,5363.797044590993,7014.079350701461,0.7647186147180631
39948,Banco Macro,BANELCO,AV. LAS HERAS 3701,Palermo,Comuna 14,1,0-300 m,0,300,1638,282289.36414897913,0.28228936414897915,5802.556553762118,5802.556553762118,1.0
39948,Banco Macro,BANELCO,AV. LAS HERAS 3701,Palermo,Comuna 14,2,300-600 m,300,600,4198,846868.092447653,0.8468680924476529,4957.088403067316,5802.556553762118,0.8542938542931325
39948,Banco Macro,BANELCO,AV. LAS HERAS 3701,Palermo,Comuna 14,3,600-900 m,600,900,8167,1411446.8207453075,1.4114468207453075,5786.261217895164,5802.556553762118,0.9971916971914063
39948,Banco Macro,BANELCO,AV. LAS HERAS 3701,Palermo,Comuna 14,4,900-1200 m,900,1200,9431,1976025.5490442794,1.9760255490442793,4772.711569727112,5802.556553762118,0.8225187510895865
40013,Banco Patagonia,BANELCO,AV. LEANDRO N ALEM 1064,Retiro,Comuna 1,1,0-300 m,0,300,1618,282289.36414897913,0.28228936414897915,5731.707267391396,5731.707267391396,1.0
40013,Banco Patagonia,BANELCO,AV. LEANDRO N ALEM 1064,Retiro,Comuna 1,2,300-600 m,300,600,6046,846868.092447653,0.8468680924476529,7139.246423283705,5731.707267391396,1.2455706633693637
40013,Banco Patagonia,BANELCO,AV. LEANDRO N ALEM 1064,Retiro,Comuna 1,3,600-900 m,600,900,8669,1411446.8207453075,1.4114468207453075,6141.9246354760835,5731.707267391396,1.0715698393074746
40013,Banco Patagonia,BANELCO,AV. LEANDRO N ALEM 1064,Retiro,Comuna 1,4,900-1200 m,900,1200,11247,1976025.5490442794,1.9760255490442793,5691.728027220955,5731.707267391396,0.9930248984629955
41110,HSBC Bank Argentina,BANELCO,AV.LIBERTADOR 6350,Belgrano,Comuna 13,1,0-300 m,0,300,1151,282289.36414897913,0.28228936414897915,4077.3764306350413,4077.3764306350413,1.0
41110,HSBC Bank Argentina,BANELCO,AV.LIBERTADOR 6350,Belgrano,Comuna 13,2,300-600 m,300,600,3145,846868.092447653,0.8468680924476529,3713.683427262198,4077.3764306350413,0.9108022009838814
41110,HSBC Bank Argentina,BANELCO,AV.LIBERTADOR 6350,Belgrano,Comuna 13,3,600-900 m,600,900,4369,1411446.8207453075,1.4114468207453075,3095.4053215359336,4077.3764306350413,0.7591659426583363
41110,HSBC Bank Argentina,BANELCO,AV.LIBERTADOR 6350,Belgrano,Comuna 13,4,900-1200 m,900,1200,5768,1976025.5490442794,1.9760255490442793,2918.990598471634,4077.3764306350413,0.715899218070726
40736,Banco Galicia,BANELCO,AV. LIBERTADOR 6876,Nuñez,Comuna 13,1,0-300 m,0,300,818,282289.36414897913,0.28228936414897915,2897.735812562523,2897.735812562523,1.0
40736,Banco Galicia,BANELCO,AV. LIBERTADOR 6876,Nuñez,Comuna 13,2,300-600 m,300,600,2044,846868.092447653,0.8468680924476529,2413.5990223605513,2897.735812562523,0.8329258353701194
40736,Banco Galicia,BANELCO,AV. LIBERTADOR 6876,Nuñez,Comuna 13,3,600-900 m,600,900,3703,1411446.8207453075,1.4114468207453075,2623.549074307064,2897.735812562523,0.9053789731048704
40736,Banco Galicia,BANELCO,AV. LIBERTADOR 6876,Nuñez,Comuna 13,4,900-1200 m,900,1200,4838,1976025.5490442794,1.9760255490442793,2448.3489104378928,2897.735812562523,0.8449179182669421
40786,Banco Galicia,BANELCO,AV LISANDRO DE LA TORRE 2406,Mataderos,Comuna 9,1,0-300 m,0,300,567,282289.36414897913,0.28228936414897915,2008.5772686099638,2008.5772686099638,1.0
40786,Banco Galicia,BANELCO,AV LISANDRO DE LA TORRE 2406,Mataderos,Comuna 9,2,300-600 m,300,600,1343,846868.092447653,0.8468680924476529,1585.843193263317,2008.5772686099638,0.789535567312678
40786,Banco Galicia,BANELCO,AV LISANDRO DE LA TORRE 2406,Mataderos,Comuna 9,3,600-900 m,600,900,2262,1411446.8207453075,1.4114468207453075,1602.6108577052603,2008.5772686099638,0.7978835978833652
40786,Banco Galicia,BANELCO,AV LISANDRO DE LA TORRE 2406,Mataderos,Comuna 9,4,900-1200 m,900,1200,5056,1976025.5490442794,1.9760255490442793,2558.6713706436512,2008.5772686099638,1.2738725119668313
40172,Banco Santander Río,BANELCO,AV. L.N.ALEM 456,San Nicolas,Comuna 1,1,0-300 m,0,300,3135,282289.36414897913,0.28228936414897915,11105.625638610647,11105.625638610647,1.0
40172,Banco Santander Río,BANELCO,AV. L.N.ALEM 456,San Nicolas,Comuna 1,2,300-600 m,300,600,6661,846868.092447653,0.8468680924476529,7865.45160858299,11105.625638610647,0.7082402977133836
40172,Banco Santander Río,BANELCO,AV. L.N.ALEM 456,San Nicolas,Comuna 1,3,600-900 m,600,900,8803,1411446.8207453075,1.4114468207453075,6236.862679212823,11105.625638610647,0.5615948963315747
40172,Banco Santander Río,BANELCO,AV. L.N.ALEM 456,San Nicolas,Comuna 1,4,900-1200 m,900,1200,11986,1976025.5490442794,1.9760255490442793,6065.711045991852,11105.625638610647,0.5461836409200891
40768,Banco Galicia,BANELCO,AV. L.N. ALEM 651,San Nicolas,Comuna 1,1,0-300 m,0,300,2180,282289.36414897913,0.28228936414897915,7722.572214408679,7722.572214408679,1.0
40768,Banco Galicia,BANELCO,AV. L.N. ALEM 651,San Nicolas,Comuna 1,2,300-600 m,300,600,6371,846868.092447653,0.8468680924476529,7523.01339112479,7722.572214408679,0.9741590214059048
40768,Banco Galicia,BANELCO,AV. L.N. ALEM 651,San Nicolas,Comuna 1,3,600-900 m,600,900,7574,1411446.8207453075,1.4114468207453075,5366.1249497169065,7722.572214408679,0.6948623853208983
40768,Banco Galicia,BANELCO,AV. L.N. ALEM 651,San Nicolas,Comuna 1,4,900-1200 m,900,1200,10452,1976025.5490442794,1.9760255490442793,5289.405293901789,7722.572214408679,0.6849279161200827
41092,HSBC Bank Argentina,BANELCO,AV. L. N. ALEM 653,San Nicolas,Comuna 1,1,0-300 m,0,300,2199,282289.36414897913,0.28228936414897915,7789.879036460865,7789.879036460865,1.0
41092,HSBC Bank Argentina,BANELCO,AV. L. N. ALEM 653,San Nicolas,Comuna 1,2,300-600 m,300,600,6396,846868.092447653,0.8468680924476529,7552.533927112566,7789.879036460865,0.9695316052743059
41092,HSBC Bank Argentina,BANELCO,AV. L. N. ALEM 653,San Nicolas,Comuna 1,3,600-900 m,600,900,7532,1411446.8207453075,1.4114468207453075,5336.368249441211,7789.879036460865,0.6850386539334063
41092,HSBC Bank Argentina,BANELCO,AV. L. N. ALEM 653,San Nicolas,Comuna 1,4,900-1200 m,900,1200,10441,1976025.5490442794,1.9760255490442793,5283.838564258379,7789.879036460865,0.6782953290451809
40898,Banco Galicia,BANELCO,AV. L.N. ALEM 910,Retiro,Comuna 1,1,0-300 m,0,300,2109,282289.36414897913,0.28228936414897915,7471.057247792617,7471.057247792617,1.0
40898,Banco Galicia,BANELCO,AV. L.N. ALEM 910,Retiro,Comuna 1,2,300-600 m,300,600,5030,846868.092447653,0.8468680924476529,5939.531840740496,7471.057247792617,0.7950055318469654
40898,Banco Galicia,BANELCO,AV. L.N. ALEM 910,Retiro,Comuna 1,3,600-900 m,600,900,11121,1411446.8207453075,1.4114468207453075,7879.149137285676,7471.057247792617,1.0546230440964206
40898,Banco Galicia,BANELCO,AV. L.N. ALEM 910,Retiro,Comuna 1,4,900-1200 m,900,1200,10954,1976025.5490442794,1.9760255490442793,5543.4505921737655,7471.057247792617,0.7419901104106279
39883,Banco Itaú,BANELCO,AV. LUIS MARÍA CAMPOS 1407,Belgrano,Comuna 13,1,0-300 m,0,300,747,282289.36414897913,0.28228936414897915,2646.2208459464605,2646.2208459464605,1.0
39883,Banco Itaú,BANELCO,AV. LUIS MARÍA CAMPOS 1407,Belgrano,Comuna 13,2,300-600 m,300,600,1745,846868.092447653,0.8468680924476529,2060.5334119467525,2646.2208459464605,0.778670236500904
39883,Banco Itaú,BANELCO,AV. LUIS MARÍA CAMPOS 1407,Belgrano,Comuna 13,3,600-900 m,600,900,3967,1411446.8207453075,1.4114468207453075,2810.591190325715,2646.2208459464605,1.0621151271750582
39883,Banco Itaú,BANELCO,AV. LUIS MARÍA CAMPOS 1407,Belgrano,Comuna 13,4,900-1200 m,900,1200,7512,1976025.5490442794,1.9760255490442793,3801.5702801177035,2646.2208459464605,1.4366035570844484
39911,Banco Itaú,BANELCO,AV. LUIS MARÍA CAMPOS 1407,Belgrano,Comuna 13,1,0-300 m,0,300,747,282289.36414897913,0.28228936414897915,2646.2208459464605,2646.2208459464605,1.0
39911,Banco Itaú,BANELCO,AV. LUIS MARÍA CAMPOS 1407,Belgrano,Comuna 13,2,300-600 m,300,600,1745,846868.092447653,0.8468680924476529,2060.5334119467525,2646.2208459464605,0.778670236500904
39911,Banco Itaú,BANELCO,AV. LUIS MARÍA CAMPOS 1407,Belgrano,Comuna 13,3,600-900 m,600,900,3967,1411446.8207453075,1.4114468207453075,2810.591190325715,2646.2208459464605,1.0621151271750582
39911,Banco Itaú,BANELCO,AV. LUIS MARÍA CAMPOS 1407,Belgrano,Comuna 13,4,900-1200 m,900,1200,7512,1976025.5490442794,1.9760255490442793,3801.5702801177035,2646.2208459464605,1.4366035570844484
39970,Banco Macro,BANELCO,AV. LUIS M. CAMPOS 1029,Palermo,Comuna 14,1,0-300 m,0,300,1149,282289.36414897913,0.28228936414897915,4070.291501997969,4070.291501997969,1.0
39970,Banco Macro,BANELCO,AV. LUIS M. CAMPOS 1029,Palermo,Comuna 14,2,300-600 m,300,600,2596,846868.092447653,0.8468680924476529,3065.4124569706414,4070.291501997969,0.7531186539013075
39970,Banco Macro,BANELCO,AV. LUIS M. CAMPOS 1029,Palermo,Comuna 14,3,600-900 m,600,900,3756,1411446.8207453075,1.4114468207453075,2661.099196083536,4070.291501997969,0.6537859007830992
39970,Banco Macro,BANELCO,AV. LUIS M. CAMPOS 1029,Palermo,Comuna 14,4,900-1200 m,900,1200,4832,1976025.5490442794,1.9760255490442793,2445.312512450578,4070.291501997969,0.6007708566450969
40089,Banco Santander Río,BANELCO,AV. LUIS M. CAMPOS 1175,Palermo,Comuna 14,1,0-300 m,0,300,1047,282289.36414897913,0.28228936414897915,3708.960141507288,3708.960141507288,1.0
40089,Banco Santander Río,BANELCO,AV. LUIS M. CAMPOS 1175,Palermo,Comuna 14,2,300-600 m,300,600,2134,846868.092447653,0.8468680924476529,2519.872951916544,3708.960141507288,0.679401464501177
40089,Banco Santander Río,BANELCO,AV. LUIS M. CAMPOS 1175,Palermo,Comuna 14,3,600-900 m,600,900,3985,1411446.8207453075,1.4114468207453075,2823.344061872441,3708.960141507288,0.7612225405919459
40089,Banco Santander Río,BANELCO,AV. LUIS M. CAMPOS 1175,Palermo,Comuna 14,4,900-1200 m,900,1200,5217,1976025.5490442794,1.9760255490442793,2640.148049969923,3708.960141507288,0.7118297175598631
40405,Banco Supervielle,BANELCO,AV. LUIS M. CAMPOS 1201,Palermo,Comuna 14,1,0-300 m,0,300,1012,282289.36414897913,0.28228936414897915,3584.9738903585244,3584.9738903585244,1.0
40405,Banco Supervielle,BANELCO,AV. LUIS M. CAMPOS 1201,Palermo,Comuna 14,2,300-600 m,300,600,2132,846868.092447653,0.8468680924476529,2517.511309037522,3584.9738903585244,0.7022397891957177
40405,Banco Supervielle,BANELCO,AV. LUIS M. CAMPOS 1201,Palermo,Comuna 14,3,600-900 m,600,900,4040,1411446.8207453075,1.4114468207453075,2862.311169376327,3584.9738903585244,0.798418972331783
40405,Banco Supervielle,BANELCO,AV. LUIS M. CAMPOS 1201,Palermo,Comuna 14,4,900-1200 m,900,1200,5376,1976025.5490442794,1.9760255490442793,2720.612596633756,3584.9738903585244,0.7588932806318637
40934,Banco Galicia,BANELCO,AV. LUIS M. CAMPOS 1349,Palermo,Comuna 14,1,0-300 m,0,300,948,282289.36414897913,0.28228936414897915,3358.2561739722146,3358.2561739722146,1.0
40934,Banco Galicia,BANELCO,AV. LUIS M. CAMPOS 1349,Palermo,Comuna 14,2,300-600 m,300,600,1812,846868.092447653,0.8468680924476529,2139.6484483939917,3358.2561739722146,0.6371308016872255
40934,Banco Galicia,BANELCO,AV. LUIS M. CAMPOS 1349,Palermo,Comuna 14,3,600-900 m,600,900,4011,1411446.8207453075,1.4114468207453075,2841.7648763288234,3358.2561739722146,0.8462025316453228
40934,Banco Galicia,BANELCO,AV. LUIS M. CAMPOS 1349,Palermo,Comuna 14,4,900-1200 m,900,1200,6399,1976025.5490442794,1.9760255490442793,3238.318453470871,3358.2561739722146,0.9642857142850187
40705,BBVA Banco Francés,BANELCO,AV. LUIS M. CAMPOS 1383,Palermo,Comuna 14,1,0-300 m,0,300,716,282289.36414897913,0.28228936414897915,2536.4044520718417,2536.4044520718417,1.0
40705,BBVA Banco Francés,BANELCO,AV. LUIS M. CAMPOS 1383,Palermo,Comuna 14,2,300-600 m,300,600,1843,846868.092447653,0.8468680924476529,2176.2539130188334,2536.4044520718417,0.8580074487888467
40705,BBVA Banco Francés,BANELCO,AV. LUIS M. CAMPOS 1383,Palermo,Comuna 14,3,600-900 m,600,900,4135,1411446.8207453075,1.4114468207453075,2929.617991428493,2536.4044520718417,1.1550279329605568
40705,BBVA Banco Francés,BANELCO,AV. LUIS M. CAMPOS 1383,Palermo,Comuna 14,4,900-1200 m,900,1200,7105,1976025.5490442794,1.9760255490442793,3595.6012833115396,2536.4044520718417,1.417597765362106
39884,Banco Itaú,BANELCO,AV MANUEL MONTES DE OCA 1022,Barracas,Comuna 4,1,0-300 m,0,300,1590,282289.36414897913,0.28228936414897915,5632.518266472385,5632.518266472385,1.0
39884,Banco Itaú,BANELCO,AV MANUEL MONTES DE OCA 1022,Barracas,Comuna 4,2,300-600 m,300,600,3501,846868.092447653,0.8468680924476529,4134.055859728126,5632.518266472385,0.7339622641503233
39884,Banco Itaú,BANELCO,AV MANUEL MONTES DE OCA 1022,Barracas,Comuna 4,3,600-900 m,600,900,4299,1411446.8207453075,1.4114468207453075,3045.810821076443,5632.518266472385,0.5407547169809743
39884,Banco Itaú,BANELCO,AV MANUEL MONTES DE OCA 1022,Barracas,Comuna 4,4,900-1200 m,900,1200,6045,1976025.5490442794,1.9760255490442793,3059.170972219318,5632.518266472385,0.5431266846357269
40593,BBVA Banco Francés,BANELCO,AV. MARTIN GARCIA 702,Barracas,Comuna 4,1,0-300 m,0,300,1305,282289.36414897913,0.28228936414897915,4622.9159356896,4622.9159356896,1.0
40593,BBVA Banco Francés,BANELCO,AV. MARTIN GARCIA 702,Barracas,Comuna 4,2,300-600 m,300,600,3884,846868.092447653,0.8468680924476529,4586.310471060851,4622.9159356896,0.9920817369084848
40593,BBVA Banco Francés,BANELCO,AV. MARTIN GARCIA 702,Barracas,Comuna 4,3,600-900 m,600,900,5533,1411446.8207453075,1.4114468207453075,3920.091014890895,4622.9159356896,0.8479693486587564
40593,BBVA Banco Francés,BANELCO,AV. MARTIN GARCIA 702,Barracas,Comuna 4,4,900-1200 m,900,1200,13737,1976025.5490442794,1.9760255490442793,6951.833191956455,4622.9159356896,1.5037766830859431
40532,BBVA Banco Francés,BANELCO,AV.MONROE 3099,Belgrano,Comuna 13,1,0-300 m,0,300,1208,282289.36414897913,0.28228936414897915,4279.296896791599,4279.296896791599,1.0
40532,BBVA Banco Francés,BANELCO,AV.MONROE 3099,Belgrano,Comuna 13,2,300-600 m,300,600,3062,846868.092447653,0.8468680924476529,3615.6752477827827,4279.296896791599,0.8449227373061294
40532,BBVA Banco Francés,BANELCO,AV.MONROE 3099,Belgrano,Comuna 13,3,600-900 m,600,900,5470,1411446.8207453075,1.4114468207453075,3875.4559644773535,4279.296896791599,0.9056291390725835
40532,BBVA Banco Francés,BANELCO,AV.MONROE 3099,Belgrano,Comuna 13,4,900-1200 m,900,1200,8976,1976025.5490442794,1.9760255490442793,4542.451389022432,4279.296896791599,1.0614947965933688
40600,BBVA Banco Francés,BANELCO,AV. MONTES DE OCA 1107,Barracas,Comuna 4,1,0-300 m,0,300,1468,282289.36414897913,0.28228936414897915,5200.337619610982,5200.337619610982,1.0
40600,BBVA Banco Francés,BANELCO,AV. MONTES DE OCA 1107,Barracas,Comuna 4,2,300-600 m,300,600,3115,846868.092447653,0.8468680924476529,3678.2587840768674,5200.337619610982,0.7073115349676132
40600,BBVA Banco Francés,BANELCO,AV. MONTES DE OCA 1107,Barracas,Comuna 4,3,600-900 m,600,900,4863,1411446.8207453075,1.4114468207453075,3445.4007962071973,5200.337619610982,0.6625340599453108
40600,BBVA Banco Francés,BANELCO,AV. MONTES DE OCA 1107,Barracas,Comuna 4,4,900-1200 m,900,1200,5677,1976025.5490442794,1.9760255490442793,2872.938562330698,5200.337619610982,0.5524523160758958
40996,Banco Galicia,BANELCO,AV. MONTES DE OCA 650,Barracas,Comuna 4,1,0-300 m,0,300,1385,282289.36414897913,0.28228936414897915,4906.313081172487,4906.313081172487,1.0
40996,Banco Galicia,BANELCO,AV. MONTES DE OCA 650,Barracas,Comuna 4,2,300-600 m,300,600,3508,846868.092447653,0.8468680924476529,4142.321609804703,4906.313081172487,0.844283995185809
40996,Banco Galicia,BANELCO,AV. MONTES DE OCA 650,Barracas,Comuna 4,3,600-900 m,600,900,4827,1411446.8207453075,1.4114468207453075,3419.8950531137452,4906.313081172487,0.6970397111911324
40996,Banco Galicia,BANELCO,AV. MONTES DE OCA 650,Barracas,Comuna 4,4,900-1200 m,900,1200,7582,1976025.5490442794,1.9760255490442793,3836.994923303039,4906.313081172487,0.7820526044347118
40050,Banco Patagonia,BANELCO,AV. MONTES DE OCA 701,Barracas,Comuna 4,1,0-300 m,0,300,1450,282289.36414897913,0.28228936414897915,5136.573261877333,5136.573261877333,1.0
40050,Banco Patagonia,BANELCO,AV. MONTES DE OCA 701,Barracas,Comuna 4,2,300-600 m,300,600,3460,846868.092447653,0.8468680924476529,4085.642180708174,5136.573261877333,0.7954022988499028
40050,Banco Patagonia,BANELCO,AV. MONTES DE OCA 701,Barracas,Comuna 4,3,600-900 m,600,900,4730,1411446.8207453075,1.4114468207453075,3351.171245334165,5136.573261877333,0.652413793103258
40050,Banco Patagonia,BANELCO,AV. MONTES DE OCA 701,Barracas,Comuna 4,4,900-1200 m,900,1200,6713,1976025.5490442794,1.9760255490442793,3397.2232814736612,5136.573261877333,0.6613793103443505
40424,Banco Supervielle,BANELCO,AV. MONTES DE OCA 736,Barracas,Comuna 4,1,0-300 m,0,300,1515,282289.36414897913,0.28228936414897915,5366.833442582179,5366.833442582179,1.0
40424,Banco Supervielle,BANELCO,AV. MONTES DE OCA 736,Barracas,Comuna 4,2,300-600 m,300,600,3564,846868.092447653,0.8468680924476529,4208.447610417321,5366.833442582179,0.7841584158409216
40424,Banco Supervielle,BANELCO,AV. MONTES DE OCA 736,Barracas,Comuna 4,3,600-900 m,600,900,4805,1411446.8207453075,1.4114468207453075,3404.308210112191,5366.833442582179,0.6343234323430493
40424,Banco Supervielle,BANELCO,AV. MONTES DE OCA 736,Barracas,Comuna 4,4,900-1200 m,900,1200,6519,1976025.5490442794,1.9760255490442793,3299.0464132171605,5366.833442582179,0.6147100424323714
40379,Banco Santander Río,BANELCO,AV.MONTES DE OCA 895,Barracas,Comuna 4,1,0-300 m,0,300,1607,282289.36414897913,0.28228936414897915,5692.740159887499,5692.740159887499,1.0
40379,Banco Santander Río,BANELCO,AV.MONTES DE OCA 895,Barracas,Comuna 4,2,300-600 m,300,600,3367,846868.092447653,0.8468680924476529,3975.8257868336477,5692.740159887499,0.6984028209909054
40379,Banco Santander Río,BANELCO,AV.MONTES DE OCA 895,Barracas,Comuna 4,3,600-900 m,600,900,4498,1411446.8207453075,1.4114468207453075,3186.8009009541383,5692.740159887499,0.5598008711883867
40379,Banco Santander Río,BANELCO,AV.MONTES DE OCA 895,Barracas,Comuna 4,4,900-1200 m,900,1200,5663,1976025.5490442794,1.9760255490442793,2865.853633693631,5692.740159887499,0.5034225264464322
41215,HSBC Bank Argentina,BANELCO,AV. MOSCONI 3525,Villa Devoto,Comuna 11,1,0-300 m,0,300,649,282289.36414897913,0.28228936414897915,2299.059342729923,2299.059342729923,1.0
41215,HSBC Bank Argentina,BANELCO,AV. MOSCONI 3525,Villa Devoto,Comuna 11,2,300-600 m,300,600,1753,846868.092447653,0.8468680924476529,2069.9799834628407,2299.059342729923,0.900359527477411
41215,HSBC Bank Argentina,BANELCO,AV. MOSCONI 3525,Villa Devoto,Comuna 11,3,600-900 m,600,900,2476,1411446.8207453075,1.4114468207453075,1754.2283305385608,2299.059342729923,0.7630200308164184
41215,HSBC Bank Argentina,BANELCO,AV. MOSCONI 3525,Villa Devoto,Comuna 11,4,900-1200 m,900,1200,2997,1976025.5490442794,1.9760255490442793,1516.6807946635727,2299.059342729923,0.6596962359669466
40648,BBVA Banco Francés,BANELCO,AV. NAZCA 1922,Villa Santa Rita,Comuna 11,1,0-300 m,0,300,1101,282289.36414897913,0.28228936414897915,3900.2532147082366,3900.2532147082366,1.0
40648,BBVA Banco Francés,BANELCO,AV. NAZCA 1922,Villa Santa Rita,Comuna 11,2,300-600 m,300,600,2716,846868.092447653,0.8468680924476529,3207.1110297119653,3900.2532147082366,0.822282773235757
40648,BBVA Banco Francés,BANELCO,AV. NAZCA 1922,Villa Santa Rita,Comuna 11,3,600-900 m,600,900,3567,1411446.8207453075,1.4114468207453075,2527.1940448429104,3900.2532147082366,0.6479564032695658
40648,BBVA Banco Francés,BANELCO,AV. NAZCA 1922,Villa Santa Rita,Comuna 11,4,900-1200 m,900,1200,4798,1976025.5490442794,1.9760255490442793,2428.10625718913,3900.2532147082366,0.6225509277275905
40910,Banco Galicia,BANELCO,AV. NAZCA 2330,Villa Del Parque,Comuna 11,1,0-300 m,0,300,901,282289.36414897913,0.28228936414897915,3191.7603510010185,3191.7603510010185,1.0
40910,Banco Galicia,BANELCO,AV. NAZCA 2330,Villa Del Parque,Comuna 11,2,300-600 m,300,600,2403,846868.092447653,0.8468680924476529,2837.513919145012,3191.7603510010185,0.8890122086562966
40910,Banco Galicia,BANELCO,AV. NAZCA 2330,Villa Del Parque,Comuna 11,3,600-900 m,600,900,3403,1411446.8207453075,1.4114468207453075,2411.0012151949604,3191.7603510010185,0.7553829078799128
40910,Banco Galicia,BANELCO,AV. NAZCA 2330,Villa Del Parque,Comuna 11,4,900-1200 m,900,1200,4676,1976025.5490442794,1.9760255490442793,2366.3661647804024,3191.7603510010185,0.7413984461703864
40602,BBVA Banco Francés,BANELCO,AV. PASEO COLON 505,Monserrat,Comuna 1,1,0-300 m,0,300,1710,282289.36414897913,0.28228936414897915,6057.613984696716,6057.613984696716,1.0
40602,BBVA Banco Francés,BANELCO,AV. PASEO COLON 505,Monserrat,Comuna 1,2,300-600 m,300,600,4574,846868.092447653,0.8468680924476529,5401.077264323464,6057.613984696716,0.8916179337224436
40602,BBVA Banco Francés,BANELCO,AV. PASEO COLON 505,Monserrat,Comuna 1,3,600-900 m,600,900,8083,1411446.8207453075,1.4114468207453075,5726.747817343775,6057.613984696716,0.9453801169587885
40602,BBVA Banco Francés,BANELCO,AV. PASEO COLON 505,Monserrat,Comuna 1,4,900-1200 m,900,1200,9361,1976025.5490442794,1.9760255490442793,4737.286926541777,6057.613984696716,0.7820384294062864
40067,Banco Patagonia,BANELCO,AV. PASEO COLON 515,Monserrat,Comuna 1,1,0-300 m,0,300,1624,282289.36414897913,0.28228936414897915,5752.962053302613,5752.962053302613,1.0
40067,Banco Patagonia,BANELCO,AV. PASEO COLON 515,Monserrat,Comuna 1,2,300-600 m,300,600,4729,846868.092447653,0.8468680924476529,5584.104587447674,5752.962053302613,0.9706486042684738
40067,Banco Patagonia,BANELCO,AV. PASEO COLON 515,Monserrat,Comuna 1,3,600-900 m,600,900,7733,1411446.8207453075,1.4114468207453075,5478.775315046321,5752.962053302613,0.9523399014775548
40067,Banco Patagonia,BANELCO,AV. PASEO COLON 515,Monserrat,Comuna 1,4,900-1200 m,900,1200,9570,1976025.5490442794,1.9760255490442793,4843.054789766564,5752.962053302613,0.8418367346932704
40843,Banco Galicia,BANELCO,AV. PASEO COLON 793,San Telmo,Comuna 1,1,0-300 m,0,300,2358,282289.36414897913,0.28228936414897915,8353.130863108103,8353.130863108103,1.0
40843,Banco Galicia,BANELCO,AV. PASEO COLON 793,San Telmo,Comuna 1,2,300-600 m,300,600,5299,846868.092447653,0.8468680924476529,6257.172807968963,8353.130863108103,0.7490811422102803
40843,Banco Galicia,BANELCO,AV. PASEO COLON 793,San Telmo,Comuna 1,3,600-900 m,600,900,7198,1411446.8207453075,1.4114468207453075,5099.731632963069,8353.130863108103,0.6105173876164462
40843,Banco Galicia,BANELCO,AV. PASEO COLON 793,San Telmo,Comuna 1,4,900-1200 m,900,1200,8251,1976025.5490442794,1.9760255490442793,4175.553298888602,8353.130863108103,0.4998788319395402
40652,BBVA Banco Francés,BANELCO,AV. PEDRO GOYENA 1192,Caballito,Comuna 6,1,0-300 m,0,300,965,282289.36414897913,0.28228936414897915,3418.4780673873283,3418.4780673873283,1.0
40652,BBVA Banco Francés,BANELCO,AV. PEDRO GOYENA 1192,Caballito,Comuna 6,2,300-600 m,300,600,4050,846868.092447653,0.8468680924476529,4782.326830019683,3418.4780673873283,1.3989637305687663
40652,BBVA Banco Francés,BANELCO,AV. PEDRO GOYENA 1192,Caballito,Comuna 6,3,600-900 m,600,900,7172,1411446.8207453075,1.4114468207453075,5081.310818506688,3418.4780673873283,1.4864248704658878
40652,BBVA Banco Francés,BANELCO,AV. PEDRO GOYENA 1192,Caballito,Comuna 6,4,900-1200 m,900,1200,8026,1976025.5490442794,1.9760255490442793,4061.688374364309,3418.4780673873283,1.1881569207985507
40508,Banco Supervielle,BANELCO,AV. PEDRO GOYENA 1291,Caballito,Comuna 6,1,0-300 m,0,300,1146,282289.36414897913,0.28228936414897915,4059.664109042361,4059.664109042361,1.0
40508,Banco Supervielle,BANELCO,AV. PEDRO GOYENA 1291,Caballito,Comuna 6,2,300-600 m,300,600,4225,846868.092447653,0.8468680924476529,4988.970581934114,4059.664109042361,1.2289121582304918
40508,Banco Supervielle,BANELCO,AV. PEDRO GOYENA 1291,Caballito,Comuna 6,3,600-900 m,600,900,6930,1411446.8207453075,1.4114468207453075,4909.85554548959,4059.664109042361,1.2094240837692807
40508,Banco Supervielle,BANELCO,AV. PEDRO GOYENA 1291,Caballito,Comuna 6,4,900-1200 m,900,1200,7759,1976025.5490442794,1.9760255490442793,3926.5686639288156,4059.664109042361,0.9672151583139371
40896,Banco Galicia,BANELCO,AV. PEDRO GOYENA 1642,Caballito,Comuna 6,1,0-300 m,0,300,1359,282289.36414897913,0.28228936414897915,4814.209008890548,4814.209008890548,1.0
40896,Banco Galicia,BANELCO,AV. PEDRO GOYENA 1642,Caballito,Comuna 6,2,300-600 m,300,600,4681,846868.092447653,0.8468680924476529,5527.425158351145,4814.209008890548,1.1481481481471782
40896,Banco Galicia,BANELCO,AV. PEDRO GOYENA 1642,Caballito,Comuna 6,3,600-900 m,600,900,7380,1411446.8207453075,1.4114468207453075,5228.6773341577455,4814.209008890548,1.0860927152314712
40896,Banco Galicia,BANELCO,AV. PEDRO GOYENA 1642,Caballito,Comuna 6,4,900-1200 m,900,1200,7593,1976025.5490442794,1.9760255490442793,3842.5616529464487,4814.209008890548,0.7981709239981629
40657,BBVA Banco Francés,BANELCO,AV. PUEYRREDON 1001,Recoleta,Comuna 2,1,0-300 m,0,300,3002,282289.36414897913,0.28228936414897915,10634.477884245347,10634.477884245347,1.0
40657,BBVA Banco Francés,BANELCO,AV. PUEYRREDON 1001,Recoleta,Comuna 2,2,300-600 m,300,600,8697,846868.092447653,0.8468680924476529,10269.604059427453,10634.477884245347,0.9656895403056465
40657,BBVA Banco Francés,BANELCO,AV. PUEYRREDON 1001,Recoleta,Comuna 2,3,600-900 m,600,900,15466,1411446.8207453075,1.4114468207453075,10957.550630092643,10634.477884245347,1.0303797468351426
40657,BBVA Banco Francés,BANELCO,AV. PUEYRREDON 1001,Recoleta,Comuna 2,4,900-1200 m,900,1200,21824,1976025.5490442794,1.9760255490442793,11044.391612525129,10634.477884245347,1.0385457314164015
40191,Banco Santander Río,BANELCO,AV. PUEYRREDON 1055,Recoleta,Comuna 2,1,0-300 m,0,300,3183,282289.36414897913,0.28228936414897915,11275.663925900379,11275.663925900379,1.0
40191,Banco Santander Río,BANELCO,AV. PUEYRREDON 1055,Recoleta,Comuna 2,2,300-600 m,300,600,8715,846868.092447653,0.8468680924476529,10290.858845338651,11275.663925900379,0.9126610116234828
40191,Banco Santander Río,BANELCO,AV. PUEYRREDON 1055,Recoleta,Comuna 2,3,600-900 m,600,900,11911,1411446.8207453075,1.4114468207453075,8438.858499614216,11275.663925900379,0.7484134464339633
40191,Banco Santander Río,BANELCO,AV. PUEYRREDON 1055,Recoleta,Comuna 2,4,900-1200 m,900,1200,24773,1976025.5490442794,1.9760255490442793,12536.781223290185,11275.663925900379,1.1118441721638226
41268,ICBC,BANELCO,AV. PUEYRREDON 1657,Recoleta,Comuna 2,1,0-300 m,0,300,2040,282289.36414897913,0.28228936414897915,7226.627209813627,7226.627209813627,1.0
41268,ICBC,BANELCO,AV. PUEYRREDON 1657,Recoleta,Comuna 2,2,300-600 m,300,600,7620,846868.092447653,0.8468680924476529,8997.85936907407,7226.627209813627,1.2450980392146342
41268,ICBC,BANELCO,AV. PUEYRREDON 1657,Recoleta,Comuna 2,3,600-900 m,600,900,10780,1411446.8207453075,1.4114468207453075,7637.553070761585,7226.627209813627,1.0568627450977308
41268,ICBC,BANELCO,AV. PUEYRREDON 1657,Recoleta,Comuna 2,4,900-1200 m,900,1200,16554,1976025.5490442794,1.9760255490442793,8377.422047000595,7226.627209813627,1.1592436974781555
39831,Banco Itaú,BANELCO,AV. PUEYRREDON 1855,Recoleta,Comuna 2,1,0-300 m,0,300,1712,282289.36414897913,0.28228936414897915,6064.698913333788,6064.698913333788,1.0
39831,Banco Itaú,BANELCO,AV. PUEYRREDON 1855,Recoleta,Comuna 2,2,300-600 m,300,600,5204,846868.092447653,0.8468680924476529,6144.994771215415,6064.698913333788,1.013239875388552
39831,Banco Itaú,BANELCO,AV. PUEYRREDON 1855,Recoleta,Comuna 2,3,600-900 m,600,900,11251,1411446.8207453075,1.4114468207453075,7971.253209567588,6064.698913333788,1.3143691588781212
39831,Banco Itaú,BANELCO,AV. PUEYRREDON 1855,Recoleta,Comuna 2,4,900-1200 m,900,1200,13631,1976025.5490442794,1.9760255490442793,6898.1901608472335,6064.698913333788,1.1374332443249473
40338,Banco Santander Río,BANELCO,AV. PUEYRREDON 1914,Recoleta,Comuna 2,1,0-300 m,0,300,1645,282289.36414897913,0.28228936414897915,5827.35380399187,5827.35380399187,1.0
40338,Banco Santander Río,BANELCO,AV. PUEYRREDON 1914,Recoleta,Comuna 2,2,300-600 m,300,600,5088,846868.092447653,0.8468680924476529,6008.019484232135,5827.35380399187,1.0310030395128067
40338,Banco Santander Río,BANELCO,AV. PUEYRREDON 1914,Recoleta,Comuna 2,3,600-900 m,600,900,10456,1411446.8207453075,1.4114468207453075,7408.001382920514,5827.35380399187,1.271246200607532
40338,Banco Santander Río,BANELCO,AV. PUEYRREDON 1914,Recoleta,Comuna 2,4,900-1200 m,900,1200,13274,1976025.5490442794,1.9760255490442793,6717.524480602023,5827.35380399187,1.1527572731211833
41165,HSBC Bank Argentina,BANELCO,AV. PUEYRREDON 2325,Recoleta,Comuna 2,1,0-300 m,0,300,1591,282289.36414897913,0.28228936414897915,5636.060730790921,5636.060730790921,1.0
41165,HSBC Bank Argentina,BANELCO,AV. PUEYRREDON 2325,Recoleta,Comuna 2,2,300-600 m,300,600,4388,846868.092447653,0.8468680924476529,5181.444476574412,5636.060730790921,0.9193379425929799
41165,HSBC Bank Argentina,BANELCO,AV. PUEYRREDON 2325,Recoleta,Comuna 2,3,600-900 m,600,900,6469,1411446.8207453075,1.4114468207453075,4583.240335320658,5636.060730790921,0.8131992457571481
41165,HSBC Bank Argentina,BANELCO,AV. PUEYRREDON 2325,Recoleta,Comuna 2,4,900-1200 m,900,1200,8209,1976025.5490442794,1.9760255490442793,4154.2985129774,5636.060730790921,0.737092574301345
40767,Banco Galicia,BANELCO,AV. QUINTANA 101,Retiro,Comuna 1,1,0-300 m,0,300,892,282289.36414897913,0.28228936414897915,3159.8781721341934,3159.8781721341934,1.0
40767,Banco Galicia,BANELCO,AV. QUINTANA 101,Retiro,Comuna 1,2,300-600 m,300,600,4035,846868.092447653,0.8468680924476529,4764.614508427017,3159.8781721341934,1.507847533631013
40767,Banco Galicia,BANELCO,AV. QUINTANA 101,Retiro,Comuna 1,3,600-900 m,600,900,7936,1411446.8207453075,1.4114468207453075,5622.599366378844,3159.8781721341934,1.779372197308898
40767,Banco Galicia,BANELCO,AV. QUINTANA 101,Retiro,Comuna 1,4,900-1200 m,900,1200,11561,1976025.5490442794,1.9760255490442793,5850.632855223745,3159.8781721341934,1.8515374759756025
40827,Banco Galicia,BANELCO,AV. QUINTANA 401,Recoleta,Comuna 2,1,0-300 m,0,300,1351,282289.36414897913,0.28228936414897915,4785.869294342259,4785.869294342259,1.0
40827,Banco Galicia,BANELCO,AV. QUINTANA 401,Recoleta,Comuna 2,2,300-600 m,300,600,4339,846868.092447653,0.8468680924476529,5123.5842260383715,4785.869294342259,1.0705650135692906
40827,Banco Galicia,BANELCO,AV. QUINTANA 401,Recoleta,Comuna 2,3,600-900 m,600,900,5333,1411446.8207453075,1.4114468207453075,3778.392442149493,4785.869294342259,0.7894892672092442
40827,Banco Galicia,BANELCO,AV. QUINTANA 401,Recoleta,Comuna 2,4,900-1200 m,900,1200,10002,1976025.5490442794,1.9760255490442793,5061.675444853205,4785.869294342259,1.0576292693235474
39765,Banco Comafi,BANELCO,AV. QUINTANA 439,Recoleta,Comuna 2,1,0-300 m,0,300,1358,282289.36414897913,0.28228936414897915,4810.666544572012,4810.666544572012,1.0
39765,Banco Comafi,BANELCO,AV. QUINTANA 439,Recoleta,Comuna 2,2,300-600 m,300,600,4402,846868.092447653,0.8468680924476529,5197.975976727566,4810.666544572012,1.080510554736446
39765,Banco Comafi,BANELCO,AV. QUINTANA 439,Recoleta,Comuna 2,3,600-900 m,600,900,5039,1411446.8207453075,1.4114468207453075,3570.0955402196314,4810.666544572012,0.7421207658318896
39765,Banco Comafi,BANELCO,AV. QUINTANA 439,Recoleta,Comuna 2,4,900-1200 m,900,1200,10177,1976025.5490442794,1.9760255490442793,5150.237052816543,4810.666544572012,1.0705869976849
39905,Banco Itaú,BANELCO,AV. QUINTANA 587,Recoleta,Comuna 2,1,0-300 m,0,300,1359,282289.36414897913,0.28228936414897915,4814.209008890548,4814.209008890548,1.0
39905,Banco Itaú,BANELCO,AV. QUINTANA 587,Recoleta,Comuna 2,2,300-600 m,300,600,4747,846868.092447653,0.8468680924476529,5605.359373358873,4814.209008890548,1.1643365219514323
39905,Banco Itaú,BANELCO,AV. QUINTANA 587,Recoleta,Comuna 2,3,600-900 m,600,900,4684,1411446.8207453075,1.4114468207453075,3318.5805736036423,4814.209008890548,0.6893303899924406
39905,Banco Itaú,BANELCO,AV. QUINTANA 587,Recoleta,Comuna 2,4,900-1200 m,900,1200,9068,1976025.5490442794,1.9760255490442793,4589.009491494587,4814.209008890548,0.9532219068636034
39942,Banco Macro,BANELCO,AV. QUINTANA 99,Retiro,Comuna 1,1,0-300 m,0,300,883,282289.36414897913,0.28228936414897915,3127.9959932673687,3127.9959932673687,1.0
39942,Banco Macro,BANELCO,AV. QUINTANA 99,Retiro,Comuna 1,2,300-600 m,300,600,4311,846868.092447653,0.8468680924476529,5090.521225732063,3127.9959932673687,1.6274065685150465
39942,Banco Macro,BANELCO,AV. QUINTANA 99,Retiro,Comuna 1,3,600-900 m,600,900,7663,1411446.8207453075,1.4114468207453075,5429.18081458683,3127.9959932673687,1.7356738391840916
39942,Banco Macro,BANELCO,AV. QUINTANA 99,Retiro,Comuna 1,4,900-1200 m,900,1200,11790,1976025.5490442794,1.9760255490442793,5966.522045072914,3127.9959932673687,1.907458340073046
41000,Banco Galicia,BANELCO,AV. RICARDO BALBIN 3899,Saavedra,Comuna 12,1,0-300 m,0,300,809,282289.36414897913,0.28228936414897915,2865.853633695698,2865.853633695698,1.0
41000,Banco Galicia,BANELCO,AV. RICARDO BALBIN 3899,Saavedra,Comuna 12,2,300-600 m,300,600,1813,846868.092447653,0.8468680924476529,2140.8292698335026,2865.853633695698,0.7470127729701146
41000,Banco Galicia,BANELCO,AV. RICARDO BALBIN 3899,Saavedra,Comuna 12,3,600-900 m,600,900,2879,1411446.8207453075,1.4114468207453075,2039.7509546124866,2865.853633695698,0.7117428924596193
41000,Banco Galicia,BANELCO,AV. RICARDO BALBIN 3899,Saavedra,Comuna 12,4,900-1200 m,900,1200,3222,1976025.5490442794,1.9760255490442793,1630.545719187865,2865.853633695698,0.5689563835418817
41108,HSBC Bank Argentina,BANELCO,AV. RICARDO BALBIN 4027,Saavedra,Comuna 12,1,0-300 m,0,300,759,282289.36414897913,0.28228936414897915,2688.7304177688934,2688.7304177688934,1.0
41108,HSBC Bank Argentina,BANELCO,AV. RICARDO BALBIN 4027,Saavedra,Comuna 12,2,300-600 m,300,600,1975,846868.092447653,0.8468680924476529,2332.1223430342898,2688.7304177688934,0.8673693456294823
41108,HSBC Bank Argentina,BANELCO,AV. RICARDO BALBIN 4027,Saavedra,Comuna 12,3,600-900 m,600,900,2553,1411446.8207453075,1.4114468207453075,1808.7822810440007,2688.7304177688934,0.6727272727270766
41108,HSBC Bank Argentina,BANELCO,AV. RICARDO BALBIN 4027,Saavedra,Comuna 12,4,900-1200 m,900,1200,3223,1976025.5490442794,1.9760255490442793,1631.051785519084,2688.7304177688934,0.6066252587987343
40832,Banco Galicia,BANELCO,AV. RIVADAVIA 11102,Liniers,Comuna 9,1,0-300 m,0,300,1383,282289.36414897913,0.28228936414897915,4899.228152535415,4899.228152535415,1.0
40832,Banco Galicia,BANELCO,AV. RIVADAVIA 11102,Liniers,Comuna 9,2,300-600 m,300,600,3242,846868.092447653,0.8468680924476529,3828.2231068947685,4899.228152535415,0.7813931067720561
40832,Banco Galicia,BANELCO,AV. RIVADAVIA 11102,Liniers,Comuna 9,3,600-900 m,600,900,5917,1411446.8207453075,1.4114468207453075,4192.152274554388,4899.228152535415,0.855676066521804
40832,Banco Galicia,BANELCO,AV. RIVADAVIA 11102,Liniers,Comuna 9,4,900-1200 m,900,1200,4063,1976025.5490442794,1.9760255490442793,2056.1475037431082,4899.228152535415,0.4196880487549911
40177,Banco Santander Río,BANELCO,AV. RIVADAVIA 11120,Liniers,Comuna 9,1,0-300 m,0,300,1330,282289.36414897913,0.28228936414897915,4711.477543653002,4711.477543653002,1.0
40177,Banco Santander Río,BANELCO,AV. RIVADAVIA 11120,Liniers,Comuna 9,2,300-600 m,300,600,3360,846868.092447653,0.8468680924476529,3967.5600367570705,4711.477543653002,0.8421052631571833
40177,Banco Santander Río,BANELCO,AV. RIVADAVIA 11120,Liniers,Comuna 9,3,600-900 m,600,900,5902,1411446.8207453075,1.4114468207453075,4181.5248815987825,4711.477543653002,0.8875187969922222
40177,Banco Santander Río,BANELCO,AV. RIVADAVIA 11120,Liniers,Comuna 9,4,900-1200 m,900,1200,4009,1976025.5490442794,1.9760255490442793,2028.8199218572781,4711.477543653002,0.4306122448976486
39915,Banco Macro,BANELCO,AV. RIVADAVIA 11178,Liniers,Comuna 9,1,0-300 m,0,300,1360,282289.36414897913,0.28228936414897915,4817.751473209084,4817.751473209084,1.0
39915,Banco Macro,BANELCO,AV. RIVADAVIA 11178,Liniers,Comuna 9,2,300-600 m,300,600,3699,846868.092447653,0.8468680924476529,4367.858504751311,4817.751473209084,0.9066176470580577
39915,Banco Macro,BANELCO,AV. RIVADAVIA 11178,Liniers,Comuna 9,3,600-900 m,600,900,6265,1411446.8207453075,1.4114468207453075,4438.707791124428,4817.751473209084,0.921323529411496
39915,Banco Macro,BANELCO,AV. RIVADAVIA 11178,Liniers,Comuna 9,4,900-1200 m,900,1200,3220,1976025.5490442794,1.9760255490442793,1629.5335865254267,4817.751473209084,0.3382352941174031
41181,HSBC Bank Argentina,BANELCO,AV. RIVADAVIA  11200,Liniers,Comuna 9,1,0-300 m,0,300,1398,282289.36414897913,0.28228936414897915,4952.365117313456,4952.365117313456,1.0
41181,HSBC Bank Argentina,BANELCO,AV. RIVADAVIA  11200,Liniers,Comuna 9,2,300-600 m,300,600,4190,846868.092447653,0.8468680924476529,4947.641831551227,4952.365117313456,0.9990462565561421
41181,HSBC Bank Argentina,BANELCO,AV. RIVADAVIA  11200,Liniers,Comuna 9,3,600-900 m,600,900,5688,1411446.8207453075,1.4114468207453075,4029.907408765482,4952.365117313456,0.8137339055791618
41181,HSBC Bank Argentina,BANELCO,AV. RIVADAVIA  11200,Liniers,Comuna 9,4,900-1200 m,900,1200,3122,1976025.5490442794,1.9760255490442793,1579.9390860659573,4952.365117313456,0.3190271816878958
40001,Banco Patagonia,BANELCO,AV. RIVADAVIA 11334,Liniers,Comuna 9,1,0-300 m,0,300,2387,282289.36414897913,0.28228936414897915,8455.86232834565,8455.86232834565,1.0
40001,Banco Patagonia,BANELCO,AV. RIVADAVIA 11334,Liniers,Comuna 9,2,300-600 m,300,600,4775,846868.092447653,0.8468680924476529,5638.422373665182,8455.86232834565,0.6668063119670389
40001,Banco Patagonia,BANELCO,AV. RIVADAVIA 11334,Liniers,Comuna 9,3,600-900 m,600,900,3897,1411446.8207453075,1.4114468207453075,2760.996689866224,8455.86232834565,0.3265186426475796
40001,Banco Patagonia,BANELCO,AV. RIVADAVIA 11334,Liniers,Comuna 9,4,900-1200 m,900,1200,2783,1976025.5490442794,1.9760255490442793,1408.3825997826902,8455.86232834565,0.16655694535866852
40471,Banco Supervielle,BANELCO,AV. RIVADAVIA 11494,Liniers,Comuna 9,1,0-300 m,0,300,3803,282289.36414897913,0.28228936414897915,13471.991803392755,13471.991803392755,1.0
40471,Banco Supervielle,BANELCO,AV. RIVADAVIA 11494,Liniers,Comuna 9,2,300-600 m,300,600,3860,846868.092447653,0.8468680924476529,4557.970756512587,13471.991803392755,0.3383293890785116
40471,Banco Supervielle,BANELCO,AV. RIVADAVIA 11494,Liniers,Comuna 9,3,600-900 m,600,900,2538,1411446.8207453075,1.4114468207453075,1798.1548880883954,13471.991803392755,0.1334735734945706
40471,Banco Supervielle,BANELCO,AV. RIVADAVIA 11494,Liniers,Comuna 9,4,900-1200 m,900,1200,2788,1976025.5490442794,1.9760255490442793,1410.9129314387856,13471.991803392755,0.10472934901010439
40875,Banco Galicia,BANELCO,AV. RIVADAVIA 2330,Balvanera,Comuna 3,1,0-300 m,0,300,2633,282289.36414897913,0.28228936414897915,9327.30855070553,9327.30855070553,1.0
40875,Banco Galicia,BANELCO,AV. RIVADAVIA 2330,Balvanera,Comuna 3,2,300-600 m,300,600,6638,846868.092447653,0.8468680924476529,7838.2927154742365,9327.30855070553,0.840359539181465
40875,Banco Galicia,BANELCO,AV. RIVADAVIA 2330,Balvanera,Comuna 3,3,600-900 m,600,900,19356,1411446.8207453075,1.4114468207453075,13713.587869912917,9327.30855070553,1.4702620584879873
40875,Banco Galicia,BANELCO,AV. RIVADAVIA 2330,Balvanera,Comuna 3,4,900-1200 m,900,1200,20449,1976025.5490442794,1.9760255490442793,10348.550407098897,9327.30855070553,1.1094894471263224
39797,Banco Itaú,BANELCO,AV. RIVADAVIA 2556,Balvanera,Comuna 3,1,0-300 m,0,300,2989,282289.36414897913,0.28228936414897915,10588.425848104378,10588.425848104378,1.0
39797,Banco Itaú,BANELCO,AV. RIVADAVIA 2556,Balvanera,Comuna 3,2,300-600 m,300,600,11989,846868.092447653,0.8468680924476529,14156.868238297773,10588.425848104378,1.3370134939210294
39797,Banco Itaú,BANELCO,AV. RIVADAVIA 2556,Balvanera,Comuna 3,3,600-900 m,600,900,16501,1411446.8207453075,1.4114468207453075,11690.8407440294,10588.425848104378,1.1041150886580922
39797,Banco Itaú,BANELCO,AV. RIVADAVIA 2556,Balvanera,Comuna 3,4,900-1200 m,900,1200,16520,1976025.5490442794,1.9760255490442793,8360.215791739145,10588.425848104378,0.7895617263293065
39790,Banco Itaú,BANELCO,AV. RIVADAVIA 2556,Balvanera,Comuna 3,1,0-300 m,0,300,2989,282289.36414897913,0.28228936414897915,10588.425848104378,10588.425848104378,1.0
39790,Banco Itaú,BANELCO,AV. RIVADAVIA 2556,Balvanera,Comuna 3,2,300-600 m,300,600,11989,846868.092447653,0.8468680924476529,14156.868238297773,10588.425848104378,1.3370134939210294
39790,Banco Itaú,BANELCO,AV. RIVADAVIA 2556,Balvanera,Comuna 3,3,600-900 m,600,900,16501,1411446.8207453075,1.4114468207453075,11690.8407440294,10588.425848104378,1.1041150886580922
39790,Banco Itaú,BANELCO,AV. RIVADAVIA 2556,Balvanera,Comuna 3,4,900-1200 m,900,1200,16520,1976025.5490442794,1.9760255490442793,8360.215791739145,10588.425848104378,0.7895617263293065
40638,BBVA Banco Francés,BANELCO,AV.RIVADAVIA 2577,Balvanera,Comuna 3,1,0-300 m,0,300,2922,282289.36414897913,0.28228936414897915,10351.080738762459,10351.080738762459,1.0
40638,BBVA Banco Francés,BANELCO,AV.RIVADAVIA 2577,Balvanera,Comuna 3,2,300-600 m,300,600,12598,846868.092447653,0.8468680924476529,14875.988494959993,10351.080738762459,1.4371435090108782
40638,BBVA Banco Francés,BANELCO,AV.RIVADAVIA 2577,Balvanera,Comuna 3,3,600-900 m,600,900,16474,1411446.8207453075,1.4114468207453075,11671.711436709309,10351.080738762459,1.127583846680027
40638,BBVA Banco Francés,BANELCO,AV.RIVADAVIA 2577,Balvanera,Comuna 3,4,900-1200 m,900,1200,16120,1976025.5490442794,1.9760255490442793,8157.789259251515,10351.080738762459,0.7881099051524579
39974,Banco Macro,BANELCO,AV. RIVADAVIA 3202,Balvanera,Comuna 3,1,0-300 m,0,300,2572,282289.36414897913,0.28228936414897915,9111.218227274827,9111.218227274827,1.0
39974,Banco Macro,BANELCO,AV. RIVADAVIA 3202,Balvanera,Comuna 3,2,300-600 m,300,600,7239,846868.092447653,0.8468680924476529,8547.966400620367,9111.218227274827,0.9381804043537953
39974,Banco Macro,BANELCO,AV. RIVADAVIA 3202,Balvanera,Comuna 3,3,600-900 m,600,900,17513,1411446.8207453075,1.4114468207453075,12407.835522100895,9111.218227274827,1.361819595645015
39974,Banco Macro,BANELCO,AV. RIVADAVIA 3202,Balvanera,Comuna 3,4,900-1200 m,900,1200,21394,1976025.5490442794,1.9760255490442793,10826.783090100926,9111.218227274827,1.1882914907789697
40141,Banco Santander Río,BANELCO,AV. RIVADAVIA 3681,Almagro,Comuna 5,1,0-300 m,0,300,1992,282289.36414897913,0.28228936414897915,7056.588922523894,7056.588922523894,1.0
40141,Banco Santander Río,BANELCO,AV. RIVADAVIA 3681,Almagro,Comuna 5,2,300-600 m,300,600,5739,846868.092447653,0.8468680924476529,6776.734241353817,7056.588922523894,0.960341365461036
40141,Banco Santander Río,BANELCO,AV. RIVADAVIA 3681,Almagro,Comuna 5,3,600-900 m,600,900,9460,1411446.8207453075,1.4114468207453075,6702.34249066833,7056.588922523894,0.9497991967868715
40141,Banco Santander Río,BANELCO,AV. RIVADAVIA 3681,Almagro,Comuna 5,4,900-1200 m,900,1200,15856,1976025.5490442794,1.9760255490442793,8024.187747809679,7056.588922523894,1.1371199082034253
40866,Banco Galicia,BANELCO,AV. RIVADAVIA 3702,Almagro,Comuna 5,1,0-300 m,0,300,2128,282289.36414897913,0.28228936414897915,7538.3640698448025,7538.3640698448025,1.0
40866,Banco Galicia,BANELCO,AV. RIVADAVIA 3702,Almagro,Comuna 5,2,300-600 m,300,600,5351,846868.092447653,0.8468680924476529,6318.575522823537,7538.3640698448025,0.838189223056936
40866,Banco Galicia,BANELCO,AV. RIVADAVIA 3702,Almagro,Comuna 5,3,600-900 m,600,900,8869,1411446.8207453075,1.4114468207453075,6283.6232082174865,7538.3640698448025,0.8335526315787043
40866,Banco Galicia,BANELCO,AV. RIVADAVIA 3702,Almagro,Comuna 5,4,900-1200 m,900,1200,14526,1976025.5490442794,1.9760255490442793,7351.119527288307,7538.3640698448025,0.9751611170777069
41216,HSBC Bank Argentina,BANELCO,AV. RIVADAVIA 3977,Almagro,Comuna 5,1,0-300 m,0,300,1962,282289.36414897913,0.28228936414897915,6950.314992967811,6950.314992967811,1.0
41216,HSBC Bank Argentina,BANELCO,AV. RIVADAVIA 3977,Almagro,Comuna 5,2,300-600 m,300,600,4522,846868.092447653,0.8468680924476529,5339.67454946889,6950.314992967811,0.7682636765199081
41216,HSBC Bank Argentina,BANELCO,AV. RIVADAVIA 3977,Almagro,Comuna 5,3,600-900 m,600,900,8048,1411446.8207453075,1.4114468207453075,5701.95056711403,6950.314992967811,0.8203873598366619
41216,HSBC Bank Argentina,BANELCO,AV. RIVADAVIA 3977,Almagro,Comuna 5,4,900-1200 m,900,1200,12520,1976025.5490442794,1.9760255490442793,6335.95046686284,6950.314992967811,0.9116062327064927
40626,BBVA Banco Francés,BANELCO,AV. RIVADAVIA 4059,Almagro,Comuna 5,1,0-300 m,0,300,1740,282289.36414897913,0.28228936414897915,6163.887914252799,6163.887914252799,1.0
40626,BBVA Banco Francés,BANELCO,AV. RIVADAVIA 4059,Almagro,Comuna 5,2,300-600 m,300,600,4365,846868.092447653,0.8468680924476529,5154.285583465658,6163.887914252799,0.8362068965510177
40626,BBVA Banco Francés,BANELCO,AV. RIVADAVIA 4059,Almagro,Comuna 5,3,600-900 m,600,900,8415,1411446.8207453075,1.4114468207453075,5961.967448094503,6163.887914252799,0.9672413793100627
40626,BBVA Banco Francés,BANELCO,AV. RIVADAVIA 4059,Almagro,Comuna 5,4,900-1200 m,900,1200,10606,1976025.5490442794,1.9760255490442793,5367.339508909527,6163.887914252799,0.8707717569780254
40048,Banco Patagonia,BANELCO,AV. RIVADAVIA 4100,Almagro,Comuna 5,1,0-300 m,0,300,1444,282289.36414897913,0.28228936414897915,5115.318475966116,5115.318475966116,1.0
40048,Banco Patagonia,BANELCO,AV. RIVADAVIA 4100,Almagro,Comuna 5,2,300-600 m,300,600,4442,846868.092447653,0.8468680924476529,5245.208834308008,5115.318475966116,1.0253924284386535
40048,Banco Patagonia,BANELCO,AV. RIVADAVIA 4100,Almagro,Comuna 5,3,600-900 m,600,900,8152,1411446.8207453075,1.4114468207453075,5775.6338249395585,5115.318475966116,1.129085872575848
40048,Banco Patagonia,BANELCO,AV. RIVADAVIA 4100,Almagro,Comuna 5,4,900-1200 m,900,1200,11114,1976025.5490442794,1.9760255490442793,5624.421205168817,5115.318475966116,1.0995251286102081
40312,Banco Santander Río,BANELCO,AV. RIVADAVIA 4364,Almagro,Comuna 5,1,0-300 m,0,300,1620,282289.36414897913,0.28228936414897915,5738.792196028468,5738.792196028468,1.0
40312,Banco Santander Río,BANELCO,AV. RIVADAVIA 4364,Almagro,Comuna 5,2,300-600 m,300,600,4143,846868.092447653,0.8468680924476529,4892.143223894209,5738.792196028468,0.8524691358017489
40312,Banco Santander Río,BANELCO,AV. RIVADAVIA 4364,Almagro,Comuna 5,3,600-900 m,600,900,6514,1411446.8207453075,1.4114468207453075,4615.122514187474,5738.792196028468,0.804197530863963
40312,Banco Santander Río,BANELCO,AV. RIVADAVIA 4364,Almagro,Comuna 5,4,900-1200 m,900,1200,11492,1976025.5490442794,1.9760255490442793,5815.714278369629,5738.792196028468,1.0134038800698157
39859,Banco Itaú,BANELCO,AV. RIVADAVIA 4715,Caballito,Comuna 6,1,0-300 m,0,300,1632,282289.36414897913,0.28228936414897915,5781.301767850901,5781.301767850901,1.0
39859,Banco Itaú,BANELCO,AV. RIVADAVIA 4715,Caballito,Comuna 6,2,300-600 m,300,600,4870,846868.092447653,0.8468680924476529,5750.6004104187305,5781.301767850901,0.9946895424828198
39859,Banco Itaú,BANELCO,AV. RIVADAVIA 4715,Caballito,Comuna 6,3,600-900 m,600,900,6981,1411446.8207453075,1.4114468207453075,4945.988681538648,5781.301767850901,0.8555147058821033
39859,Banco Itaú,BANELCO,AV. RIVADAVIA 4715,Caballito,Comuna 6,4,900-1200 m,900,1200,9674,1976025.5490442794,1.9760255490442793,4895.685688213347,5781.301767850901,0.8468137254895852
41190,HSBC Bank Argentina,BANELCO,AV. RIVADAVIA 5075,Caballito,Comuna 6,1,0-300 m,0,300,3045,282289.36414897913,0.28228936414897915,10786.803849942398,10786.803849942398,1.0
41190,HSBC Bank Argentina,BANELCO,AV. RIVADAVIA 5075,Caballito,Comuna 6,2,300-600 m,300,600,4409,846868.092447653,0.8468680924476529,5206.241726804144,10786.803849942398,0.4826491516142611
41190,HSBC Bank Argentina,BANELCO,AV. RIVADAVIA 5075,Caballito,Comuna 6,3,600-900 m,600,900,6679,1411446.8207453075,1.4114468207453075,4732.023836699131,10786.803849942398,0.4386863711000363
41190,HSBC Bank Argentina,BANELCO,AV. RIVADAVIA 5075,Caballito,Comuna 6,4,900-1200 m,900,1200,8564,1976025.5490442794,1.9760255490442793,4333.952060560172,10786.803849942398,0.4017827820780588
40133,Banco Santander Río,BANELCO,AV. RIVADAVIA 5173,Caballito,Comuna 6,1,0-300 m,0,300,2826,282289.36414897913,0.28228936414897915,10011.004164182994,10011.004164182994,1.0
40133,Banco Santander Río,BANELCO,AV. RIVADAVIA 5173,Caballito,Comuna 6,2,300-600 m,300,600,4750,846868.092447653,0.8468680924476529,5608.901837677407,10011.004164182994,0.5602736494451507
40133,Banco Santander Río,BANELCO,AV. RIVADAVIA 5173,Caballito,Comuna 6,3,600-900 m,600,900,6348,1411446.8207453075,1.4114468207453075,4497.51269881211,10011.004164182994,0.44925690021218323
40133,Banco Santander Río,BANELCO,AV. RIVADAVIA 5173,Caballito,Comuna 6,4,900-1200 m,900,1200,8398,1976025.5490442794,1.9760255490442793,4249.945049577806,10011.004164182994,0.4245273480939209
41094,HSBC Bank Argentina,BANELCO,AV. RIVADAVIA 5201,Caballito,Comuna 6,1,0-300 m,0,300,2396,282289.36414897913,0.28228936414897915,8487.744507212476,8487.744507212476,1.0
41094,HSBC Bank Argentina,BANELCO,AV. RIVADAVIA 5201,Caballito,Comuna 6,2,300-600 m,300,600,5223,846868.092447653,0.8468680924476529,6167.430378566125,8487.744507212476,0.7266277128541441
41094,HSBC Bank Argentina,BANELCO,AV. RIVADAVIA 5201,Caballito,Comuna 6,3,600-900 m,600,900,6335,1411446.8207453075,1.4114468207453075,4488.302291583918,8487.744507212476,0.5287979966609475
41094,HSBC Bank Argentina,BANELCO,AV. RIVADAVIA 5201,Caballito,Comuna 6,4,900-1200 m,900,1200,7976,1976025.5490442794,1.9760255490442793,4036.3850578033553,8487.744507212476,0.47555449558754154
41346,ICBC,BANELCO,Av. Rivadavia 5234,Caballito,Comuna 6,1,0-300 m,0,300,2687,282289.36414897913,0.28228936414897915,9518.601623906477,9518.601623906477,1.0
41346,ICBC,BANELCO,Av. Rivadavia 5234,Caballito,Comuna 6,2,300-600 m,300,600,5037,846868.092447653,0.8468680924476529,5947.797590817073,9518.601623906477,0.6248604391509421
41346,ICBC,BANELCO,Av. Rivadavia 5234,Caballito,Comuna 6,3,600-900 m,600,900,6107,1411446.8207453075,1.4114468207453075,4326.76591865872,9518.601623906477,0.4545589877185127
41346,ICBC,BANELCO,Av. Rivadavia 5234,Caballito,Comuna 6,4,900-1200 m,900,1200,7832,1976025.5490442794,1.9760255490442793,3963.511506107808,9518.601623906477,0.4163964059755623
41305,ICBC,BANELCO,Av. Rivadavia 5234,Caballito,Comuna 6,1,0-300 m,0,300,2687,282289.36414897913,0.28228936414897915,9518.601623906477,9518.601623906477,1.0
41305,ICBC,BANELCO,Av. Rivadavia 5234,Caballito,Comuna 6,2,300-600 m,300,600,5037,846868.092447653,0.8468680924476529,5947.797590817073,9518.601623906477,0.6248604391509421
41305,ICBC,BANELCO,Av. Rivadavia 5234,Caballito,Comuna 6,3,600-900 m,600,900,6107,1411446.8207453075,1.4114468207453075,4326.76591865872,9518.601623906477,0.4545589877185127
41305,ICBC,BANELCO,Av. Rivadavia 5234,Caballito,Comuna 6,4,900-1200 m,900,1200,7832,1976025.5490442794,1.9760255490442793,3963.511506107808,9518.601623906477,0.4163964059755623
39931,Banco Macro,BANELCO,AV. RIVADAVIA 5273,Caballito,Comuna 6,1,0-300 m,0,300,2598,282289.36414897913,0.28228936414897915,9203.322299556765,9203.322299556765,1.0
39931,Banco Macro,BANELCO,AV. RIVADAVIA 5273,Caballito,Comuna 6,2,300-600 m,300,600,5240,846868.092447653,0.8468680924476529,6187.504343037812,9203.322299556765,0.672312034898072
39931,Banco Macro,BANELCO,AV. RIVADAVIA 5273,Caballito,Comuna 6,3,600-900 m,600,900,5745,1411446.8207453075,1.4114468207453075,4070.291501996782,9203.322299556765,0.4422632794455985
39931,Banco Macro,BANELCO,AV. RIVADAVIA 5273,Caballito,Comuna 6,4,900-1200 m,900,1200,7862,1976025.5490442794,1.9760255490442793,3978.6934960443805,9203.322299556765,0.4323105685689173
39780,Banco Comafi,BANELCO,AV. RIVADAVIA 5288,Caballito,Comuna 6,1,0-300 m,0,300,2605,282289.36414897913,0.28228936414897915,9228.11954978652,9228.11954978652,1.0
39780,Banco Comafi,BANELCO,AV. RIVADAVIA 5288,Caballito,Comuna 6,2,300-600 m,300,600,5232,846868.092447653,0.8468680924476529,6178.057771521724,9228.11954978652,0.6694817658343671
39780,Banco Comafi,BANELCO,AV. RIVADAVIA 5288,Caballito,Comuna 6,3,600-900 m,600,900,5716,1411446.8207453075,1.4114468207453075,4049.7452089492785,9228.11954978652,0.43884836852194486
39780,Banco Comafi,BANELCO,AV. RIVADAVIA 5288,Caballito,Comuna 6,4,900-1200 m,900,1200,8097,1976025.5490442794,1.9760255490442793,4097.619083880863,9228.11954978652,0.4440361941318431
40661,BBVA Banco Francés,BANELCO,AV. RIVADAVIA 5300,Caballito,Comuna 6,1,0-300 m,0,300,2368,282289.36414897913,0.28228936414897915,8388.555506293465,8388.555506293465,1.0
40661,BBVA Banco Francés,BANELCO,AV. RIVADAVIA 5300,Caballito,Comuna 6,2,300-600 m,300,600,5400,846868.092447653,0.8468680924476529,6376.435773359577,8388.555506293465,0.7601351351344928
40661,BBVA Banco Francés,BANELCO,AV. RIVADAVIA 5300,Caballito,Comuna 6,3,600-900 m,600,900,5797,1411446.8207453075,1.4114468207453075,4107.133130909547,8388.555506293465,0.48961148648634367
40661,BBVA Banco Francés,BANELCO,AV. RIVADAVIA 5300,Caballito,Comuna 6,4,900-1200 m,900,1200,8077,1976025.5490442794,1.9760255490442793,4087.497757256482,8388.555506293465,0.4872707528954014
40884,Banco Galicia,BANELCO,AV. RIVADAVIA 5306,Caballito,Comuna 6,1,0-300 m,0,300,2355,282289.36414897913,0.28228936414897915,8342.503470152495,8342.503470152495,1.0
40884,Banco Galicia,BANELCO,AV. RIVADAVIA 5306,Caballito,Comuna 6,2,300-600 m,300,600,5367,846868.092447653,0.8468680924476529,6337.468665855713,8342.503470152495,0.7596602972392733
40884,Banco Galicia,BANELCO,AV. RIVADAVIA 5306,Caballito,Comuna 6,3,600-900 m,600,900,5821,1411446.8207453075,1.4114468207453075,4124.136959638515,8342.503470152495,0.494352441613444
40884,Banco Galicia,BANELCO,AV. RIVADAVIA 5306,Caballito,Comuna 6,4,900-1200 m,900,1200,8129,1976025.5490442794,1.9760255490442793,4113.813206479874,8342.503470152495,0.4931149529872088
39899,Banco Itaú,BANELCO,AV. RIVADAVIA 5315,Caballito,Comuna 6,1,0-300 m,0,300,2306,282289.36414897913,0.28228936414897915,8168.922718544227,8168.922718544227,1.0
39899,Banco Itaú,BANELCO,AV. RIVADAVIA 5315,Caballito,Comuna 6,2,300-600 m,300,600,5529,846868.092447653,0.8468680924476529,6528.761739056501,8168.922718544227,0.7992194275795503
39899,Banco Itaú,BANELCO,AV. RIVADAVIA 5315,Caballito,Comuna 6,3,600-900 m,600,900,5694,1411446.8207453075,1.4114468207453075,4034.158365947724,8168.922718544227,0.49384215091052375
39899,Banco Itaú,BANELCO,AV. RIVADAVIA 5315,Caballito,Comuna 6,4,900-1200 m,900,1200,7694,1976025.5490442794,1.9760255490442793,3893.6743523995756,8168.922718544227,0.4766447775984668
39935,Banco Macro,BANELCO,AV. RIVADAVIA 6245,Flores,Comuna 7,1,0-300 m,0,300,2389,282289.36414897913,0.28228936414897915,8462.947256982723,8462.947256982723,1.0
39935,Banco Macro,BANELCO,AV. RIVADAVIA 6245,Flores,Comuna 7,2,300-600 m,300,600,4137,846868.092447653,0.8468680924476529,4885.058295257143,8462.947256982723,0.5772289660941126
39935,Banco Macro,BANELCO,AV. RIVADAVIA 6245,Flores,Comuna 7,3,600-900 m,600,900,6804,1411446.8207453075,1.4114468207453075,4820.585444662507,8462.947256982723,0.5696107157804952
39935,Banco Macro,BANELCO,AV. RIVADAVIA 6245,Flores,Comuna 7,4,900-1200 m,900,1200,9023,1976025.5490442794,1.9760255490442793,4566.236506589728,8462.947256982723,0.5395562997066011
41247,ICBC,BANELCO,AV. RIVADAVIA 6312,Flores,Comuna 7,1,0-300 m,0,300,2546,282289.36414897913,0.28228936414897915,9019.114154992889,9019.114154992889,1.0
41247,ICBC,BANELCO,AV. RIVADAVIA 6312,Flores,Comuna 7,2,300-600 m,300,600,4382,846868.092447653,0.8468680924476529,5174.359547937346,9019.114154992889,0.573710395390979
41247,ICBC,BANELCO,AV. RIVADAVIA 6312,Flores,Comuna 7,3,600-900 m,600,900,7097,1411446.8207453075,1.4114468207453075,5028.173853728662,9019.114154992889,0.5575019638647235
41247,ICBC,BANELCO,AV. RIVADAVIA 6312,Flores,Comuna 7,4,900-1200 m,900,1200,8451,1976025.5490442794,1.9760255490442793,4276.766565132417,9019.114154992889,0.474189204353827
40487,Banco Supervielle,BANELCO,AV. RIVADAVIA 6411,Flores,Comuna 7,1,0-300 m,0,300,2386,282289.36414897913,0.28228936414897915,8452.319864027115,8452.319864027115,1.0
40487,Banco Supervielle,BANELCO,AV. RIVADAVIA 6411,Flores,Comuna 7,2,300-600 m,300,600,4885,846868.092447653,0.8468680924476529,5768.312732011395,8452.319864027115,0.6824531992170819
40487,Banco Supervielle,BANELCO,AV. RIVADAVIA 6411,Flores,Comuna 7,3,600-900 m,600,900,7658,1411446.8207453075,1.4114468207453075,5425.638350268295,8452.319864027115,0.6419111483652779
40487,Banco Supervielle,BANELCO,AV. RIVADAVIA 6411,Flores,Comuna 7,4,900-1200 m,900,1200,8275,1976025.5490442794,1.9760255490442793,4187.698890837859,8452.319864027115,0.4954496467485349
40415,Banco Supervielle,BANELCO,AV. RIVADAVIA 6411,Flores,Comuna 7,1,0-300 m,0,300,2386,282289.36414897913,0.28228936414897915,8452.319864027115,8452.319864027115,1.0
40415,Banco Supervielle,BANELCO,AV. RIVADAVIA 6411,Flores,Comuna 7,2,300-600 m,300,600,4885,846868.092447653,0.8468680924476529,5768.312732011395,8452.319864027115,0.6824531992170819
40415,Banco Supervielle,BANELCO,AV. RIVADAVIA 6411,Flores,Comuna 7,3,600-900 m,600,900,7658,1411446.8207453075,1.4114468207453075,5425.638350268295,8452.319864027115,0.6419111483652779
40415,Banco Supervielle,BANELCO,AV. RIVADAVIA 6411,Flores,Comuna 7,4,900-1200 m,900,1200,8275,1976025.5490442794,1.9760255490442793,4187.698890837859,8452.319864027115,0.4954496467485349
40613,BBVA Banco Francés,BANELCO,AV RIVADAVIA 6483,Flores,Comuna 7,1,0-300 m,0,300,2531,282289.36414897913,0.28228936414897915,8965.977190214848,8965.977190214848,1.0
40613,BBVA Banco Francés,BANELCO,AV RIVADAVIA 6483,Flores,Comuna 7,2,300-600 m,300,600,4827,846868.092447653,0.8468680924476529,5699.825088519756,8965.977190214848,0.6357171078619679
40613,BBVA Banco Francés,BANELCO,AV RIVADAVIA 6483,Flores,Comuna 7,3,600-900 m,600,900,7876,1411446.8207453075,1.4114468207453075,5580.089794556424,8965.977190214848,0.6223627024889532
40613,BBVA Banco Francés,BANELCO,AV RIVADAVIA 6483,Flores,Comuna 7,4,900-1200 m,900,1200,8463,1976025.5490442794,1.9760255490442793,4282.839361107045,8965.977190214848,0.47767680758558984
41107,HSBC Bank Argentina,BANELCO,AV. RIVADAVIA 6626,Flores,Comuna 7,1,0-300 m,0,300,2098,282289.36414897913,0.28228936414897915,7432.09014028872,7432.09014028872,1.0
41107,HSBC Bank Argentina,BANELCO,AV. RIVADAVIA 6626,Flores,Comuna 7,2,300-600 m,300,600,5729,846868.092447653,0.8468680924476529,6764.926026958708,7432.09014028872,0.9102319669518844
41107,HSBC Bank Argentina,BANELCO,AV. RIVADAVIA 6626,Flores,Comuna 7,3,600-900 m,600,900,7967,1411446.8207453075,1.4114468207453075,5644.562645153762,7432.09014028872,0.7594852240226574
41107,HSBC Bank Argentina,BANELCO,AV. RIVADAVIA 6626,Flores,Comuna 7,4,900-1200 m,900,1200,8042,1976025.5490442794,1.9760255490442793,4069.7854356638145,7432.09014028872,0.5475963502651641
39758,Banco Comafi,BANELCO,AV. RIVADAVIA 6770,Flores,Comuna 7,1,0-300 m,0,300,2309,282289.36414897913,0.28228936414897915,8179.550111499835,8179.550111499835,1.0
39758,Banco Comafi,BANELCO,AV. RIVADAVIA 6770,Flores,Comuna 7,2,300-600 m,300,600,6440,846868.092447653,0.8468680924476529,7604.490070451052,8179.550111499835,0.9296953948310321
39758,Banco Comafi,BANELCO,AV. RIVADAVIA 6770,Flores,Comuna 7,3,600-900 m,600,900,7714,1411446.8207453075,1.4114468207453075,5465.3139506358875,8179.550111499835,0.6681680381115418
39758,Banco Comafi,BANELCO,AV. RIVADAVIA 6770,Flores,Comuna 7,4,900-1200 m,900,1200,10149,1976025.5490442794,1.9760255490442793,5136.067195542409,8179.550111499835,0.6279156097254643
40244,Banco Santander Río,BANELCO,AV. RIVADAVIA 6902,Flores,Comuna 7,1,0-300 m,0,300,2973,282289.36414897913,0.28228936414897915,10531.7464190078,10531.7464190078,1.0
40244,Banco Santander Río,BANELCO,AV. RIVADAVIA 6902,Flores,Comuna 7,2,300-600 m,300,600,5224,846868.092447653,0.8468680924476529,6168.6112000056355,10531.7464190078,0.5857158874308315
40244,Banco Santander Río,BANELCO,AV. RIVADAVIA 6902,Flores,Comuna 7,3,600-900 m,600,900,9831,1411446.8207453075,1.4114468207453075,6965.193343103631,10531.7464190078,0.6613521695255387
40244,Banco Santander Río,BANELCO,AV. RIVADAVIA 6902,Flores,Comuna 7,4,900-1200 m,900,1200,9720,1976025.5490442794,1.9760255490442793,4918.964739449425,10531.7464190078,0.467060689058334
39851,Banco Itaú,BANELCO,AV RIVADAVIA 7060,Flores,Comuna 7,1,0-300 m,0,300,3451,282289.36414897913,0.28228936414897915,12225.044363268053,12225.044363268053,1.0
39851,Banco Itaú,BANELCO,AV RIVADAVIA 7060,Flores,Comuna 7,2,300-600 m,300,600,6172,846868.092447653,0.8468680924476529,7288.029924662095,12225.044363268053,0.5961557036602709
39851,Banco Itaú,BANELCO,AV RIVADAVIA 7060,Flores,Comuna 7,3,600-900 m,600,900,8648,1411446.8207453075,1.4114468207453075,6127.046285338237,12225.044363268053,0.5011880614313229
39851,Banco Itaú,BANELCO,AV RIVADAVIA 7060,Flores,Comuna 7,4,900-1200 m,900,1200,9441,1976025.5490442794,1.9760255490442793,4777.772233039303,12225.044363268053,0.39081839632376497
40812,Banco Galicia,BANELCO,AV. RIVADAVIA 7121,Flores,Comuna 7,1,0-300 m,0,300,3109,282289.36414897913,0.28228936414897915,11013.521566328709,11013.521566328709,1.0
40812,Banco Galicia,BANELCO,AV. RIVADAVIA 7121,Flores,Comuna 7,2,300-600 m,300,600,6926,846868.092447653,0.8468680924476529,8178.369290053413,11013.521566328709,0.7425753189658141
40812,Banco Galicia,BANELCO,AV. RIVADAVIA 7121,Flores,Comuna 7,3,600-900 m,600,900,8409,1411446.8207453075,1.4114468207453075,5957.716490912261,11013.521566328709,0.5409456416852716
40812,Banco Galicia,BANELCO,AV. RIVADAVIA 7121,Flores,Comuna 7,4,900-1200 m,900,1200,9210,1976025.5490442794,1.9760255490442793,4660.870910527696,11013.521566328709,0.42319533152567923
40442,Banco Supervielle,BANELCO,AV. RIVADAVIA 7275,Flores,Comuna 7,1,0-300 m,0,300,3638,282289.36414897913,0.28228936414897915,12887.4851908343,12887.4851908343,1.0
40442,Banco Supervielle,BANELCO,AV. RIVADAVIA 7275,Flores,Comuna 7,2,300-600 m,300,600,6423,846868.092447653,0.8468680924476529,7584.416105979364,12887.4851908343,0.5885101704228123
40442,Banco Supervielle,BANELCO,AV. RIVADAVIA 7275,Flores,Comuna 7,3,600-900 m,600,900,8306,1411446.8207453075,1.4114468207453075,5884.741725950438,12887.4851908343,0.4566245189663319
40442,Banco Supervielle,BANELCO,AV. RIVADAVIA 7275,Flores,Comuna 7,4,900-1200 m,900,1200,8321,1976025.5490442794,1.9760255490442793,4210.977942073937,12887.4851908343,0.3267493913450875
40805,Banco Galicia,BANELCO,AV. RIVADAVIA 7530,Flores,Comuna 7,1,0-300 m,0,300,3266,282289.36414897913,0.28228936414897915,11569.688464338875,11569.688464338875,1.0
40805,Banco Galicia,BANELCO,AV. RIVADAVIA 7530,Flores,Comuna 7,2,300-600 m,300,600,5700,846868.092447653,0.8468680924476529,6730.682205212887,11569.688464338875,0.5817513778317192
40805,Banco Galicia,BANELCO,AV. RIVADAVIA 7530,Flores,Comuna 7,3,600-900 m,600,900,8632,1411446.8207453075,1.4114468207453075,6115.7103995189245,11569.688464338875,0.5285976729943345
40805,Banco Galicia,BANELCO,AV. RIVADAVIA 7530,Flores,Comuna 7,4,900-1200 m,900,1200,8577,1976025.5490442794,1.9760255490442793,4340.53092286602,11569.688464338875,0.375164027643855
40241,Banco Santander Río,BANELCO,AV. RIVADAVIA 8799,Velez Sarsfield,Comuna 10,1,0-300 m,0,300,1275,282289.36414897913,0.28228936414897915,4516.642006133517,4516.642006133517,1.0
40241,Banco Santander Río,BANELCO,AV. RIVADAVIA 8799,Velez Sarsfield,Comuna 10,2,300-600 m,300,600,2788,846868.092447653,0.8468680924476529,3292.1301733567598,4516.642006133517,0.7288888888882731
40241,Banco Santander Río,BANELCO,AV. RIVADAVIA 8799,Velez Sarsfield,Comuna 10,3,600-900 m,600,900,4210,1411446.8207453075,1.4114468207453075,2982.7549562065187,4516.642006133517,0.6603921568625524
40241,Banco Santander Río,BANELCO,AV. RIVADAVIA 8799,Velez Sarsfield,Comuna 10,4,900-1200 m,900,1200,6687,1976025.5490442794,1.9760255490442793,3384.0655568619654,4516.642006133517,0.7492436974784512
40277,Banco Santander Río,BANELCO,AV. RIVADAVIA 9711,Villa Luro,Comuna 10,1,0-300 m,0,300,918,282289.36414897913,0.28228936414897915,3251.982244416132,3251.982244416132,1.0
40277,Banco Santander Río,BANELCO,AV. RIVADAVIA 9711,Villa Luro,Comuna 10,2,300-600 m,300,600,2238,846868.092447653,0.8468680924476529,2642.6783816256916,3251.982244416132,0.8126361655766555
40277,Banco Santander Río,BANELCO,AV. RIVADAVIA 9711,Villa Luro,Comuna 10,3,600-900 m,600,900,3014,1411446.8207453075,1.4114468207453075,2135.397491212933,3251.982244416132,0.6566448801741004
40277,Banco Santander Río,BANELCO,AV. RIVADAVIA 9711,Villa Luro,Comuna 10,4,900-1200 m,900,1200,4421,1976025.5490442794,1.9760255490442793,2237.319250319538,3251.982244416132,0.6879863056328682
40829,Banco Galicia,BANELCO,AV. ROCA 6883,Villa Riachuelo,Comuna 8,1,0-300 m,0,300,516,282289.36414897913,0.28228936414897915,1827.9115883646232,1827.9115883646232,1.0
40829,Banco Galicia,BANELCO,AV. ROCA 6883,Villa Riachuelo,Comuna 8,2,300-600 m,300,600,499,846868.092447653,0.8468680924476529,589.2298983160053,1827.9115883646232,0.32235142118835813
40829,Banco Galicia,BANELCO,AV. ROCA 6883,Villa Riachuelo,Comuna 8,3,600-900 m,600,900,832,1411446.8207453075,1.4114468207453075,589.4660626042337,1827.9115883646232,0.3224806201549447
40829,Banco Galicia,BANELCO,AV. ROCA 6883,Villa Riachuelo,Comuna 8,4,900-1200 m,900,1200,1022,1976025.5490442794,1.9760255490442793,517.1997905058963,1827.9115883646232,0.28294573643390447
40228,Banco Santander Río,BANELCO,AV. ROMULO S. NAON 1802,Villa Urquiza,Comuna 12,1,0-300 m,0,300,196,282289.36414897913,0.28228936414897915,694.3230064330739,694.3230064330739,1.0
40228,Banco Santander Río,BANELCO,AV. ROMULO S. NAON 1802,Villa Urquiza,Comuna 12,2,300-600 m,300,600,802,846868.092447653,0.8468680924476529,947.0187944878484,694.3230064330739,1.3639455782301402
40228,Banco Santander Río,BANELCO,AV. ROMULO S. NAON 1802,Villa Urquiza,Comuna 12,3,600-900 m,600,900,2610,1411446.8207453075,1.4114468207453075,1849.1663742753003,694.3230064330739,2.663265306121672
40228,Banco Santander Río,BANELCO,AV. ROMULO S. NAON 1802,Villa Urquiza,Comuna 12,4,900-1200 m,900,1200,5315,1976025.5490442794,1.9760255490442793,2689.7425504293924,694.3230064330739,3.8739067055365646
41231,ICBC,BANELCO,AV. R. SAENZ PENA 567,San Nicolas,Comuna 1,1,0-300 m,0,300,3910,282289.36414897913,0.28228936414897915,13851.035485476117,13851.035485476117,1.0
41231,ICBC,BANELCO,AV. R. SAENZ PENA 567,San Nicolas,Comuna 1,2,300-600 m,300,600,6980,846868.092447653,0.8468680924476529,8242.13364778701,13851.035485476117,0.5950554134692331
41231,ICBC,BANELCO,AV. R. SAENZ PENA 567,San Nicolas,Comuna 1,3,600-900 m,600,900,15639,1411446.8207453075,1.4114468207453075,11080.119895513955,13851.035485476117,0.799948849104626
41231,ICBC,BANELCO,AV. R. SAENZ PENA 567,San Nicolas,Comuna 1,4,900-1200 m,900,1200,14511,1976025.5490442794,1.9760255490442793,7343.528532320021,13851.035485476117,0.53017902813261
39740,Banco Comafi,BANELCO,AV. R. SAENZ PENA 660,San Nicolas,Comuna 1,1,0-300 m,0,300,3447,282289.36414897913,0.28228936414897915,12210.874505993906,12210.874505993906,1.0
39740,Banco Comafi,BANELCO,AV. R. SAENZ PENA 660,San Nicolas,Comuna 1,2,300-600 m,300,600,10242,846868.092447653,0.8468680924476529,12093.973183471999,12210.874505993906,0.9904264577885453
39740,Banco Comafi,BANELCO,AV. R. SAENZ PENA 660,San Nicolas,Comuna 1,3,600-900 m,600,900,16021,1411446.8207453075,1.4114468207453075,11350.764169450033,12210.874505993906,0.9295619379167581
39740,Banco Comafi,BANELCO,AV. R. SAENZ PENA 660,San Nicolas,Comuna 1,4,900-1200 m,900,1200,14817,1976025.5490442794,1.9760255490442793,7498.384829673058,12210.874505993906,0.6140743503663357
40206,Banco Santander Río,BANELCO,AV. R. SAENZ PENA 844,San Nicolas,Comuna 1,1,0-300 m,0,300,3481,282289.36414897913,0.28228936414897915,12331.318292824135,12331.318292824135,1.0
40206,Banco Santander Río,BANELCO,AV. R. SAENZ PENA 844,San Nicolas,Comuna 1,2,300-600 m,300,600,15132,846868.092447653,0.8468680924476529,17868.19002268095,12331.318292824135,1.4490089054857047
40206,Banco Santander Río,BANELCO,AV. R. SAENZ PENA 844,San Nicolas,Comuna 1,3,600-900 m,600,900,13647,1411446.8207453075,1.4114468207453075,9668.802111009587,12331.318292824135,0.784085033036255
40206,Banco Santander Río,BANELCO,AV. R. SAENZ PENA 844,San Nicolas,Comuna 1,4,900-1200 m,900,1200,15860,1976025.5490442794,1.9760255490442793,8026.2120131345555,12331.318292824135,0.6508802889148668
40770,Banco Galicia,BANELCO,AV. R. SAENZ PENA 865,San Nicolas,Comuna 1,1,0-300 m,0,300,4904,282289.36414897913,0.28228936414897915,17372.24501810099,17372.24501810099,1.0
40770,Banco Galicia,BANELCO,AV. R. SAENZ PENA 865,San Nicolas,Comuna 1,2,300-600 m,300,600,13410,846868.092447653,0.8468680924476529,15834.81550384295,17372.24501810099,0.9115008156599151
40770,Banco Galicia,BANELCO,AV. R. SAENZ PENA 865,San Nicolas,Comuna 1,3,600-900 m,600,900,14556,1411446.8207453075,1.4114468207453075,10312.82212411926,17372.24501810099,0.593637846655618
40770,Banco Galicia,BANELCO,AV. R. SAENZ PENA 865,San Nicolas,Comuna 1,4,900-1200 m,900,1200,15783,1976025.5490442794,1.9760255490442793,7987.244905630687,17372.24501810099,0.4597704497782748
39964,Banco Macro,BANELCO,AV R.V.PENALOZA 507/497,Puerto Madero,Comuna 1,1,0-300 m,0,300,191,282289.36414897913,0.28228936414897915,676.6106848403934,676.6106848403934,1.0
39964,Banco Macro,BANELCO,AV R.V.PENALOZA 507/497,Puerto Madero,Comuna 1,2,300-600 m,300,600,883,846868.092447653,0.8468680924476529,1042.665331088242,676.6106848403934,1.5410122164035847
39964,Banco Macro,BANELCO,AV R.V.PENALOZA 507/497,Puerto Madero,Comuna 1,3,600-900 m,600,900,1416,1411446.8207453075,1.4114468207453075,1003.2258950091285,676.6106848403934,1.4827225130885728
39964,Banco Macro,BANELCO,AV R.V.PENALOZA 507/497,Puerto Madero,Comuna 1,4,900-1200 m,900,1200,4155,1976025.5490442794,1.9760255490442793,2102.7056062152633,676.6106848403934,3.1077038145078557
39785,Banco Itaú,BANELCO,AV SACALABRINI ORTIZ 2524,Palermo,Comuna 14,1,0-300 m,0,300,3016,282289.36414897913,0.28228936414897915,10684.072384704852,10684.072384704852,1.0
39785,Banco Itaú,BANELCO,AV SACALABRINI ORTIZ 2524,Palermo,Comuna 14,2,300-600 m,300,600,4938,846868.092447653,0.8468680924476529,5830.896268305481,10684.072384704852,0.5457559681693002
39785,Banco Itaú,BANELCO,AV SACALABRINI ORTIZ 2524,Palermo,Comuna 14,3,600-900 m,600,900,10462,1411446.8207453075,1.4114468207453075,7412.252340102756,10684.072384704852,0.6937665782491345
39785,Banco Itaú,BANELCO,AV SACALABRINI ORTIZ 2524,Palermo,Comuna 14,4,900-1200 m,900,1200,10553,1976025.5490442794,1.9760255490442793,5340.517993354916,10684.072384704852,0.49985790071960917
39792,Banco Itaú,BANELCO,AV SACALABRINI ORTIZ 2524,Palermo,Comuna 14,1,0-300 m,0,300,3016,282289.36414897913,0.28228936414897915,10684.072384704852,10684.072384704852,1.0
39792,Banco Itaú,BANELCO,AV SACALABRINI ORTIZ 2524,Palermo,Comuna 14,2,300-600 m,300,600,4938,846868.092447653,0.8468680924476529,5830.896268305481,10684.072384704852,0.5457559681693002
39792,Banco Itaú,BANELCO,AV SACALABRINI ORTIZ 2524,Palermo,Comuna 14,3,600-900 m,600,900,10462,1411446.8207453075,1.4114468207453075,7412.252340102756,10684.072384704852,0.6937665782491345
39792,Banco Itaú,BANELCO,AV SACALABRINI ORTIZ 2524,Palermo,Comuna 14,4,900-1200 m,900,1200,10553,1976025.5490442794,1.9760255490442793,5340.517993354916,10684.072384704852,0.49985790071960917
40637,BBVA Banco Francés,BANELCO,AV. SAN JUAN 2654,San Cristobal,Comuna 3,1,0-300 m,0,300,2038,282289.36414897913,0.28228936414897915,7219.542281176555,7219.542281176555,1.0
40637,BBVA Banco Francés,BANELCO,AV. SAN JUAN 2654,San Cristobal,Comuna 3,2,300-600 m,300,600,4092,846868.092447653,0.8468680924476529,4831.9213304791465,7219.542281176555,0.6692836113831441
40637,BBVA Banco Francés,BANELCO,AV. SAN JUAN 2654,San Cristobal,Comuna 3,3,600-900 m,600,900,7397,1411446.8207453075,1.4114468207453075,5240.721712840765,7219.542281176555,0.7259077526985124
40637,BBVA Banco Francés,BANELCO,AV. SAN JUAN 2654,San Cristobal,Comuna 3,4,900-1200 m,900,1200,10242,1976025.5490442794,1.9760255490442793,5183.1313643457825,7219.542281176555,0.7179307444267918
40138,Banco Santander Río,BANELCO,AV. SAN JUAN 2812,San Cristobal,Comuna 3,1,0-300 m,0,300,2088,282289.36414897913,0.28228936414897915,7396.6654971033595,7396.6654971033595,1.0
40138,Banco Santander Río,BANELCO,AV. SAN JUAN 2812,San Cristobal,Comuna 3,2,300-600 m,300,600,4471,846868.092447653,0.8468680924476529,5279.452656053828,7396.6654971033595,0.7137611749674685
40138,Banco Santander Río,BANELCO,AV. SAN JUAN 2812,San Cristobal,Comuna 3,3,600-900 m,600,900,6848,1411446.8207453075,1.4114468207453075,4851.759130665616,7396.6654971033595,0.6559386973178163
40138,Banco Santander Río,BANELCO,AV. SAN JUAN 2812,San Cristobal,Comuna 3,4,900-1200 m,900,1200,9479,1976025.5490442794,1.9760255490442793,4797.0027536256275,7396.6654971033595,0.6485358511215902
40752,Banco Galicia,BANELCO,AV. SAN JUAN 3101,San Cristobal,Comuna 3,1,0-300 m,0,300,2012,282289.36414897913,0.28228936414897915,7127.438208894616,7127.438208894616,1.0
40752,Banco Galicia,BANELCO,AV. SAN JUAN 3101,San Cristobal,Comuna 3,2,300-600 m,300,600,4031,846868.092447653,0.8468680924476529,4759.891222668974,7127.438208894616,0.6678263750822722
40752,Banco Galicia,BANELCO,AV. SAN JUAN 3101,San Cristobal,Comuna 3,3,600-900 m,600,900,7366,1411446.8207453075,1.4114468207453075,5218.758434065848,7127.438208894616,0.7322067594431264
40752,Banco Galicia,BANELCO,AV. SAN JUAN 3101,San Cristobal,Comuna 3,4,900-1200 m,900,1200,9204,1976025.5490442794,1.9760255490442793,4657.834512540381,7127.438208894616,0.6535075262704744
40611,BBVA Banco Francés,BANELCO,AV. SAN JUAN 3599,Boedo,Comuna 5,1,0-300 m,0,300,1771,282289.36414897913,0.28228936414897915,6273.704308127418,6273.704308127418,1.0
40611,BBVA Banco Francés,BANELCO,AV. SAN JUAN 3599,Boedo,Comuna 5,2,300-600 m,300,600,3647,846868.092447653,0.8468680924476529,4306.455789896737,6273.704308127418,0.6864295125158891
40611,BBVA Banco Francés,BANELCO,AV. SAN JUAN 3599,Boedo,Comuna 5,3,600-900 m,600,900,6431,1411446.8207453075,1.4114468207453075,4556.3176064997915,6273.704308127418,0.726256352343097
40611,BBVA Banco Francés,BANELCO,AV. SAN JUAN 3599,Boedo,Comuna 5,4,900-1200 m,900,1200,8484,1976025.5490442794,1.9760255490442793,4293.466754062646,6273.704308127418,0.6843591191412343
40058,Banco Patagonia,BANELCO,AV. SAN JUAN 4300,Boedo,Comuna 5,1,0-300 m,0,300,1812,282289.36414897913,0.28228936414897915,6418.945345187398,6418.945345187398,1.0
40058,Banco Patagonia,BANELCO,AV. SAN JUAN 4300,Boedo,Comuna 5,2,300-600 m,300,600,3925,846868.092447653,0.8468680924476529,4634.724150080804,6418.945345187398,0.7220382634283818
40058,Banco Patagonia,BANELCO,AV. SAN JUAN 4300,Boedo,Comuna 5,3,600-900 m,600,900,5787,1411446.8207453075,1.4114468207453075,4100.048202272476,6418.945345187398,0.6387417218541184
40058,Banco Patagonia,BANELCO,AV. SAN JUAN 4300,Boedo,Comuna 5,4,900-1200 m,900,1200,7755,1976025.5490442794,1.9760255490442793,3924.5443986039395,6418.945345187398,0.6114001892143178
40539,BBVA Banco Francés,BANELCO,AV. SAN MARTIN 2349,Paternal,Comuna 15,1,0-300 m,0,300,1340,282289.36414897913,0.28228936414897915,4746.9021868383625,4746.9021868383625,1.0
40539,BBVA Banco Francés,BANELCO,AV. SAN MARTIN 2349,Paternal,Comuna 15,2,300-600 m,300,600,2735,846868.092447653,0.8468680924476529,3229.546637062675,4746.9021868383625,0.6803482587058929
40539,BBVA Banco Francés,BANELCO,AV. SAN MARTIN 2349,Paternal,Comuna 15,3,600-900 m,600,900,3787,1411446.8207453075,1.4114468207453075,2683.0624748584532,4746.9021868383625,0.5652238805968501
40539,BBVA Banco Francés,BANELCO,AV. SAN MARTIN 2349,Paternal,Comuna 15,4,900-1200 m,900,1200,4948,1976025.5490442794,1.9760255490442793,2504.016206871991,4746.9021868383625,0.5275053304900246
39828,Banco Itaú,BANELCO,AV. SAN MARTÍN 2941,Paternal,Comuna 15,1,0-300 m,0,300,1278,282289.36414897913,0.28228936414897915,4527.269399089125,4527.269399089125,1.0
39828,Banco Itaú,BANELCO,AV. SAN MARTÍN 2941,Paternal,Comuna 15,2,300-600 m,300,600,2449,846868.092447653,0.8468680924476529,2891.8317053625196,4527.269399089125,0.6387584767861062
39828,Banco Itaú,BANELCO,AV. SAN MARTÍN 2941,Paternal,Comuna 15,3,600-900 m,600,900,3537,1411446.8207453075,1.4114468207453075,2505.9392589317004,4527.269399089125,0.553521126760402
39828,Banco Itaú,BANELCO,AV. SAN MARTÍN 2941,Paternal,Comuna 15,4,900-1200 m,900,1200,4257,1976025.5490442794,1.9760255490442793,2154.3243719996094,4527.269399089125,0.4758551307843651
40077,Banco Patagonia,BANELCO,AV. SAN MARTIN 6931,Villa Devoto,Comuna 11,1,0-300 m,0,300,626,282289.36414897913,0.28228936414897915,2217.5826634035934,2217.5826634035934,1.0
40077,Banco Patagonia,BANELCO,AV. SAN MARTIN 6931,Villa Devoto,Comuna 11,2,300-600 m,300,600,1694,846868.092447653,0.8468680924476529,2000.3115185316897,2217.5826634035934,0.9020234291792165
40077,Banco Patagonia,BANELCO,AV. SAN MARTIN 6931,Villa Devoto,Comuna 11,3,600-900 m,600,900,2484,1411446.8207453075,1.4114468207453075,1759.8962734482168,2217.5826634035934,0.7936102236419409
40077,Banco Patagonia,BANELCO,AV. SAN MARTIN 6931,Villa Devoto,Comuna 11,4,900-1200 m,900,1200,2842,1976025.5490442794,1.9760255490442793,1438.2405133246157,2217.5826634035934,0.648562300319021
40069,Banco Patagonia,BANELCO,AV. SAN MARTIN 6931,Villa Devoto,Comuna 11,1,0-300 m,0,300,626,282289.36414897913,0.28228936414897915,2217.5826634035934,2217.5826634035934,1.0
40069,Banco Patagonia,BANELCO,AV. SAN MARTIN 6931,Villa Devoto,Comuna 11,2,300-600 m,300,600,1694,846868.092447653,0.8468680924476529,2000.3115185316897,2217.5826634035934,0.9020234291792165
40069,Banco Patagonia,BANELCO,AV. SAN MARTIN 6931,Villa Devoto,Comuna 11,3,600-900 m,600,900,2484,1411446.8207453075,1.4114468207453075,1759.8962734482168,2217.5826634035934,0.7936102236419409
40069,Banco Patagonia,BANELCO,AV. SAN MARTIN 6931,Villa Devoto,Comuna 11,4,900-1200 m,900,1200,2842,1976025.5490442794,1.9760255490442793,1438.2405133246157,2217.5826634035934,0.648562300319021
39885,Banco Itaú,BANELCO,AV SAN MARTÍN 7187,Villa Devoto,Comuna 11,1,0-300 m,0,300,523,282289.36414897913,0.28228936414897915,1852.708838594376,1852.708838594376,1.0
39885,Banco Itaú,BANELCO,AV SAN MARTÍN 7187,Villa Devoto,Comuna 11,2,300-600 m,300,600,1477,846868.092447653,0.8468680924476529,1744.0732661577956,1852.708838594376,0.9413639260667637
39885,Banco Itaú,BANELCO,AV SAN MARTÍN 7187,Villa Devoto,Comuna 11,3,600-900 m,600,900,1754,1411446.8207453075,1.4114468207453075,1242.6964829420983,1852.708838594376,0.6707456978965538
39885,Banco Itaú,BANELCO,AV SAN MARTÍN 7187,Villa Devoto,Comuna 11,4,900-1200 m,900,1200,2154,1976025.5490442794,1.9760255490442793,1090.0668774458911,1852.708838594376,0.5883638350173304
39844,Banco Itaú,BANELCO,AV SAN MARTÍN 7187,Villa Devoto,Comuna 11,1,0-300 m,0,300,523,282289.36414897913,0.28228936414897915,1852.708838594376,1852.708838594376,1.0
39844,Banco Itaú,BANELCO,AV SAN MARTÍN 7187,Villa Devoto,Comuna 11,2,300-600 m,300,600,1477,846868.092447653,0.8468680924476529,1744.0732661577956,1852.708838594376,0.9413639260667637
39844,Banco Itaú,BANELCO,AV SAN MARTÍN 7187,Villa Devoto,Comuna 11,3,600-900 m,600,900,1754,1411446.8207453075,1.4114468207453075,1242.6964829420983,1852.708838594376,0.6707456978965538
39844,Banco Itaú,BANELCO,AV SAN MARTÍN 7187,Villa Devoto,Comuna 11,4,900-1200 m,900,1200,2154,1976025.5490442794,1.9760255490442793,1090.0668774458911,1852.708838594376,0.5883638350173304
39803,Banco Itaú,BANELCO,AV. SANTA FE 1166,Retiro,Comuna 1,1,0-300 m,0,300,2152,282289.36414897913,0.28228936414897915,7623.383213489669,7623.383213489669,1.0
39803,Banco Itaú,BANELCO,AV. SANTA FE 1166,Retiro,Comuna 1,2,300-600 m,300,600,5781,846868.092447653,0.8468680924476529,6826.328741813281,7623.383213489669,0.8954460966535186
39803,Banco Itaú,BANELCO,AV. SANTA FE 1166,Retiro,Comuna 1,3,600-900 m,600,900,8597,1411446.8207453075,1.4114468207453075,6090.913149289179,7623.383213489669,0.7989776951670532
39803,Banco Itaú,BANELCO,AV. SANTA FE 1166,Retiro,Comuna 1,4,900-1200 m,900,1200,22561,1976025.5490442794,1.9760255490442793,11417.362498633587,7623.383213489669,1.4976765799245702
39927,Banco Macro,BANELCO,AV. SANTA FE 1288,Retiro,Comuna 1,1,0-300 m,0,300,2097,282289.36414897913,0.28228936414897915,7428.547675970184,7428.547675970184,1.0
39927,Banco Macro,BANELCO,AV. SANTA FE 1288,Retiro,Comuna 1,2,300-600 m,300,600,5315,846868.092447653,0.8468680924476529,6276.06595100114,7428.547675970184,0.8448577332690367
39927,Banco Macro,BANELCO,AV. SANTA FE 1288,Retiro,Comuna 1,3,600-900 m,600,900,10271,1411446.8207453075,1.4114468207453075,7276.930203134716,7428.547675970184,0.9795898903192182
39927,Banco Macro,BANELCO,AV. SANTA FE 1288,Retiro,Comuna 1,4,900-1200 m,900,1200,19944,1976025.5490442794,1.9760255490442793,10092.986909833264,7428.547675970184,1.3586756591038636
40917,Banco Galicia,BANELCO,AV. SANTA FE 1301,Retiro,Comuna 1,1,0-300 m,0,300,2165,282289.36414897913,0.28228936414897915,7669.435249630638,7669.435249630638,1.0
40917,Banco Galicia,BANELCO,AV. SANTA FE 1301,Retiro,Comuna 1,2,300-600 m,300,600,5018,846868.092447653,0.8468680924476529,5925.361983466363,7669.435249630638,0.7725943033095859
40917,Banco Galicia,BANELCO,AV. SANTA FE 1301,Retiro,Comuna 1,3,600-900 m,600,900,10558,1411446.8207453075,1.4114468207453075,7480.267655018629,7669.435249630638,0.9753348729789303
40917,Banco Galicia,BANELCO,AV. SANTA FE 1301,Retiro,Comuna 1,4,900-1200 m,900,1200,17705,1976025.5490442794,1.9760255490442793,8959.904394233752,7669.435249630638,1.1682612999001802
40281,Banco Santander Río,BANELCO,AV. SANTA FE 1450,Recoleta,Comuna 2,1,0-300 m,0,300,2107,282289.36414897913,0.28228936414897915,7463.972319155545,7463.972319155545,1.0
40281,Banco Santander Río,BANELCO,AV. SANTA FE 1450,Recoleta,Comuna 2,2,300-600 m,300,600,5487,846868.092447653,0.8468680924476529,6479.167238597038,7463.972319155545,0.8680588514468224
40281,Banco Santander Río,BANELCO,AV. SANTA FE 1450,Recoleta,Comuna 2,3,600-900 m,600,900,11207,1411446.8207453075,1.4114468207453075,7940.079523564479,7463.972319155545,1.063787375414972
40281,Banco Santander Río,BANELCO,AV. SANTA FE 1450,Recoleta,Comuna 2,4,900-1200 m,900,1200,17942,1976025.5490442794,1.9760255490442793,9079.842114732674,7463.972319155545,1.216489253507835
40708,BBVA Banco Francés,BANELCO,AV. SANTA FE 1630,Recoleta,Comuna 2,1,0-300 m,0,300,2144,282289.36414897913,0.28228936414897915,7595.04349894138,7595.04349894138,1.0
40708,BBVA Banco Francés,BANELCO,AV. SANTA FE 1630,Recoleta,Comuna 2,2,300-600 m,300,600,7280,846868.092447653,0.8468680924476529,8596.38007964032,7595.04349894138,1.1318407960189443
40708,BBVA Banco Francés,BANELCO,AV. SANTA FE 1630,Recoleta,Comuna 2,3,600-900 m,600,900,10225,1411446.8207453075,1.4114468207453075,7244.339531404194,7595.04349894138,0.9538246268653934
40708,BBVA Banco Francés,BANELCO,AV. SANTA FE 1630,Recoleta,Comuna 2,4,900-1200 m,900,1200,17408,1976025.5490442794,1.9760255490442793,8809.602693861685,7595.04349894138,1.1599147121526814
40622,BBVA Banco Francés,BANELCO,AV. SANTA FE 2121,Recoleta,Comuna 2,1,0-300 m,0,300,2724,282289.36414897913,0.28228936414897915,9649.672803692314,9649.672803692314,1.0
40622,BBVA Banco Francés,BANELCO,AV. SANTA FE 2121,Recoleta,Comuna 2,2,300-600 m,300,600,8540,846868.092447653,0.8468680924476529,10084.21509342422,9649.672803692314,1.045031815956043
40622,BBVA Banco Francés,BANELCO,AV. SANTA FE 2121,Recoleta,Comuna 2,3,600-900 m,600,900,12412,1411446.8207453075,1.4114468207453075,8793.813424331429,9649.672803692314,0.9113069016150058
40622,BBVA Banco Francés,BANELCO,AV. SANTA FE 2121,Recoleta,Comuna 2,4,900-1200 m,900,1200,14893,1976025.5490442794,1.9760255490442793,7536.845870845708,9649.672803692314,0.7810467799448949
40144,Banco Santander Río,BANELCO,AV. SANTA FE 2201,Recoleta,Comuna 2,1,0-300 m,0,300,2825,282289.36414897913,0.28228936414897915,10007.461699864458,10007.461699864458,1.0
40144,Banco Santander Río,BANELCO,AV. SANTA FE 2201,Recoleta,Comuna 2,2,300-600 m,300,600,8247,846868.092447653,0.8468680924476529,9738.234411647489,10007.461699864458,0.9730973451319214
40144,Banco Santander Río,BANELCO,AV. SANTA FE 2201,Recoleta,Comuna 2,3,600-900 m,600,900,12704,1411446.8207453075,1.4114468207453075,9000.693340533875,10007.461699864458,0.8993982300882332
40144,Banco Santander Río,BANELCO,AV. SANTA FE 2201,Recoleta,Comuna 2,4,900-1200 m,900,1200,15103,1976025.5490442794,1.9760255490442793,7643.119800401714,10007.461699864458,0.7637420986088044
39945,Banco Macro,BANELCO,AV. SANTA FE 2220,Recoleta,Comuna 2,1,0-300 m,0,300,2724,282289.36414897913,0.28228936414897915,9649.672803692314,9649.672803692314,1.0
39945,Banco Macro,BANELCO,AV. SANTA FE 2220,Recoleta,Comuna 2,2,300-600 m,300,600,9194,846868.092447653,0.8468680924476529,10856.472314864437,9649.672803692314,1.1250611845315996
39945,Banco Macro,BANELCO,AV. SANTA FE 2220,Recoleta,Comuna 2,3,600-900 m,600,900,11558,1411446.8207453075,1.4114468207453075,8188.76051872564,9649.672803692314,0.8486049926576085
39945,Banco Macro,BANELCO,AV. SANTA FE 2220,Recoleta,Comuna 2,4,900-1200 m,900,1200,15504,1976025.5490442794,1.9760255490442793,7846.052399220564,9649.672803692314,0.8130899937061473
40672,BBVA Banco Francés,BANELCO,AV. SANTA FE 2699,Recoleta,Comuna 2,1,0-300 m,0,300,2571,282289.36414897913,0.28228936414897915,9107.67576295629,9107.67576295629,1.0
40672,BBVA Banco Francés,BANELCO,AV. SANTA FE 2699,Recoleta,Comuna 2,2,300-600 m,300,600,8189,846868.092447653,0.8468680924476529,9669.746768155848,9107.67576295629,1.0617139893677014
40672,BBVA Banco Francés,BANELCO,AV. SANTA FE 2699,Recoleta,Comuna 2,3,600-900 m,600,900,11539,1411446.8207453075,1.4114468207453075,8175.2991543152075,9107.67576295629,0.8976273823412396
40672,BBVA Banco Francés,BANELCO,AV. SANTA FE 2699,Recoleta,Comuna 2,4,900-1200 m,900,1200,15214,1976025.5490442794,1.9760255490442793,7699.293163167032,9107.67576295629,0.8453631160742917
39754,Banco Comafi,BANELCO,AV. SANTA FE 2762,Recoleta,Comuna 2,1,0-300 m,0,300,2854,282289.36414897913,0.28228936414897915,10110.193165102006,10110.193165102006,1.0
39754,Banco Comafi,BANELCO,AV. SANTA FE 2762,Recoleta,Comuna 2,2,300-600 m,300,600,7893,846868.092447653,0.8468680924476529,9320.223622060583,10110.193165102006,0.9218640504547222
39754,Banco Comafi,BANELCO,AV. SANTA FE 2762,Recoleta,Comuna 2,3,600-900 m,600,900,11854,1411446.8207453075,1.4114468207453075,8398.474406382917,10110.193165102006,0.8306937631392111
39754,Banco Comafi,BANELCO,AV. SANTA FE 2762,Recoleta,Comuna 2,4,900-1200 m,900,1200,13753,1976025.5490442794,1.9760255490442793,6959.930253255961,10110.193165102006,0.6884072479722735
40887,Banco Galicia,BANELCO,AV. SANTA FE 2835,Recoleta,Comuna 2,1,0-300 m,0,300,3069,282289.36414897913,0.28228936414897915,10871.822993587264,10871.822993587264,1.0
40887,Banco Galicia,BANELCO,AV. SANTA FE 2835,Recoleta,Comuna 2,2,300-600 m,300,600,7618,846868.092447653,0.8468680924476529,8995.497726195048,10871.822993587264,0.8274139241874187
40887,Banco Galicia,BANELCO,AV. SANTA FE 2835,Recoleta,Comuna 2,3,600-900 m,600,900,11790,1411446.8207453075,1.4114468207453075,8353.130863105667,10871.822993587264,0.7683284457475765
40887,Banco Galicia,BANELCO,AV. SANTA FE 2835,Recoleta,Comuna 2,4,900-1200 m,900,1200,13786,1976025.5490442794,1.9760255490442793,6976.6304421861905,10871.822993587264,0.6417167062323724
39795,Banco Itaú,BANELCO,AV. SANTA FÉ 2867,Recoleta,Comuna 2,1,0-300 m,0,300,3166,282289.36414897913,0.28228936414897915,11215.442032485265,11215.442032485265,1.0
39795,Banco Itaú,BANELCO,AV. SANTA FÉ 2867,Recoleta,Comuna 2,2,300-600 m,300,600,7188,846868.092447653,0.8468680924476529,8487.744507205305,11215.442032485265,0.756790903347434
39795,Banco Itaú,BANELCO,AV. SANTA FÉ 2867,Recoleta,Comuna 2,3,600-900 m,600,900,12057,1411446.8207453075,1.4114468207453075,8542.298457715438,11215.442032485265,0.7616550852808895
39795,Banco Itaú,BANELCO,AV. SANTA FÉ 2867,Recoleta,Comuna 2,4,900-1200 m,900,1200,13341,1976025.5490442794,1.9760255490442793,6751.430924793702,11215.442032485265,0.6019763559241214
40463,Banco Supervielle,BANELCO,AV. SANTA FE 2972,Recoleta,Comuna 2,1,0-300 m,0,300,3152,282289.36414897913,0.28228936414897915,11165.84753202576,11165.84753202576,1.0
40463,Banco Supervielle,BANELCO,AV. SANTA FE 2972,Recoleta,Comuna 2,2,300-600 m,300,600,7272,846868.092447653,0.8468680924476529,8586.933508124232,11165.84753202576,0.7690355329942742
40463,Banco Supervielle,BANELCO,AV. SANTA FE 2972,Recoleta,Comuna 2,3,600-900 m,600,900,11054,1411446.8207453075,1.4114468207453075,7831.680115417306,11165.84753202576,0.7013959390860898
40463,Banco Supervielle,BANELCO,AV. SANTA FE 2972,Recoleta,Comuna 2,4,900-1200 m,900,1200,13668,1976025.5490442794,1.9760255490442793,6916.91461510234,11165.84753202576,0.6194706308915039
40000,Banco Patagonia,BANELCO,AV. SANTA FE 3060,Recoleta,Comuna 2,1,0-300 m,0,300,3402,282289.36414897913,0.28228936414897915,12051.463611659783,12051.463611659783,1.0
40000,Banco Patagonia,BANELCO,AV. SANTA FE 3060,Recoleta,Comuna 2,2,300-600 m,300,600,7171,846868.092447653,0.8468680924476529,8467.670542733616,12051.463611659783,0.7026259063290164
40000,Banco Patagonia,BANELCO,AV. SANTA FE 3060,Recoleta,Comuna 2,3,600-900 m,600,900,10548,1411446.8207453075,1.4114468207453075,7473.1827263815585,12051.463611659783,0.6201058201056392
40000,Banco Patagonia,BANELCO,AV. SANTA FE 3060,Recoleta,Comuna 2,4,900-1200 m,900,1200,14414,1976025.5490442794,1.9760255490442793,7294.440098191771,12051.463611659783,0.6052742084483751
40266,Banco Santander Río,BANELCO,AV. SANTA FE 3077,Recoleta,Comuna 2,1,0-300 m,0,300,3499,282289.36414897913,0.28228936414897915,12395.082650557784,12395.082650557784,1.0
40266,Banco Santander Río,BANELCO,AV. SANTA FE 3077,Recoleta,Comuna 2,2,300-600 m,300,600,7057,846868.092447653,0.8468680924476529,8333.056898629358,12395.082650557784,0.672287320186152
40266,Banco Santander Río,BANELCO,AV. SANTA FE 3077,Recoleta,Comuna 2,3,600-900 m,600,900,9174,1411446.8207453075,1.4114468207453075,6499.713531648124,12395.082650557784,0.5243783938266546
40266,Banco Santander Río,BANELCO,AV. SANTA FE 3077,Recoleta,Comuna 2,4,900-1200 m,900,1200,16017,1976025.5490442794,1.9760255490442793,8105.66442713595,12395.082650557784,0.653941942595372
41136,HSBC Bank Argentina,BANELCO,AV.SANTA FE 3117,Recoleta,Comuna 2,1,0-300 m,0,300,3603,282289.36414897913,0.28228936414897915,12763.498939685538,12763.498939685538,1.0
41136,HSBC Bank Argentina,BANELCO,AV.SANTA FE 3117,Recoleta,Comuna 2,2,300-600 m,300,600,6891,846868.092447653,0.8468680924476529,8137.040539670527,12763.498939685538,0.637524285317252
41136,HSBC Bank Argentina,BANELCO,AV.SANTA FE 3117,Recoleta,Comuna 2,3,600-900 m,600,900,8491,1411446.8207453075,1.4114468207453075,6015.812905736236,12763.498939685538,0.4713294476823493
41136,HSBC Bank Argentina,BANELCO,AV.SANTA FE 3117,Recoleta,Comuna 2,4,900-1200 m,900,1200,16574,1976025.5490442794,1.9760255490442793,8387.543373624976,12763.498939685538,0.6571507870420699
40509,Banco Supervielle,BANELCO,AV. SANTA FE 3164,Recoleta,Comuna 2,1,0-300 m,0,300,4280,282289.36414897913,0.28228936414897915,15161.747283334471,15161.747283334471,1.0
40509,Banco Supervielle,BANELCO,AV. SANTA FE 3164,Recoleta,Comuna 2,2,300-600 m,300,600,6220,846868.092447653,0.8468680924476529,7344.709353758624,15161.747283334471,0.4844236760120518
40509,Banco Supervielle,BANELCO,AV. SANTA FE 3164,Recoleta,Comuna 2,3,600-900 m,600,900,8537,1411446.8207453075,1.4114468207453075,6048.403577466758,15161.747283334471,0.39892523364474347
40509,Banco Supervielle,BANELCO,AV. SANTA FE 3164,Recoleta,Comuna 2,4,900-1200 m,900,1200,15669,1976025.5490442794,1.9760255490442793,7929.553343871712,15161.747283334471,0.5229973297726536
40131,Banco Santander Río,BANELCO,AV. SANTA FE 3228,Palermo,Comuna 14,1,0-300 m,0,300,4268,282289.36414897913,0.28228936414897915,15119.237711512038,15119.237711512038,1.0
40131,Banco Santander Río,BANELCO,AV. SANTA FE 3228,Palermo,Comuna 14,2,300-600 m,300,600,6253,846868.092447653,0.8468680924476529,7383.676461262488,15119.237711512038,0.4883630115584753
40131,Banco Santander Río,BANELCO,AV. SANTA FE 3228,Palermo,Comuna 14,3,600-900 m,600,900,9759,1411446.8207453075,1.4114468207453075,6914.181856916726,15119.237711512038,0.45731021555750484
40131,Banco Santander Río,BANELCO,AV. SANTA FE 3228,Palermo,Comuna 14,4,900-1200 m,900,1200,13088,1976025.5490442794,1.9760255490442793,6623.396142995275,15119.237711512038,0.43807738653067885
39868,Banco Itaú,BANELCO,AV. SANTA FE 3315,Palermo,Comuna 14,1,0-300 m,0,300,4122,282289.36414897913,0.28228936414897915,14602.037921005769,14602.037921005769,1.0
39868,Banco Itaú,BANELCO,AV. SANTA FE 3315,Palermo,Comuna 14,2,300-600 m,300,600,6329,846868.092447653,0.8468680924476529,7473.418890665327,14602.037921005769,0.5118065663912869
39868,Banco Itaú,BANELCO,AV. SANTA FE 3315,Palermo,Comuna 14,3,600-900 m,600,900,9249,1411446.8207453075,1.4114468207453075,6552.85049642615,14602.037921005769,0.4487627365355314
39868,Banco Itaú,BANELCO,AV. SANTA FE 3315,Palermo,Comuna 14,4,900-1200 m,900,1200,10937,1976025.5490442794,1.9760255490442793,5534.8474645430415,14602.037921005769,0.3790462327577498
41348,ICBC,BANELCO,Av. Santa Fe 3316,Palermo,Comuna 14,1,0-300 m,0,300,4205,282289.36414897913,0.28228936414897915,14896.062459444265,14896.062459444265,1.0
41348,ICBC,BANELCO,Av. Santa Fe 3316,Palermo,Comuna 14,2,300-600 m,300,600,6413,846868.092447653,0.8468680924476529,7572.607891584254,14896.062459444265,0.5083630598489561
41348,ICBC,BANELCO,Av. Santa Fe 3316,Palermo,Comuna 14,3,600-900 m,600,900,9351,1411446.8207453075,1.4114468207453075,6625.116768524265,14896.062459444265,0.4447562425682412
41348,ICBC,BANELCO,Av. Santa Fe 3316,Palermo,Comuna 14,4,900-1200 m,900,1200,10952,1976025.5490442794,1.9760255490442793,5542.438459511327,14896.062459444265,0.3720740614911534
41350,ICBC,BANELCO,AV. SANTA FE 3440,Palermo,Comuna 14,1,0-300 m,0,300,3205,282289.36414897913,0.28228936414897915,11353.598140908172,11353.598140908172,1.0
41350,ICBC,BANELCO,AV. SANTA FE 3440,Palermo,Comuna 14,2,300-600 m,300,600,7267,846868.092447653,0.8468680924476529,8581.029400926676,11353.598140908172,0.7557982319286387
41350,ICBC,BANELCO,AV. SANTA FE 3440,Palermo,Comuna 14,3,600-900 m,600,900,8525,1411446.8207453075,1.4114468207453075,6039.901663102274,11353.598140908172,0.5319812792510149
41350,ICBC,BANELCO,AV. SANTA FE 3440,Palermo,Comuna 14,4,900-1200 m,900,1200,12082,1976025.5490442794,1.9760255490442793,6114.293413788884,11353.598140908172,0.5385335413412653
40125,Banco Santander Río,BANELCO,AV. SANTA FE 3655,Palermo,Comuna 14,1,0-300 m,0,300,3203,282289.36414897913,0.28228936414897915,11346.5132122711,11346.5132122711,1.0
40125,Banco Santander Río,BANELCO,AV. SANTA FE 3655,Palermo,Comuna 14,2,300-600 m,300,600,5416,846868.092447653,0.8468680924476529,6395.328916391754,11346.5132122711,0.5636382558013763
40125,Banco Santander Río,BANELCO,AV. SANTA FE 3655,Palermo,Comuna 14,3,600-900 m,600,900,9814,1411446.8207453075,1.4114468207453075,6953.148964420612,11346.5132122711,0.6128004995315104
40125,Banco Santander Río,BANELCO,AV. SANTA FE 3655,Palermo,Comuna 14,4,900-1200 m,900,1200,11263,1976025.5490442794,1.9760255490442793,5699.82508852046,11346.5132122711,0.5023415547920198
40933,Banco Galicia,BANELCO,AV. SANTA FE 3701,Palermo,Comuna 14,1,0-300 m,0,300,3086,282289.36414897913,0.28228936414897915,10932.04488700238,10932.04488700238,1.0
40933,Banco Galicia,BANELCO,AV. SANTA FE 3701,Palermo,Comuna 14,2,300-600 m,300,600,4885,846868.092447653,0.8468680924476529,5768.312732011395,10932.04488700238,0.5276517606390011
40933,Banco Galicia,BANELCO,AV. SANTA FE 3701,Palermo,Comuna 14,3,600-900 m,600,900,10453,1411446.8207453075,1.4114468207453075,7405.875904329392,10932.04488700238,0.6774465327282534
40933,Banco Galicia,BANELCO,AV. SANTA FE 3701,Palermo,Comuna 14,4,900-1200 m,900,1200,10721,1976025.5490442794,1.9760255490442793,5425.53713699972,10932.04488700238,0.496296639199716
39995,Banco Patagonia,BANELCO,AV. SANTA FE 3725,Palermo,Comuna 14,1,0-300 m,0,300,2933,282289.36414897913,0.28228936414897915,10390.047846266356,10390.047846266356,1.0
39995,Banco Patagonia,BANELCO,AV. SANTA FE 3725,Palermo,Comuna 14,2,300-600 m,300,600,4997,846868.092447653,0.8468680924476529,5900.564733236632,10390.047846266356,0.5679054437999521
39995,Banco Patagonia,BANELCO,AV. SANTA FE 3725,Palermo,Comuna 14,3,600-900 m,600,900,10392,1411446.8207453075,1.4114468207453075,7362.657839643265,10390.047846266356,0.7086259802248189
39995,Banco Patagonia,BANELCO,AV. SANTA FE 3725,Palermo,Comuna 14,4,900-1200 m,900,1200,10674,1976025.5490442794,1.9760255490442793,5401.752019432424,10390.047846266356,0.5198967415124593
39743,Banco Comafi,BANELCO,AV.SANTA FE 4018,Palermo,Comuna 14,1,0-300 m,0,300,2546,282289.36414897913,0.28228936414897915,9019.114154992889,9019.114154992889,1.0
39743,Banco Comafi,BANELCO,AV.SANTA FE 4018,Palermo,Comuna 14,2,300-600 m,300,600,4121,846868.092447653,0.8468680924476529,4866.165152224967,9019.114154992889,0.5395391463729404
39743,Banco Comafi,BANELCO,AV.SANTA FE 4018,Palermo,Comuna 14,3,600-900 m,600,900,9232,1411446.8207453075,1.4114468207453075,6540.806117743131,9019.114154992889,0.7252160251372589
39743,Banco Comafi,BANELCO,AV.SANTA FE 4018,Palermo,Comuna 14,4,900-1200 m,900,1200,10024,1976025.5490442794,1.9760255490442793,5072.808904140024,9019.114154992889,0.562450903377442
40422,Banco Supervielle,BANELCO,AV. SANTA FE 4453,Palermo,Comuna 14,1,0-300 m,0,300,2553,282289.36414897913,0.28228936414897915,9043.911405222641,9043.911405222641,1.0
40422,Banco Supervielle,BANELCO,AV. SANTA FE 4453,Palermo,Comuna 14,2,300-600 m,300,600,4880,846868.092447653,0.8468680924476529,5762.40862481384,9043.911405222641,0.6371588980279249
40422,Banco Supervielle,BANELCO,AV. SANTA FE 4453,Palermo,Comuna 14,3,600-900 m,600,900,4631,1411446.8207453075,1.4114468207453075,3281.030451827171,9043.911405222641,0.3627888758322483
40422,Banco Supervielle,BANELCO,AV. SANTA FE 4453,Palermo,Comuna 14,4,900-1200 m,900,1200,8545,1976025.5490442794,1.9760255490442793,4324.3368002670095,9043.911405222641,0.4781489564094811
40269,Banco Santander Río,BANELCO,AV. SANTA FE 4846,Palermo,Comuna 14,1,0-300 m,0,300,1958,282289.36414897913,0.28228936414897915,6936.145135693667,6936.145135693667,1.0
40269,Banco Santander Río,BANELCO,AV. SANTA FE 4846,Palermo,Comuna 14,2,300-600 m,300,600,4565,846868.092447653,0.8468680924476529,5390.449871367865,6936.145135693667,0.7771535580517779
40269,Banco Santander Río,BANELCO,AV. SANTA FE 4846,Palermo,Comuna 14,3,600-900 m,600,900,5571,1411446.8207453075,1.4114468207453075,3947.013743711762,6936.145135693667,0.5690500510723571
40269,Banco Santander Río,BANELCO,AV. SANTA FE 4846,Palermo,Comuna 14,4,900-1200 m,900,1200,7345,1976025.5490442794,1.9760255490442793,3717.057202804118,6936.145135693667,0.5358966875816944
40656,BBVA Banco Francés,BANELCO,AV. SANTA FE 5000,Palermo,Comuna 14,1,0-300 m,0,300,1385,282289.36414897913,0.28228936414897915,4906.313081172487,4906.313081172487,1.0
40656,BBVA Banco Francés,BANELCO,AV. SANTA FE 5000,Palermo,Comuna 14,2,300-600 m,300,600,4430,846868.092447653,0.8468680924476529,5231.038977033875,4906.313081172487,1.0661853188919992
40656,BBVA Banco Francés,BANELCO,AV. SANTA FE 5000,Palermo,Comuna 14,3,600-900 m,600,900,5575,1411446.8207453075,1.4114468207453075,3949.8477151665898,4906.313081172487,0.8050541516243138
40656,BBVA Banco Francés,BANELCO,AV. SANTA FE 5000,Palermo,Comuna 14,4,900-1200 m,900,1200,8160,1976025.5490442794,1.9760255490442793,4129.501262747665,4906.313081172487,0.8416709644140397
39830,Banco Itaú,BANELCO,AV. SANTA FE 831,Retiro,Comuna 1,1,0-300 m,0,300,2363,282289.36414897913,0.28228936414897915,8370.843184700785,8370.843184700785,1.0
39830,Banco Itaú,BANELCO,AV. SANTA FE 831,Retiro,Comuna 1,2,300-600 m,300,600,6158,846868.092447653,0.8468680924476529,7271.498424508941,8370.843184700785,0.868669770065566
39830,Banco Itaú,BANELCO,AV. SANTA FE 831,Retiro,Comuna 1,3,600-900 m,600,900,9596,1411446.8207453075,1.4114468207453075,6798.697520132484,8370.843184700785,0.8121878967411934
39830,Banco Itaú,BANELCO,AV. SANTA FE 831,Retiro,Comuna 1,4,900-1200 m,900,1200,15367,1976025.5490442794,1.9760255490442793,7776.72131184355,8370.843184700785,0.9290248473483413
40378,Banco Santander Río,BANELCO,AV. SANTA FE 880,Retiro,Comuna 1,1,0-300 m,0,300,2467,282289.36414897913,0.28228936414897915,8739.259473828537,8739.259473828537,1.0
40378,Banco Santander Río,BANELCO,AV. SANTA FE 880,Retiro,Comuna 1,2,300-600 m,300,600,6302,846868.092447653,0.8468680924476529,7441.536711798529,8739.259473828537,0.8515065531677714
40378,Banco Santander Río,BANELCO,AV. SANTA FE 880,Retiro,Comuna 1,3,600-900 m,600,900,10329,1411446.8207453075,1.4114468207453075,7318.0227892297235,8739.259473828537,0.8373733279284141
40378,Banco Santander Río,BANELCO,AV. SANTA FE 880,Retiro,Comuna 1,4,900-1200 m,900,1200,18398,1976025.5490442794,1.9760255490442793,9310.608361768573,8739.259473828537,1.0653772656197078
40608,BBVA Banco Francés,BANELCO,AV. SANTA FE 954,Retiro,Comuna 1,1,0-300 m,0,300,2475,282289.36414897913,0.28228936414897915,8767.599188376826,8767.599188376826,1.0
40608,BBVA Banco Francés,BANELCO,AV. SANTA FE 954,Retiro,Comuna 1,2,300-600 m,300,600,5502,846868.092447653,0.8468680924476529,6496.879560189703,8767.599188376826,0.7410101010094751
40608,BBVA Banco Francés,BANELCO,AV. SANTA FE 954,Retiro,Comuna 1,3,600-900 m,600,900,10953,1411446.8207453075,1.4114468207453075,7760.122336182898,8767.599188376826,0.8850909090906509
40608,BBVA Banco Francés,BANELCO,AV. SANTA FE 954,Retiro,Comuna 1,4,900-1200 m,900,1200,18563,1976025.5490442794,1.9760255490442793,9394.10930641972,8767.599188376826,1.0714574314566587
41320,ICBC,BANELCO,AV. SANTA FE 964,Retiro,Comuna 1,1,0-300 m,0,300,2408,282289.36414897913,0.28228936414897915,8530.254079034909,8530.254079034909,1.0
41320,ICBC,BANELCO,AV. SANTA FE 964,Retiro,Comuna 1,2,300-600 m,300,600,5543,846868.092447653,0.8468680924476529,6545.293239209655,8530.254079034909,0.7673034330004592
41320,ICBC,BANELCO,AV. SANTA FE 964,Retiro,Comuna 1,3,600-900 m,600,900,10839,1411446.8207453075,1.4114468207453075,7679.354149720299,8530.254079034909,0.9002491694349533
41320,ICBC,BANELCO,AV. SANTA FE 964,Retiro,Comuna 1,4,900-1200 m,900,1200,18736,1976025.5490442794,1.9760255490442793,9481.65878172062,8530.254079034909,1.1115329852863365
40904,Banco Galicia,BANELCO,AV.SANTA FE 975,Retiro,Comuna 1,1,0-300 m,0,300,2341,282289.36414897913,0.28228936414897915,8292.90896969299,8292.90896969299,1.0
40904,Banco Galicia,BANELCO,AV.SANTA FE 975,Retiro,Comuna 1,2,300-600 m,300,600,5421,846868.092447653,0.8468680924476529,6401.23302358931,8292.90896969299,0.77189235369435
40904,Banco Galicia,BANELCO,AV.SANTA FE 975,Retiro,Comuna 1,3,600-900 m,600,900,10105,1411446.8207453075,1.4114468207453075,7159.320387759352,8292.90896969299,0.8633062793675398
40904,Banco Galicia,BANELCO,AV.SANTA FE 975,Retiro,Comuna 1,4,900-1200 m,900,1200,17616,1976025.5490442794,1.9760255490442793,8914.864490755253,8292.90896969299,1.0749984743996641
39969,Banco Macro,BANELCO,AV. SCALABRINI ORTIZ 1729,Palermo,Comuna 14,1,0-300 m,0,300,1907,282289.36414897913,0.28228936414897915,6755.479455448327,6755.479455448327,1.0
39969,Banco Macro,BANELCO,AV. SCALABRINI ORTIZ 1729,Palermo,Comuna 14,2,300-600 m,300,600,5479,846868.092447653,0.8468680924476529,6469.720667080949,6755.479455448327,0.957699702848343
39969,Banco Macro,BANELCO,AV. SCALABRINI ORTIZ 1729,Palermo,Comuna 14,3,600-900 m,600,900,9345,1411446.8207453075,1.4114468207453075,6620.865811342023,6755.479455448327,0.9800734137385708
39969,Banco Macro,BANELCO,AV. SCALABRINI ORTIZ 1729,Palermo,Comuna 14,4,900-1200 m,900,1200,14835,1976025.5490442794,1.9760255490442793,7507.494023635002,6755.479455448327,1.1113191999392689
40533,BBVA Banco Francés,BANELCO,AV. SCALABRINI ORTIZ 2486,Palermo,Comuna 14,1,0-300 m,0,300,2879,282289.36414897913,0.28228936414897915,10198.754773065408,10198.754773065408,1.0
40533,BBVA Banco Francés,BANELCO,AV. SCALABRINI ORTIZ 2486,Palermo,Comuna 14,2,300-600 m,300,600,5329,846868.092447653,0.8468680924476529,6292.5974511542945,10198.754773065408,0.6169966423521475
40533,BBVA Banco Francés,BANELCO,AV. SCALABRINI ORTIZ 2486,Palermo,Comuna 14,3,600-900 m,600,900,10201,1411446.8207453075,1.4114468207453075,7227.335702675226,10198.754773065408,0.7086488364013216
40533,BBVA Banco Francés,BANELCO,AV. SCALABRINI ORTIZ 2486,Palermo,Comuna 14,4,900-1200 m,900,1200,10758,1976025.5490442794,1.9760255490442793,5444.261591254826,10198.754773065408,0.5338163052643398
40500,Banco Supervielle,BANELCO,AV.SCALABRINI ORTIZ 249,Villa Crespo,Comuna 15,1,0-300 m,0,300,2632,282289.36414897913,0.28228936414897915,9323.766086386993,9323.766086386993,1.0
40500,Banco Supervielle,BANELCO,AV.SCALABRINI ORTIZ 249,Villa Crespo,Comuna 15,2,300-600 m,300,600,4270,846868.092447653,0.8468680924476529,5042.10754671211,9323.766086386993,0.5407801418435146
40500,Banco Supervielle,BANELCO,AV.SCALABRINI ORTIZ 249,Villa Crespo,Comuna 15,3,600-900 m,600,900,6627,1411446.8207453075,1.4114468207453075,4695.182207786366,9323.766086386993,0.5035714285712817
40500,Banco Supervielle,BANELCO,AV.SCALABRINI ORTIZ 249,Villa Crespo,Comuna 15,4,900-1200 m,900,1200,9979,1976025.5490442794,1.9760255490442793,5050.035919235166,9323.766086386993,0.5416304819796354
40111,Banco Santander Río,BANELCO,AV. TRIUNVIRATO 3633,Villa Ortuzar,Comuna 15,1,0-300 m,0,300,1025,282289.36414897913,0.28228936414897915,3631.025926499494,3631.025926499494,1.0
40111,Banco Santander Río,BANELCO,AV. TRIUNVIRATO 3633,Villa Ortuzar,Comuna 15,2,300-600 m,300,600,1704,846868.092447653,0.8468680924476529,2012.1197329268,3631.025926499494,0.5541463414629465
40111,Banco Santander Río,BANELCO,AV. TRIUNVIRATO 3633,Villa Ortuzar,Comuna 15,3,600-900 m,600,900,2984,1411446.8207453075,1.4114468207453075,2114.142705301723,3631.025926499494,0.5822439024388546
40111,Banco Santander Río,BANELCO,AV. TRIUNVIRATO 3633,Villa Ortuzar,Comuna 15,4,900-1200 m,900,1200,3208,1976025.5490442794,1.9760255490442793,1623.4607905507978,3631.025926499494,0.44710801393695976
40073,Banco Patagonia,BANELCO,AV. TRIUNVIRATO 3897,Villa Ortuzar,Comuna 15,1,0-300 m,0,300,910,282289.36414897913,0.28228936414897915,3223.642529867843,3223.642529867843,1.0
40073,Banco Patagonia,BANELCO,AV. TRIUNVIRATO 3897,Villa Ortuzar,Comuna 15,2,300-600 m,300,600,2030,846868.092447653,0.8468680924476529,2397.067522207397,3223.642529867843,0.7435897435891154
40073,Banco Patagonia,BANELCO,AV. TRIUNVIRATO 3897,Villa Ortuzar,Comuna 15,3,600-900 m,600,900,2942,1411446.8207453075,1.4114468207453075,2084.386005026028,3223.642529867843,0.646593406593218
40073,Banco Patagonia,BANELCO,AV. TRIUNVIRATO 3897,Villa Ortuzar,Comuna 15,4,900-1200 m,900,1200,4256,1976025.5490442794,1.9760255490442793,2153.81830566839,3223.642529867843,0.6681318681313863
40614,BBVA Banco Francés,BANELCO,AV.TRIUNVIRATO 4274,Villa Urquiza,Comuna 12,1,0-300 m,0,300,950,282289.36414897913,0.28228936414897915,3365.3411026092867,3365.3411026092867,1.0
40614,BBVA Banco Francés,BANELCO,AV.TRIUNVIRATO 4274,Villa Urquiza,Comuna 12,2,300-600 m,300,600,2331,846868.092447653,0.8468680924476529,2752.4947755002177,3365.3411026092867,0.8178947368414143
40614,BBVA Banco Francés,BANELCO,AV.TRIUNVIRATO 4274,Villa Urquiza,Comuna 12,3,600-900 m,600,900,4584,1411446.8207453075,1.4114468207453075,3247.731287232941,3365.3411026092867,0.9650526315786658
40614,BBVA Banco Francés,BANELCO,AV.TRIUNVIRATO 4274,Villa Urquiza,Comuna 12,4,900-1200 m,900,1200,4759,1976025.5490442794,1.9760255490442793,2408.3696702715856,3365.3411026092867,0.7156390977438447
40505,Banco Supervielle,BANELCO,AV. TRIUNVIRATO 4302,Villa Urquiza,Comuna 12,1,0-300 m,0,300,938,282289.36414897913,0.28228936414897915,3322.831530786854,3322.831530786854,1.0
40505,Banco Supervielle,BANELCO,AV. TRIUNVIRATO 4302,Villa Urquiza,Comuna 12,2,300-600 m,300,600,2628,846868.092447653,0.8468680924476529,3103.1987430349945,3322.831530786854,0.9339019189757569
40505,Banco Supervielle,BANELCO,AV. TRIUNVIRATO 4302,Villa Urquiza,Comuna 12,3,600-900 m,600,900,4130,1411446.8207453075,1.4114468207453075,2926.075527109958,3322.831530786854,0.8805970149251162
40505,Banco Supervielle,BANELCO,AV. TRIUNVIRATO 4302,Villa Urquiza,Comuna 12,4,900-1200 m,900,1200,5062,1976025.5490442794,1.9760255490442793,2561.707768630966,3322.831530786854,0.7709412123052618
39808,Banco Itaú,BANELCO,AV. TRIUNVIRATO 4410,Villa Urquiza,Comuna 12,1,0-300 m,0,300,1143,282289.36414897913,0.28228936414897915,4049.0367160867527,4049.0367160867527,1.0
39808,Banco Itaú,BANELCO,AV. TRIUNVIRATO 4410,Villa Urquiza,Comuna 12,2,300-600 m,300,600,3396,846868.092447653,0.8468680924476529,4010.0696085794675,4049.0367160867527,0.9903762029737914
39808,Banco Itaú,BANELCO,AV. TRIUNVIRATO 4410,Villa Urquiza,Comuna 12,3,600-900 m,600,900,3653,1411446.8207453075,1.4114468207453075,2588.1244311217133,4049.0367160867527,0.6391951006122369
39808,Banco Itaú,BANELCO,AV. TRIUNVIRATO 4410,Villa Urquiza,Comuna 12,4,900-1200 m,900,1200,4849,1976025.5490442794,1.9760255490442793,2453.9156400813026,4049.0367160867527,0.6060492438440823
39812,Banco Itaú,BANELCO,AV. TRIUNVIRATO 4410,Villa Urquiza,Comuna 12,1,0-300 m,0,300,1143,282289.36414897913,0.28228936414897915,4049.0367160867527,4049.0367160867527,1.0
39812,Banco Itaú,BANELCO,AV. TRIUNVIRATO 4410,Villa Urquiza,Comuna 12,2,300-600 m,300,600,3396,846868.092447653,0.8468680924476529,4010.0696085794675,4049.0367160867527,0.9903762029737914
39812,Banco Itaú,BANELCO,AV. TRIUNVIRATO 4410,Villa Urquiza,Comuna 12,3,600-900 m,600,900,3653,1411446.8207453075,1.4114468207453075,2588.1244311217133,4049.0367160867527,0.6391951006122369
39812,Banco Itaú,BANELCO,AV. TRIUNVIRATO 4410,Villa Urquiza,Comuna 12,4,900-1200 m,900,1200,4849,1976025.5490442794,1.9760255490442793,2453.9156400813026,4049.0367160867527,0.6060492438440823
40836,Banco Galicia,BANELCO,AV.TRIUNVIRATO 4458,Villa Urquiza,Comuna 12,1,0-300 m,0,300,1214,282289.36414897913,0.28228936414897915,4300.551682702815,4300.551682702815,1.0
40836,Banco Galicia,BANELCO,AV.TRIUNVIRATO 4458,Villa Urquiza,Comuna 12,2,300-600 m,300,600,3455,846868.092447653,0.8468680924476529,4079.7380735106185,4300.551682702815,0.9486545853918399
40836,Banco Galicia,BANELCO,AV.TRIUNVIRATO 4458,Villa Urquiza,Comuna 12,3,600-900 m,600,900,3714,1411446.8207453075,1.4114468207453075,2631.3424958078413,4300.551682702815,0.6118616144973503
40836,Banco Galicia,BANELCO,AV.TRIUNVIRATO 4458,Villa Urquiza,Comuna 12,4,900-1200 m,900,1200,4481,1976025.5490442794,1.9760255490442793,2267.6832301926825,4300.551682702815,0.5273005413034559
41264,ICBC,BANELCO,AV. TRIUNVIRATO 4599,Villa Urquiza,Comuna 12,1,0-300 m,0,300,2082,282289.36414897913,0.28228936414897915,7375.410711192142,7375.410711192142,1.0
41264,ICBC,BANELCO,AV. TRIUNVIRATO 4599,Villa Urquiza,Comuna 12,2,300-600 m,300,600,2876,846868.092447653,0.8468680924476529,3396.0424600337305,7375.410711192142,0.46045469100185243
41264,ICBC,BANELCO,AV. TRIUNVIRATO 4599,Villa Urquiza,Comuna 12,3,600-900 m,600,900,3762,1411446.8207453075,1.4114468207453075,2665.350153265778,7375.410711192142,0.36138328530248826
41264,ICBC,BANELCO,AV. TRIUNVIRATO 4599,Villa Urquiza,Comuna 12,4,900-1200 m,900,1200,4479,1976025.5490442794,1.9760255490442793,2266.6710975302444,7375.410711192142,0.30732811856709
41099,HSBC Bank Argentina,BANELCO,AV. TRIUNVIRATO 4601,Villa Urquiza,Comuna 12,1,0-300 m,0,300,2082,282289.36414897913,0.28228936414897915,7375.410711192142,7375.410711192142,1.0
41099,HSBC Bank Argentina,BANELCO,AV. TRIUNVIRATO 4601,Villa Urquiza,Comuna 12,2,300-600 m,300,600,2876,846868.092447653,0.8468680924476529,3396.0424600337305,7375.410711192142,0.46045469100185243
41099,HSBC Bank Argentina,BANELCO,AV. TRIUNVIRATO 4601,Villa Urquiza,Comuna 12,3,600-900 m,600,900,3762,1411446.8207453075,1.4114468207453075,2665.350153265778,7375.410711192142,0.36138328530248826
41099,HSBC Bank Argentina,BANELCO,AV. TRIUNVIRATO 4601,Villa Urquiza,Comuna 12,4,900-1200 m,900,1200,4479,1976025.5490442794,1.9760255490442793,2266.6710975302444,7375.410711192142,0.30732811856709
40193,Banco Santander Río,BANELCO,AV. TRIUNVIRATO 4648,Villa Urquiza,Comuna 12,1,0-300 m,0,300,2063,282289.36414897913,0.28228936414897915,7308.103889139957,7308.103889139957,1.0
40193,Banco Santander Río,BANELCO,AV. TRIUNVIRATO 4648,Villa Urquiza,Comuna 12,2,300-600 m,300,600,2758,846868.092447653,0.8468680924476529,3256.7055301714286,7308.103889139957,0.44562934238126833
40193,Banco Santander Río,BANELCO,AV. TRIUNVIRATO 4648,Villa Urquiza,Comuna 12,3,600-900 m,600,900,3913,1411446.8207453075,1.4114468207453075,2772.3325756855365,7308.103889139957,0.3793504604943149
40193,Banco Santander Río,BANELCO,AV. TRIUNVIRATO 4648,Villa Urquiza,Comuna 12,4,900-1200 m,900,1200,4581,1976025.5490442794,1.9760255490442793,2318.28986331459,7308.103889139957,0.3172217990441587
40583,BBVA Banco Francés,BANELCO,AV.TRIUNVIRATO 5201,Villa Urquiza,Comuna 12,1,0-300 m,0,300,918,282289.36414897913,0.28228936414897915,3251.982244416132,3251.982244416132,1.0
40583,BBVA Banco Francés,BANELCO,AV.TRIUNVIRATO 5201,Villa Urquiza,Comuna 12,2,300-600 m,300,600,2636,846868.092447653,0.8468680924476529,3112.6453145510827,3251.982244416132,0.957153231662227
40583,BBVA Banco Francés,BANELCO,AV.TRIUNVIRATO 5201,Villa Urquiza,Comuna 12,3,600-900 m,600,900,4032,1411446.8207453075,1.4114468207453075,2856.643226466671,3251.982244416132,0.8784313725487635
40583,BBVA Banco Francés,BANELCO,AV.TRIUNVIRATO 5201,Villa Urquiza,Comuna 12,4,900-1200 m,900,1200,4850,1976025.5490442794,1.9760255490442793,2454.421706412522,3251.982244416132,0.7547463429810928
40972,Banco Galicia,BANELCO,AV. VELEZ SARFIELD 1847,Barracas,Comuna 4,1,0-300 m,0,300,389,282289.36414897913,0.28228936414897915,1378.0186199105397,1378.0186199105397,1.0
40972,Banco Galicia,BANELCO,AV. VELEZ SARFIELD 1847,Barracas,Comuna 4,2,300-600 m,300,600,672,846868.092447653,0.8468680924476529,793.5120073514141,1378.0186199105397,0.5758354755779197
40972,Banco Galicia,BANELCO,AV. VELEZ SARFIELD 1847,Barracas,Comuna 4,3,600-900 m,600,900,1640,1411446.8207453075,1.4114468207453075,1161.928296479499,1378.0186199105397,0.8431876606681344
40972,Banco Galicia,BANELCO,AV. VELEZ SARFIELD 1847,Barracas,Comuna 4,4,900-1200 m,900,1200,4733,1976025.5490442794,1.9760255490442793,2395.21194565989,1378.0186199105397,1.7381564450960654
40061,Banco Patagonia,BANELCO,AZARA 841,Barracas,Comuna 4,1,0-300 m,0,300,1078,282289.36414897913,0.28228936414897915,3818.776535381907,3818.776535381907,1.0
40061,Banco Patagonia,BANELCO,AZARA 841,Barracas,Comuna 4,2,300-600 m,300,600,4045,846868.092447653,0.8468680924476529,4776.422722822128,3818.776535381907,1.2507730364862655
40061,Banco Patagonia,BANELCO,AZARA 841,Barracas,Comuna 4,3,600-900 m,600,900,5124,1411446.8207453075,1.4114468207453075,3630.3174336347274,3818.776535381907,0.9506493506490733
40061,Banco Patagonia,BANELCO,AZARA 841,Barracas,Comuna 4,4,900-1200 m,900,1200,6380,1976025.5490442794,1.9760255490442793,3228.7031931777087,3818.776535381907,0.8454810495620723
40816,Banco Galicia,BANELCO,AZARA Y MAGALLANES,Barracas,Comuna 4,1,0-300 m,0,300,854,282289.36414897913,0.28228936414897915,3025.264528029822,3025.264528029822,1.0
40816,Banco Galicia,BANELCO,AZARA Y MAGALLANES,Barracas,Comuna 4,2,300-600 m,300,600,3481,846868.092447653,0.8468680924476529,4110.439430937906,3025.264528029822,1.3587041373915143
40816,Banco Galicia,BANELCO,AZARA Y MAGALLANES,Barracas,Comuna 4,3,600-900 m,600,900,5695,1411446.8207453075,1.4114468207453075,4034.866858811431,3025.264528029822,1.3337236533953956
40816,Banco Galicia,BANELCO,AZARA Y MAGALLANES,Barracas,Comuna 4,4,900-1200 m,900,1200,5582,1976025.5490442794,1.9760255490442793,2824.8622608648857,3025.264528029822,0.933757109400464
41209,HSBC Bank Argentina,BANELCO,AZARA Y OLAVARRIA,Barracas,Comuna 4,1,0-300 m,0,300,1159,282289.36414897913,0.28228936414897915,4105.71614518333,4105.71614518333,1.0
41209,HSBC Bank Argentina,BANELCO,AZARA Y OLAVARRIA,Barracas,Comuna 4,2,300-600 m,300,600,3906,846868.092447653,0.8468680924476529,4612.288542730094,4105.71614518333,1.1233822260559965
41209,HSBC Bank Argentina,BANELCO,AZARA Y OLAVARRIA,Barracas,Comuna 4,3,600-900 m,600,900,5189,1411446.8207453075,1.4114468207453075,3676.3694697756832,4105.71614518333,0.8954270923207052
41209,HSBC Bank Argentina,BANELCO,AZARA Y OLAVARRIA,Barracas,Comuna 4,4,900-1200 m,900,1200,6350,1976025.5490442794,1.9760255490442793,3213.5212032411364,4105.71614518333,0.7826944410200197
41236,ICBC,BANELCO,AZCUENAGA Y SANTA FE AV.,Recoleta,Comuna 2,1,0-300 m,0,300,2735,282289.36414897913,0.28228936414897915,9688.639911196211,9688.639911196211,1.0
41236,ICBC,BANELCO,AZCUENAGA Y SANTA FE AV.,Recoleta,Comuna 2,2,300-600 m,300,600,8305,846868.092447653,0.8468680924476529,9806.722055139127,9688.639911196211,1.0121876904318077
41236,ICBC,BANELCO,AZCUENAGA Y SANTA FE AV.,Recoleta,Comuna 2,3,600-900 m,600,900,11997,1411446.8207453075,1.4114468207453075,8499.788885893018,9688.639911196211,0.8772943327236928
41236,ICBC,BANELCO,AZCUENAGA Y SANTA FE AV.,Recoleta,Comuna 2,4,900-1200 m,900,1200,15487,1976025.5490442794,1.9760255490442793,7837.44927158984,9688.639911196211,0.8089318359879252
41143,HSBC Bank Argentina,BANELCO,AZCUENAGA Y SANTA FE AV.,Recoleta,Comuna 2,1,0-300 m,0,300,3010,282289.36414897913,0.28228936414897915,10662.817598793636,10662.817598793636,1.0
41143,HSBC Bank Argentina,BANELCO,AZCUENAGA Y SANTA FE AV.,Recoleta,Comuna 2,2,300-600 m,300,600,7831,846868.092447653,0.8468680924476529,9247.012692810898,10662.817598793636,0.8672203765219694
41143,HSBC Bank Argentina,BANELCO,AZCUENAGA Y SANTA FE AV.,Recoleta,Comuna 2,3,600-900 m,600,900,12188,1411446.8207453075,1.4114468207453075,8635.111022861058,10662.817598793636,0.8098338870429531
41143,HSBC Bank Argentina,BANELCO,AZCUENAGA Y SANTA FE AV.,Recoleta,Comuna 2,4,900-1200 m,900,1200,15572,1976025.5490442794,1.9760255490442793,7880.464909743461,10662.817598793636,0.7390602752723667
40334,Banco Santander Río,BANELCO,AZOPARDO Y CHILE AV.,San Telmo,Comuna 1,1,0-300 m,0,300,837,282289.36414897913,0.28228936414897915,2965.0426346147087,2965.0426346147087,1.0
40334,Banco Santander Río,BANELCO,AZOPARDO Y CHILE AV.,San Telmo,Comuna 1,2,300-600 m,300,600,3672,846868.092447653,0.8468680924476529,4335.976325884512,2965.0426346147087,1.4623655913966138
40334,Banco Santander Río,BANELCO,AZOPARDO Y CHILE AV.,San Telmo,Comuna 1,3,600-900 m,600,900,6683,1411446.8207453075,1.4114468207453075,4734.857808153959,2965.0426346147087,1.596893667860944
40334,Banco Santander Río,BANELCO,AZOPARDO Y CHILE AV.,San Telmo,Comuna 1,4,900-1200 m,900,1200,7778,1976025.5490442794,1.9760255490442793,3936.183924221978,2965.0426346147087,1.327530295271273
41256,ICBC,BANELCO,AZOPARDO Y INDEPENDENCIA AV.,San Telmo,Comuna 1,1,0-300 m,0,300,1546,282289.36414897913,0.28228936414897915,5476.649836456798,5476.649836456798,1.0
41256,ICBC,BANELCO,AZOPARDO Y INDEPENDENCIA AV.,San Telmo,Comuna 1,2,300-600 m,300,600,3832,846868.092447653,0.8468680924476529,4524.907756206278,5476.649836456798,0.8262181974982238
41256,ICBC,BANELCO,AZOPARDO Y INDEPENDENCIA AV.,San Telmo,Comuna 1,3,600-900 m,600,900,7079,1411446.8207453075,1.4114468207453075,5015.420982181935,5476.649836456798,0.9157826649415179
41256,ICBC,BANELCO,AZOPARDO Y INDEPENDENCIA AV.,San Telmo,Comuna 1,4,900-1200 m,900,1200,7905,1976025.5490442794,1.9760255490442793,4000.4543482868007,5476.649836456798,0.7304564775452133
39922,Banco Macro,BANELCO,AZURDUY JUANA Y CABILDO AV.,Nuñez,Comuna 13,1,0-300 m,0,300,1605,282289.36414897913,0.28228936414897915,5685.655231250427,5685.655231250427,1.0
39922,Banco Macro,BANELCO,AZURDUY JUANA Y CABILDO AV.,Nuñez,Comuna 13,2,300-600 m,300,600,3282,846868.092447653,0.8468680924476529,3875.45596447521,5685.655231250427,0.6816199376941281
39922,Banco Macro,BANELCO,AZURDUY JUANA Y CABILDO AV.,Nuñez,Comuna 13,3,600-900 m,600,900,5116,1411446.8207453075,1.4114468207453075,3624.6494907250717,5685.655231250427,0.6375077881618078
39922,Banco Macro,BANELCO,AZURDUY JUANA Y CABILDO AV.,Nuñez,Comuna 13,4,900-1200 m,900,1200,6026,1976025.5490442794,1.9760255490442793,3049.5557119261557,5685.655231250427,0.5363595905648111
39774,Banco Comafi,BANELCO,BAIGORRIA Y SAN MARTIN AV.,Villa Del Parque,Comuna 11,1,0-300 m,0,300,588,282289.36414897913,0.28228936414897915,2082.9690192992216,2082.9690192992216,1.0
39774,Banco Comafi,BANELCO,BAIGORRIA Y SAN MARTIN AV.,Villa Del Parque,Comuna 11,2,300-600 m,300,600,1178,846868.092447653,0.8468680924476529,1391.0076557439968,2082.9690192992216,0.6678004535141752
39774,Banco Comafi,BANELCO,BAIGORRIA Y SAN MARTIN AV.,Villa Del Parque,Comuna 11,3,600-900 m,600,900,1802,1411446.8207453075,1.4114468207453075,1276.704140400035,2082.9690192992216,0.6129251700678484
39774,Banco Comafi,BANELCO,BAIGORRIA Y SAN MARTIN AV.,Villa Del Parque,Comuna 11,4,900-1200 m,900,1200,3074,1976025.5490442794,1.9760255490442793,1555.6479021674415,2082.9690192992216,0.7468415937798307
40828,Banco Galicia,BANELCO,BAIGORRIA Y SAN MARTIN AV.,Villa Del Parque,Comuna 11,1,0-300 m,0,300,588,282289.36414897913,0.28228936414897915,2082.9690192992216,2082.9690192992216,1.0
40828,Banco Galicia,BANELCO,BAIGORRIA Y SAN MARTIN AV.,Villa Del Parque,Comuna 11,2,300-600 m,300,600,1178,846868.092447653,0.8468680924476529,1391.0076557439968,2082.9690192992216,0.6678004535141752
40828,Banco Galicia,BANELCO,BAIGORRIA Y SAN MARTIN AV.,Villa Del Parque,Comuna 11,3,600-900 m,600,900,1802,1411446.8207453075,1.4114468207453075,1276.704140400035,2082.9690192992216,0.6129251700678484
40828,Banco Galicia,BANELCO,BAIGORRIA Y SAN MARTIN AV.,Villa Del Parque,Comuna 11,4,900-1200 m,900,1200,3074,1976025.5490442794,1.9760255490442793,1555.6479021674415,2082.9690192992216,0.7468415937798307
40564,BBVA Banco Francés,BANELCO,BALBASTRO Y LA PLATA AV.,Parque Chacabuco,Comuna 7,1,0-300 m,0,300,772,282289.36414897913,0.28228936414897915,2734.782453909863,2734.782453909863,1.0
40564,BBVA Banco Francés,BANELCO,BALBASTRO Y LA PLATA AV.,Parque Chacabuco,Comuna 7,2,300-600 m,300,600,2446,846868.092447653,0.8468680924476529,2888.2892410439863,2734.782453909863,1.0561312607935809
40564,BBVA Banco Francés,BANELCO,BALBASTRO Y LA PLATA AV.,Parque Chacabuco,Comuna 7,3,600-900 m,600,900,4466,1411446.8207453075,1.4114468207453075,3164.129129315514,2734.782453909863,1.1569948186525123
40564,BBVA Banco Francés,BANELCO,BALBASTRO Y LA PLATA AV.,Parque Chacabuco,Comuna 7,4,900-1200 m,900,1200,7020,1976025.5490442794,1.9760255490442793,3552.585645157918,2734.782453909863,1.2990377498140149
40894,Banco Galicia,BANELCO,BALBASTRO Y LA PLATA AV.,Boedo,Comuna 5,1,0-300 m,0,300,827,282289.36414897913,0.28228936414897915,2929.6179914293475,2929.6179914293475,1.0
40894,Banco Galicia,BANELCO,BALBASTRO Y LA PLATA AV.,Boedo,Comuna 5,2,300-600 m,300,600,2396,846868.092447653,0.8468680924476529,2829.248169068435,2929.6179914293475,0.9657396211197001
40894,Banco Galicia,BANELCO,BALBASTRO Y LA PLATA AV.,Boedo,Comuna 5,3,600-900 m,600,900,4522,1411446.8207453075,1.4114468207453075,3203.8047296831064,2929.6179914293475,1.0935912938328127
40894,Banco Galicia,BANELCO,BALBASTRO Y LA PLATA AV.,Boedo,Comuna 5,4,900-1200 m,900,1200,7459,1976025.5490442794,1.9760255490442793,3774.7487645630927,2929.6179914293475,1.288478148211197
39833,Banco Itaú,BANELCO,"BALBIN, RICARDO, DR. AV. Y GARCIA DEL RIO",Saavedra,Comuna 12,1,0-300 m,0,300,747,282289.36414897913,0.28228936414897915,2646.2208459464605,2646.2208459464605,1.0
39833,Banco Itaú,BANELCO,"BALBIN, RICARDO, DR. AV. Y GARCIA DEL RIO",Saavedra,Comuna 12,2,300-600 m,300,600,1960,846868.092447653,0.8468680924476529,2314.4100214416244,2646.2208459464605,0.8746095493076055
39833,Banco Itaú,BANELCO,"BALBIN, RICARDO, DR. AV. Y GARCIA DEL RIO",Saavedra,Comuna 12,3,600-900 m,600,900,2765,1411446.8207453075,1.4114468207453075,1958.982768149887,2646.2208459464605,0.7402945113786327
39833,Banco Itaú,BANELCO,"BALBIN, RICARDO, DR. AV. Y GARCIA DEL RIO",Saavedra,Comuna 12,4,900-1200 m,900,1200,3153,1976025.5490442794,1.9760255490442793,1595.6271423337487,2646.2208459464605,0.6029833620190717
41044,CitiBank,BANELCO,"BALCARCE, FLORENCIO Y RIVADAVIA AV.",Caballito,Comuna 6,1,0-300 m,0,300,2141,282289.36414897913,0.28228936414897915,7584.4161059857715,7584.4161059857715,1.0
41044,CitiBank,BANELCO,"BALCARCE, FLORENCIO Y RIVADAVIA AV.",Caballito,Comuna 6,2,300-600 m,300,600,4888,846868.092447653,0.8468680924476529,5771.855196329929,7584.4161059857715,0.7610151019766263
41044,CitiBank,BANELCO,"BALCARCE, FLORENCIO Y RIVADAVIA AV.",Caballito,Comuna 6,3,600-900 m,600,900,7743,1411446.8207453075,1.4114468207453075,5485.860243683391,7584.4161059857715,0.7233068659502794
41044,CitiBank,BANELCO,"BALCARCE, FLORENCIO Y RIVADAVIA AV.",Caballito,Comuna 6,4,900-1200 m,900,1200,8334,1976025.5490442794,1.9760255490442793,4217.556804379785,7584.4161059857715,0.556081937678921
40979,Banco Galicia,BANELCO,BALCARCE Y ESTADOS UNIDOS,San Telmo,Comuna 1,1,0-300 m,0,300,2407,282289.36414897913,0.28228936414897915,8526.711614716372,8526.711614716372,1.0
40979,Banco Galicia,BANELCO,BALCARCE Y ESTADOS UNIDOS,San Telmo,Comuna 1,2,300-600 m,300,600,5691,846868.092447653,0.8468680924476529,6720.054812257288,8526.711614716372,0.7881179891975062
40979,Banco Galicia,BANELCO,BALCARCE Y ESTADOS UNIDOS,San Telmo,Comuna 1,3,600-900 m,600,900,7267,1411446.8207453075,1.4114468207453075,5148.617640558853,8526.711614716372,0.6038221852927195
40979,Banco Galicia,BANELCO,BALCARCE Y ESTADOS UNIDOS,San Telmo,Comuna 1,4,900-1200 m,900,1200,7607,1976025.5490442794,1.9760255490442793,3849.646581583516,8526.711614716372,0.4514808000471549
40813,Banco Galicia,BANELCO,BALCARCE Y REPUBLICA BOLIVARIANA DE VENEZUELA,Monserrat,Comuna 1,1,0-300 m,0,300,2289,282289.36414897913,0.28228936414897915,8108.700825129114,8108.700825129114,1.0
40813,Banco Galicia,BANELCO,BALCARCE Y REPUBLICA BOLIVARIANA DE VENEZUELA,Monserrat,Comuna 1,2,300-600 m,300,600,5286,846868.092447653,0.8468680924476529,6241.82212925532,8108.700825129114,0.769768457841202
40813,Banco Galicia,BANELCO,BALCARCE Y REPUBLICA BOLIVARIANA DE VENEZUELA,Monserrat,Comuna 1,3,600-900 m,600,900,8498,1411446.8207453075,1.4114468207453075,6020.772355782185,8108.700825129114,0.7425076452597222
40813,Banco Galicia,BANELCO,BALCARCE Y REPUBLICA BOLIVARIANA DE VENEZUELA,Monserrat,Comuna 1,4,900-1200 m,900,1200,10150,1976025.5490442794,1.9760255490442793,5136.573261873627,8108.700825129114,0.6334643949318279
40203,Banco Santander Río,BANELCO,BARAGAÑA Y DE LOS CONSTITUYENTES AV.,Villa Urquiza,Comuna 12,1,0-300 m,0,300,770,282289.36414897913,0.28228936414897915,2727.6975252727902,2727.6975252727902,1.0
40203,Banco Santander Río,BANELCO,BARAGAÑA Y DE LOS CONSTITUYENTES AV.,Villa Urquiza,Comuna 12,2,300-600 m,300,600,1519,846868.092447653,0.8468680924476529,1793.6677666172588,2727.6975252727902,0.657575757575202
40203,Banco Santander Río,BANELCO,BARAGAÑA Y DE LOS CONSTITUYENTES AV.,Villa Urquiza,Comuna 12,3,600-900 m,600,900,1680,1411446.8207453075,1.4114468207453075,1190.2680110277795,2727.6975252727902,0.4363636363635091
40203,Banco Santander Río,BANELCO,BARAGAÑA Y DE LOS CONSTITUYENTES AV.,Villa Urquiza,Comuna 12,4,900-1200 m,900,1200,2022,1976025.5490442794,1.9760255490442793,1023.266121724973,2727.6975252727902,0.37513914656744746
41075,Compania Financiera,BANELCO,BARCO CENTENERA DEL Y RIVADAVIA AV.,Caballito,Comuna 6,1,0-300 m,0,300,2264,282289.36414897913,0.28228936414897915,8020.139217165711,8020.139217165711,1.0
41075,Compania Financiera,BANELCO,BARCO CENTENERA DEL Y RIVADAVIA AV.,Caballito,Comuna 6,2,300-600 m,300,600,5332,846868.092447653,0.8468680924476529,6296.139915472827,8020.139217165711,0.7850412249698904
41075,Compania Financiera,BANELCO,BARCO CENTENERA DEL Y RIVADAVIA AV.,Caballito,Comuna 6,3,600-900 m,600,900,5771,1411446.8207453075,1.4114468207453075,4088.712316453164,8020.139217165711,0.5098056537100987
41075,Compania Financiera,BANELCO,BARCO CENTENERA DEL Y RIVADAVIA AV.,Caballito,Comuna 6,4,900-1200 m,900,1200,7842,1976025.5490442794,1.9760255490442793,3968.5721694199988,8020.139217165711,0.49482584553220244
40411,Banco Supervielle,BANELCO,"BARILARI, ATILIO S., ALTE. Y DEL LIBERTADOR AV.",Belgrano,Comuna 13,1,0-300 m,0,300,905,282289.36414897913,0.28228936414897915,3205.930208275163,3205.930208275163,1.0
40411,Banco Supervielle,BANELCO,"BARILARI, ATILIO S., ALTE. Y DEL LIBERTADOR AV.",Belgrano,Comuna 13,2,300-600 m,300,600,2226,846868.092447653,0.8468680924476529,2628.508524351559,3205.930208275163,0.8198895027617382
40411,Banco Supervielle,BANELCO,"BARILARI, ATILIO S., ALTE. Y DEL LIBERTADOR AV.",Belgrano,Comuna 13,3,600-900 m,600,900,4365,1411446.8207453075,1.4114468207453075,3092.5713500811057,3205.930208275163,0.9646408839776192
40411,Banco Supervielle,BANELCO,"BARILARI, ATILIO S., ALTE. Y DEL LIBERTADOR AV.",Belgrano,Comuna 13,4,900-1200 m,900,1200,5540,1976025.5490442794,1.9760255490442793,2803.6074749536847,3205.930208275163,0.8745067087602217
40576,BBVA Banco Francés,BANELCO,"BARRAGAN Y GORDILLO, TIMOTEO",Liniers,Comuna 9,1,0-300 m,0,300,1348,282289.36414897913,0.28228936414897915,4775.241901386651,4775.241901386651,1.0
40576,BBVA Banco Francés,BANELCO,"BARRAGAN Y GORDILLO, TIMOTEO",Liniers,Comuna 9,2,300-600 m,300,600,4235,846868.092447653,0.8468680924476529,5000.778796329224,4775.241901386651,1.0472304648853665
40576,BBVA Banco Francés,BANELCO,"BARRAGAN Y GORDILLO, TIMOTEO",Liniers,Comuna 9,3,600-900 m,600,900,5634,1411446.8207453075,1.4114468207453075,3991.6487941253035,4775.241901386651,0.8359050445101419
40576,BBVA Banco Francés,BANELCO,"BARRAGAN Y GORDILLO, TIMOTEO",Liniers,Comuna 9,4,900-1200 m,900,1200,3198,1976025.5490442794,1.9760255490442793,1618.400127238607,4775.241901386651,0.33891479440416417
40497,Banco Supervielle,BANELCO,BARTOLOME MITRE 434,San Nicolas,Comuna 1,1,0-300 m,0,300,2768,282289.36414897913,0.28228936414897915,9805.541233707901,9805.541233707901,1.0
40497,Banco Supervielle,BANELCO,BARTOLOME MITRE 434,San Nicolas,Comuna 1,2,300-600 m,300,600,7348,846868.092447653,0.8468680924476529,8676.67593752707,9805.541233707901,0.8848747591514683
40497,Banco Supervielle,BANELCO,BARTOLOME MITRE 434,San Nicolas,Comuna 1,3,600-900 m,600,900,11588,1411446.8207453075,1.4114468207453075,8210.01530463685,9805.541233707901,0.8372832369939753
40497,Banco Supervielle,BANELCO,BARTOLOME MITRE 434,San Nicolas,Comuna 1,4,900-1200 m,900,1200,16501,1976025.5490442794,1.9760255490442793,8350.600531445984,9805.541233707901,0.8516205615187912
39829,Banco Itaú,BANELCO,BARTOLOME MITRE 899,San Nicolas,Comuna 1,1,0-300 m,0,300,2545,282289.36414897913,0.28228936414897915,9015.571690674353,9015.571690674353,1.0
39829,Banco Itaú,BANELCO,BARTOLOME MITRE 899,San Nicolas,Comuna 1,2,300-600 m,300,600,13112,846868.092447653,0.8468680924476529,15482.930714868662,9015.571690674353,1.7173542894549996
39829,Banco Itaú,BANELCO,BARTOLOME MITRE 899,San Nicolas,Comuna 1,3,600-900 m,600,900,15132,1411446.8207453075,1.4114468207453075,10720.9140136145,9015.571690674353,1.18915520628649
39829,Banco Itaú,BANELCO,BARTOLOME MITRE 899,San Nicolas,Comuna 1,4,900-1200 m,900,1200,16665,1976025.5490442794,1.9760255490442793,8433.595409765912,9015.571690674353,0.9354476564685928
39900,Banco Itaú,BANELCO,BARTOLOME MITRE 899,San Nicolas,Comuna 1,1,0-300 m,0,300,2545,282289.36414897913,0.28228936414897915,9015.571690674353,9015.571690674353,1.0
39900,Banco Itaú,BANELCO,BARTOLOME MITRE 899,San Nicolas,Comuna 1,2,300-600 m,300,600,13112,846868.092447653,0.8468680924476529,15482.930714868662,9015.571690674353,1.7173542894549996
39900,Banco Itaú,BANELCO,BARTOLOME MITRE 899,San Nicolas,Comuna 1,3,600-900 m,600,900,15132,1411446.8207453075,1.4114468207453075,10720.9140136145,9015.571690674353,1.18915520628649
39900,Banco Itaú,BANELCO,BARTOLOME MITRE 899,San Nicolas,Comuna 1,4,900-1200 m,900,1200,16665,1976025.5490442794,1.9760255490442793,8433.595409765912,9015.571690674353,0.9354476564685928
40922,Banco Galicia,BANELCO,"BAVIO, ERNESTO A. Y SAENZ VALIENTE, JUAN PABLO",Belgrano,Comuna 13,1,0-300 m,0,300,398,282289.36414897913,0.28228936414897915,1409.9007987773643,1409.9007987773643,1.0
40922,Banco Galicia,BANELCO,"BAVIO, ERNESTO A. Y SAENZ VALIENTE, JUAN PABLO",Belgrano,Comuna 13,2,300-600 m,300,600,830,846868.092447653,0.8468680924476529,980.0817947941573,1409.9007987773643,0.6951423785588767
40922,Banco Galicia,BANELCO,"BAVIO, ERNESTO A. Y SAENZ VALIENTE, JUAN PABLO",Belgrano,Comuna 13,3,600-900 m,600,900,2020,1411446.8207453075,1.4114468207453075,1431.1555846881636,1409.9007987773643,1.015075376884126
40922,Banco Galicia,BANELCO,"BAVIO, ERNESTO A. Y SAENZ VALIENTE, JUAN PABLO",Belgrano,Comuna 13,4,900-1200 m,900,1200,3539,1976025.5490442794,1.9760255490442793,1790.9687461843123,1409.9007987773643,1.2702799712840804
39791,Banco Itaú,BANELCO,BDO. DE IRIGOYEN 1340,Constitucion,Comuna 1,1,0-300 m,0,300,2156,282289.36414897913,0.28228936414897915,7637.553070763814,7637.553070763814,1.0
39791,Banco Itaú,BANELCO,BDO. DE IRIGOYEN 1340,Constitucion,Comuna 1,2,300-600 m,300,600,11587,846868.092447653,0.8468680924476529,13682.178019614337,7637.553070763814,1.7914347557189563
39791,Banco Itaú,BANELCO,BDO. DE IRIGOYEN 1340,Constitucion,Comuna 1,3,600-900 m,600,900,13307,1411446.8207453075,1.4114468207453075,9427.914537349203,7637.553070763814,1.2344155844152243
39791,Banco Itaú,BANELCO,BDO. DE IRIGOYEN 1340,Constitucion,Comuna 1,4,900-1200 m,900,1200,13630,1976025.5490442794,1.9760255490442793,6897.684094516015,7637.553070763814,0.9031274847594865
41319,ICBC,BANELCO,"BEIRO, FRANCISCO AV. Y SANABRIA",Villa Devoto,Comuna 11,1,0-300 m,0,300,717,282289.36414897913,0.28228936414897915,2539.9469163903777,2539.9469163903777,1.0
41319,ICBC,BANELCO,"BEIRO, FRANCISCO AV. Y SANABRIA",Villa Devoto,Comuna 11,2,300-600 m,300,600,1612,846868.092447653,0.8468680924476529,1903.484160491785,2539.9469163903777,0.7494188749412543
41319,ICBC,BANELCO,"BEIRO, FRANCISCO AV. Y SANABRIA",Villa Devoto,Comuna 11,3,600-900 m,600,900,3128,1411446.8207453075,1.4114468207453075,2216.165677675532,2539.9469163903777,0.872524407252186
41319,ICBC,BANELCO,"BEIRO, FRANCISCO AV. Y SANABRIA",Villa Devoto,Comuna 11,4,900-1200 m,900,1200,3586,1976025.5490442794,1.9760255490442793,1814.7538637516088,2539.9469163903777,0.7144849571622661
40891,Banco Galicia,BANELCO,"BEIRO, FRANCISCO AV. Y SAN MARTIN AV.",Villa Devoto,Comuna 11,1,0-300 m,0,300,789,282289.36414897913,0.28228936414897915,2795.004347324976,2795.004347324976,1.0
40891,Banco Galicia,BANELCO,"BEIRO, FRANCISCO AV. Y SAN MARTIN AV.",Villa Devoto,Comuna 11,2,300-600 m,300,600,1820,846868.092447653,0.8468680924476529,2149.09501991008,2795.004347324976,0.7689057879165452
40891,Banco Galicia,BANELCO,"BEIRO, FRANCISCO AV. Y SAN MARTIN AV.",Villa Devoto,Comuna 11,3,600-900 m,600,900,2805,1411446.8207453075,1.4114468207453075,1987.3224826981675,2795.004347324976,0.7110266159693743
40891,Banco Galicia,BANELCO,"BEIRO, FRANCISCO AV. Y SAN MARTIN AV.",Villa Devoto,Comuna 11,4,900-1200 m,900,1200,3601,1976025.5490442794,1.9760255490442793,1822.344858719895,2795.004347324976,0.6520007242436
40326,Banco Santander Río,BANELCO,BELGRANO AV. Y DEFENSA,Monserrat,Comuna 1,1,0-300 m,0,300,1858,282289.36414897913,0.28228936414897915,6581.898703840058,6581.898703840058,1.0
40326,Banco Santander Río,BANELCO,BELGRANO AV. Y DEFENSA,Monserrat,Comuna 1,2,300-600 m,300,600,5965,846868.092447653,0.8468680924476529,7043.5998866833115,6581.898703840058,1.0701471115886187
40326,Banco Santander Río,BANELCO,BELGRANO AV. Y DEFENSA,Monserrat,Comuna 1,3,600-900 m,600,900,8399,1411446.8207453075,1.4114468207453075,5950.631562275191,6581.898703840058,0.9040904198059795
40326,Banco Santander Río,BANELCO,BELGRANO AV. Y DEFENSA,Monserrat,Comuna 1,4,900-1200 m,900,1200,11430,1976025.5490442794,1.9760255490442793,5784.338165834046,6581.898703840058,0.8788251576189263
39984,Banco Patagonia,BANELCO,"BELGRANO AV. Y IRIGOYEN, BERNARDO DE",Monserrat,Comuna 1,1,0-300 m,0,300,1813,282289.36414897913,0.28228936414897915,6422.487809505934,6422.487809505934,1.0
39984,Banco Patagonia,BANELCO,"BELGRANO AV. Y IRIGOYEN, BERNARDO DE",Monserrat,Comuna 1,2,300-600 m,300,600,5938,846868.092447653,0.8468680924476529,7011.717707816513,6422.487809505934,1.091744806029598
39984,Banco Patagonia,BANELCO,"BELGRANO AV. Y IRIGOYEN, BERNARDO DE",Monserrat,Comuna 1,3,600-900 m,600,900,11903,1411446.8207453075,1.4114468207453075,8433.19055670456,6422.487809505934,1.3130722559290158
39984,Banco Patagonia,BANELCO,"BELGRANO AV. Y IRIGOYEN, BERNARDO DE",Monserrat,Comuna 1,4,900-1200 m,900,1200,17359,1976025.5490442794,1.9760255490442793,8784.80544363195,6422.487809505934,1.3678197147575035
40546,BBVA Banco Francés,BANELCO,BELGRANO AV. Y LA RIOJA,Balvanera,Comuna 3,1,0-300 m,0,300,2029,282289.36414897913,0.28228936414897915,7187.66010230973,7187.66010230973,1.0
40546,BBVA Banco Francés,BANELCO,BELGRANO AV. Y LA RIOJA,Balvanera,Comuna 3,2,300-600 m,300,600,6507,846868.092447653,0.8468680924476529,7683.605106898291,7187.66010230973,1.0689995071454743
40546,BBVA Banco Francés,BANELCO,BELGRANO AV. Y LA RIOJA,Balvanera,Comuna 3,3,600-900 m,600,900,13463,1411446.8207453075,1.4114468207453075,9538.439424087497,7187.66010230973,1.3270576638734422
40546,BBVA Banco Francés,BANELCO,BELGRANO AV. Y LA RIOJA,Balvanera,Comuna 3,4,900-1200 m,900,1200,15116,1976025.5490442794,1.9760255490442793,7649.698662707562,7187.66010230973,1.064282193901929
40964,Banco Galicia,BANELCO,BELGRANO AV. Y PASCO,Balvanera,Comuna 3,1,0-300 m,0,300,1554,282289.36414897913,0.28228936414897915,5504.9895510050865,5504.9895510050865,1.0
40964,Banco Galicia,BANELCO,BELGRANO AV. Y PASCO,Balvanera,Comuna 3,2,300-600 m,300,600,4974,846868.092447653,0.8468680924476529,5873.405840127877,5504.9895510050865,1.0669240669231654
40964,Banco Galicia,BANELCO,BELGRANO AV. Y PASCO,Balvanera,Comuna 3,3,600-900 m,600,900,11385,1411446.8207453075,1.4114468207453075,8066.191253304328,5504.9895510050865,1.4652509652505379
40964,Banco Galicia,BANELCO,BELGRANO AV. Y PASCO,Balvanera,Comuna 3,4,900-1200 m,900,1200,17993,1976025.5490442794,1.9760255490442793,9105.651497624845,5504.9895510050865,1.6540724397855322
39978,Banco Macro,BANELCO,BELGRANO AV. Y SOLIS,Monserrat,Comuna 1,1,0-300 m,0,300,1906,282289.36414897913,0.28228936414897915,6751.936991129791,6751.936991129791,1.0
39978,Banco Macro,BANELCO,BELGRANO AV. Y SOLIS,Monserrat,Comuna 1,2,300-600 m,300,600,5754,846868.092447653,0.8468680924476529,6794.446562946483,6751.936991129791,1.0062959076591707
39978,Banco Macro,BANELCO,BELGRANO AV. Y SOLIS,Monserrat,Comuna 1,3,600-900 m,600,900,11337,1411446.8207453075,1.4114468207453075,8032.183595846391,6751.936991129791,1.1896117523606182
39978,Banco Macro,BANELCO,BELGRANO AV. Y SOLIS,Monserrat,Comuna 1,4,900-1200 m,900,1200,14961,1976025.5490442794,1.9760255490442793,7571.258381368605,6751.936991129791,1.1213461250179289
40728,BBVA Banco Francés,BANELCO,"BERG, CARLOS Y FERRE",Villa Soldati,Comuna 8,1,0-300 m,0,300,185,282289.36414897913,0.28228936414897915,655.3558989291769,655.3558989291769,1.0
40728,BBVA Banco Francés,BANELCO,"BERG, CARLOS Y FERRE",Villa Soldati,Comuna 8,2,300-600 m,300,600,760,846868.092447653,0.8468680924476529,897.424294028385,655.3558989291769,1.3693693693682125
40728,BBVA Banco Francés,BANELCO,"BERG, CARLOS Y FERRE",Villa Soldati,Comuna 8,3,600-900 m,600,900,1258,1411446.8207453075,1.4114468207453075,891.2840225434206,655.3558989291769,1.3599999999996033
40728,BBVA Banco Francés,BANELCO,"BERG, CARLOS Y FERRE",Villa Soldati,Comuna 8,4,900-1200 m,900,1200,1712,1976025.5490442794,1.9760255490442793,866.3855590470592,655.3558989291769,1.3220077220067687
39744,Banco Comafi,BANELCO,BERNARDO DE YRIGOYEN 1578,Constitucion,Comuna 1,1,0-300 m,0,300,3773,282289.36414897913,0.28228936414897915,13365.717873836673,13365.717873836673,1.0
39744,Banco Comafi,BANELCO,BERNARDO DE YRIGOYEN 1578,Constitucion,Comuna 1,2,300-600 m,300,600,9862,846868.092447653,0.8468680924476529,11645.261036457807,13365.717873836673,0.8712783814817271
39744,Banco Comafi,BANELCO,BERNARDO DE YRIGOYEN 1578,Constitucion,Comuna 1,3,600-900 m,600,900,11045,1411446.8207453075,1.4114468207453075,7825.303679643944,13365.717873836673,0.5854757487408841
39744,Banco Comafi,BANELCO,BERNARDO DE YRIGOYEN 1578,Constitucion,Comuna 1,4,900-1200 m,900,1200,11738,1976025.5490442794,1.9760255490442793,5940.206595849521,13365.717873836673,0.4444360304415408
40253,Banco Santander Río,BANELCO,BERUTI Y PUEYRREDON AV.,Recoleta,Comuna 2,1,0-300 m,0,300,1892,282289.36414897913,0.28228936414897915,6702.342490670285,6702.342490670285,1.0
40253,Banco Santander Río,BANELCO,BERUTI Y PUEYRREDON AV.,Recoleta,Comuna 2,2,300-600 m,300,600,7811,846868.092447653,0.8468680924476529,9223.396264020677,6702.342490670285,1.376145172655638
40253,Banco Santander Río,BANELCO,BERUTI Y PUEYRREDON AV.,Recoleta,Comuna 2,3,600-900 m,600,900,10932,1411446.8207453075,1.4114468207453075,7745.243986045051,6702.342490670285,1.155602536997549
40253,Banco Santander Río,BANELCO,BERUTI Y PUEYRREDON AV.,Recoleta,Comuna 2,4,900-1200 m,900,1200,16470,1976025.5490442794,1.9760255490442793,8334.912475178193,6702.342490670285,1.243581999395056
40161,Banco Santander Río,BANELCO,BESARES Y CRAMER,Saavedra,Comuna 12,1,0-300 m,0,300,573,282289.36414897913,0.28228936414897915,2029.8320545211805,2029.8320545211805,1.0
40161,Banco Santander Río,BANELCO,BESARES Y CRAMER,Saavedra,Comuna 12,2,300-600 m,300,600,2361,846868.092447653,0.8468680924476529,2787.9194186855484,2029.8320545211805,1.3734729493880193
40161,Banco Santander Río,BANELCO,BESARES Y CRAMER,Saavedra,Comuna 12,3,600-900 m,600,900,4129,1411446.8207453075,1.4114468207453075,2925.367034246251,2029.8320545211805,1.441186736474274
40161,Banco Santander Río,BANELCO,BESARES Y CRAMER,Saavedra,Comuna 12,4,900-1200 m,900,1200,5076,1976025.5490442794,1.9760255490442793,2568.792697268033,2029.8320545211805,1.2655198204927296
40519,BBVA Banco Francés,BANELCO,"BILBAO, FRANCISCO Y LARRAZABAL",Mataderos,Comuna 9,1,0-300 m,0,300,329,282289.36414897913,0.28228936414897915,1165.4707607983742,1165.4707607983742,1.0
40519,BBVA Banco Francés,BANELCO,"BILBAO, FRANCISCO Y LARRAZABAL",Mataderos,Comuna 9,2,300-600 m,300,600,1077,846868.092447653,0.8468680924476529,1271.7446903533823,1165.4707607983742,1.0911854103334244
40519,BBVA Banco Francés,BANELCO,"BILBAO, FRANCISCO Y LARRAZABAL",Mataderos,Comuna 9,3,600-900 m,600,900,2324,1411446.8207453075,1.4114468207453075,1646.537415255095,1165.4707607983742,1.4127659574463964
40519,BBVA Banco Francés,BANELCO,"BILBAO, FRANCISCO Y LARRAZABAL",Mataderos,Comuna 9,4,900-1200 m,900,1200,4940,1976025.5490442794,1.9760255490442793,2499.9676762222384,1165.4707607983742,2.145028224054032
39959,Banco Macro,BANELCO,BILLINGHURST 1831,Recoleta,Comuna 2,1,0-300 m,0,300,3622,282289.36414897913,0.28228936414897915,12830.805761737724,12830.805761737724,1.0
39959,Banco Macro,BANELCO,BILLINGHURST 1831,Recoleta,Comuna 2,2,300-600 m,300,600,6779,846868.092447653,0.8468680924476529,8004.788538445292,12830.805761737724,0.623872630222186
39959,Banco Macro,BANELCO,BILLINGHURST 1831,Recoleta,Comuna 2,3,600-900 m,600,900,8792,1411446.8207453075,1.4114468207453075,6229.069257712046,12830.805761737724,0.48547763666468446
39959,Banco Macro,BANELCO,BILLINGHURST 1831,Recoleta,Comuna 2,4,900-1200 m,900,1200,16012,1976025.5490442794,1.9760255490442793,8103.134095479855,12830.805761737724,0.6315374299908674
40273,Banco Santander Río,BANELCO,BILLINGHURST Y CORDOBA AV.,Recoleta,Comuna 2,1,0-300 m,0,300,2188,282289.36414897913,0.28228936414897915,7750.911928956968,7750.911928956968,1.0
40273,Banco Santander Río,BANELCO,BILLINGHURST Y CORDOBA AV.,Recoleta,Comuna 2,2,300-600 m,300,600,6530,846868.092447653,0.8468680924476529,7710.764000007045,7750.911928956968,0.9948202315652778
40273,Banco Santander Río,BANELCO,BILLINGHURST Y CORDOBA AV.,Recoleta,Comuna 2,3,600-900 m,600,900,11779,1411446.8207453075,1.4114468207453075,8345.33744160489,7750.911928956968,1.076691042047218
40273,Banco Santander Río,BANELCO,BILLINGHURST Y CORDOBA AV.,Recoleta,Comuna 2,4,900-1200 m,900,1200,18261,1976025.5490442794,1.9760255490442793,9241.277274391558,7750.911928956968,1.1922825803073145
40750,Banco Galicia,BANELCO,BILLINGHURST Y DEL LIBERTADOR AV.,Palermo,Comuna 14,1,0-300 m,0,300,970,282289.36414897913,0.28228936414897915,3436.1903889800087,3436.1903889800087,1.0
40750,Banco Galicia,BANELCO,BILLINGHURST Y DEL LIBERTADOR AV.,Palermo,Comuna 14,2,300-600 m,300,600,3360,846868.092447653,0.8468680924476529,3967.5600367570705,3436.1903889800087,1.1546391752567564
40750,Banco Galicia,BANELCO,BILLINGHURST Y DEL LIBERTADOR AV.,Palermo,Comuna 14,3,600-900 m,600,900,4272,1411446.8207453075,1.4114468207453075,3026.6815137563535,3436.1903889800087,0.8808247422677843
40750,Banco Galicia,BANELCO,BILLINGHURST Y DEL LIBERTADOR AV.,Palermo,Comuna 14,4,900-1200 m,900,1200,7119,1976025.5490442794,1.9760255490442793,3602.6862119486063,3436.1903889800087,1.0484536082466664
40702,BBVA Banco Francés,BANELCO,BILLINGHURST Y DEL LIBERTADOR AV.,Palermo,Comuna 14,1,0-300 m,0,300,940,282289.36414897913,0.28228936414897915,3329.916459423926,3329.916459423926,1.0
40702,BBVA Banco Francés,BANELCO,BILLINGHURST Y DEL LIBERTADOR AV.,Palermo,Comuna 14,2,300-600 m,300,600,3428,846868.092447653,0.8468680924476529,4047.8558946438206,3329.916459423926,1.2156028368784055
40702,BBVA Banco Francés,BANELCO,BILLINGHURST Y DEL LIBERTADOR AV.,Palermo,Comuna 14,3,600-900 m,600,900,4264,1411446.8207453075,1.4114468207453075,3021.013570846698,3329.916459423926,0.907234042552927
40702,BBVA Banco Francés,BANELCO,BILLINGHURST Y DEL LIBERTADOR AV.,Palermo,Comuna 14,4,900-1200 m,900,1200,7044,1976025.5490442794,1.9760255490442793,3564.7312371071757,3329.916459423926,1.0705167173244559
41037,CitiBank,BANELCO,BILLINGHURST Y SANTA FE AV.,Recoleta,Comuna 2,1,0-300 m,0,300,4200,282289.36414897913,0.28228936414897915,14878.350137851585,14878.350137851585,1.0
41037,CitiBank,BANELCO,BILLINGHURST Y SANTA FE AV.,Recoleta,Comuna 2,2,300-600 m,300,600,6195,846868.092447653,0.8468680924476529,7315.188817770849,14878.350137851585,0.49166666666625125
41037,CitiBank,BANELCO,BILLINGHURST Y SANTA FE AV.,Recoleta,Comuna 2,3,600-900 m,600,900,9553,1411446.8207453075,1.4114468207453075,6768.232326993082,14878.350137851585,0.4549047619046292
41037,CitiBank,BANELCO,BILLINGHURST Y SANTA FE AV.,Recoleta,Comuna 2,4,900-1200 m,900,1200,14792,1976025.5490442794,1.9760255490442793,7485.733171392581,14878.350137851585,0.5031292517003173
39722,Banco Columbia,BANELCO,BLANCO ENCALADA Y CABILDO AV.,Belgrano,Comuna 13,1,0-300 m,0,300,2633,282289.36414897913,0.28228936414897915,9327.30855070553,9327.30855070553,1.0
39722,Banco Columbia,BANELCO,BLANCO ENCALADA Y CABILDO AV.,Belgrano,Comuna 13,2,300-600 m,300,600,6207,846868.092447653,0.8468680924476529,7329.358675044981,9327.30855070553,0.7857956703373535
39722,Banco Columbia,BANELCO,BLANCO ENCALADA Y CABILDO AV.,Belgrano,Comuna 13,3,600-900 m,600,900,7079,1411446.8207453075,1.4114468207453075,5015.420982181935,9327.30855070553,0.537713634637139
39722,Banco Columbia,BANELCO,BLANCO ENCALADA Y CABILDO AV.,Belgrano,Comuna 13,4,900-1200 m,900,1200,8423,1976025.5490442794,1.9760255490442793,4262.596707858283,9327.30855070553,0.45700179046139244
40185,Banco Santander Río,BANELCO,BME. MITRE 480,San Nicolas,Comuna 1,1,0-300 m,0,300,3449,282289.36414897913,0.28228936414897915,12217.95943463098,12217.95943463098,1.0
40185,Banco Santander Río,BANELCO,BME. MITRE 480,San Nicolas,Comuna 1,2,300-600 m,300,600,6901,846868.092447653,0.8468680924476529,8148.848754065638,12217.95943463098,0.6669566057788895
40185,Banco Santander Río,BANELCO,BME. MITRE 480,San Nicolas,Comuna 1,3,600-900 m,600,900,12994,1411446.8207453075,1.4114468207453075,9206.15627100891,12217.95943463098,0.7534937663088552
40185,Banco Santander Río,BANELCO,BME. MITRE 480,San Nicolas,Comuna 1,4,900-1200 m,900,1200,16233,1976025.5490442794,1.9760255490442793,8214.974754679271,12217.95943463098,0.6723688025509792
39994,Banco Patagonia,BANELCO,BOEDO AV. Y CASEROS AV.,Nueva Pompeya,Comuna 4,1,0-300 m,0,300,980,282289.36414897913,0.28228936414897915,3471.6150321653695,3471.6150321653695,1.0
39994,Banco Patagonia,BANELCO,BOEDO AV. Y CASEROS AV.,Nueva Pompeya,Comuna 4,2,300-600 m,300,600,2790,846868.092447653,0.8468680924476529,3294.4918162357817,3471.6150321653695,0.948979591835933
39994,Banco Patagonia,BANELCO,BOEDO AV. Y CASEROS AV.,Nueva Pompeya,Comuna 4,3,600-900 m,600,900,4271,1411446.8207453075,1.4114468207453075,3025.9730208926467,3471.6150321653695,0.8716326530609703
39994,Banco Patagonia,BANELCO,BOEDO AV. Y CASEROS AV.,Nueva Pompeya,Comuna 4,4,900-1200 m,900,1200,6397,1976025.5490442794,1.9760255490442793,3237.306320808433,3471.6150321653695,0.9325072886290651
39921,Banco Macro,BANELCO,"BOEDO AV. Y GARAY, JUAN DE AV.",Boedo,Comuna 5,1,0-300 m,0,300,1062,282289.36414897913,0.28228936414897915,3762.097106285329,3762.097106285329,1.0
39921,Banco Macro,BANELCO,"BOEDO AV. Y GARAY, JUAN DE AV.",Boedo,Comuna 5,2,300-600 m,300,600,2784,846868.092447653,0.8468680924476529,3287.4068875987155,3762.097106285329,0.8738229755171525
39921,Banco Macro,BANELCO,"BOEDO AV. Y GARAY, JUAN DE AV.",Boedo,Comuna 5,3,600-900 m,600,900,5297,1411446.8207453075,1.4114468207453075,3752.8866990560405,3762.097106285329,0.9975517890769218
39921,Banco Macro,BANELCO,"BOEDO AV. Y GARAY, JUAN DE AV.",Boedo,Comuna 5,4,900-1200 m,900,1200,8415,1976025.5490442794,1.9760255490442793,4258.5481772085295,3762.097106285329,1.1319612590790866
39716,Banco Columbia,BANELCO,BOGOTA Y SAN NICOLAS,Floresta,Comuna 10,1,0-300 m,0,300,1527,282289.36414897913,0.28228936414897915,5409.3430144046115,5409.3430144046115,1.0
39716,Banco Columbia,BANELCO,BOGOTA Y SAN NICOLAS,Floresta,Comuna 10,2,300-600 m,300,600,4332,846868.092447653,0.8468680924476529,5115.318475961794,5409.3430144046115,0.9456450556639031
39716,Banco Columbia,BANELCO,BOGOTA Y SAN NICOLAS,Floresta,Comuna 10,3,600-900 m,600,900,6127,1411446.8207453075,1.4114468207453075,4340.93577593286,5409.3430144046115,0.8024885396199363
39716,Banco Columbia,BANELCO,BOGOTA Y SAN NICOLAS,Floresta,Comuna 10,4,900-1200 m,900,1200,9680,1976025.5490442794,1.9760255490442793,4898.722086200662,5409.3430144046115,0.9056038918507828
41207,HSBC Bank Argentina,BANELCO,"BOLIVAR Y GARCIA, MARTIN AV.",Barracas,Comuna 4,1,0-300 m,0,300,1607,282289.36414897913,0.28228936414897915,5692.740159887499,5692.740159887499,1.0
41207,HSBC Bank Argentina,BANELCO,"BOLIVAR Y GARCIA, MARTIN AV.",Barracas,Comuna 4,2,300-600 m,300,600,3437,846868.092447653,0.8468680924476529,4058.48328759942,5692.740159887499,0.7129226301591155
41207,HSBC Bank Argentina,BANELCO,"BOLIVAR Y GARCIA, MARTIN AV.",Barracas,Comuna 4,3,600-900 m,600,900,7321,1411446.8207453075,1.4114468207453075,5186.876255199032,5692.740159887499,0.9111387678902133
41207,HSBC Bank Argentina,BANELCO,"BOLIVAR Y GARCIA, MARTIN AV.",Barracas,Comuna 4,4,900-1200 m,900,1200,12003,1976025.5490442794,1.9760255490442793,6074.314173622577,5692.740159887499,1.0670281802819221
39713,Banco Columbia,BANELCO,"BONIFACIO, JOSE Y MITRE, EMILIO",Caballito,Comuna 6,1,0-300 m,0,300,1272,282289.36414897913,0.28228936414897915,4506.014613177908,4506.014613177908,1.0
39713,Banco Columbia,BANELCO,"BONIFACIO, JOSE Y MITRE, EMILIO",Caballito,Comuna 6,2,300-600 m,300,600,3465,846868.092447653,0.8468680924476529,4091.546287905729,4506.014613177908,0.9080188679237612
39713,Banco Columbia,BANELCO,"BONIFACIO, JOSE Y MITRE, EMILIO",Caballito,Comuna 6,3,600-900 m,600,900,6644,1411446.8207453075,1.4114468207453075,4707.226586469385,4506.014613177908,1.0446540880500097
39713,Banco Columbia,BANELCO,"BONIFACIO, JOSE Y MITRE, EMILIO",Caballito,Comuna 6,4,900-1200 m,900,1200,8862,1976025.5490442794,1.9760255490442793,4484.759827263457,4506.014613177908,0.9952830188672066
40078,Banco Patagonia,BANELCO,"BONORINO, ESTEBAN, CNEL. AV. Y GAVILAN",Flores,Comuna 7,1,0-300 m,0,300,2137,282289.36414897913,0.28228936414897915,7570.246248711627,7570.246248711627,1.0
40078,Banco Patagonia,BANELCO,"BONORINO, ESTEBAN, CNEL. AV. Y GAVILAN",Flores,Comuna 7,2,300-600 m,300,600,6273,846868.092447653,0.8468680924476529,7407.2928900527095,7570.246248711627,0.9784744969575262
40078,Banco Patagonia,BANELCO,"BONORINO, ESTEBAN, CNEL. AV. Y GAVILAN",Flores,Comuna 7,3,600-900 m,600,900,7779,1411446.8207453075,1.4114468207453075,5511.365986776844,7570.246248711627,0.7280299485257586
40078,Banco Patagonia,BANELCO,"BONORINO, ESTEBAN, CNEL. AV. Y GAVILAN",Flores,Comuna 7,4,900-1200 m,900,1200,10409,1976025.5490442794,1.9760255490442793,5267.644441659369,7570.246248711627,0.6958352831066577
40309,Banco Santander Río,BANELCO,BONPLAND Y HONDURAS,Palermo,Comuna 14,1,0-300 m,0,300,1681,282289.36414897913,0.28228936414897915,5954.88251945917,5954.88251945917,1.0
40309,Banco Santander Río,BANELCO,BONPLAND Y HONDURAS,Palermo,Comuna 14,2,300-600 m,300,600,5251,846868.092447653,0.8468680924476529,6200.493378872434,5954.88251945917,1.0412452905008058
40309,Banco Santander Río,BANELCO,BONPLAND Y HONDURAS,Palermo,Comuna 14,3,600-900 m,600,900,6958,1411446.8207453075,1.4114468207453075,4929.693345673387,5954.88251945917,0.8278405710883961
40309,Banco Santander Río,BANELCO,BONPLAND Y HONDURAS,Palermo,Comuna 14,4,900-1200 m,900,1200,9717,1976025.5490442794,1.9760255490442793,4917.446540455768,5954.88251945917,0.8257839721248399
41198,HSBC Bank Argentina,BANELCO,BOUCHARD 557 PB,San Nicolas,Comuna 1,1,0-300 m,0,300,2134,282289.36414897913,0.28228936414897915,7559.618855756019,7559.618855756019,1.0
41198,HSBC Bank Argentina,BANELCO,BOUCHARD 557 PB,San Nicolas,Comuna 1,2,300-600 m,300,600,3887,846868.092447653,0.8468680924476529,4589.852935379385,7559.618855756019,0.6071540143699963
41198,HSBC Bank Argentina,BANELCO,BOUCHARD 557 PB,San Nicolas,Comuna 1,3,600-900 m,600,900,8175,1411446.8207453075,1.4114468207453075,5791.92916080482,7559.618855756019,0.7661668228676303
41198,HSBC Bank Argentina,BANELCO,BOUCHARD 557 PB,San Nicolas,Comuna 1,4,900-1200 m,900,1200,9161,1976025.5490442794,1.9760255490442793,4636.073660297961,7559.618855756019,0.6132681751234029
40718,BBVA Banco Francés,BANELCO,BOUCHARD Y CORDOBA AV.,Retiro,Comuna 1,1,0-300 m,0,300,1399,282289.36414897913,0.28228936414897915,4955.907581631992,4955.907581631992,1.0
40718,BBVA Banco Francés,BANELCO,BOUCHARD Y CORDOBA AV.,Retiro,Comuna 1,2,300-600 m,300,600,4058,846868.092447653,0.8468680924476529,4791.773401535771,4955.907581631992,0.9668811055507676
40718,BBVA Banco Francés,BANELCO,BOUCHARD Y CORDOBA AV.,Retiro,Comuna 1,3,600-900 m,600,900,7443,1411446.8207453075,1.4114468207453075,5273.312384571287,4955.907581631992,1.0640457469618054
40718,BBVA Banco Francés,BANELCO,BOUCHARD Y CORDOBA AV.,Retiro,Comuna 1,4,900-1200 m,900,1200,11624,1976025.5490442794,1.9760255490442793,5882.515034090547,4955.907581631992,1.1869702848965196
40263,Banco Santander Río,BANELCO,BOUCHARD Y LAVALLE,San Nicolas,Comuna 1,1,0-300 m,0,300,2399,282289.36414897913,0.28228936414897915,8498.371900168084,8498.371900168084,1.0
40263,Banco Santander Río,BANELCO,BOUCHARD Y LAVALLE,San Nicolas,Comuna 1,2,300-600 m,300,600,3893,846868.092447653,0.8468680924476529,4596.937864016451,8498.371900168084,0.5409198277055316
40263,Banco Santander Río,BANELCO,BOUCHARD Y LAVALLE,San Nicolas,Comuna 1,3,600-900 m,600,900,8257,1411446.8207453075,1.4114468207453075,5850.025575628795,8498.371900168084,0.6883701542307288
40263,Banco Santander Río,BANELCO,BOUCHARD Y LAVALLE,San Nicolas,Comuna 1,4,900-1200 m,900,1200,9668,1976025.5490442794,1.9760255490442793,4892.6492902260325,8498.371900168084,0.5757160721725139
41218,HSBC Bank Argentina,BANELCO,BOUCHARD Y TUCUMAN,San Nicolas,Comuna 1,1,0-300 m,0,300,1688,282289.36414897913,0.28228936414897915,5979.6797696889225,5979.6797696889225,1.0
41218,HSBC Bank Argentina,BANELCO,BOUCHARD Y TUCUMAN,San Nicolas,Comuna 1,2,300-600 m,300,600,4221,846868.092447653,0.8468680924476529,4984.2472961760695,5979.6797696889225,0.8335308056864995
41218,HSBC Bank Argentina,BANELCO,BOUCHARD Y TUCUMAN,San Nicolas,Comuna 1,3,600-900 m,600,900,8488,1411446.8207453075,1.4114468207453075,6013.687427145114,5979.6797696889225,1.0056872037911757
41218,HSBC Bank Argentina,BANELCO,BOUCHARD Y TUCUMAN,San Nicolas,Comuna 1,4,900-1200 m,900,1200,8719,1976025.5490442794,1.9760255490442793,4412.392341899129,5979.6797696889225,0.7378977657408353
39714,Banco Columbia,BANELCO,BOYACA AV. Y CARABOBO AV.,Flores,Comuna 7,1,0-300 m,0,300,2349,282289.36414897913,0.28228936414897915,8321.248684241278,8321.248684241278,1.0
39714,Banco Columbia,BANELCO,BOYACA AV. Y CARABOBO AV.,Flores,Comuna 7,2,300-600 m,300,600,4801,846868.092447653,0.8468680924476529,5669.123731092469,8321.248684241278,0.6812828153818568
39714,Banco Columbia,BANELCO,BOYACA AV. Y CARABOBO AV.,Flores,Comuna 7,3,600-900 m,600,900,6908,1411446.8207453075,1.4114468207453075,4894.268702488036,8321.248684241278,0.5881651766707523
39714,Banco Columbia,BANELCO,BOYACA AV. Y CARABOBO AV.,Flores,Comuna 7,4,900-1200 m,900,1200,8983,1976025.5490442794,1.9760255490442793,4545.993853340965,8321.248684241278,0.5463115003340948
40698,BBVA Banco Francés,BANELCO,"BRANDSEN Y FILIBERTO, JUAN DE DIOS",Boca,Comuna 4,1,0-300 m,0,300,1223,282289.36414897913,0.28228936414897915,4332.43386156964,4332.43386156964,1.0
40698,BBVA Banco Francés,BANELCO,"BRANDSEN Y FILIBERTO, JUAN DE DIOS",Boca,Comuna 4,2,300-600 m,300,600,3668,846868.092447653,0.8468680924476529,4331.2530401264685,4332.43386156964,0.999727446169774
40698,BBVA Banco Francés,BANELCO,"BRANDSEN Y FILIBERTO, JUAN DE DIOS",Boca,Comuna 4,3,600-900 m,600,900,5675,1411446.8207453075,1.4114468207453075,4020.697001537291,4332.43386156964,0.9280457890430653
40698,BBVA Banco Francés,BANELCO,"BRANDSEN Y FILIBERTO, JUAN DE DIOS",Boca,Comuna 4,4,900-1200 m,900,1200,8008,1976025.5490442794,1.9760255490442793,4052.5791804023656,4332.43386156964,0.9354047424359566
40582,BBVA Banco Francés,BANELCO,"BRASIL Y IRIGOYEN, BERNARDO DE",Constitucion,Comuna 1,1,0-300 m,0,300,3870,282289.36414897913,0.28228936414897915,13709.336912734674,13709.336912734674,1.0
40582,BBVA Banco Francés,BANELCO,"BRASIL Y IRIGOYEN, BERNARDO DE",Constitucion,Comuna 1,2,300-600 m,300,600,9764,846868.092447653,0.8468680924476529,11529.540535385724,13709.336912734674,0.8409991386728467
40582,BBVA Banco Francés,BANELCO,"BRASIL Y IRIGOYEN, BERNARDO DE",Constitucion,Comuna 1,3,600-900 m,600,900,10819,1411446.8207453075,1.4114468207453075,7665.184292446159,13709.336912734674,0.5591214470282607
40582,BBVA Banco Francés,BANELCO,"BRASIL Y IRIGOYEN, BERNARDO DE",Constitucion,Comuna 1,4,900-1200 m,900,1200,10740,1976025.5490442794,1.9760255490442793,5435.152397292883,13709.336912734674,0.3964562569210872
40545,BBVA Banco Francés,BANELCO,"BROWN, ALTE. AV. Y VILLAFAÑE, WENCESLAO",Boca,Comuna 4,1,0-300 m,0,300,1745,282289.36414897913,0.28228936414897915,6181.60023584548,6181.60023584548,1.0
40545,BBVA Banco Francés,BANELCO,"BROWN, ALTE. AV. Y VILLAFAÑE, WENCESLAO",Boca,Comuna 4,2,300-600 m,300,600,3708,846868.092447653,0.8468680924476529,4378.48589770691,6181.60023584548,0.7083094555867941
40545,BBVA Banco Francés,BANELCO,"BROWN, ALTE. AV. Y VILLAFAÑE, WENCESLAO",Boca,Comuna 4,3,600-900 m,600,900,5138,1411446.8207453075,1.4114468207453075,3640.2363337266256,6181.60023584548,0.5888825214897996
40545,BBVA Banco Francés,BANELCO,"BROWN, ALTE. AV. Y VILLAFAÑE, WENCESLAO",Boca,Comuna 4,4,900-1200 m,900,1200,4256,1976025.5490442794,1.9760255490442793,2153.81830566839,6181.60023584548,0.348424068767657
40817,Banco Galicia,BANELCO,"BULLRICH, INT. AV. Y CERVIÑO AV.",Palermo,Comuna 14,1,0-300 m,0,300,568,282289.36414897913,0.28228936414897915,2012.1197329285,2012.1197329285,1.0
40817,Banco Galicia,BANELCO,"BULLRICH, INT. AV. Y CERVIÑO AV.",Palermo,Comuna 14,2,300-600 m,300,600,3908,846868.092447653,0.8468680924476529,4614.650185609116,2012.1197329285,2.2934272300450105
40817,Banco Galicia,BANELCO,"BULLRICH, INT. AV. Y CERVIÑO AV.",Palermo,Comuna 14,3,600-900 m,600,900,5334,1411446.8207453075,1.4114468207453075,3779.1009350132,2012.1197329285,1.878169014083959
40817,Banco Galicia,BANELCO,"BULLRICH, INT. AV. Y CERVIÑO AV.",Palermo,Comuna 14,4,900-1200 m,900,1200,6812,1976025.5490442794,1.9760255490442793,3447.32384826435,2012.1197329285,1.7132796780671746
39967,Banco Macro,BANELCO,CABILDO 850,Colegiales,Comuna 13,1,0-300 m,0,300,2069,282289.36414897913,0.28228936414897915,7329.358675051173,7329.358675051173,1.0
39967,Banco Macro,BANELCO,CABILDO 850,Colegiales,Comuna 13,2,300-600 m,300,600,2956,846868.092447653,0.8468680924476529,3490.508175194613,7329.358675051173,0.47623650716892263
39967,Banco Macro,BANELCO,CABILDO 850,Colegiales,Comuna 13,3,600-900 m,600,900,4008,1411446.8207453075,1.4114468207453075,2839.6393977377024,7329.358675051173,0.3874335427741741
39967,Banco Macro,BANELCO,CABILDO 850,Colegiales,Comuna 13,4,900-1200 m,900,1200,6834,1976025.5490442794,1.9760255490442793,3458.45730755117,7329.358675051173,0.47186356417835196
41239,ICBC,BANELCO,CABILDO AV. Y ECHEVERRIA,Belgrano,Comuna 13,1,0-300 m,0,300,3153,282289.36414897913,0.28228936414897915,11169.389996344296,11169.389996344296,1.0
41239,ICBC,BANELCO,CABILDO AV. Y ECHEVERRIA,Belgrano,Comuna 13,2,300-600 m,300,600,5373,846868.092447653,0.8468680924476529,6344.55359449278,11169.389996344296,0.5680304471926695
41239,ICBC,BANELCO,CABILDO AV. Y ECHEVERRIA,Belgrano,Comuna 13,3,600-900 m,600,900,6897,1411446.8207453075,1.4114468207453075,4886.475280987259,11169.389996344296,0.4374881065650484
41239,ICBC,BANELCO,CABILDO AV. Y ECHEVERRIA,Belgrano,Comuna 13,4,900-1200 m,900,1200,7348,1976025.5490442794,1.9760255490442793,3718.575401797775,11169.389996344296,0.33292555842484256
41269,ICBC,BANELCO,"CABILDO AV. Y HERNANDEZ, JOSE",Belgrano,Comuna 13,1,0-300 m,0,300,2011,282289.36414897913,0.28228936414897915,7123.89574457608,7123.89574457608,1.0
41269,ICBC,BANELCO,"CABILDO AV. Y HERNANDEZ, JOSE",Belgrano,Comuna 13,2,300-600 m,300,600,4794,846868.092447653,0.8468680924476529,5660.857981015892,7123.89574457608,0.7946295375428394
41269,ICBC,BANELCO,"CABILDO AV. Y HERNANDEZ, JOSE",Belgrano,Comuna 13,3,600-900 m,600,900,6375,1411446.8207453075,1.4114468207453075,4516.642006132199,7123.89574457608,0.634012928890914
41269,ICBC,BANELCO,"CABILDO AV. Y HERNANDEZ, JOSE",Belgrano,Comuna 13,4,900-1200 m,900,1200,8028,1976025.5490442794,1.9760255490442793,4062.7005070267473,7123.89574457608,0.5702919656172629
41017,CitiBank,BANELCO,"CABILDO AV. Y HERNANDEZ, JOSE",Belgrano,Comuna 13,1,0-300 m,0,300,1909,282289.36414897913,0.28228936414897915,6762.564384085399,6762.564384085399,1.0
41017,CitiBank,BANELCO,"CABILDO AV. Y HERNANDEZ, JOSE",Belgrano,Comuna 13,2,300-600 m,300,600,4160,846868.092447653,0.8468680924476529,4912.217188365897,6762.564384085399,0.7263837960531666
41017,CitiBank,BANELCO,"CABILDO AV. Y HERNANDEZ, JOSE",Belgrano,Comuna 13,3,600-900 m,600,900,6696,1411446.8207453075,1.4114468207453075,4744.06821538215,6762.564384085399,0.7015191199578885
41017,CitiBank,BANELCO,"CABILDO AV. Y HERNANDEZ, JOSE",Belgrano,Comuna 13,4,900-1200 m,900,1200,8142,1976025.5490442794,1.9760255490442793,4120.392068785722,6762.564384085399,0.609294320137254
40523,BBVA Banco Francés,BANELCO,"CABILDO AV. Y HERNANDEZ, JOSE",Belgrano,Comuna 13,1,0-300 m,0,300,1991,282289.36414897913,0.28228936414897915,7053.046458205358,7053.046458205358,1.0
40523,BBVA Banco Francés,BANELCO,"CABILDO AV. Y HERNANDEZ, JOSE",Belgrano,Comuna 13,2,300-600 m,300,600,4751,846868.092447653,0.8468680924476529,5610.082659116917,7053.046458205358,0.7954126904396427
40523,BBVA Banco Francés,BANELCO,"CABILDO AV. Y HERNANDEZ, JOSE",Belgrano,Comuna 13,3,600-900 m,600,900,6349,1411446.8207453075,1.4114468207453075,4498.221191675817,7053.046458205358,0.637769964841602
40523,BBVA Banco Francés,BANELCO,"CABILDO AV. Y HERNANDEZ, JOSE",Belgrano,Comuna 13,4,900-1200 m,900,1200,7827,1976025.5490442794,1.9760255490442793,3960.981174451713,7053.046458205358,0.561598622371698
41131,HSBC Bank Argentina,BANELCO,CABILDO AV. Y IBERA,Nuñez,Comuna 13,1,0-300 m,0,300,1501,282289.36414897913,0.28228936414897915,5317.2389421226735,5317.2389421226735,1.0
41131,HSBC Bank Argentina,BANELCO,CABILDO AV. Y IBERA,Nuñez,Comuna 13,2,300-600 m,300,600,4311,846868.092447653,0.8468680924476529,5090.521225732063,5317.2389421226735,0.9573617588266395
41131,HSBC Bank Argentina,BANELCO,CABILDO AV. Y IBERA,Nuñez,Comuna 13,3,600-900 m,600,900,5501,1411446.8207453075,1.4114468207453075,3897.419243252271,5317.2389421226735,0.7329780146566816
41131,HSBC Bank Argentina,BANELCO,CABILDO AV. Y IBERA,Nuñez,Comuna 13,4,900-1200 m,900,1200,7132,1976025.5490442794,1.9760255490442793,3609.2650742544547,5317.2389421226735,0.6787855715232565
39853,Banco Itaú,BANELCO,"CABILDO AV. Y LARRALDE, CRISOLOGO AV.",Nuñez,Comuna 13,1,0-300 m,0,300,1490,282289.36414897913,0.28228936414897915,5278.271834618777,5278.271834618777,1.0
39853,Banco Itaú,BANELCO,"CABILDO AV. Y LARRALDE, CRISOLOGO AV.",Nuñez,Comuna 13,2,300-600 m,300,600,3121,846868.092447653,0.8468680924476529,3685.3437127139337,5278.271834618777,0.6982102908271506
39853,Banco Itaú,BANELCO,"CABILDO AV. Y LARRALDE, CRISOLOGO AV.",Nuñez,Comuna 13,3,600-900 m,600,900,4101,1411446.8207453075,1.4114468207453075,2905.5292340624546,5278.271834618777,0.5504697986575575
39853,Banco Itaú,BANELCO,"CABILDO AV. Y LARRALDE, CRISOLOGO AV.",Nuñez,Comuna 13,4,900-1200 m,900,1200,6737,1976025.5490442794,1.9760255490442793,3409.3688734229195,5278.271834618777,0.6459252157234076
40724,BBVA Banco Francés,BANELCO,CABILDO AV. Y NUÑEZ,Nuñez,Comuna 13,1,0-300 m,0,300,1568,282289.36414897913,0.28228936414897915,5554.5840514645915,5554.5840514645915,1.0
40724,BBVA Banco Francés,BANELCO,CABILDO AV. Y NUÑEZ,Nuñez,Comuna 13,2,300-600 m,300,600,3180,846868.092447653,0.8468680924476529,3755.0121776450846,5554.5840514645915,0.6760204081626942
40724,BBVA Banco Francés,BANELCO,CABILDO AV. Y NUÑEZ,Nuñez,Comuna 13,3,600-900 m,600,900,4352,1411446.8207453075,1.4114468207453075,3083.360942852915,5554.5840514645915,0.5551020408161647
40724,BBVA Banco Francés,BANELCO,CABILDO AV. Y NUÑEZ,Nuñez,Comuna 13,4,900-1200 m,900,1200,6591,1976025.5490442794,1.9760255490442793,3335.483189064934,5554.5840514645915,0.6004919825068554
41033,CitiBank,BANELCO,CABILDO AV. Y OLAZABAL,Belgrano,Comuna 13,1,0-300 m,0,300,2760,282289.36414897913,0.28228936414897915,9777.201519159613,9777.201519159613,1.0
41033,CitiBank,BANELCO,CABILDO AV. Y OLAZABAL,Belgrano,Comuna 13,2,300-600 m,300,600,6146,846868.092447653,0.8468680924476529,7257.328567234808,9777.201519159613,0.742270531400339
41033,CitiBank,BANELCO,CABILDO AV. Y OLAZABAL,Belgrano,Comuna 13,3,600-900 m,600,900,7180,1411446.8207453075,1.4114468207453075,5086.978761416343,9777.201519159613,0.520289855072312
41033,CitiBank,BANELCO,CABILDO AV. Y OLAZABAL,Belgrano,Comuna 13,4,900-1200 m,900,1200,8254,1976025.5490442794,1.9760255490442793,4177.071497882259,9777.201519159613,0.42722567287753865
41050,CitiBank,BANELCO,CABILDO AV. Y OLAZABAL,Belgrano,Comuna 13,1,0-300 m,0,300,2658,282289.36414897913,0.28228936414897915,9415.870158668931,9415.870158668931,1.0
41050,CitiBank,BANELCO,CABILDO AV. Y OLAZABAL,Belgrano,Comuna 13,2,300-600 m,300,600,6305,846868.092447653,0.8468680924476529,7445.079176117062,9415.870158668931,0.7906947579627129
41050,CitiBank,BANELCO,CABILDO AV. Y OLAZABAL,Belgrano,Comuna 13,3,600-900 m,600,900,7338,1411446.8207453075,1.4114468207453075,5198.920633882051,9415.870158668931,0.5521444695257983
41050,CitiBank,BANELCO,CABILDO AV. Y OLAZABAL,Belgrano,Comuna 13,4,900-1200 m,900,1200,8181,1976025.5490442794,1.9760255490442793,4140.128655703266,9415.870158668931,0.43969687197646457
40470,Banco Supervielle,BANELCO,CABILDO AV. Y PALPA,Palermo,Comuna 14,1,0-300 m,0,300,1689,282289.36414897913,0.28228936414897915,5983.222234007459,5983.222234007459,1.0
40470,Banco Supervielle,BANELCO,CABILDO AV. Y PALPA,Palermo,Comuna 14,2,300-600 m,300,600,3304,846868.092447653,0.8468680924476529,3901.4340361444524,5983.222234007459,0.652062364317586
40470,Banco Supervielle,BANELCO,CABILDO AV. Y PALPA,Palermo,Comuna 14,3,600-900 m,600,900,4315,1411446.8207453075,1.4114468207453075,3057.146706895755,5983.222234007459,0.5109532267612482
40470,Banco Supervielle,BANELCO,CABILDO AV. Y PALPA,Palermo,Comuna 14,4,900-1200 m,900,1200,6682,1976025.5490442794,1.9760255490442793,3381.53522520587,5983.222234007459,0.5651695847073653
40858,Banco Galicia,BANELCO,"CABILDO AV. Y UGARTE, MANUEL",Belgrano,Comuna 13,1,0-300 m,0,300,2237,282289.36414897913,0.28228936414897915,7924.492680565237,7924.492680565237,1.0
40858,Banco Galicia,BANELCO,"CABILDO AV. Y UGARTE, MANUEL",Belgrano,Comuna 13,2,300-600 m,300,600,4398,846868.092447653,0.8468680924476529,5193.2526909695225,7924.492680565237,0.6553419758599738
40858,Banco Galicia,BANELCO,"CABILDO AV. Y UGARTE, MANUEL",Belgrano,Comuna 13,3,600-900 m,600,900,6689,1411446.8207453075,1.4114468207453075,4739.108765336201,7924.492680565237,0.5980330800177067
40858,Banco Galicia,BANELCO,"CABILDO AV. Y UGARTE, MANUEL",Belgrano,Comuna 13,4,900-1200 m,900,1200,9300,1976025.5490442794,1.9760255490442793,4706.416880337412,7924.492680565237,0.5939076569380733
39957,Banco Macro,BANELCO,"CABRERA, JOSE A. Y CONDE",Colegiales,Comuna 13,1,0-300 m,0,300,836,282289.36414897913,0.28228936414897915,2961.5001702961727,2961.5001702961727,1.0
39957,Banco Macro,BANELCO,"CABRERA, JOSE A. Y CONDE",Colegiales,Comuna 13,2,300-600 m,300,600,2911,846868.092447653,0.8468680924476529,3437.3712104166166,2961.5001702961727,1.1606858054216669
39957,Banco Macro,BANELCO,"CABRERA, JOSE A. Y CONDE",Colegiales,Comuna 13,3,600-900 m,600,900,6501,1411446.8207453075,1.4114468207453075,4605.912106959283,2961.5001702961727,1.5552631578942833
39957,Banco Macro,BANELCO,"CABRERA, JOSE A. Y CONDE",Colegiales,Comuna 13,4,900-1200 m,900,1200,9200,1976025.5490442794,1.9760255490442793,4655.810247215505,2961.5001702961727,1.572112098426754
40857,Banco Galicia,BANELCO,"CALIFORNIA Y MAGALDI, AGUSTIN",Barracas,Comuna 4,1,0-300 m,0,300,738,282289.36414897913,0.28228936414897915,2614.3386670796353,2614.3386670796353,1.0
40857,Banco Galicia,BANELCO,"CALIFORNIA Y MAGALDI, AGUSTIN",Barracas,Comuna 4,2,300-600 m,300,600,3467,846868.092447653,0.8468680924476529,4093.907930784751,2614.3386670796353,1.565943992771938
40857,Banco Galicia,BANELCO,"CALIFORNIA Y MAGALDI, AGUSTIN",Barracas,Comuna 4,3,600-900 m,600,900,2571,1411446.8207453075,1.4114468207453075,1821.535152590727,2614.3386670796353,0.6967479674794717
40857,Banco Galicia,BANELCO,"CALIFORNIA Y MAGALDI, AGUSTIN",Barracas,Comuna 4,4,900-1200 m,900,1200,5887,1976025.5490442794,1.9760255490442793,2979.2124918867044,2614.3386670796353,1.1395663956631348
41188,HSBC Bank Argentina,BANELCO,"CALIFORNIA Y MONTES DE OCA, MANUEL AV.",Barracas,Comuna 4,1,0-300 m,0,300,1249,282289.36414897913,0.28228936414897915,4424.537933851579,4424.537933851579,1.0
41188,HSBC Bank Argentina,BANELCO,"CALIFORNIA Y MONTES DE OCA, MANUEL AV.",Barracas,Comuna 4,2,300-600 m,300,600,2679,846868.092447653,0.8468680924476529,3163.420636450057,4424.537933851579,0.7149719775814615
41188,HSBC Bank Argentina,BANELCO,"CALIFORNIA Y MONTES DE OCA, MANUEL AV.",Barracas,Comuna 4,3,600-900 m,600,900,3405,1411446.8207453075,1.4114468207453075,2412.4182009223746,4424.537933851579,0.5452361889510018
41188,HSBC Bank Argentina,BANELCO,"CALIFORNIA Y MONTES DE OCA, MANUEL AV.",Barracas,Comuna 4,4,900-1200 m,900,1200,4173,1976025.5490442794,1.9760255490442793,2111.814800177207,4424.537933851579,0.47729612261203136
40240,Banco Santander Río,BANELCO,"CALIFORNIA Y SALMUN FEIJOO, JOSE AARON",Barracas,Comuna 4,1,0-300 m,0,300,1231,282289.36414897913,0.28228936414897915,4360.773576117928,4360.773576117928,1.0
40240,Banco Santander Río,BANELCO,"CALIFORNIA Y SALMUN FEIJOO, JOSE AARON",Barracas,Comuna 4,2,300-600 m,300,600,2666,846868.092447653,0.8468680924476529,3148.0699577364135,4360.773576117928,0.7219063092330754
40240,Banco Santander Río,BANELCO,"CALIFORNIA Y SALMUN FEIJOO, JOSE AARON",Barracas,Comuna 4,3,600-900 m,600,900,3442,1411446.8207453075,1.4114468207453075,2438.632436879534,4360.773576117928,0.5592201462224202
40240,Banco Santander Río,BANELCO,"CALIFORNIA Y SALMUN FEIJOO, JOSE AARON",Barracas,Comuna 4,4,900-1200 m,900,1200,3641,1976025.5490442794,1.9760255490442793,1842.587511968658,4360.773576117928,0.4225368457696848
41014,CitiBank,BANELCO,CALLAO AV. Y CORRIENTES AV.,Balvanera,Comuna 3,1,0-300 m,0,300,4482,282289.36414897913,0.28228936414897915,15877.325075678762,15877.325075678762,1.0
41014,CitiBank,BANELCO,CALLAO AV. Y CORRIENTES AV.,Balvanera,Comuna 3,2,300-600 m,300,600,7943,846868.092447653,0.8468680924476529,9379.264694036134,15877.325075678762,0.5907333035842101
41014,CitiBank,BANELCO,CALLAO AV. Y CORRIENTES AV.,Balvanera,Comuna 3,3,600-900 m,600,900,15487,1411446.8207453075,1.4114468207453075,10972.428980230488,15877.325075678762,0.6910754127619582
41014,CitiBank,BANELCO,CALLAO AV. Y CORRIENTES AV.,Balvanera,Comuna 3,4,900-1200 m,900,1200,17725,1976025.5490442794,1.9760255490442793,8970.025720858133,15877.325075678762,0.5649582456807297
39706,Banco Columbia,BANELCO,"CALLAO AV. Y LAS HERAS, GENERAL",Recoleta,Comuna 2,1,0-300 m,0,300,1842,282289.36414897913,0.28228936414897915,6525.21927474348,6525.21927474348,1.0
39706,Banco Columbia,BANELCO,"CALLAO AV. Y LAS HERAS, GENERAL",Recoleta,Comuna 2,2,300-600 m,300,600,5006,846868.092447653,0.8468680924476529,5911.192126192231,6525.21927474348,0.905899384725981
39706,Banco Columbia,BANELCO,"CALLAO AV. Y LAS HERAS, GENERAL",Recoleta,Comuna 2,3,600-900 m,600,900,9055,1411446.8207453075,1.4114468207453075,6415.40288086699,6525.21927474348,0.9831704668835352
39706,Banco Columbia,BANELCO,"CALLAO AV. Y LAS HERAS, GENERAL",Recoleta,Comuna 2,4,900-1200 m,900,1200,12161,1976025.5490442794,1.9760255490442793,6154.272653955191,6525.21927474348,0.9431518535746262
41304,ICBC,BANELCO,CALLAO AV. Y SARMIENTO,Balvanera,Comuna 3,1,0-300 m,0,300,4253,282289.36414897913,0.28228936414897915,15066.100746733997,15066.100746733997,1.0
41304,ICBC,BANELCO,CALLAO AV. Y SARMIENTO,Balvanera,Comuna 3,2,300-600 m,300,600,9070,846868.092447653,0.8468680924476529,10710.050456365068,15066.100746733997,0.7108707578957864
41304,ICBC,BANELCO,CALLAO AV. Y SARMIENTO,Balvanera,Comuna 3,3,600-900 m,600,900,13966,1411446.8207453075,1.4114468207453075,9894.811334532124,15066.100746733997,0.6567599341639279
41304,ICBC,BANELCO,CALLAO AV. Y SARMIENTO,Balvanera,Comuna 3,4,900-1200 m,900,1200,17104,1976025.5490442794,1.9760255490442793,8655.758529171088,15066.100746733997,0.5745188270460403
40140,Banco Santander Río,BANELCO,CALLAO AV. Y VIAMONTE,Balvanera,Comuna 3,1,0-300 m,0,300,2836,282289.36414897913,0.28228936414897915,10046.428807368355,10046.428807368355,1.0
40140,Banco Santander Río,BANELCO,CALLAO AV. Y VIAMONTE,Balvanera,Comuna 3,2,300-600 m,300,600,9009,846868.092447653,0.8468680924476529,10638.020348554895,10046.428807368355,1.0588857545830266
40140,Banco Santander Río,BANELCO,CALLAO AV. Y VIAMONTE,Balvanera,Comuna 3,3,600-900 m,600,900,14453,1411446.8207453075,1.4114468207453075,10239.847359157438,10046.428807368355,1.019252468264865
40140,Banco Santander Río,BANELCO,CALLAO AV. Y VIAMONTE,Balvanera,Comuna 3,4,900-1200 m,900,1200,18136,1976025.5490442794,1.9760255490442793,9178.018982989173,10046.428807368355,0.9135603465639189
40294,Banco Santander Río,BANELCO,"CALVO, CARLOS Y SAENZ PEÑA, LUIS, PRES.",Constitucion,Comuna 1,1,0-300 m,0,300,1942,282289.36414897913,0.28228936414897915,6879.46570659709,6879.46570659709,1.0
40294,Banco Santander Río,BANELCO,"CALVO, CARLOS Y SAENZ PEÑA, LUIS, PRES.",Constitucion,Comuna 1,2,300-600 m,300,600,7097,846868.092447653,0.8468680924476529,8380.2897562098,6879.46570659709,1.2181599725358745
40294,Banco Santander Río,BANELCO,"CALVO, CARLOS Y SAENZ PEÑA, LUIS, PRES.",Constitucion,Comuna 1,3,600-900 m,600,900,11759,1411446.8207453075,1.4114468207453075,8331.16758433075,6879.46570659709,1.2110195674558775
40294,Banco Santander Río,BANELCO,"CALVO, CARLOS Y SAENZ PEÑA, LUIS, PRES.",Constitucion,Comuna 1,4,900-1200 m,900,1200,16716,1976025.5490442794,1.9760255490442793,8459.404792658084,6879.46570659709,1.2296601441803694
41369,ICBC,BANELCO,"CAMPANA Y FLORES, VENANCIO, GRAL.",Floresta,Comuna 10,1,0-300 m,0,300,1949,282289.36414897913,0.28228936414897915,6904.262956826842,6904.262956826842,1.0
41369,ICBC,BANELCO,"CAMPANA Y FLORES, VENANCIO, GRAL.",Floresta,Comuna 10,2,300-600 m,300,600,5262,846868.092447653,0.8468680924476529,6213.482414707055,6904.262956826842,0.8999486916359765
41369,ICBC,BANELCO,"CAMPANA Y FLORES, VENANCIO, GRAL.",Floresta,Comuna 10,3,600-900 m,600,900,8545,1411446.8207453075,1.4114468207453075,6054.071520376415,6904.262956826842,0.8768599281680357
41369,ICBC,BANELCO,"CAMPANA Y FLORES, VENANCIO, GRAL.",Floresta,Comuna 10,4,900-1200 m,900,1200,8520,1976025.5490442794,1.9760255490442793,4311.6851419865325,6904.262956826842,0.624496078574643
39972,Banco Macro,BANELCO,CAMPANA Y NAZARRE,Villa Del Parque,Comuna 11,1,0-300 m,0,300,1028,282289.36414897913,0.28228936414897915,3641.653319455102,3641.653319455102,1.0
39972,Banco Macro,BANELCO,CAMPANA Y NAZARRE,Villa Del Parque,Comuna 11,2,300-600 m,300,600,1952,846868.092447653,0.8468680924476529,2304.963449925536,3641.653319455102,0.6329442282744329
39972,Banco Macro,BANELCO,CAMPANA Y NAZARRE,Villa Del Parque,Comuna 11,3,600-900 m,600,900,3102,1411446.8207453075,1.4114468207453075,2197.74486321915,3641.653319455102,0.6035019455251157
39972,Banco Macro,BANELCO,CAMPANA Y NAZARRE,Villa Del Parque,Comuna 11,4,900-1200 m,900,1200,3628,1976025.5490442794,1.9760255490442793,1836.00864966281,3641.653319455102,0.504168982767841
40042,Banco Patagonia,BANELCO,"CAMPOS, LUIS M. AV. Y MATIENZO, BENJAMIN, TENIENTE",Palermo,Comuna 14,1,0-300 m,0,300,640,282289.36414897913,0.28228936414897915,2267.1771638630985,2267.1771638630985,1.0
40042,Banco Patagonia,BANELCO,"CAMPOS, LUIS M. AV. Y MATIENZO, BENJAMIN, TENIENTE",Palermo,Comuna 14,2,300-600 m,300,600,2833,846868.092447653,0.8468680924476529,3345.2671381347564,2267.1771638630985,1.4755208333320868
40042,Banco Patagonia,BANELCO,"CAMPOS, LUIS M. AV. Y MATIENZO, BENJAMIN, TENIENTE",Palermo,Comuna 14,3,600-900 m,600,900,6024,1411446.8207453075,1.4114468207453075,4267.961010971038,2267.1771638630985,1.8824999999994512
40042,Banco Patagonia,BANELCO,"CAMPOS, LUIS M. AV. Y MATIENZO, BENJAMIN, TENIENTE",Palermo,Comuna 14,4,900-1200 m,900,1200,5232,1976025.5490442794,1.9760255490442793,2647.7390449382087,2267.1771638630985,1.1678571428563005
41054,CitiBank,BANELCO,"CAMPOS, LUIS M. AV. Y ORTEGA Y GASSET",Palermo,Comuna 14,1,0-300 m,0,300,846,282289.36414897913,0.28228936414897915,2996.9248134815334,2996.9248134815334,1.0
41054,CitiBank,BANELCO,"CAMPOS, LUIS M. AV. Y ORTEGA Y GASSET",Palermo,Comuna 14,2,300-600 m,300,600,3040,846868.092447653,0.8468680924476529,3589.69717611354,2996.9248134815334,1.1977935382180582
41054,CitiBank,BANELCO,"CAMPOS, LUIS M. AV. Y ORTEGA Y GASSET",Palermo,Comuna 14,3,600-900 m,600,900,4362,1411446.8207453075,1.4114468207453075,3090.4458714899847,2996.9248134815334,1.0312056737585644
41054,CitiBank,BANELCO,"CAMPOS, LUIS M. AV. Y ORTEGA Y GASSET",Palermo,Comuna 14,4,900-1200 m,900,1200,6343,1976025.5490442794,1.9760255490442793,3209.978738922603,2996.9248134815334,1.0710908476858199
40840,Banco Galicia,BANELCO,CARACAS Y MOSCONI GENERAL AV.,Villa Pueyrredon,Comuna 12,1,0-300 m,0,300,635,282289.36414897913,0.28228936414897915,2249.464842270418,2249.464842270418,1.0
40840,Banco Galicia,BANELCO,CARACAS Y MOSCONI GENERAL AV.,Villa Pueyrredon,Comuna 12,2,300-600 m,300,600,1790,846868.092447653,0.8468680924476529,2113.6703767247486,2249.464842270418,0.9396325459309646
40840,Banco Galicia,BANELCO,CARACAS Y MOSCONI GENERAL AV.,Villa Pueyrredon,Comuna 12,3,600-900 m,600,900,2908,1411446.8207453075,1.4114468207453075,2060.29724765999,2249.464842270418,0.9159055118107564
40840,Banco Galicia,BANELCO,CARACAS Y MOSCONI GENERAL AV.,Villa Pueyrredon,Comuna 12,4,900-1200 m,900,1200,3898,1976025.5490442794,1.9760255490442793,1972.6465590919606,2249.464842270418,0.8769403824515609
40270,Banco Santander Río,BANELCO,CARDOSO Y MOZART,Velez Sarsfield,Comuna 10,1,0-300 m,0,300,787,282289.36414897913,0.28228936414897915,2787.919418687904,2787.919418687904,1.0
40270,Banco Santander Río,BANELCO,CARDOSO Y MOZART,Velez Sarsfield,Comuna 10,2,300-600 m,300,600,2305,846868.092447653,0.8468680924476529,2721.7934180729308,2787.919418687904,0.9762812367632582
40270,Banco Santander Río,BANELCO,CARDOSO Y MOZART,Velez Sarsfield,Comuna 10,3,600-900 m,600,900,3696,1411446.8207453075,1.4114468207453075,2618.5896242611147,2787.919418687904,0.9392630241420385
40270,Banco Santander Río,BANELCO,CARDOSO Y MOZART,Velez Sarsfield,Comuna 10,4,900-1200 m,900,1200,5851,1976025.5490442794,1.9760255490442793,2960.9941039628175,2787.919418687904,1.0620802323463023
41005,Banco Galicia,BANELCO,CARLOS PELLEGRINI 1391,Retiro,Comuna 1,1,0-300 m,0,300,1006,282289.36414897913,0.28228936414897915,3563.719104447308,3563.719104447308,1.0
41005,Banco Galicia,BANELCO,CARLOS PELLEGRINI 1391,Retiro,Comuna 1,2,300-600 m,300,600,4171,846868.092447653,0.8468680924476529,4925.206224200518,3563.719104447308,1.382041086811291
41005,Banco Galicia,BANELCO,CARLOS PELLEGRINI 1391,Retiro,Comuna 1,3,600-900 m,600,900,8024,1411446.8207453075,1.4114468207453075,5684.9467383850615,3563.719104447308,1.595228628230151
41005,Banco Galicia,BANELCO,CARLOS PELLEGRINI 1391,Retiro,Comuna 1,4,900-1200 m,900,1200,12943,1976025.5490442794,1.9760255490442793,6550.016524968509,3563.719104447308,1.8379721669966862
41226,ICBC,BANELCO,CARLOS PELLEGRINI 479,San Nicolas,Comuna 1,1,0-300 m,0,300,7045,282289.36414897913,0.28228936414897915,24956.661124086764,24956.661124086764,1.0
41226,ICBC,BANELCO,CARLOS PELLEGRINI 479,San Nicolas,Comuna 1,2,300-600 m,300,600,9594,846868.092447653,0.8468680924476529,11328.80089066885,24956.661124086764,0.45393896380373294
41226,ICBC,BANELCO,CARLOS PELLEGRINI 479,San Nicolas,Comuna 1,3,600-900 m,600,900,16080,1411446.8207453075,1.4114468207453075,11392.565248408748,24956.661124086764,0.4564939673525993
41226,ICBC,BANELCO,CARLOS PELLEGRINI 479,San Nicolas,Comuna 1,4,900-1200 m,900,1200,18618,1976025.5490442794,1.9760255490442793,9421.942954636768,24956.661124086764,0.37753219101665964
39718,Banco Columbia,BANELCO,CASTELLI Y MISIONES,Balvanera,Comuna 3,1,0-300 m,0,300,5921,282289.36414897913,0.28228936414897915,20974.931230052196,20974.931230052196,1.0
39718,Banco Columbia,BANELCO,CASTELLI Y MISIONES,Balvanera,Comuna 3,2,300-600 m,300,600,10026,846868.092447653,0.8468680924476529,11838.915752537616,20974.931230052196,0.5644316838367128
39718,Banco Columbia,BANELCO,CASTELLI Y MISIONES,Balvanera,Comuna 3,3,600-900 m,600,900,15303,1411446.8207453075,1.4114468207453075,10842.066293308399,20974.931230052196,0.5169059280525431
39718,Banco Columbia,BANELCO,CASTELLI Y MISIONES,Balvanera,Comuna 3,4,900-1200 m,900,1200,17928,1976025.5490442794,1.9760255490442793,9072.757186095605,20974.931230052196,0.4325524163386269
41270,ICBC,BANELCO,CECILIA GRIERSON 355,Puerto Madero,Comuna 1,1,0-300 m,0,300,118,282289.36414897913,0.28228936414897915,418.0107895872588,418.0107895872588,1.0
41270,ICBC,BANELCO,CECILIA GRIERSON 355,Puerto Madero,Comuna 1,2,300-600 m,300,600,419,846868.092447653,0.8468680924476529,494.7641831551228,418.0107895872588,1.1836158192080397
41270,ICBC,BANELCO,CECILIA GRIERSON 355,Puerto Madero,Comuna 1,3,600-900 m,600,900,3021,1411446.8207453075,1.4114468207453075,2140.356941258882,418.0107895872588,5.120338983049354
41270,ICBC,BANELCO,CECILIA GRIERSON 355,Puerto Madero,Comuna 1,4,900-1200 m,900,1200,4877,1976025.5490442794,1.9760255490442793,2468.085497355437,418.0107895872588,5.9043583535066375
40308,Banco Santander Río,BANELCO,CERRITO 1146,Retiro,Comuna 1,1,0-300 m,0,300,2017,282289.36414897913,0.28228936414897915,7145.150530487296,7145.150530487296,1.0
40308,Banco Santander Río,BANELCO,CERRITO 1146,Retiro,Comuna 1,2,300-600 m,300,600,5646,846868.092447653,0.8468680924476529,6666.917847479292,7145.150530487296,0.9330689142282648
40308,Banco Santander Río,BANELCO,CERRITO 1146,Retiro,Comuna 1,3,600-900 m,600,900,8730,1411446.8207453075,1.4114468207453075,6185.142700162211,7145.150530487296,0.8656420426373281
40308,Banco Santander Río,BANELCO,CERRITO 1146,Retiro,Comuna 1,4,900-1200 m,900,1200,17604,1976025.5490442794,1.9760255490442793,8908.791694780624,7145.150530487296,1.2468305120750267
40003,Banco Patagonia,BANELCO,CERRITO 1274,Retiro,Comuna 1,1,0-300 m,0,300,1227,282289.36414897913,0.28228936414897915,4346.603718843784,4346.603718843784,1.0
40003,Banco Patagonia,BANELCO,CERRITO 1274,Retiro,Comuna 1,2,300-600 m,300,600,5062,846868.092447653,0.8468680924476529,5977.318126804848,4346.603718843784,1.3751697908165508
40003,Banco Patagonia,BANELCO,CERRITO 1274,Retiro,Comuna 1,3,600-900 m,600,900,8135,1411446.8207453075,1.4114468207453075,5763.589446256539,4346.603718843784,1.325998370007763
40003,Banco Patagonia,BANELCO,CERRITO 1274,Retiro,Comuna 1,4,900-1200 m,900,1200,13752,1976025.5490442794,1.9760255490442793,6959.424186924742,4346.603718843784,1.601117708696016
39850,Banco Itaú,BANELCO,CERRITO 748,San Nicolas,Comuna 1,1,0-300 m,0,300,2326,282289.36414897913,0.28228936414897915,8239.772004914948,8239.772004914948,1.0
39850,Banco Itaú,BANELCO,CERRITO 748,San Nicolas,Comuna 1,2,300-600 m,300,600,10445,846868.092447653,0.8468680924476529,12333.679935692739,8239.772004914948,1.4968472341632526
39850,Banco Itaú,BANELCO,CERRITO 748,San Nicolas,Comuna 1,3,600-900 m,600,900,17533,1411446.8207453075,1.4114468207453075,12422.005379375036,8239.772004914948,1.5075666380047195
39850,Banco Itaú,BANELCO,CERRITO 748,San Nicolas,Comuna 1,4,900-1200 m,900,1200,16503,1976025.5490442794,1.9760255490442793,8351.612664108421,8239.772004914948,1.0135732710961858
40968,Banco Galicia,BANELCO,CERRITO Y LAVALLE,San Nicolas,Comuna 1,1,0-300 m,0,300,6569,282289.36414897913,0.28228936414897915,23270.448108463585,23270.448108463585,1.0
40968,Banco Galicia,BANELCO,CERRITO Y LAVALLE,San Nicolas,Comuna 1,2,300-600 m,300,600,9909,846868.092447653,0.8468680924476529,11700.759644114825,23270.448108463585,0.502816258181947
40968,Banco Galicia,BANELCO,CERRITO Y LAVALLE,San Nicolas,Comuna 1,3,600-900 m,600,900,15301,1411446.8207453075,1.4114468207453075,10840.649307580985,23270.448108463585,0.46585477241575696
40968,Banco Galicia,BANELCO,CERRITO Y LAVALLE,San Nicolas,Comuna 1,4,900-1200 m,900,1200,20342,1976025.5490442794,1.9760255490442793,10294.401309658457,23270.448108463585,0.4423808798900752
41038,CitiBank,BANELCO,CERRITO Y SANTA FE AV.,Retiro,Comuna 1,1,0-300 m,0,300,2138,282289.36414897913,0.28228936414897915,7573.788713030163,7573.788713030163,1.0
41038,CitiBank,BANELCO,CERRITO Y SANTA FE AV.,Retiro,Comuna 1,2,300-600 m,300,600,5728,846868.092447653,0.8468680924476529,6763.745205519196,7573.788713030163,0.8930464608660993
41038,CitiBank,BANELCO,CERRITO Y SANTA FE AV.,Retiro,Comuna 1,3,600-900 m,600,900,8920,1411446.8207453075,1.4114468207453075,6319.756344266544,7573.788713030163,0.8344246959773058
41038,CitiBank,BANELCO,CERRITO Y SANTA FE AV.,Retiro,Comuna 1,4,900-1200 m,900,1200,21961,1976025.5490442794,1.9760255490442793,11113.722699902142,7573.788713030163,1.4673927569146172
39825,Banco Itaú,BANELCO,CERVINO 3654,Palermo,Comuna 14,1,0-300 m,0,300,1324,282289.36414897913,0.28228936414897915,4690.222757741785,4690.222757741785,1.0
39825,Banco Itaú,BANELCO,CERVINO 3654,Palermo,Comuna 14,2,300-600 m,300,600,3934,846868.092447653,0.8468680924476529,4645.351543036403,4690.222757741785,0.9904330312176929
39825,Banco Itaú,BANELCO,CERVINO 3654,Palermo,Comuna 14,3,600-900 m,600,900,4138,1411446.8207453075,1.4114468207453075,2931.743470019614,4690.222757741785,0.625075528700724
39825,Banco Itaú,BANELCO,CERVINO 3654,Palermo,Comuna 14,4,900-1200 m,900,1200,10344,1976025.5490442794,1.9760255490442793,5234.750130130129,4690.222757741785,1.1160984031066616
40678,BBVA Banco Francés,BANELCO,CERVINO 4648,Palermo,Comuna 14,1,0-300 m,0,300,904,282289.36414897913,0.28228936414897915,3202.3877439566268,3202.3877439566268,1.0
40678,BBVA Banco Francés,BANELCO,CERVINO 4648,Palermo,Comuna 14,2,300-600 m,300,600,3293,846868.092447653,0.8468680924476529,3888.4450003098314,3202.3877439566268,1.2142330383470568
40678,BBVA Banco Francés,BANELCO,CERVINO 4648,Palermo,Comuna 14,3,600-900 m,600,900,5528,1411446.8207453075,1.4114468207453075,3916.5485505723605,3202.3877439566268,1.2230088495571654
40678,BBVA Banco Francés,BANELCO,CERVINO 4648,Palermo,Comuna 14,4,900-1200 m,900,1200,5934,1976025.5490442794,1.9760255490442793,3002.9976094540007,3202.3877439566268,0.9377370417186662
40119,Banco Santander Río,BANELCO,CERVINO 4709,Palermo,Comuna 14,1,0-300 m,0,300,758,282289.36414897913,0.28228936414897915,2685.1879534503573,2685.1879534503573,1.0
40119,Banco Santander Río,BANELCO,CERVINO 4709,Palermo,Comuna 14,2,300-600 m,300,600,3193,846868.092447653,0.8468680924476529,3770.362856358728,2685.1879534503573,1.4041336851351374
40119,Banco Santander Río,BANELCO,CERVINO 4709,Palermo,Comuna 14,3,600-900 m,600,900,5177,1411446.8207453075,1.4114468207453075,3667.867555411199,2685.1879534503573,1.3659630606856175
40119,Banco Santander Río,BANELCO,CERVINO 4709,Palermo,Comuna 14,4,900-1200 m,900,1200,6226,1976025.5490442794,1.9760255490442793,3150.768978169971,2685.1879534503573,1.1733886166595382
40457,Banco Supervielle,BANELCO,CERVIÑO AV. Y LAFINUR,Palermo,Comuna 14,1,0-300 m,0,300,880,282289.36414897913,0.28228936414897915,3117.3686003117605,3117.3686003117605,1.0
40457,Banco Supervielle,BANELCO,CERVIÑO AV. Y LAFINUR,Palermo,Comuna 14,2,300-600 m,300,600,2851,846868.092447653,0.8468680924476529,3366.5219240459546,3117.3686003117605,1.07992424242333
40457,Banco Supervielle,BANELCO,CERVIÑO AV. Y LAFINUR,Palermo,Comuna 14,3,600-900 m,600,900,4663,1411446.8207453075,1.4114468207453075,3303.702223465795,3117.3686003117605,1.0597727272724182
40457,Banco Supervielle,BANELCO,CERVIÑO AV. Y LAFINUR,Palermo,Comuna 14,4,900-1200 m,900,1200,9745,1976025.5490442794,1.9760255490442793,4931.616397729902,3117.3686003117605,1.5819805194793786
39989,Banco Patagonia,BANELCO,CHACABUCO 15,Monserrat,Comuna 1,1,0-300 m,0,300,3484,282289.36414897913,0.28228936414897915,12341.945685779743,12341.945685779743,1.0
39989,Banco Patagonia,BANELCO,CHACABUCO 15,Monserrat,Comuna 1,2,300-600 m,300,600,7609,846868.092447653,0.8468680924476529,8984.870333239449,12341.945685779743,0.7279946421731316
39989,Banco Patagonia,BANELCO,CHACABUCO 15,Monserrat,Comuna 1,3,600-900 m,600,900,16944,1411446.8207453075,1.4114468207453075,12004.703082651606,12341.945685779743,0.9726750861076382
39989,Banco Patagonia,BANELCO,CHACABUCO 15,Monserrat,Comuna 1,4,900-1200 m,900,1200,15267,1976025.5490442794,1.9760255490442793,7726.114678721643,12341.945685779743,0.6260045924220513
40722,BBVA Banco Francés,BANELCO,CHACABUCO Y CHILE,San Telmo,Comuna 1,1,0-300 m,0,300,2106,282289.36414897913,0.28228936414897915,7460.429854837009,7460.429854837009,1.0
40722,BBVA Banco Francés,BANELCO,CHACABUCO Y CHILE,San Telmo,Comuna 1,2,300-600 m,300,600,8061,846868.092447653,0.8468680924476529,9518.601623898436,7460.429854837009,1.2758784425440313
40722,BBVA Banco Francés,BANELCO,CHACABUCO Y CHILE,San Telmo,Comuna 1,3,600-900 m,600,900,10451,1411446.8207453075,1.4114468207453075,7404.458918601978,7460.429854837009,0.9924976258306696
40722,BBVA Banco Francés,BANELCO,CHACABUCO Y CHILE,San Telmo,Comuna 1,4,900-1200 m,900,1200,13596,1976025.5490442794,1.9760255490442793,6880.477839254566,7460.429854837009,0.922262922262257
40093,Banco Santander Río,BANELCO,CHACABUCO Y MAIPU,San Nicolas,Comuna 1,1,0-300 m,0,300,3568,282289.36414897913,0.28228936414897915,12639.512688536774,12639.512688536774,1.0
40093,Banco Santander Río,BANELCO,CHACABUCO Y MAIPU,San Nicolas,Comuna 1,2,300-600 m,300,600,7553,846868.092447653,0.8468680924476529,8918.744332626831,12639.512688536774,0.7056240657692096
40093,Banco Santander Río,BANELCO,CHACABUCO Y MAIPU,San Nicolas,Comuna 1,3,600-900 m,600,900,17386,1411446.8207453075,1.4114468207453075,12317.856928410105,12639.512688536774,0.9745515695064423
40093,Banco Santander Río,BANELCO,CHACABUCO Y MAIPU,San Nicolas,Comuna 1,4,900-1200 m,900,1200,14784,1976025.5490442794,1.9760255490442793,7481.684640742829,12639.512688536774,0.5919282511206494
41117,HSBC Bank Argentina,BANELCO,"CHARCAS Y JUSTO, JUAN B. AV.",Palermo,Comuna 14,1,0-300 m,0,300,1414,282289.36414897913,0.28228936414897915,5009.044546410033,5009.044546410033,1.0
41117,HSBC Bank Argentina,BANELCO,"CHARCAS Y JUSTO, JUAN B. AV.",Palermo,Comuna 14,2,300-600 m,300,600,5616,846868.092447653,0.8468680924476529,6631.493204293961,5009.044546410033,1.3239038189522054
41117,HSBC Bank Argentina,BANELCO,"CHARCAS Y JUSTO, JUAN B. AV.",Palermo,Comuna 14,3,600-900 m,600,900,6433,1411446.8207453075,1.4114468207453075,4557.734592227206,5009.044546410033,0.9099009900987446
41117,HSBC Bank Argentina,BANELCO,"CHARCAS Y JUSTO, JUAN B. AV.",Palermo,Comuna 14,4,900-1200 m,900,1200,9557,1976025.5490442794,1.9760255490442793,4836.475927460715,5009.044546410033,0.9655485956751977
40485,Banco Supervielle,BANELCO,"CHARCAS Y SALGUERO, JERONIMO",Palermo,Comuna 14,1,0-300 m,0,300,1717,282289.36414897913,0.28228936414897915,6082.411234926469,6082.411234926469,1.0
40485,Banco Supervielle,BANELCO,"CHARCAS Y SALGUERO, JERONIMO",Palermo,Comuna 14,2,300-600 m,300,600,8554,846868.092447653,0.8468680924476529,10100.746593577374,6082.411234926469,1.6606484177815517
40485,Banco Supervielle,BANELCO,"CHARCAS Y SALGUERO, JERONIMO",Palermo,Comuna 14,3,600-900 m,600,900,8607,1411446.8207453075,1.4114468207453075,6097.998077926249,6082.411234926469,1.0025626092018043
40485,Banco Supervielle,BANELCO,"CHARCAS Y SALGUERO, JERONIMO",Palermo,Comuna 14,4,900-1200 m,900,1200,12832,1976025.5490442794,1.9760255490442793,6493.843162203191,6082.411234926469,1.0676428987428859
41078,Compania Financiera,BANELCO,CHILE AV. Y PASEO COLON AV.,San Telmo,Comuna 1,1,0-300 m,0,300,1676,282289.36414897913,0.28228936414897915,5937.17019786649,5937.17019786649,1.0
41078,Compania Financiera,BANELCO,CHILE AV. Y PASEO COLON AV.,San Telmo,Comuna 1,2,300-600 m,300,600,4499,846868.092447653,0.8468680924476529,5312.515656360137,5937.17019786649,0.8947891805879472
41078,Compania Financiera,BANELCO,CHILE AV. Y PASEO COLON AV.,San Telmo,Comuna 1,3,600-900 m,600,900,7340,1411446.8207453075,1.4114468207453075,5200.337619609465,5937.17019786649,0.8758949880665702
41078,Compania Financiera,BANELCO,CHILE AV. Y PASEO COLON AV.,San Telmo,Comuna 1,4,900-1200 m,900,1200,7806,1976025.5490442794,1.9760255490442793,3950.3537814961123,5937.17019786649,0.6653596999654253
40971,Banco Galicia,BANELCO,CHIVILCOY Y GAONA AV.,Floresta,Comuna 10,1,0-300 m,0,300,985,282289.36414897913,0.28228936414897915,3489.3273537580503,3489.3273537580503,1.0
40971,Banco Galicia,BANELCO,CHIVILCOY Y GAONA AV.,Floresta,Comuna 10,2,300-600 m,300,600,2800,846868.092447653,0.8468680924476529,3306.3000306308923,3489.3273537580503,0.9475465313020759
40971,Banco Galicia,BANELCO,CHIVILCOY Y GAONA AV.,Floresta,Comuna 10,3,600-900 m,600,900,4103,1411446.8207453075,1.4114468207453075,2906.946219789869,3489.3273537580503,0.8330964467002646
40971,Banco Galicia,BANELCO,CHIVILCOY Y GAONA AV.,Floresta,Comuna 10,4,900-1200 m,900,1200,6151,1976025.5490442794,1.9760255490442793,3112.8140033285404,3489.3273537580503,0.8920957215367024
39730,Banco Comafi,BANELCO,CIUDAD DE LA PAZ 2175,Belgrano,Comuna 13,1,0-300 m,0,300,3838,282289.36414897913,0.28228936414897915,13595.97805454152,13595.97805454152,1.0
39730,Banco Comafi,BANELCO,CIUDAD DE LA PAZ 2175,Belgrano,Comuna 13,2,300-600 m,300,600,4961,846868.092447653,0.8468680924476529,5858.055161414234,13595.97805454152,0.43086677088725106
39730,Banco Comafi,BANELCO,CIUDAD DE LA PAZ 2175,Belgrano,Comuna 13,3,600-900 m,600,900,7256,1411446.8207453075,1.4114468207453075,5140.824219058077,13595.97805454152,0.3781136008336573
39730,Banco Comafi,BANELCO,CIUDAD DE LA PAZ 2175,Belgrano,Comuna 13,4,900-1200 m,900,1200,7891,1976025.5490442794,1.9760255490442793,3993.3694196497336,13595.97805454152,0.29371696568131866
41333,ICBC,BANELCO,COCHABAMBA Y 24 DE NOVIEMBRE,San Cristobal,Comuna 3,1,0-300 m,0,300,1393,282289.36414897913,0.28228936414897915,4934.652795720775,4934.652795720775,1.0
41333,ICBC,BANELCO,COCHABAMBA Y 24 DE NOVIEMBRE,San Cristobal,Comuna 3,2,300-600 m,300,600,4269,846868.092447653,0.8468680924476529,5040.9267252725995,4934.652795720775,1.0215362526911687
41333,ICBC,BANELCO,COCHABAMBA Y 24 DE NOVIEMBRE,San Cristobal,Comuna 3,3,600-900 m,600,900,6697,1411446.8207453075,1.4114468207453075,4744.776708245857,4934.652795720775,0.9615218951899563
41333,ICBC,BANELCO,COCHABAMBA Y 24 DE NOVIEMBRE,San Cristobal,Comuna 3,4,900-1200 m,900,1200,8253,1976025.5490442794,1.9760255490442793,4176.565431551039,4934.652795720775,0.8463747307962308
41323,ICBC,BANELCO,COCHABAMBA Y LIMA,Constitucion,Comuna 1,1,0-300 m,0,300,2572,282289.36414897913,0.28228936414897915,9111.218227274827,9111.218227274827,1.0
41323,ICBC,BANELCO,COCHABAMBA Y LIMA,Constitucion,Comuna 1,2,300-600 m,300,600,10083,846868.092447653,0.8468680924476529,11906.222574589745,9111.218227274827,1.3067651632959412
41323,ICBC,BANELCO,COCHABAMBA Y LIMA,Constitucion,Comuna 1,3,600-900 m,600,900,15454,1411446.8207453075,1.4114468207453075,10949.048715728157,9111.218227274827,1.2017107309483275
41323,ICBC,BANELCO,COCHABAMBA Y LIMA,Constitucion,Comuna 1,4,900-1200 m,900,1200,14573,1976025.5490442794,1.9760255490442793,7374.904644855604,9111.218227274827,0.8094312375021934
41154,HSBC Bank Argentina,BANELCO,"COLMO, ALFREDO Y SAENZ AV.",Nueva Pompeya,Comuna 4,1,0-300 m,0,300,1287,282289.36414897913,0.28228936414897915,4559.1515779559495,4559.1515779559495,1.0
41154,HSBC Bank Argentina,BANELCO,"COLMO, ALFREDO Y SAENZ AV.",Nueva Pompeya,Comuna 4,2,300-600 m,300,600,2309,846868.092447653,0.8468680924476529,2726.516703830975,4559.1515779559495,0.5980315980310928
41154,HSBC Bank Argentina,BANELCO,"COLMO, ALFREDO Y SAENZ AV.",Nueva Pompeya,Comuna 4,3,600-900 m,600,900,2656,1411446.8207453075,1.4114468207453075,1881.757046005823,4559.1515779559495,0.41274281274269237
41154,HSBC Bank Argentina,BANELCO,"COLMO, ALFREDO Y SAENZ AV.",Nueva Pompeya,Comuna 4,4,900-1200 m,900,1200,3046,1976025.5490442794,1.9760255490442793,1541.4780448933075,4559.1515779559495,0.33810633810609425
40445,Banco Supervielle,BANELCO,COLOMBRES Y CONSTITUCION,Boedo,Comuna 5,1,0-300 m,0,300,1146,282289.36414897913,0.28228936414897915,4059.664109042361,4059.664109042361,1.0
40445,Banco Supervielle,BANELCO,COLOMBRES Y CONSTITUCION,Boedo,Comuna 5,2,300-600 m,300,600,4000,846868.092447653,0.8468680924476529,4723.285758044131,4059.664109042361,1.1634671320525365
40445,Banco Supervielle,BANELCO,COLOMBRES Y CONSTITUCION,Boedo,Comuna 5,3,600-900 m,600,900,5573,1411446.8207453075,1.4114468207453075,3948.4307294391756,4059.664109042361,0.9726003490398558
40445,Banco Supervielle,BANELCO,COLOMBRES Y CONSTITUCION,Boedo,Comuna 5,4,900-1200 m,900,1200,8751,1976025.5490442794,1.9760255490442793,4428.586464498139,4059.664109042361,1.0908750934921077
41245,ICBC,BANELCO,COLONIA AV. Y PATAGONES,Parque Patricios,Comuna 4,1,0-300 m,0,300,1104,282289.36414897913,0.28228936414897915,3910.880607663845,3910.880607663845,1.0
41245,ICBC,BANELCO,COLONIA AV. Y PATAGONES,Parque Patricios,Comuna 4,2,300-600 m,300,600,2510,846868.092447653,0.8468680924476529,2963.8618131726926,3910.880607663845,0.7578502415452535
41245,ICBC,BANELCO,COLONIA AV. Y PATAGONES,Parque Patricios,Comuna 4,3,600-900 m,600,900,4236,1411446.8207453075,1.4114468207453075,3001.1757706629014,3910.880607663845,0.7673913043476023
41245,ICBC,BANELCO,COLONIA AV. Y PATAGONES,Parque Patricios,Comuna 4,4,900-1200 m,900,1200,6103,1976025.5490442794,1.9760255490442793,3088.522819430025,3910.880607663845,0.7897256728772772
40180,Banco Santander Río,BANELCO,COLONIA AV. Y USPALLATA,Parque Patricios,Comuna 4,1,0-300 m,0,300,1041,282289.36414897913,0.28228936414897915,3687.705355596071,3687.705355596071,1.0
40180,Banco Santander Río,BANELCO,COLONIA AV. Y USPALLATA,Parque Patricios,Comuna 4,2,300-600 m,300,600,2442,846868.092447653,0.8468680924476529,2883.5659552859424,3687.705355596071,0.7819404418821444
40180,Banco Santander Río,BANELCO,COLONIA AV. Y USPALLATA,Parque Patricios,Comuna 4,3,600-900 m,600,900,4127,1411446.8207453075,1.4114468207453075,2923.950048518837,3687.705355596071,0.7928914505281068
40180,Banco Santander Río,BANELCO,COLONIA AV. Y USPALLATA,Parque Patricios,Comuna 4,4,900-1200 m,900,1200,6083,1976025.5490442794,1.9760255490442793,3078.401492805643,3687.705355596071,0.8347742555229329
40332,Banco Santander Río,BANELCO,CONCORDIA Y GAONA AV.,Floresta,Comuna 10,1,0-300 m,0,300,895,282289.36414897913,0.28228936414897915,3170.505565089802,3170.505565089802,1.0
40332,Banco Santander Río,BANELCO,CONCORDIA Y GAONA AV.,Floresta,Comuna 10,2,300-600 m,300,600,2400,846868.092447653,0.8468680924476529,2833.9714548264787,3170.505565089802,0.8938547486025967
40332,Banco Santander Río,BANELCO,CONCORDIA Y GAONA AV.,Floresta,Comuna 10,3,600-900 m,600,900,5486,1411446.8207453075,1.4114468207453075,3886.791850296666,3170.505565089802,1.2259217877091395
40332,Banco Santander Río,BANELCO,CONCORDIA Y GAONA AV.,Floresta,Comuna 10,4,900-1200 m,900,1200,7945,1976025.5490442794,1.9760255490442793,4020.6970015355637,3170.505565089802,1.2681564245800907
40555,BBVA Banco Francés,BANELCO,CONESA Y RAMALLO,Saavedra,Comuna 12,1,0-300 m,0,300,709,282289.36414897913,0.28228936414897915,2511.6072018420887,2511.6072018420887,1.0
40555,BBVA Banco Francés,BANELCO,CONESA Y RAMALLO,Saavedra,Comuna 12,2,300-600 m,300,600,1756,846868.092447653,0.8468680924476529,2073.5224477813736,2511.6072018420887,0.8255759285371492
40555,BBVA Banco Francés,BANELCO,CONESA Y RAMALLO,Saavedra,Comuna 12,3,600-900 m,600,900,3949,1411446.8207453075,1.4114468207453075,2797.838318778989,2511.6072018420887,1.1139633286315511
40555,BBVA Banco Francés,BANELCO,CONESA Y RAMALLO,Saavedra,Comuna 12,4,900-1200 m,900,1200,4060,1976025.5490442794,1.9760255490442793,2054.629304749451,2511.6072018420887,0.8180535966143606
40155,Banco Santander Río,BANELCO,CONGRESO AV. Y ESTOMBA,Coghlan,Comuna 12,1,0-300 m,0,300,578,282289.36414897913,0.28228936414897915,2047.5443761138608,2047.5443761138608,1.0
40155,Banco Santander Río,BANELCO,CONGRESO AV. Y ESTOMBA,Coghlan,Comuna 12,2,300-600 m,300,600,1618,846868.092447653,0.8468680924476529,1910.5690891288511,2047.5443761138608,0.9331026528250479
40155,Banco Santander Río,BANELCO,CONGRESO AV. Y ESTOMBA,Coghlan,Comuna 12,3,600-900 m,600,900,3350,1411446.8207453075,1.4114468207453075,2373.451093418489,2047.5443761138608,1.1591695501726724
40155,Banco Santander Río,BANELCO,CONGRESO AV. Y ESTOMBA,Coghlan,Comuna 12,4,900-1200 m,900,1200,4505,1976025.5490442794,1.9760255490442793,2279.8288221419402,2047.5443761138608,1.1134453781504574
40189,Banco Santander Río,BANELCO,CORDOBA AV. Y JUNIN,Balvanera,Comuna 3,1,0-300 m,0,300,2796,282289.36414897913,0.28228936414897915,9904.730234626912,9904.730234626912,1.0
40189,Banco Santander Río,BANELCO,CORDOBA AV. Y JUNIN,Balvanera,Comuna 3,2,300-600 m,300,600,7768,846868.092447653,0.8468680924476529,9172.620942121703,9904.730234626912,0.9260848831656457
40189,Banco Santander Río,BANELCO,CORDOBA AV. Y JUNIN,Balvanera,Comuna 3,3,600-900 m,600,900,16319,1411446.8207453075,1.4114468207453075,11561.895042834723,9904.730234626912,1.1673104434903605
40189,Banco Santander Río,BANELCO,CORDOBA AV. Y JUNIN,Balvanera,Comuna 3,4,900-1200 m,900,1200,21282,1976025.5490442794,1.9760255490442793,10770.103661004388,9904.730234626912,1.0873697118324468
39747,Banco Comafi,BANELCO,CORDOBA AV. Y MONTEVIDEO,Recoleta,Comuna 2,1,0-300 m,0,300,1988,282289.36414897913,0.28228936414897915,7042.41906524975,7042.41906524975,1.0
39747,Banco Comafi,BANELCO,CORDOBA AV. Y MONTEVIDEO,Recoleta,Comuna 2,2,300-600 m,300,600,7766,846868.092447653,0.8468680924476529,9170.259299242682,7042.41906524975,1.3021462105958148
39747,Banco Comafi,BANELCO,CORDOBA AV. Y MONTEVIDEO,Recoleta,Comuna 2,3,600-900 m,600,900,15754,1411446.8207453075,1.4114468207453075,11161.596574840261,7042.41906524975,1.5849094567399804
39747,Banco Comafi,BANELCO,CORDOBA AV. Y MONTEVIDEO,Recoleta,Comuna 2,4,900-1200 m,900,1200,18706,1976025.5490442794,1.9760255490442793,9466.476791784047,7042.41906524975,1.3442081057765527
41166,HSBC Bank Argentina,BANELCO,CORDOBA AV. Y PASTEUR,Balvanera,Comuna 3,1,0-300 m,0,300,2663,282289.36414897913,0.28228936414897915,9433.582480261612,9433.582480261612,1.0
41166,HSBC Bank Argentina,BANELCO,CORDOBA AV. Y PASTEUR,Balvanera,Comuna 3,2,300-600 m,300,600,7707,846868.092447653,0.8468680924476529,9100.59083431153,9433.582480261612,0.9647014645128913
41166,HSBC Bank Argentina,BANELCO,CORDOBA AV. Y PASTEUR,Balvanera,Comuna 3,3,600-900 m,600,900,18696,1411446.8207453075,1.4114468207453075,13245.98257986629,9433.582480261612,1.4041306796841566
41166,HSBC Bank Argentina,BANELCO,CORDOBA AV. Y PASTEUR,Balvanera,Comuna 3,4,900-1200 m,900,1200,18989,1976025.5490442794,1.9760255490442793,9609.693563519046,9433.582480261612,1.0186685263658763
40995,Banco Galicia,BANELCO,CORDOBA AV. Y RIOBAMBA,Balvanera,Comuna 3,1,0-300 m,0,300,3229,282289.36414897913,0.28228936414897915,11438.61728455304,11438.61728455304,1.0
40995,Banco Galicia,BANELCO,CORDOBA AV. Y RIOBAMBA,Balvanera,Comuna 3,2,300-600 m,300,600,7472,846868.092447653,0.8468680924476529,8823.097796026437,11438.61728455304,0.7713430370593255
40995,Banco Galicia,BANELCO,CORDOBA AV. Y RIOBAMBA,Balvanera,Comuna 3,3,600-900 m,600,900,14783,1411446.8207453075,1.4114468207453075,10473.650004180752,11438.61728455304,0.9156395168780233
40995,Banco Galicia,BANELCO,CORDOBA AV. Y RIOBAMBA,Balvanera,Comuna 3,4,900-1200 m,900,1200,20281,1976025.5490442794,1.9760255490442793,10263.531263454093,11438.61728455304,0.8972702738568054
40057,Banco Patagonia,BANELCO,"CORDOBA Y NEWBERY, JORGE AV.",Chacarita,Comuna 15,1,0-300 m,0,300,1158,282289.36414897913,0.28228936414897915,4102.173680864794,4102.173680864794,1.0
40057,Banco Patagonia,BANELCO,"CORDOBA Y NEWBERY, JORGE AV.",Chacarita,Comuna 15,2,300-600 m,300,600,3823,846868.092447653,0.8468680924476529,4514.280363250678,4102.173680864794,1.1004605641902043
40057,Banco Patagonia,BANELCO,"CORDOBA Y NEWBERY, JORGE AV.",Chacarita,Comuna 15,3,600-900 m,600,900,5996,1411446.8207453075,1.4114468207453075,4248.123210787242,4102.173680864794,1.0355785837648104
40057,Banco Patagonia,BANELCO,"CORDOBA Y NEWBERY, JORGE AV.",Chacarita,Comuna 15,4,900-1200 m,900,1200,7003,1976025.5490442794,1.9760255490442793,3543.9825175271935,4102.173680864794,0.8639279546009067
41340,ICBC,BANELCO,CORDOBA Y OLLEROS,Chacarita,Comuna 15,1,0-300 m,0,300,1835,282289.36414897913,0.28228936414897915,6500.422024513728,6500.422024513728,1.0
41340,ICBC,BANELCO,CORDOBA Y OLLEROS,Chacarita,Comuna 15,2,300-600 m,300,600,3216,846868.092447653,0.8468680924476529,3797.5217494674816,6500.422024513728,0.58419618528561
41340,ICBC,BANELCO,CORDOBA Y OLLEROS,Chacarita,Comuna 15,3,600-900 m,600,900,5224,1411446.8207453075,1.4114468207453075,3701.166720005429,6500.422024513728,0.5693732970025588
41340,ICBC,BANELCO,CORDOBA Y OLLEROS,Chacarita,Comuna 15,4,900-1200 m,900,1200,6179,1976025.5490442794,1.9760255490442793,3126.9838606026747,6500.422024513728,0.48104320747337825
40978,Banco Galicia,BANELCO,CORRIENTES AV. Y 25 DE MAYO,San Nicolas,Comuna 1,1,0-300 m,0,300,2855,282289.36414897913,0.28228936414897915,10113.735629420542,10113.735629420542,1.0
40978,Banco Galicia,BANELCO,CORRIENTES AV. Y 25 DE MAYO,San Nicolas,Comuna 1,2,300-600 m,300,600,6883,846868.092447653,0.8468680924476529,8127.59396815444,10113.735629420542,0.8036193812018896
40978,Banco Galicia,BANELCO,CORRIENTES AV. Y 25 DE MAYO,San Nicolas,Comuna 1,3,600-900 m,600,900,10708,1411446.8207453075,1.4114468207453075,7586.54158457468,10113.735629420542,0.7501225919437391
40978,Banco Galicia,BANELCO,CORRIENTES AV. Y 25 DE MAYO,San Nicolas,Comuna 1,4,900-1200 m,900,1200,12852,1976025.5490442794,1.9760255490442793,6503.9644888275725,10113.735629420542,0.6430823117333364
40853,Banco Galicia,BANELCO,CORRIENTES AV. Y 9 DE JULIO AV.,San Nicolas,Comuna 1,1,0-300 m,0,300,7500,282289.36414897913,0.28228936414897915,26568.482389020686,26568.482389020686,1.0
40853,Banco Galicia,BANELCO,CORRIENTES AV. Y 9 DE JULIO AV.,San Nicolas,Comuna 1,2,300-600 m,300,600,8654,846868.092447653,0.8468680924476529,10218.828737528478,26568.482389020686,0.38462222222189724
40853,Banco Galicia,BANELCO,CORRIENTES AV. Y 9 DE JULIO AV.,San Nicolas,Comuna 1,3,600-900 m,600,900,16615,1411446.8207453075,1.4114468207453075,11771.608930491999,26568.482389020686,0.44306666666653743
40853,Banco Galicia,BANELCO,CORRIENTES AV. Y 9 DE JULIO AV.,San Nicolas,Comuna 1,4,900-1200 m,900,1200,18146,1976025.5490442794,1.9760255490442793,9183.079646301365,26568.482389020686,0.34563809523784594
40597,BBVA Banco Francés,BANELCO,CORRIENTES AV. Y 9 DE JULIO AV.,San Nicolas,Comuna 1,1,0-300 m,0,300,7500,282289.36414897913,0.28228936414897915,26568.482389020686,26568.482389020686,1.0
40597,BBVA Banco Francés,BANELCO,CORRIENTES AV. Y 9 DE JULIO AV.,San Nicolas,Comuna 1,2,300-600 m,300,600,8654,846868.092447653,0.8468680924476529,10218.828737528478,26568.482389020686,0.38462222222189724
40597,BBVA Banco Francés,BANELCO,CORRIENTES AV. Y 9 DE JULIO AV.,San Nicolas,Comuna 1,3,600-900 m,600,900,16615,1411446.8207453075,1.4114468207453075,11771.608930491999,26568.482389020686,0.44306666666653743
40597,BBVA Banco Francés,BANELCO,CORRIENTES AV. Y 9 DE JULIO AV.,San Nicolas,Comuna 1,4,900-1200 m,900,1200,18146,1976025.5490442794,1.9760255490442793,9183.079646301365,26568.482389020686,0.34563809523784594
41032,CitiBank,BANELCO,CORRIENTES AV. Y LAMBARE,Almagro,Comuna 5,1,0-300 m,0,300,1973,282289.36414897913,0.28228936414897915,6989.282100471709,6989.282100471709,1.0
41032,CitiBank,BANELCO,CORRIENTES AV. Y LAMBARE,Almagro,Comuna 5,2,300-600 m,300,600,5100,846868.092447653,0.8468680924476529,6022.189341506268,6989.282100471709,0.8616320324371838
41032,CitiBank,BANELCO,CORRIENTES AV. Y LAMBARE,Almagro,Comuna 5,3,600-900 m,600,900,7637,1411446.8207453075,1.4114468207453075,5410.760000130448,6989.282100471709,0.7741510390266368
41032,CitiBank,BANELCO,CORRIENTES AV. Y LAMBARE,Almagro,Comuna 5,4,900-1200 m,900,1200,13430,1976025.5490442794,1.9760255490442793,6796.4708282721995,6989.282100471709,0.9724132937506562
40809,Banco Galicia,BANELCO,CORRIENTES AV. Y LEIVA,Chacarita,Comuna 15,1,0-300 m,0,300,1556,282289.36414897913,0.28228936414897915,5512.074479642159,5512.074479642159,1.0
40809,Banco Galicia,BANELCO,CORRIENTES AV. Y LEIVA,Chacarita,Comuna 15,2,300-600 m,300,600,2978,846868.092447653,0.8468680924476529,3516.4862468638557,5512.074479642159,0.6379605826901208
40809,Banco Galicia,BANELCO,CORRIENTES AV. Y LEIVA,Chacarita,Comuna 15,3,600-900 m,600,900,5218,1411446.8207453075,1.4114468207453075,3696.9157628231865,5512.074479642159,0.6706940874034033
40809,Banco Galicia,BANELCO,CORRIENTES AV. Y LEIVA,Chacarita,Comuna 15,4,900-1200 m,900,1200,8352,1976025.5490442794,1.9760255490442793,4226.665998341728,5512.074479642159,0.7668013220706917
41081,Compania Financiera,BANELCO,CORRIENTES AV. Y OLLEROS,Chacarita,Comuna 15,1,0-300 m,0,300,1700,282289.36414897913,0.28228936414897915,6022.189341511355,6022.189341511355,1.0
41081,Compania Financiera,BANELCO,CORRIENTES AV. Y OLLEROS,Chacarita,Comuna 15,2,300-600 m,300,600,2921,846868.092447653,0.8468680924476529,3449.179424811727,6022.189341511355,0.5727450980387319
41081,Compania Financiera,BANELCO,CORRIENTES AV. Y OLLEROS,Chacarita,Comuna 15,3,600-900 m,600,900,3164,1411446.8207453075,1.4114468207453075,2241.6714207689847,6022.189341511355,0.3722352941175385
41081,Compania Financiera,BANELCO,CORRIENTES AV. Y OLLEROS,Chacarita,Comuna 15,4,900-1200 m,900,1200,5613,1976025.5490442794,1.9760255490442793,2840.5503171326773,6022.189341511355,0.47168067226856736
40935,Banco Galicia,BANELCO,CORRIENTES AV. Y RECONQUISTA,San Nicolas,Comuna 1,1,0-300 m,0,300,4221,282289.36414897913,0.28228936414897915,14952.741888540842,14952.741888540842,1.0
40935,Banco Galicia,BANELCO,CORRIENTES AV. Y RECONQUISTA,San Nicolas,Comuna 1,2,300-600 m,300,600,8193,846868.092447653,0.8468680924476529,9674.470053913892,14952.741888540842,0.647003079838354
40935,Banco Galicia,BANELCO,CORRIENTES AV. Y RECONQUISTA,San Nicolas,Comuna 1,3,600-900 m,600,900,11858,1411446.8207453075,1.4114468207453075,8401.308377837744,14952.741888540842,0.5618573797676636
40935,Banco Galicia,BANELCO,CORRIENTES AV. Y RECONQUISTA,San Nicolas,Comuna 1,4,900-1200 m,900,1200,12888,1976025.5490442794,1.9760255490442793,6522.18287675146,14952.741888540842,0.43618641486413867
39799,Banco Itaú,BANELCO,CORRIENTES AV. Y SERRANO,Villa Crespo,Comuna 15,1,0-300 m,0,300,1384,282289.36414897913,0.28228936414897915,4902.770616853951,4902.770616853951,1.0
39799,Banco Itaú,BANELCO,CORRIENTES AV. Y SERRANO,Villa Crespo,Comuna 15,2,300-600 m,300,600,5065,846868.092447653,0.8468680924476529,5980.860591123382,4902.770616853951,1.2198940269739211
39799,Banco Itaú,BANELCO,CORRIENTES AV. Y SERRANO,Villa Crespo,Comuna 15,3,600-900 m,600,900,6269,1411446.8207453075,1.4114468207453075,4441.541762579256,4902.770616853951,0.9059248554910653
39799,Banco Itaú,BANELCO,CORRIENTES AV. Y SERRANO,Villa Crespo,Comuna 15,4,900-1200 m,900,1200,8611,1976025.5490442794,1.9760255490442793,4357.737178127469,4902.770616853951,0.8888315441777238
39979,Banco Macro,BANELCO,CORRIENTES AV. Y SUIPACHA,San Nicolas,Comuna 1,1,0-300 m,0,300,7175,282289.36414897913,0.28228936414897915,25417.181485496458,25417.181485496458,1.0
39979,Banco Macro,BANELCO,CORRIENTES AV. Y SUIPACHA,San Nicolas,Comuna 1,2,300-600 m,300,600,11073,846868.092447653,0.8468680924476529,13075.235799705668,25417.181485496458,0.5144250871075793
39979,Banco Macro,BANELCO,CORRIENTES AV. Y SUIPACHA,San Nicolas,Comuna 1,3,600-900 m,600,900,14851,1411446.8207453075,1.4114468207453075,10521.827518912829,25417.181485496458,0.4139651567943043
39979,Banco Macro,BANELCO,CORRIENTES AV. Y SUIPACHA,San Nicolas,Comuna 1,4,900-1200 m,900,1200,17015,1976025.5490442794,1.9760255490442793,8610.718625692589,25417.181485496458,0.3387755102038373
40223,Banco Santander Río,BANELCO,CORRIENTES AV. Y SUIPACHA,San Nicolas,Comuna 1,1,0-300 m,0,300,7234,282289.36414897913,0.28228936414897915,25626.186880290086,25626.186880290086,1.0
40223,Banco Santander Río,BANELCO,CORRIENTES AV. Y SUIPACHA,San Nicolas,Comuna 1,2,300-600 m,300,600,10639,846868.092447653,0.8468680924476529,12562.75929495788,25626.186880290086,0.490231315085753
40223,Banco Santander Río,BANELCO,CORRIENTES AV. Y SUIPACHA,San Nicolas,Comuna 1,3,600-900 m,600,900,15307,1411446.8207453075,1.4114468207453075,10844.900264763228,25626.186880290086,0.42319601879998714
40223,Banco Santander Río,BANELCO,CORRIENTES AV. Y SUIPACHA,San Nicolas,Comuna 1,4,900-1200 m,900,1200,17160,1976025.5490442794,1.9760255490442793,8684.098243719354,25626.186880290086,0.3388759429674873
41053,CitiBank,BANELCO,CORRIENTES AV. Y SUIPACHA,San Nicolas,Comuna 1,1,0-300 m,0,300,7234,282289.36414897913,0.28228936414897915,25626.186880290086,25626.186880290086,1.0
41053,CitiBank,BANELCO,CORRIENTES AV. Y SUIPACHA,San Nicolas,Comuna 1,2,300-600 m,300,600,10639,846868.092447653,0.8468680924476529,12562.75929495788,25626.186880290086,0.490231315085753
41053,CitiBank,BANELCO,CORRIENTES AV. Y SUIPACHA,San Nicolas,Comuna 1,3,600-900 m,600,900,15307,1411446.8207453075,1.4114468207453075,10844.900264763228,25626.186880290086,0.42319601879998714
41053,CitiBank,BANELCO,CORRIENTES AV. Y SUIPACHA,San Nicolas,Comuna 1,4,900-1200 m,900,1200,17160,1976025.5490442794,1.9760255490442793,8684.098243719354,25626.186880290086,0.3388759429674873
40537,BBVA Banco Francés,BANELCO,CORRIENTES AV. Y URUGUAY AV.,San Nicolas,Comuna 1,1,0-300 m,0,300,3878,282289.36414897913,0.28228936414897915,13737.676627282963,13737.676627282963,1.0
40537,BBVA Banco Francés,BANELCO,CORRIENTES AV. Y URUGUAY AV.,San Nicolas,Comuna 1,2,300-600 m,300,600,8968,846868.092447653,0.8468680924476529,10589.606669534944,13737.676627282963,0.7708440777026323
40537,BBVA Banco Francés,BANELCO,CORRIENTES AV. Y URUGUAY AV.,San Nicolas,Comuna 1,3,600-900 m,600,900,18660,1411446.8207453075,1.4114468207453075,13220.476836772837,13737.676627282963,0.9623517276944074
40537,BBVA Banco Francés,BANELCO,CORRIENTES AV. Y URUGUAY AV.,San Nicolas,Comuna 1,4,900-1200 m,900,1200,17272,1976025.5490442794,1.9760255490442793,8740.777672815891,13737.676627282963,0.63626316952728
40322,Banco Santander Río,BANELCO,"CORTAZAR, JULIO Y ZAMUDIO",Agronomia,Comuna 15,1,0-300 m,0,300,192,282289.36414897913,0.28228936414897915,680.1531491589295,680.1531491589295,1.0
40322,Banco Santander Río,BANELCO,"CORTAZAR, JULIO Y ZAMUDIO",Agronomia,Comuna 15,2,300-600 m,300,600,905,846868.092447653,0.8468680924476529,1068.6434027574846,680.1531491589295,1.571180555554228
40322,Banco Santander Río,BANELCO,"CORTAZAR, JULIO Y ZAMUDIO",Agronomia,Comuna 15,3,600-900 m,600,900,1732,1411446.8207453075,1.4114468207453075,1227.1096399405442,680.1531491589295,1.8041666666661407
40322,Banco Santander Río,BANELCO,"CORTAZAR, JULIO Y ZAMUDIO",Agronomia,Comuna 15,4,900-1200 m,900,1200,3125,1976025.5490442794,1.9760255490442793,1581.4572850596144,680.1531491589295,2.3251488095221324
39719,Banco Columbia,BANELCO,COSQUIN Y RIVADAVIA AV.,Liniers,Comuna 9,1,0-300 m,0,300,2359,282289.36414897913,0.28228936414897915,8356.673327426639,8356.673327426639,1.0
39719,Banco Columbia,BANELCO,COSQUIN Y RIVADAVIA AV.,Liniers,Comuna 9,2,300-600 m,300,600,4745,846868.092447653,0.8468680924476529,5602.997730479851,8356.673327426639,0.6704818425881012
39719,Banco Columbia,BANELCO,COSQUIN Y RIVADAVIA AV.,Liniers,Comuna 9,3,600-900 m,600,900,4082,1411446.8207453075,1.4114468207453075,2892.0678696520213,8356.673327426639,0.34607884696895375
39719,Banco Columbia,BANELCO,COSQUIN Y RIVADAVIA AV.,Liniers,Comuna 9,4,900-1200 m,900,1200,2629,1976025.5490442794,1.9760255490442793,1330.4483847749525,8356.673327426639,0.15920789680846026
40116,Banco Santander Río,BANELCO,"COSTA RICA Y JUSTO, JUAN B. AV.",Palermo,Comuna 14,1,0-300 m,0,300,839,282289.36414897913,0.28228936414897915,2972.127563251781,2972.127563251781,1.0
40116,Banco Santander Río,BANELCO,"COSTA RICA Y JUSTO, JUAN B. AV.",Palermo,Comuna 14,2,300-600 m,300,600,5375,846868.092447653,0.8468680924476529,6346.915237371802,2972.127563251781,2.135478744535343
40116,Banco Santander Río,BANELCO,"COSTA RICA Y JUSTO, JUAN B. AV.",Palermo,Comuna 14,3,600-900 m,600,900,9106,1411446.8207453075,1.4114468207453075,6451.536016916048,2972.127563251781,2.1706793802139077
40116,Banco Santander Río,BANELCO,"COSTA RICA Y JUSTO, JUAN B. AV.",Palermo,Comuna 14,4,900-1200 m,900,1200,12910,1976025.5490442794,1.9760255490442793,6533.31633603828,2972.127563251781,2.1981951302555234
40731,BBVA Banco Francés,BANELCO,C.PELLEGRINI 1413,Retiro,Comuna 1,1,0-300 m,0,300,1107,282289.36414897913,0.28228936414897915,3921.5080006194535,3921.5080006194535,1.0
40731,BBVA Banco Francés,BANELCO,C.PELLEGRINI 1413,Retiro,Comuna 1,2,300-600 m,300,600,3661,846868.092447653,0.8468680924476529,4322.987290049891,3921.5080006194535,1.1023788015648621
40731,BBVA Banco Francés,BANELCO,C.PELLEGRINI 1413,Retiro,Comuna 1,3,600-900 m,600,900,7999,1411446.8207453075,1.4114468207453075,5667.234416792386,3921.5080006194535,1.4451671183374284
40731,BBVA Banco Francés,BANELCO,C.PELLEGRINI 1413,Retiro,Comuna 1,4,900-1200 m,900,1200,13958,1976025.5490442794,1.9760255490442793,7063.6738511558715,3921.5080006194535,1.8012646793121605
40136,Banco Santander Río,BANELCO,CRAMER AV. Y ECHEVERRIA,Belgrano,Comuna 13,1,0-300 m,0,300,1149,282289.36414897913,0.28228936414897915,4070.291501997969,4070.291501997969,1.0
40136,Banco Santander Río,BANELCO,CRAMER AV. Y ECHEVERRIA,Belgrano,Comuna 13,2,300-600 m,300,600,3445,846868.092447653,0.8468680924476529,4067.9298591155084,4070.291501997969,0.9994197853197243
40136,Banco Santander Río,BANELCO,CRAMER AV. Y ECHEVERRIA,Belgrano,Comuna 13,3,600-900 m,600,900,7878,1411446.8207453075,1.4114468207453075,5581.5067802838375,4070.291501997969,1.3712793733677462
40136,Banco Santander Río,BANELCO,CRAMER AV. Y ECHEVERRIA,Belgrano,Comuna 13,4,900-1200 m,900,1200,7042,1976025.5490442794,1.9760255490442793,3563.7191044447377,4070.291501997969,0.8755439512613354
40288,Banco Santander Río,BANELCO,"CRUZ, OSVALDO Y PEPIRI",Nueva Pompeya,Comuna 4,1,0-300 m,0,300,320,282289.36414897913,0.28228936414897915,1133.5885819315492,1133.5885819315492,1.0
40288,Banco Santander Río,BANELCO,"CRUZ, OSVALDO Y PEPIRI",Nueva Pompeya,Comuna 4,2,300-600 m,300,600,1599,846868.092447653,0.8468680924476529,1888.1334817781415,1133.5885819315492,1.6656249999985928
40288,Banco Santander Río,BANELCO,"CRUZ, OSVALDO Y PEPIRI",Nueva Pompeya,Comuna 4,3,600-900 m,600,900,4048,1411446.8207453075,1.4114468207453075,2867.979112285983,1133.5885819315492,2.5299999999992617
40288,Banco Santander Río,BANELCO,"CRUZ, OSVALDO Y PEPIRI",Nueva Pompeya,Comuna 4,4,900-1200 m,900,1200,3917,1976025.5490442794,1.9760255490442793,1982.261819385123,1133.5885819315492,1.748660714284453
40291,Banco Santander Río,BANELCO,CUBA 1920,Belgrano,Comuna 13,1,0-300 m,0,300,1647,282289.36414897913,0.28228936414897915,5834.4387326289425,5834.4387326289425,1.0
40291,Banco Santander Río,BANELCO,CUBA 1920,Belgrano,Comuna 13,2,300-600 m,300,600,6126,846868.092447653,0.8468680924476529,7233.712138444587,5834.4387326289425,1.2398299939273072
40291,Banco Santander Río,BANELCO,CUBA 1920,Belgrano,Comuna 13,3,600-900 m,600,900,7147,1411446.8207453075,1.4114468207453075,5063.598496914012,5834.4387326289425,0.867880995749595
40291,Banco Santander Río,BANELCO,CUBA 1920,Belgrano,Comuna 13,4,900-1200 m,900,1200,8071,1976025.5490442794,1.9760255490442793,4084.4613592691676,5834.4387326289425,0.7000607164536542
40573,BBVA Banco Francés,BANELCO,CUENCA 3401,Villa Del Parque,Comuna 11,1,0-300 m,0,300,866,282289.36414897913,0.28228936414897915,3067.7740998522554,3067.7740998522554,1.0
40573,BBVA Banco Francés,BANELCO,CUENCA 3401,Villa Del Parque,Comuna 11,2,300-600 m,300,600,1964,846868.092447653,0.8468680924476529,2319.1333071996687,3067.7740998522554,0.7559661277899695
40573,BBVA Banco Francés,BANELCO,CUENCA 3401,Villa Del Parque,Comuna 11,3,600-900 m,600,900,2849,1411446.8207453075,1.4114468207453075,2018.496168701276,3067.7740998522554,0.6579676674362976
40573,BBVA Banco Francés,BANELCO,CUENCA 3401,Villa Del Parque,Comuna 11,4,900-1200 m,900,1200,3583,1976025.5490442794,1.9760255490442793,1813.2356647579516,3067.7740998522554,0.5910590564165977
41292,ICBC,BANELCO,CUENCA 3470,Villa Del Parque,Comuna 11,1,0-300 m,0,300,857,282289.36414897913,0.28228936414897915,3035.8919209854303,3035.8919209854303,1.0
41292,ICBC,BANELCO,CUENCA 3470,Villa Del Parque,Comuna 11,2,300-600 m,300,600,1899,846868.092447653,0.8468680924476529,2242.3799136314515,3035.8919209854303,0.7386231038500178
41292,ICBC,BANELCO,CUENCA 3470,Villa Del Parque,Comuna 11,3,600-900 m,600,900,2736,1411446.8207453075,1.4114468207453075,1938.4364751023838,3035.8919209854303,0.6385064177361032
41292,ICBC,BANELCO,CUENCA 3470,Villa Del Parque,Comuna 11,4,900-1200 m,900,1200,3711,1976025.5490442794,1.9760255490442793,1878.0121551539935,3035.8919209854303,0.6186031005163066
41210,HSBC Bank Argentina,BANELCO,CUENCA 3479,Villa Del Parque,Comuna 11,1,0-300 m,0,300,837,282289.36414897913,0.28228936414897915,2965.0426346147087,2965.0426346147087,1.0
41210,HSBC Bank Argentina,BANELCO,CUENCA 3479,Villa Del Parque,Comuna 11,2,300-600 m,300,600,1914,846868.092447653,0.8468680924476529,2260.092235224117,2965.0426346147087,0.7622461170841827
41210,HSBC Bank Argentina,BANELCO,CUENCA 3479,Villa Del Parque,Comuna 11,3,600-900 m,600,900,2742,1411446.8207453075,1.4114468207453075,1942.6874322846259,2965.0426346147087,0.6551971326162963
41210,HSBC Bank Argentina,BANELCO,CUENCA 3479,Villa Del Parque,Comuna 11,4,900-1200 m,900,1200,3671,1976025.5490442794,1.9760255490442793,1857.7695019052303,2965.0426346147087,0.626557433008594
40330,Banco Santander Río,BANELCO,CUENCA Y YERBAL,Flores,Comuna 7,1,0-300 m,0,300,1989,282289.36414897913,0.28228936414897915,7045.961529568286,7045.961529568286,1.0
40330,Banco Santander Río,BANELCO,CUENCA Y YERBAL,Flores,Comuna 7,2,300-600 m,300,600,6873,846868.092447653,0.8468680924476529,8115.785753759329,7045.961529568286,1.1518350930105905
40330,Banco Santander Río,BANELCO,CUENCA Y YERBAL,Flores,Comuna 7,3,600-900 m,600,900,7435,1411446.8207453075,1.4114468207453075,5267.644441661631,7045.961529568286,0.7476118652587059
40330,Banco Santander Río,BANELCO,CUENCA Y YERBAL,Flores,Comuna 7,4,900-1200 m,900,1200,9327,1976025.5490442794,1.9760255490442793,4720.080671280328,7045.961529568286,0.6698987287217749
39903,Banco Itaú,BANELCO,"CULPINA Y PERON, EVA AV.",Flores,Comuna 7,1,0-300 m,0,300,1018,282289.36414897913,0.28228936414897915,3606.2286762697413,3606.2286762697413,1.0
39903,Banco Itaú,BANELCO,"CULPINA Y PERON, EVA AV.",Flores,Comuna 7,2,300-600 m,300,600,2973,846868.092447653,0.8468680924476529,3510.582139666301,3606.2286762697413,0.9734774066789418
39903,Banco Itaú,BANELCO,"CULPINA Y PERON, EVA AV.",Flores,Comuna 7,3,600-900 m,600,900,4223,1411446.8207453075,1.4114468207453075,2991.96536343471,3606.2286762697413,0.8296660117875772
39903,Banco Itaú,BANELCO,"CULPINA Y PERON, EVA AV.",Flores,Comuna 7,4,900-1200 m,900,1200,5687,1976025.5490442794,1.9760255490442793,2877.9992256428886,3606.2286762697413,0.7980634296935023
41324,ICBC,BANELCO,"DEALESSI, PIERINA Y VILLAFLOR, AZUCENA",Puerto Madero,Comuna 1,1,0-300 m,0,300,212,282289.36414897913,0.28228936414897915,751.0024355296514,751.0024355296514,1.0
41324,ICBC,BANELCO,"DEALESSI, PIERINA Y VILLAFLOR, AZUCENA",Puerto Madero,Comuna 1,2,300-600 m,300,600,811,846868.092447653,0.8468680924476529,957.6461874434476,751.0024355296514,1.2751572327033251
41324,ICBC,BANELCO,"DEALESSI, PIERINA Y VILLAFLOR, AZUCENA",Puerto Madero,Comuna 1,3,600-900 m,600,900,2225,1411446.8207453075,1.4114468207453075,1576.3966217481009,751.0024355296514,2.0990566037729725
41324,ICBC,BANELCO,"DEALESSI, PIERINA Y VILLAFLOR, AZUCENA",Puerto Madero,Comuna 1,4,900-1200 m,900,1200,6458,1976025.5490442794,1.9760255490442793,3268.176367012797,751.0024355296514,4.351752021560204
39802,Banco Itaú,BANELCO,DEFENSA 818,San Telmo,Comuna 1,1,0-300 m,0,300,3215,282289.36414897913,0.28228936414897915,11389.022784093535,11389.022784093535,1.0
39802,Banco Itaú,BANELCO,DEFENSA 818,San Telmo,Comuna 1,2,300-600 m,300,600,6584,846868.092447653,0.8468680924476529,7774.528357740641,11389.022784093535,0.682633488853752
39802,Banco Itaú,BANELCO,DEFENSA 818,San Telmo,Comuna 1,3,600-900 m,600,900,7103,1411446.8207453075,1.4114468207453075,5032.424810910904,11389.022784093535,0.44186625194388357
39802,Banco Itaú,BANELCO,DEFENSA 818,San Telmo,Comuna 1,4,900-1200 m,900,1200,9503,1976025.5490442794,1.9760255490442793,4809.148345574885,11389.022784093535,0.4222617196175581
41170,HSBC Bank Argentina,BANELCO,"DEFENSA Y GARCIA, MARTIN AV.",Barracas,Comuna 4,1,0-300 m,0,300,1681,282289.36414897913,0.28228936414897915,5954.88251945917,5954.88251945917,1.0
41170,HSBC Bank Argentina,BANELCO,"DEFENSA Y GARCIA, MARTIN AV.",Barracas,Comuna 4,2,300-600 m,300,600,4023,846868.092447653,0.8468680924476529,4750.444651152885,5954.88251945917,0.7977394408083682
41170,HSBC Bank Argentina,BANELCO,"DEFENSA Y GARCIA, MARTIN AV.",Barracas,Comuna 4,3,600-900 m,600,900,6775,1411446.8207453075,1.4114468207453075,4800.039151615004,5954.88251945917,0.8060678167754936
41170,HSBC Bank Argentina,BANELCO,"DEFENSA Y GARCIA, MARTIN AV.",Barracas,Comuna 4,4,900-1200 m,900,1200,10571,1976025.5490442794,1.9760255490442793,5349.627187316859,5954.88251945917,0.8983598198344841
40771,Banco Galicia,BANELCO,DEFENSA Y MEXICO,Monserrat,Comuna 1,1,0-300 m,0,300,2519,282289.36414897913,0.28228936414897915,8923.467618392415,8923.467618392415,1.0
40771,Banco Galicia,BANELCO,DEFENSA Y MEXICO,Monserrat,Comuna 1,2,300-600 m,300,600,6387,846868.092447653,0.8468680924476529,7541.906534156967,8923.467618392415,0.8451766574030175
40771,Banco Galicia,BANELCO,DEFENSA Y MEXICO,Monserrat,Comuna 1,3,600-900 m,600,900,9231,1411446.8207453075,1.4114468207453075,6540.097624879424,8923.467618392415,0.7329098848747365
40771,Banco Galicia,BANELCO,DEFENSA Y MEXICO,Monserrat,Comuna 1,4,900-1200 m,900,1200,11035,1976025.5490442794,1.9760255490442793,5584.44196500251,8923.467618392415,0.6258152328016809
41375,ICBC,BANELCO,DEFENSA Y MEXICO,Monserrat,Comuna 1,1,0-300 m,0,300,2137,282289.36414897913,0.28228936414897915,7570.246248711627,7570.246248711627,1.0
41375,ICBC,BANELCO,DEFENSA Y MEXICO,Monserrat,Comuna 1,2,300-600 m,300,600,6445,846868.092447653,0.8468680924476529,7610.394177648607,7570.246248711627,1.0053033848065132
41375,ICBC,BANELCO,DEFENSA Y MEXICO,Monserrat,Comuna 1,3,600-900 m,600,900,8632,1411446.8207453075,1.4114468207453075,6115.7103995189245,7570.246248711627,0.8078614880671485
41375,ICBC,BANELCO,DEFENSA Y MEXICO,Monserrat,Comuna 1,4,900-1200 m,900,1200,11058,1976025.5490442794,1.9760255490442793,5596.08149062055,7570.246248711627,0.7392205361315612
40598,BBVA Banco Francés,BANELCO,DEKAY Y QUILMES,Nueva Pompeya,Comuna 4,1,0-300 m,0,300,1272,282289.36414897913,0.28228936414897915,4506.014613177908,4506.014613177908,1.0
40598,BBVA Banco Francés,BANELCO,DEKAY Y QUILMES,Nueva Pompeya,Comuna 4,2,300-600 m,300,600,2599,846868.092447653,0.8468680924476529,3068.9549212891743,4506.014613177908,0.6810796645696552
40598,BBVA Banco Francés,BANELCO,DEKAY Y QUILMES,Nueva Pompeya,Comuna 4,3,600-900 m,600,900,5003,1411446.8207453075,1.4114468207453075,3544.5897971261793,4506.014613177908,0.7866352201255568
40598,BBVA Banco Francés,BANELCO,DEKAY Y QUILMES,Nueva Pompeya,Comuna 4,4,900-1200 m,900,1200,5669,1976025.5490442794,1.9760255490442793,2868.8900316809454,4506.014613177908,0.6366801437551562
40329,Banco Santander Río,BANELCO,DEKAY Y QUILMES,Nueva Pompeya,Comuna 4,1,0-300 m,0,300,1335,282289.36414897913,0.28228936414897915,4729.189865245682,4729.189865245682,1.0
40329,Banco Santander Río,BANELCO,DEKAY Y QUILMES,Nueva Pompeya,Comuna 4,2,300-600 m,300,600,2454,846868.092447653,0.8468680924476529,2897.7358125600745,4729.189865245682,0.6127340823964861
40329,Banco Santander Río,BANELCO,DEKAY Y QUILMES,Nueva Pompeya,Comuna 4,3,600-900 m,600,900,5025,1411446.8207453075,1.4114468207453075,3560.176640127733,4729.189865245682,0.7528089887638253
40329,Banco Santander Río,BANELCO,DEKAY Y QUILMES,Nueva Pompeya,Comuna 4,4,900-1200 m,900,1200,5820,1976025.5490442794,1.9760255490442793,2945.306047695026,4729.189865245682,0.6227929373992298
41310,ICBC,BANELCO,DELLA PAOLERA 265,Retiro,Comuna 1,1,0-300 m,0,300,1138,282289.36414897913,0.28228936414897915,4031.3243944940723,4031.3243944940723,1.0
41310,ICBC,BANELCO,DELLA PAOLERA 265,Retiro,Comuna 1,2,300-600 m,300,600,5037,846868.092447653,0.8468680924476529,5947.797590817073,4031.3243944940723,1.4753954305787185
41310,ICBC,BANELCO,DELLA PAOLERA 265,Retiro,Comuna 1,3,600-900 m,600,900,8228,1411446.8207453075,1.4114468207453075,5829.479282581292,4031.3243944940723,1.4460456941999298
41310,ICBC,BANELCO,DELLA PAOLERA 265,Retiro,Comuna 1,4,900-1200 m,900,1200,10765,1976025.5490442794,1.9760255490442793,5447.80405557336,4031.3243944940723,1.351368315339221
41151,HSBC Bank Argentina,BANELCO,"DELLA PAOLERA, CARLOS M. Y MADERO, EDUARDO AV.",Retiro,Comuna 1,1,0-300 m,0,300,751,282289.36414897913,0.28228936414897915,2660.390703220605,2660.390703220605,1.0
41151,HSBC Bank Argentina,BANELCO,"DELLA PAOLERA, CARLOS M. Y MADERO, EDUARDO AV.",Retiro,Comuna 1,2,300-600 m,300,600,3726,846868.092447653,0.8468680924476529,4399.740683618108,2660.390703220605,1.6537949400784961
41151,HSBC Bank Argentina,BANELCO,"DELLA PAOLERA, CARLOS M. Y MADERO, EDUARDO AV.",Retiro,Comuna 1,3,600-900 m,600,900,8343,1411446.8207453075,1.4114468207453075,5910.955961907598,2660.390703220605,2.221837549932774
41151,HSBC Bank Argentina,BANELCO,"DELLA PAOLERA, CARLOS M. Y MADERO, EDUARDO AV.",Retiro,Comuna 1,4,900-1200 m,900,1200,11581,1976025.5490442794,1.9760255490442793,5860.754181848127,2660.390703220605,2.2029674719405836
40925,Banco Galicia,BANELCO,"DEL LIBERTADOR AV. Y MATIENZO, BENJAMIN, TENIENTE",Palermo,Comuna 14,1,0-300 m,0,300,616,282289.36414897913,0.28228936414897915,2182.158020218232,2182.158020218232,1.0
40925,Banco Galicia,BANELCO,"DEL LIBERTADOR AV. Y MATIENZO, BENJAMIN, TENIENTE",Palermo,Comuna 14,2,300-600 m,300,600,1412,846868.092447653,0.8468680924476529,1667.3198725895784,2182.158020218232,0.7640692640686186
40925,Banco Galicia,BANELCO,"DEL LIBERTADOR AV. Y MATIENZO, BENJAMIN, TENIENTE",Palermo,Comuna 14,3,600-900 m,600,900,2775,1411446.8207453075,1.4114468207453075,1966.0676967869572,2182.158020218232,0.9009740259737632
40925,Banco Galicia,BANELCO,"DEL LIBERTADOR AV. Y MATIENZO, BENJAMIN, TENIENTE",Palermo,Comuna 14,4,900-1200 m,900,1200,3209,1976025.5490442794,1.9760255490442793,1623.9668568820168,2182.158020218232,0.7442022263445467
40359,Banco Santander Río,BANELCO,DEL LIBERTADOR AV. Y OLAZABAL,Belgrano,Comuna 13,1,0-300 m,0,300,1485,282289.36414897913,0.28228936414897915,5260.559513026096,5260.559513026096,1.0
40359,Banco Santander Río,BANELCO,DEL LIBERTADOR AV. Y OLAZABAL,Belgrano,Comuna 13,2,300-600 m,300,600,3599,846868.092447653,0.8468680924476529,4249.776360800207,5260.559513026096,0.8078563411889919
40359,Banco Santander Río,BANELCO,DEL LIBERTADOR AV. Y OLAZABAL,Belgrano,Comuna 13,3,600-900 m,600,900,4118,1411446.8207453075,1.4114468207453075,2917.573612745474,5260.559513026096,0.5546127946126328
40359,Banco Santander Río,BANELCO,DEL LIBERTADOR AV. Y OLAZABAL,Belgrano,Comuna 13,4,900-1200 m,900,1200,5156,1976025.5490442794,1.9760255490442793,2609.2780037655593,5260.559513026096,0.49600769600733824
39810,Banco Itaú,BANELCO,DEL LIBERTADOR AV. Y PEREYRA LUCENA,Palermo,Comuna 14,1,0-300 m,0,300,1070,282289.36414897913,0.28228936414897915,3790.4368208336177,3790.4368208336177,1.0
39810,Banco Itaú,BANELCO,DEL LIBERTADOR AV. Y PEREYRA LUCENA,Palermo,Comuna 14,2,300-600 m,300,600,2139,846868.092447653,0.8468680924476529,2525.7770591140993,3790.4368208336177,0.6663551401863529
39810,Banco Itaú,BANELCO,DEL LIBERTADOR AV. Y PEREYRA LUCENA,Palermo,Comuna 14,3,600-900 m,600,900,5397,1411446.8207453075,1.4114468207453075,3823.7359854267415,3790.4368208336177,1.0087850467286776
39810,Banco Itaú,BANELCO,DEL LIBERTADOR AV. Y PEREYRA LUCENA,Palermo,Comuna 14,4,900-1200 m,900,1200,6976,1976025.5490442794,1.9760255490442793,3530.3187265842785,3790.4368208336177,0.9313751668885139
41367,ICBC,BANELCO,"DEL LIBERTADOR AV. Y SALGUERO, JERONIMO",Palermo,Comuna 14,1,0-300 m,0,300,916,282289.36414897913,0.28228936414897915,3244.8973157790597,3244.8973157790597,1.0
41367,ICBC,BANELCO,"DEL LIBERTADOR AV. Y SALGUERO, JERONIMO",Palermo,Comuna 14,2,300-600 m,300,600,3496,846868.092447653,0.8468680924476529,4128.151752530571,3244.8973157790597,1.2721979621532191
41367,ICBC,BANELCO,"DEL LIBERTADOR AV. Y SALGUERO, JERONIMO",Palermo,Comuna 14,3,600-900 m,600,900,3707,1411446.8207453075,1.4114468207453075,2626.383045761892,3244.8973157790597,0.8093886462879735
41367,ICBC,BANELCO,"DEL LIBERTADOR AV. Y SALGUERO, JERONIMO",Palermo,Comuna 14,4,900-1200 m,900,1200,5192,1976025.5490442794,1.9760255490442793,2627.4963916894458,3244.8973157790597,0.80973175296261
41140,HSBC Bank Argentina,BANELCO,"DEL LIBERTADOR AV. Y SALGUERO, JERONIMO",Palermo,Comuna 14,1,0-300 m,0,300,912,282289.36414897913,0.28228936414897915,3230.7274585049154,3230.7274585049154,1.0
41140,HSBC Bank Argentina,BANELCO,"DEL LIBERTADOR AV. Y SALGUERO, JERONIMO",Palermo,Comuna 14,2,300-600 m,300,600,3356,846868.092447653,0.8468680924476529,3962.836750999026,3230.7274585049154,1.2266081871334666
41140,HSBC Bank Argentina,BANELCO,"DEL LIBERTADOR AV. Y SALGUERO, JERONIMO",Palermo,Comuna 14,3,600-900 m,600,900,3815,1411446.8207453075,1.4114468207453075,2702.900275042249,3230.7274585049154,0.8366228070172997
41140,HSBC Bank Argentina,BANELCO,"DEL LIBERTADOR AV. Y SALGUERO, JERONIMO",Palermo,Comuna 14,4,900-1200 m,900,1200,5143,1976025.5490442794,1.9760255490442793,2602.699141459711,3230.7274585049154,0.8056077694229778
40791,Banco Galicia,BANELCO,"DEL LIBERTADOR AV. Y SALGUERO, JERONIMO",Palermo,Comuna 14,1,0-300 m,0,300,909,282289.36414897913,0.28228936414897915,3220.100065549307,3220.100065549307,1.0
40791,Banco Galicia,BANELCO,"DEL LIBERTADOR AV. Y SALGUERO, JERONIMO",Palermo,Comuna 14,2,300-600 m,300,600,3392,846868.092447653,0.8468680924476529,4005.3463228214237,3220.100065549307,1.243857719104193
40791,Banco Galicia,BANELCO,"DEL LIBERTADOR AV. Y SALGUERO, JERONIMO",Palermo,Comuna 14,3,600-900 m,600,900,3809,1411446.8207453075,1.4114468207453075,2698.649317860007,3220.100065549307,0.8380638063803936
40791,Banco Galicia,BANELCO,"DEL LIBERTADOR AV. Y SALGUERO, JERONIMO",Palermo,Comuna 14,4,900-1200 m,900,1200,5185,1976025.5490442794,1.9760255490442793,2623.9539273709124,3220.100065549307,0.8148672010052271
41036,CitiBank,BANELCO,"DEL LIBERTADOR AV. Y SCALABRINI ORTIZ, RAUL",Palermo,Comuna 14,1,0-300 m,0,300,833,282289.36414897913,0.28228936414897915,2950.8727773405644,2950.8727773405644,1.0
41036,CitiBank,BANELCO,"DEL LIBERTADOR AV. Y SCALABRINI ORTIZ, RAUL",Palermo,Comuna 14,2,300-600 m,300,600,3307,846868.092447653,0.8468680924476529,3904.9765004629858,2950.8727773405644,1.323329331731575
41036,CitiBank,BANELCO,"DEL LIBERTADOR AV. Y SCALABRINI ORTIZ, RAUL",Palermo,Comuna 14,3,600-900 m,600,900,3891,1411446.8207453075,1.4114468207453075,2756.745732683982,2950.8727773405644,0.934213685473917
41036,CitiBank,BANELCO,"DEL LIBERTADOR AV. Y SCALABRINI ORTIZ, RAUL",Palermo,Comuna 14,4,900-1200 m,900,1200,3948,1976025.5490442794,1.9760255490442793,1997.9498756529144,2950.8727773405644,0.6770708283308441
39977,Banco Macro,BANELCO,DE LOS CONSTITUYENTES AV. Y PIRAN,Villa Urquiza,Comuna 12,1,0-300 m,0,300,810,282289.36414897913,0.28228936414897915,2869.396098014234,2869.396098014234,1.0
39977,Banco Macro,BANELCO,DE LOS CONSTITUYENTES AV. Y PIRAN,Villa Urquiza,Comuna 12,2,300-600 m,300,600,1349,846868.092447653,0.8468680924476529,1592.9281219003833,2869.396098014234,0.5551440329213416
39977,Banco Macro,BANELCO,DE LOS CONSTITUYENTES AV. Y PIRAN,Villa Urquiza,Comuna 12,3,600-900 m,600,900,1474,1411446.8207453075,1.4114468207453075,1044.3184811041351,2869.396098014234,0.3639506172838444
39977,Banco Macro,BANELCO,DE LOS CONSTITUYENTES AV. Y PIRAN,Villa Urquiza,Comuna 12,4,900-1200 m,900,1200,2057,1976025.5490442794,1.9760255490442793,1040.9784433176405,2869.396098014234,0.36278659611966774
40907,Banco Galicia,BANELCO,DE MAYO AV. Y PERU,Monserrat,Comuna 1,1,0-300 m,0,300,3854,282289.36414897913,0.28228936414897915,13652.657483638097,13652.657483638097,1.0
40907,Banco Galicia,BANELCO,DE MAYO AV. Y PERU,Monserrat,Comuna 1,2,300-600 m,300,600,5868,846868.092447653,0.8468680924476529,6929.060207050741,13652.657483638097,0.5075246497141535
40907,Banco Galicia,BANELCO,DE MAYO AV. Y PERU,Monserrat,Comuna 1,3,600-900 m,600,900,13733,1411446.8207453075,1.4114468207453075,9729.73249728839,13652.657483638097,0.7126621691746753
40907,Banco Galicia,BANELCO,DE MAYO AV. Y PERU,Monserrat,Comuna 1,4,900-1200 m,900,1200,17425,1976025.5490442794,1.9760255490442793,8818.20582149241,13652.657483638097,0.6458966565344886
40864,Banco Galicia,BANELCO,DE MAYO AV. Y TACUARI,Monserrat,Comuna 1,1,0-300 m,0,300,2687,282289.36414897913,0.28228936414897915,9518.601623906477,9518.601623906477,1.0
40864,Banco Galicia,BANELCO,DE MAYO AV. Y TACUARI,Monserrat,Comuna 1,2,300-600 m,300,600,9072,846868.092447653,0.8468680924476529,10712.41209924409,9518.601623906477,1.125418682544639
40864,Banco Galicia,BANELCO,DE MAYO AV. Y TACUARI,Monserrat,Comuna 1,3,600-900 m,600,900,16148,1411446.8207453075,1.4114468207453075,11440.742763140825,9518.601623906477,1.2019352437659316
40864,Banco Galicia,BANELCO,DE MAYO AV. Y TACUARI,Monserrat,Comuna 1,4,900-1200 m,900,1200,17358,1976025.5490442794,1.9760255490442793,8784.299377300733,9518.601623906477,0.9228560795357267
40345,Banco Santander Río,BANELCO,"DEVOTO, FORTUNATO Y REPUBLICA BOLIVARIANA DE VENEZUELA",Almagro,Comuna 5,1,0-300 m,0,300,972,282289.36414897913,0.28228936414897915,3443.275317617081,3443.275317617081,1.0
40345,Banco Santander Río,BANELCO,"DEVOTO, FORTUNATO Y REPUBLICA BOLIVARIANA DE VENEZUELA",Almagro,Comuna 5,2,300-600 m,300,600,4293,846868.092447653,0.8468680924476529,5069.266439820864,3443.275317617081,1.4722222222209784
40345,Banco Santander Río,BANELCO,"DEVOTO, FORTUNATO Y REPUBLICA BOLIVARIANA DE VENEZUELA",Almagro,Comuna 5,3,600-900 m,600,900,6753,1411446.8207453075,1.4114468207453075,4784.4523086134495,3443.275317617081,1.389506172839101
40345,Banco Santander Río,BANELCO,"DEVOTO, FORTUNATO Y REPUBLICA BOLIVARIANA DE VENEZUELA",Almagro,Comuna 5,4,900-1200 m,900,1200,9725,1976025.5490442794,1.9760255490442793,4921.49507110552,3443.275317617081,1.4293062904163705
40983,Banco Galicia,BANELCO,Diagonal 41 - Colectora General José María Paz Y 402 - Luis Agote,Villa Devoto,Comuna 11,1,0-300 m,0,300,211,282289.36414897913,0.28228936414897915,747.4599712111153,747.4599712111153,1.0
40983,Banco Galicia,BANELCO,Diagonal 41 - Colectora General José María Paz Y 402 - Luis Agote,Villa Devoto,Comuna 11,2,300-600 m,300,600,501,846868.092447653,0.8468680924476529,591.5915411950275,747.4599712111153,0.7914691943121276
40983,Banco Galicia,BANELCO,Diagonal 41 - Colectora General José María Paz Y 402 - Luis Agote,Villa Devoto,Comuna 11,3,600-900 m,600,900,782,1411446.8207453075,1.4114468207453075,554.041419418883,747.4599712111153,0.7412322274879354
40983,Banco Galicia,BANELCO,Diagonal 41 - Colectora General José María Paz Y 402 - Luis Agote,Villa Devoto,Comuna 11,4,900-1200 m,900,1200,1382,1976025.5490442794,1.9760255490442793,699.3836697447639,747.4599712111153,0.9356804333100902
40977,Banco Galicia,BANELCO,DORREGO AV. Y DEL LIBERTADOR AV.,Palermo,Comuna 14,1,0-300 m,0,300,499,282289.36414897913,0.28228936414897915,1767.6896949495097,1767.6896949495097,1.0
40977,Banco Galicia,BANELCO,DORREGO AV. Y DEL LIBERTADOR AV.,Palermo,Comuna 14,2,300-600 m,300,600,1182,846868.092447653,0.8468680924476529,1395.7309415020409,1767.6896949495097,0.7895791583159661
40977,Banco Galicia,BANELCO,DORREGO AV. Y DEL LIBERTADOR AV.,Palermo,Comuna 14,3,600-900 m,600,900,2992,1411446.8207453075,1.4114468207453075,2119.810648211379,1767.6896949495097,1.1991983967932374
40977,Banco Galicia,BANELCO,DORREGO AV. Y DEL LIBERTADOR AV.,Palermo,Comuna 14,4,900-1200 m,900,1200,4995,1976025.5490442794,1.9760255490442793,2527.801324439288,1767.6896949495097,1.430002862867563
40344,Banco Santander Río,BANELCO,DORREGO Y PARAGUAY,Palermo,Comuna 14,1,0-300 m,0,300,1269,282289.36414897913,0.28228936414897915,4495.3872202223,4495.3872202223,1.0
40344,Banco Santander Río,BANELCO,DORREGO Y PARAGUAY,Palermo,Comuna 14,2,300-600 m,300,600,3177,846868.092447653,0.8468680924476529,3751.4697133265513,4495.3872202223,0.8345153664295549
40344,Banco Santander Río,BANELCO,DORREGO Y PARAGUAY,Palermo,Comuna 14,3,600-900 m,600,900,5079,1411446.8207453075,1.4114468207453075,3598.4352547679123,4495.3872202223,0.8004728132385373
40344,Banco Santander Río,BANELCO,DORREGO Y PARAGUAY,Palermo,Comuna 14,4,900-1200 m,900,1200,6769,1976025.5490442794,1.9760255490442793,3425.56299602193,4495.3872202223,0.762017336484872
40778,Banco Galicia,BANELCO,DRUMOND Y LA PLATA AV.,Nueva Pompeya,Comuna 4,1,0-300 m,0,300,1007,282289.36414897913,0.28228936414897915,3567.261568765844,3567.261568765844,1.0
40778,Banco Galicia,BANELCO,DRUMOND Y LA PLATA AV.,Nueva Pompeya,Comuna 4,2,300-600 m,300,600,2512,846868.092447653,0.8468680924476529,2966.2234560517145,3567.261568765844,0.8315127441237596
40778,Banco Galicia,BANELCO,DRUMOND Y LA PLATA AV.,Nueva Pompeya,Comuna 4,3,600-900 m,600,900,4089,1411446.8207453075,1.4114468207453075,2897.0273196979706,3567.261568765844,0.8121151936442518
40778,Banco Galicia,BANELCO,DRUMOND Y LA PLATA AV.,Nueva Pompeya,Comuna 4,4,900-1200 m,900,1200,6319,1976025.5490442794,1.9760255490442793,3197.8331469733453,3567.261568765844,0.8964392112349897
41317,ICBC,BANELCO,"ECHAGUE, PEDRO Y ENTRE RIOS AV.",Parque Patricios,Comuna 4,1,0-300 m,0,300,1627,282289.36414897913,0.28228936414897915,5763.589446258221,5763.589446258221,1.0
41317,ICBC,BANELCO,"ECHAGUE, PEDRO Y ENTRE RIOS AV.",Parque Patricios,Comuna 4,2,300-600 m,300,600,3806,846868.092447653,0.8468680924476529,4494.206398778991,5763.589446258221,0.7797582462603532
41317,ICBC,BANELCO,"ECHAGUE, PEDRO Y ENTRE RIOS AV.",Parque Patricios,Comuna 4,3,600-900 m,600,900,8511,1411446.8207453075,1.4114468207453075,6029.982763010376,5763.589446258221,1.046220036877384
41317,ICBC,BANELCO,"ECHAGUE, PEDRO Y ENTRE RIOS AV.",Parque Patricios,Comuna 4,4,900-1200 m,900,1200,15096,1976025.5490442794,1.9760255490442793,7639.577336083181,5763.589446258221,1.3254895074184838
40247,Banco Santander Río,BANELCO,ECHEANDIA 2602,Flores,Comuna 7,1,0-300 m,0,300,1072,282289.36414897913,0.28228936414897915,3797.52174947069,3797.52174947069,1.0
40247,Banco Santander Río,BANELCO,ECHEANDIA 2602,Flores,Comuna 7,2,300-600 m,300,600,3313,846868.092447653,0.8468680924476529,3912.061429100052,3797.52174947069,1.0301616915414182
40247,Banco Santander Río,BANELCO,ECHEANDIA 2602,Flores,Comuna 7,3,600-900 m,600,900,3949,1411446.8207453075,1.4114468207453075,2797.838318778989,3797.52174947069,0.7367537313430688
40247,Banco Santander Río,BANELCO,ECHEANDIA 2602,Flores,Comuna 7,4,900-1200 m,900,1200,5575,1976025.5490442794,1.9760255490442793,2821.3197965463523,3797.52174947069,0.7429371002126838
39965,Banco Macro,BANELCO,"ECHEVERRIA Y FIGUEROA ALCORTA, PRES. AV.",Belgrano,Comuna 13,1,0-300 m,0,300,384,282289.36414897913,0.28228936414897915,1360.306298317859,1360.306298317859,1.0
39965,Banco Macro,BANELCO,"ECHEVERRIA Y FIGUEROA ALCORTA, PRES. AV.",Belgrano,Comuna 13,2,300-600 m,300,600,832,846868.092447653,0.8468680924476529,982.4434376731793,1360.306298317859,0.7222222222216121
39965,Banco Macro,BANELCO,"ECHEVERRIA Y FIGUEROA ALCORTA, PRES. AV.",Belgrano,Comuna 13,3,600-900 m,600,900,883,1411446.8207453075,1.4114468207453075,625.5991986532913,1360.306298317859,0.4598958333331992
39965,Banco Macro,BANELCO,"ECHEVERRIA Y FIGUEROA ALCORTA, PRES. AV.",Belgrano,Comuna 13,4,900-1200 m,900,1200,1160,1976025.5490442794,1.9760255490442793,587.0369442141289,1360.306298317859,0.4315476190473078
41027,CitiBank,BANELCO,ECUADOR Y SANTA FE AV.,Recoleta,Comuna 2,1,0-300 m,0,300,4227,282289.36414897913,0.28228936414897915,14973.996674452059,14973.996674452059,1.0
41027,CitiBank,BANELCO,ECUADOR Y SANTA FE AV.,Recoleta,Comuna 2,2,300-600 m,300,600,7394,846868.092447653,0.8468680924476529,8730.993723744577,14973.996674452059,0.583077044396637
41027,CitiBank,BANELCO,ECUADOR Y SANTA FE AV.,Recoleta,Comuna 2,3,600-900 m,600,900,10420,1411446.8207453075,1.4114468207453075,7382.4956398270615,14973.996674452059,0.49302105512169203
41027,CitiBank,BANELCO,ECUADOR Y SANTA FE AV.,Recoleta,Comuna 2,4,900-1200 m,900,1200,16063,1976025.5490442794,1.9760255490442793,8128.943478372028,14973.996674452059,0.5428706613940456
41194,HSBC Bank Argentina,BANELCO,EL SALVADOR Y MALABIA,Palermo,Comuna 14,1,0-300 m,0,300,2579,282289.36414897913,0.28228936414897915,9136.01547750458,9136.01547750458,1.0
41194,HSBC Bank Argentina,BANELCO,EL SALVADOR Y MALABIA,Palermo,Comuna 14,2,300-600 m,300,600,5942,846868.092447653,0.8468680924476529,7016.440993574557,9136.01547750458,0.7679979320143441
41194,HSBC Bank Argentina,BANELCO,EL SALVADOR Y MALABIA,Palermo,Comuna 14,3,600-900 m,600,900,8572,1411446.8207453075,1.4114468207453075,6073.200827696503,9136.01547750458,0.6647537805348972
41194,HSBC Bank Argentina,BANELCO,EL SALVADOR Y MALABIA,Palermo,Comuna 14,4,900-1200 m,900,1200,12658,1976025.5490442794,1.9760255490442793,6405.787620571072,9136.01547750458,0.7011577023204382
40128,Banco Santander Río,BANELCO,"ENTRE RIOS AV. Y GARAY, JUAN DE AV.",Parque Patricios,Comuna 4,1,0-300 m,0,300,2196,282289.36414897913,0.28228936414897915,7779.251643505257,7779.251643505257,1.0
40128,Banco Santander Río,BANELCO,"ENTRE RIOS AV. Y GARAY, JUAN DE AV.",Parque Patricios,Comuna 4,2,300-600 m,300,600,4826,846868.092447653,0.8468680924476529,5698.644267080244,7779.251643505257,0.7325440194286464
40128,Banco Santander Río,BANELCO,"ENTRE RIOS AV. Y GARAY, JUAN DE AV.",Parque Patricios,Comuna 4,3,600-900 m,600,900,10313,1411446.8207453075,1.4114468207453075,7306.686903410411,7779.251643505257,0.9392531876135695
40128,Banco Santander Río,BANELCO,"ENTRE RIOS AV. Y GARAY, JUAN DE AV.",Parque Patricios,Comuna 4,4,900-1200 m,900,1200,16533,1976025.5490442794,1.9760255490442793,8366.794654044994,7779.251643505257,1.0755269320835334
41059,CitiBank,BANELCO,ENTRE RIOS AV. Y INDEPENDENCIA AV.,San Cristobal,Comuna 3,1,0-300 m,0,300,2363,282289.36414897913,0.28228936414897915,8370.843184700785,8370.843184700785,1.0
41059,CitiBank,BANELCO,ENTRE RIOS AV. Y INDEPENDENCIA AV.,San Cristobal,Comuna 3,2,300-600 m,300,600,5814,846868.092447653,0.8468680924476529,6865.295849317145,8370.843184700785,0.8201438848913933
41059,CitiBank,BANELCO,ENTRE RIOS AV. Y INDEPENDENCIA AV.,San Cristobal,Comuna 3,3,600-900 m,600,900,9365,1411446.8207453075,1.4114468207453075,6635.035668616164,8370.843184700785,0.7926364790518212
41059,CitiBank,BANELCO,ENTRE RIOS AV. Y INDEPENDENCIA AV.,San Cristobal,Comuna 3,4,900-1200 m,900,1200,12845,1976025.5490442794,1.9760255490442793,6500.422024509039,8370.843184700785,0.7765552264065494
40483,Banco Supervielle,BANELCO,ENTRE RIOS AV. Y INDEPENDENCIA AV.,Monserrat,Comuna 1,1,0-300 m,0,300,2293,282289.36414897913,0.28228936414897915,8122.870682403258,8122.870682403258,1.0
40483,Banco Supervielle,BANELCO,ENTRE RIOS AV. Y INDEPENDENCIA AV.,Monserrat,Comuna 1,2,300-600 m,300,600,6101,846868.092447653,0.8468680924476529,7204.191602456812,8122.870682403258,0.8869021660117525
40483,Banco Supervielle,BANELCO,ENTRE RIOS AV. Y INDEPENDENCIA AV.,Monserrat,Comuna 1,3,600-900 m,600,900,9373,1411446.8207453075,1.4114468207453075,6640.70361152582,8122.870682403258,0.8175316179674893
40483,Banco Supervielle,BANELCO,ENTRE RIOS AV. Y INDEPENDENCIA AV.,Monserrat,Comuna 1,4,900-1200 m,900,1200,14447,1976025.5490442794,1.9760255490442793,7311.140287122,8122.870682403258,0.9000685315550171
40636,BBVA Banco Francés,BANELCO,ENTRE RIOS AV. Y REPUBLICA BOLIVARIANA DE VENEZUELA,Monserrat,Comuna 1,1,0-300 m,0,300,2267,282289.36414897913,0.28228936414897915,8030.766610121319,8030.766610121319,1.0
40636,BBVA Banco Francés,BANELCO,ENTRE RIOS AV. Y REPUBLICA BOLIVARIANA DE VENEZUELA,Monserrat,Comuna 1,2,300-600 m,300,600,5489,846868.092447653,0.8468680924476529,6481.52888147606,8030.766610121319,0.8070871930591623
40636,BBVA Banco Francés,BANELCO,ENTRE RIOS AV. Y REPUBLICA BOLIVARIANA DE VENEZUELA,Monserrat,Comuna 1,3,600-900 m,600,900,10571,1411446.8207453075,1.4114468207453075,7489.47806224682,8030.766610121319,0.9325981473310028
40636,BBVA Banco Francés,BANELCO,ENTRE RIOS AV. Y REPUBLICA BOLIVARIANA DE VENEZUELA,Monserrat,Comuna 1,4,900-1200 m,900,1200,14734,1976025.5490442794,1.9760255490442793,7456.381324181875,8030.766610121319,0.9284769046562086
40999,Banco Galicia,BANELCO,"ESCALADA DE SAN MARTIN, R. Y LAMARCA, EMILIO",Villa Santa Rita,Comuna 11,1,0-300 m,0,300,524,282289.36414897913,0.28228936414897915,1856.251302912912,1856.251302912912,1.0
40999,Banco Galicia,BANELCO,"ESCALADA DE SAN MARTIN, R. Y LAMARCA, EMILIO",Villa Santa Rita,Comuna 11,2,300-600 m,300,600,1643,846868.092447653,0.8468680924476529,1940.089625116627,1856.251302912912,1.0451653944011525
40999,Banco Galicia,BANELCO,"ESCALADA DE SAN MARTIN, R. Y LAMARCA, EMILIO",Villa Santa Rita,Comuna 11,3,600-900 m,600,900,3785,1411446.8207453075,1.4114468207453075,2681.645489131039,1856.251302912912,1.4446564885491968
40999,Banco Galicia,BANELCO,"ESCALADA DE SAN MARTIN, R. Y LAMARCA, EMILIO",Villa Santa Rita,Comuna 11,4,900-1200 m,900,1200,5879,1976025.5490442794,1.9760255490442793,2975.1639612369513,1856.251302912912,1.602780806978124
40701,BBVA Banco Francés,BANELCO,ESMERALDA 199,San Nicolas,Comuna 1,1,0-300 m,0,300,2524,282289.36414897913,0.28228936414897915,8941.179939985095,8941.179939985095,1.0
40701,BBVA Banco Francés,BANELCO,ESMERALDA 199,San Nicolas,Comuna 1,2,300-600 m,300,600,15914,846868.092447653,0.8468680924476529,18791.592388378576,8941.179939985095,2.101690438455699
40701,BBVA Banco Francés,BANELCO,ESMERALDA 199,San Nicolas,Comuna 1,3,600-900 m,600,900,12606,1411446.8207453075,1.4114468207453075,8931.261039890589,8941.179939985095,0.9988906497619907
40701,BBVA Banco Francés,BANELCO,ESMERALDA 199,San Nicolas,Comuna 1,4,900-1200 m,900,1200,16489,1976025.5490442794,1.9760255490442793,8344.527735471354,8941.179939985095,0.9332691872304791
40122,Banco Santander Río,BANELCO,ESMERALDA Y PARAGUAY,Retiro,Comuna 1,1,0-300 m,0,300,2031,282289.36414897913,0.28228936414897915,7194.745030946802,7194.745030946802,1.0
40122,Banco Santander Río,BANELCO,ESMERALDA Y PARAGUAY,Retiro,Comuna 1,2,300-600 m,300,600,8485,846868.092447653,0.8468680924476529,10019.269914251114,7194.745030946802,1.3925816510738274
40122,Banco Santander Río,BANELCO,ESMERALDA Y PARAGUAY,Retiro,Comuna 1,3,600-900 m,600,900,16709,1411446.8207453075,1.4114468207453075,11838.207259680457,7194.745030946802,1.645396356474163
40122,Banco Santander Río,BANELCO,ESMERALDA Y PARAGUAY,Retiro,Comuna 1,4,900-1200 m,900,1200,15855,1976025.5490442794,1.9760255490442793,8023.68168147846,7194.745030946802,1.1152141802059903
41129,HSBC Bank Argentina,BANELCO,ESMERALDA Y SANTA FE AV.,Retiro,Comuna 1,1,0-300 m,0,300,2202,282289.36414897913,0.28228936414897915,7800.506429416473,7800.506429416473,1.0
41129,HSBC Bank Argentina,BANELCO,ESMERALDA Y SANTA FE AV.,Retiro,Comuna 1,2,300-600 m,300,600,6575,846868.092447653,0.8468680924476529,7763.900964785041,7800.506429416473,0.9953072963963737
41129,HSBC Bank Argentina,BANELCO,ESMERALDA Y SANTA FE AV.,Retiro,Comuna 1,3,600-900 m,600,900,10183,1411446.8207453075,1.4114468207453075,7214.5828311284995,7800.506429416473,0.92488646684805
41129,HSBC Bank Argentina,BANELCO,ESMERALDA Y SANTA FE AV.,Retiro,Comuna 1,4,900-1200 m,900,1200,15753,1976025.5490442794,1.9760255490442793,7972.062915694114,7800.506429416473,1.021992993381902
40571,BBVA Banco Francés,BANELCO,ESMERALDA Y TUCUMAN,San Nicolas,Comuna 1,1,0-300 m,0,300,4368,282289.36414897913,0.28228936414897915,15473.484143365647,15473.484143365647,1.0
40571,BBVA Banco Francés,BANELCO,ESMERALDA Y TUCUMAN,San Nicolas,Comuna 1,2,300-600 m,300,600,14010,846868.092447653,0.8468680924476529,16543.30836754957,15473.484143365647,1.0691391941382908
40571,BBVA Banco Francés,BANELCO,ESMERALDA Y TUCUMAN,San Nicolas,Comuna 1,3,600-900 m,600,900,13177,1411446.8207453075,1.4114468207453075,9335.810465067292,15473.484143365647,0.6033424908423148
40571,BBVA Banco Francés,BANELCO,ESMERALDA Y TUCUMAN,San Nicolas,Comuna 1,4,900-1200 m,900,1200,16176,1976025.5490442794,1.9760255490442793,8186.128973799784,15473.484143365647,0.5290423861848618
40382,Banco Santander Río,BANELCO,"ESPAÑA AV. Y LAFONE, QUEVEDO SAMUEL",Boca,Comuna 4,1,0-300 m,0,300,119,282289.36414897913,0.28228936414897915,421.55325390579486,421.55325390579486,1.0
40382,Banco Santander Río,BANELCO,"ESPAÑA AV. Y LAFONE, QUEVEDO SAMUEL",Boca,Comuna 4,2,300-600 m,300,600,552,846868.092447653,0.8468680924476529,651.8134346100901,421.55325390579486,1.5462184873936515
40382,Banco Santander Río,BANELCO,"ESPAÑA AV. Y LAFONE, QUEVEDO SAMUEL",Boca,Comuna 4,3,600-900 m,600,900,896,1411446.8207453075,1.4114468207453075,634.8096058814824,421.55325390579486,1.5058823529407372
40382,Banco Santander Río,BANELCO,"ESPAÑA AV. Y LAFONE, QUEVEDO SAMUEL",Boca,Comuna 4,4,900-1200 m,900,1200,1593,1976025.5490442794,1.9760255490442793,806.163665631989,421.55325390579486,1.912364945977012
41104,HSBC Bank Argentina,BANELCO,ESPINOSA Y PAYSANDU,Paternal,Comuna 15,1,0-300 m,0,300,1324,282289.36414897913,0.28228936414897915,4690.222757741785,4690.222757741785,1.0
41104,HSBC Bank Argentina,BANELCO,ESPINOSA Y PAYSANDU,Paternal,Comuna 15,2,300-600 m,300,600,2565,846868.092447653,0.8468680924476529,3028.8069923457992,4690.222757741785,0.6457703927486991
41104,HSBC Bank Argentina,BANELCO,ESPINOSA Y PAYSANDU,Paternal,Comuna 15,3,600-900 m,600,900,4089,1411446.8207453075,1.4114468207453075,2897.0273196979706,4690.222757741785,0.6176737160119045
41104,HSBC Bank Argentina,BANELCO,ESPINOSA Y PAYSANDU,Paternal,Comuna 15,4,900-1200 m,900,1200,5139,1976025.5490442794,1.9760255490442793,2600.674876134835,4690.222757741785,0.55448856279632
39762,Banco Comafi,BANELCO,ESQUIU 1039,Nueva Pompeya,Comuna 4,1,0-300 m,0,300,1639,282289.36414897913,0.28228936414897915,5806.099018080654,5806.099018080654,1.0
39762,Banco Comafi,BANELCO,ESQUIU 1039,Nueva Pompeya,Comuna 4,2,300-600 m,300,600,3155,846868.092447653,0.8468680924476529,3725.4916416573087,5806.099018080654,0.641651413462952
39762,Banco Comafi,BANELCO,ESQUIU 1039,Nueva Pompeya,Comuna 4,3,600-900 m,600,900,3371,1411446.8207453075,1.4114468207453075,2388.329443556336,5806.099018080654,0.4113483831603437
39762,Banco Comafi,BANELCO,ESQUIU 1039,Nueva Pompeya,Comuna 4,4,900-1200 m,900,1200,4088,1976025.5490442794,1.9760255490442793,2068.7991620235853,5806.099018080654,0.35631482611322685
41322,ICBC,BANELCO,ESTADO DE PALESTINA Y ROCAMORA,Almagro,Comuna 5,1,0-300 m,0,300,1787,282289.36414897913,0.28228936414897915,6330.383737223996,6330.383737223996,1.0
41322,ICBC,BANELCO,ESTADO DE PALESTINA Y ROCAMORA,Almagro,Comuna 5,2,300-600 m,300,600,6300,846868.092447653,0.8468680924476529,7439.175068919507,6330.383737223996,1.1751538891987832
41322,ICBC,BANELCO,ESTADO DE PALESTINA Y ROCAMORA,Almagro,Comuna 5,3,600-900 m,600,900,10125,1411446.8207453075,1.4114468207453075,7173.490245033493,6330.383737223996,1.1331841074423108
41322,ICBC,BANELCO,ESTADO DE PALESTINA Y ROCAMORA,Almagro,Comuna 5,4,900-1200 m,900,1200,12380,1976025.5490442794,1.9760255490442793,6265.101180492169,6330.383737223996,0.9896874250532474
40354,Banco Santander Río,BANELCO,ESTOMBA Y PAROISSIEN,Saavedra,Comuna 12,1,0-300 m,0,300,791,282289.36414897913,0.28228936414897915,2802.0892759620483,2802.0892759620483,1.0
40354,Banco Santander Río,BANELCO,ESTOMBA Y PAROISSIEN,Saavedra,Comuna 12,2,300-600 m,300,600,1941,846868.092447653,0.8468680924476529,2291.9744140909147,2802.0892759620483,0.8179519595441889
40354,Banco Santander Río,BANELCO,ESTOMBA Y PAROISSIEN,Saavedra,Comuna 12,3,600-900 m,600,900,2800,1411446.8207453075,1.4114468207453075,1983.7800183796326,2802.0892759620483,0.707964601769705
40354,Banco Santander Río,BANELCO,ESTOMBA Y PAROISSIEN,Saavedra,Comuna 12,4,900-1200 m,900,1200,3916,1976025.5490442794,1.9760255490442793,1981.755753053904,2802.0892759620483,0.7072421889104525
40162,Banco Santander Río,BANELCO,"EYLE, PETRONA Y MOREAU DE JUSTO, ALICIA AV.",Puerto Madero,Comuna 1,1,0-300 m,0,300,249,282289.36414897913,0.28228936414897915,882.0736153154868,882.0736153154868,1.0
40162,Banco Santander Río,BANELCO,"EYLE, PETRONA Y MOREAU DE JUSTO, ALICIA AV.",Puerto Madero,Comuna 1,2,300-600 m,300,600,2766,846868.092447653,0.8468680924476529,3266.1521016875167,882.0736153154868,3.702811244976791
40162,Banco Santander Río,BANELCO,"EYLE, PETRONA Y MOREAU DE JUSTO, ALICIA AV.",Puerto Madero,Comuna 1,3,600-900 m,600,900,5327,1411446.8207453075,1.4114468207453075,3774.141484967251,882.0736153154868,4.278714859436503
40162,Banco Santander Río,BANELCO,"EYLE, PETRONA Y MOREAU DE JUSTO, ALICIA AV.",Puerto Madero,Comuna 1,4,900-1200 m,900,1200,8043,1976025.5490442794,1.9760255490442793,4070.2915019950333,882.0736153154868,4.614457831321973
40358,Banco Santander Río,BANELCO,"EZCURRA, ENCARNACION Y MANSO JUANA",Puerto Madero,Comuna 1,1,0-300 m,0,300,167,282289.36414897913,0.28228936414897915,591.5915411955273,591.5915411955273,1.0
40358,Banco Santander Río,BANELCO,"EZCURRA, ENCARNACION Y MANSO JUANA",Puerto Madero,Comuna 1,2,300-600 m,300,600,585,846868.092447653,0.8468680924476529,690.7805421139542,591.5915411955273,1.167664670657696
40358,Banco Santander Río,BANELCO,"EZCURRA, ENCARNACION Y MANSO JUANA",Puerto Madero,Comuna 1,3,600-900 m,600,900,2686,1411446.8207453075,1.4114468207453075,1903.0118319170333,591.5915411955273,3.21676646706493
40358,Banco Santander Río,BANELCO,"EZCURRA, ENCARNACION Y MANSO JUANA",Puerto Madero,Comuna 1,4,900-1200 m,900,1200,5036,1976025.5490442794,1.9760255490442793,2548.55004401927,591.5915411955273,4.307955517533249
41235,ICBC,BANELCO,"FERNANDEZ DE LA CRUZ, F., GRAL. AV. Y ESCALADA AV.",Villa Lugano,Comuna 8,1,0-300 m,0,300,881,282289.36414897913,0.28228936414897915,3120.9110646302966,3120.9110646302966,1.0
41235,ICBC,BANELCO,"FERNANDEZ DE LA CRUZ, F., GRAL. AV. Y ESCALADA AV.",Villa Lugano,Comuna 8,2,300-600 m,300,600,990,846868.092447653,0.8468680924476529,1169.0132251159225,3120.9110646302966,0.37457434733226014
41235,ICBC,BANELCO,"FERNANDEZ DE LA CRUZ, F., GRAL. AV. Y ESCALADA AV.",Villa Lugano,Comuna 8,3,600-900 m,600,900,4528,1411446.8207453075,1.4114468207453075,3208.0556868653484,3120.9110646302966,1.027922814982674
41235,ICBC,BANELCO,"FERNANDEZ DE LA CRUZ, F., GRAL. AV. Y ESCALADA AV.",Villa Lugano,Comuna 8,4,900-1200 m,900,1200,2691,1976025.5490442794,1.9760255490442793,1361.8244973105352,3120.9110646302966,0.43635479163256996
40795,Banco Galicia,BANELCO,"FERNANDEZ DE LA CRUZ, F., GRAL. AV. Y ESCALADA AV.",Villa Lugano,Comuna 8,1,0-300 m,0,300,895,282289.36414897913,0.28228936414897915,3170.505565089802,3170.505565089802,1.0
40795,Banco Galicia,BANELCO,"FERNANDEZ DE LA CRUZ, F., GRAL. AV. Y ESCALADA AV.",Villa Lugano,Comuna 8,2,300-600 m,300,600,994,846868.092447653,0.8468680924476529,1173.7365108739666,3170.505565089802,0.3702048417129088
40795,Banco Galicia,BANELCO,"FERNANDEZ DE LA CRUZ, F., GRAL. AV. Y ESCALADA AV.",Villa Lugano,Comuna 8,3,600-900 m,600,900,4599,1411446.8207453075,1.4114468207453075,3258.3586801885463,3170.505565089802,1.027709497206404
40795,Banco Galicia,BANELCO,"FERNANDEZ DE LA CRUZ, F., GRAL. AV. Y ESCALADA AV.",Villa Lugano,Comuna 8,4,900-1200 m,900,1200,2553,1976025.5490442794,1.9760255490442793,1291.9873436023026,3170.505565089802,0.40750199521119845
41237,ICBC,BANELCO,"FERNANDEZ DE LA CRUZ, F., GRAL. AV. Y ESCALADA AV.",Villa Lugano,Comuna 8,1,0-300 m,0,300,457,282289.36414897913,0.28228936414897915,1618.9061935709938,1618.9061935709938,1.0
41237,ICBC,BANELCO,"FERNANDEZ DE LA CRUZ, F., GRAL. AV. Y ESCALADA AV.",Villa Lugano,Comuna 8,2,300-600 m,300,600,1230,846868.092447653,0.8468680924476529,1452.4103705985704,1618.9061935709938,0.8971553610495703
41237,ICBC,BANELCO,"FERNANDEZ DE LA CRUZ, F., GRAL. AV. Y ESCALADA AV.",Villa Lugano,Comuna 8,3,600-900 m,600,900,738,1411446.8207453075,1.4114468207453075,522.8677334157746,1618.9061935709938,0.322975929978024
41237,ICBC,BANELCO,"FERNANDEZ DE LA CRUZ, F., GRAL. AV. Y ESCALADA AV.",Villa Lugano,Comuna 8,4,900-1200 m,900,1200,4645,1976025.5490442794,1.9760255490442793,2350.678108512611,1618.9061935709938,1.452016255078665
41095,HSBC Bank Argentina,BANELCO,FINOCHIETTO ENRIQUE DR. Y PERDRIEL,Barracas,Comuna 4,1,0-300 m,0,300,1295,282289.36414897913,0.28228936414897915,4587.491292504238,4587.491292504238,1.0
41095,HSBC Bank Argentina,BANELCO,FINOCHIETTO ENRIQUE DR. Y PERDRIEL,Barracas,Comuna 4,2,300-600 m,300,600,2987,846868.092447653,0.8468680924476529,3527.1136398194553,4587.491292504238,0.7688545688539193
41095,HSBC Bank Argentina,BANELCO,FINOCHIETTO ENRIQUE DR. Y PERDRIEL,Barracas,Comuna 4,3,600-900 m,600,900,5005,1411446.8207453075,1.4114468207453075,3546.006782853593,4587.491292504238,0.7729729729727475
41095,HSBC Bank Argentina,BANELCO,FINOCHIETTO ENRIQUE DR. Y PERDRIEL,Barracas,Comuna 4,4,900-1200 m,900,1200,11654,1976025.5490442794,1.9760255490442793,5897.697024027119,4587.491292504238,1.28560397131733
40649,BBVA Banco Francés,BANELCO,FINOCHIETTO ENRIQUE DR. Y TACUARI,Barracas,Comuna 4,1,0-300 m,0,300,1184,282289.36414897913,0.28228936414897915,4194.277753146733,4194.277753146733,1.0
40649,BBVA Banco Francés,BANELCO,FINOCHIETTO ENRIQUE DR. Y TACUARI,Barracas,Comuna 4,2,300-600 m,300,600,5744,846868.092447653,0.8468680924476529,6782.6383485513725,4194.277753146733,1.6171171171157506
40649,BBVA Banco Francés,BANELCO,FINOCHIETTO ENRIQUE DR. Y TACUARI,Barracas,Comuna 4,3,600-900 m,600,900,10545,1411446.8207453075,1.4114468207453075,7471.057247790438,4194.277753146733,1.7812499999994804
40649,BBVA Banco Francés,BANELCO,FINOCHIETTO ENRIQUE DR. Y TACUARI,Barracas,Comuna 4,4,900-1200 m,900,1200,13803,1976025.5490442794,1.9760255490442793,6985.2335698169145,4194.277753146733,1.6654198841686827
40713,BBVA Banco Francés,BANELCO,FINOCHIETTO ENRIQUE DR. Y TACUARI,Barracas,Comuna 4,1,0-300 m,0,300,1452,282289.36414897913,0.28228936414897915,5143.658190514405,5143.658190514405,1.0
40713,BBVA Banco Francés,BANELCO,FINOCHIETTO ENRIQUE DR. Y TACUARI,Barracas,Comuna 4,2,300-600 m,300,600,5665,846868.092447653,0.8468680924476529,6689.353454830001,5143.658190514405,1.3005050505039517
40713,BBVA Banco Francés,BANELCO,FINOCHIETTO ENRIQUE DR. Y TACUARI,Barracas,Comuna 4,3,600-900 m,600,900,11475,1411446.8207453075,1.4114468207453075,8129.955611037958,5143.658190514405,1.580578512396233
40713,BBVA Banco Francés,BANELCO,FINOCHIETTO ENRIQUE DR. Y TACUARI,Barracas,Comuna 4,4,900-1200 m,900,1200,13599,1976025.5490442794,1.9760255490442793,6881.996038248223,5143.658190514405,1.337957497047441
41093,HSBC Bank Argentina,BANELCO,FLORIDA 201,San Nicolas,Comuna 1,1,0-300 m,0,300,2741,282289.36414897913,0.28228936414897915,9709.894697107427,9709.894697107427,1.0
41093,HSBC Bank Argentina,BANELCO,FLORIDA 201,San Nicolas,Comuna 1,2,300-600 m,300,600,11366,846868.092447653,0.8468680924476529,13421.2164814824,9709.894697107427,1.3822206007528148
41093,HSBC Bank Argentina,BANELCO,FLORIDA 201,San Nicolas,Comuna 1,3,600-900 m,600,900,15278,1411446.8207453075,1.4114468207453075,10824.353971715724,9709.894697107427,1.1147756293320352
41093,HSBC Bank Argentina,BANELCO,FLORIDA 201,San Nicolas,Comuna 1,4,900-1200 m,900,1200,13754,1976025.5490442794,1.9760255490442793,6960.43631958718,9709.894697107427,0.7168395267623954
41103,HSBC Bank Argentina,BANELCO,FLORIDA 40,San Nicolas,Comuna 1,1,0-300 m,0,300,3892,282289.36414897913,0.28228936414897915,13787.271127742468,13787.271127742468,1.0
41103,HSBC Bank Argentina,BANELCO,FLORIDA 40,San Nicolas,Comuna 1,2,300-600 m,300,600,6963,846868.092447653,0.8468680924476529,8222.059683315321,13787.271127742468,0.5963514902358784
41103,HSBC Bank Argentina,BANELCO,FLORIDA 40,San Nicolas,Comuna 1,3,600-900 m,600,900,17166,1411446.8207453075,1.4114468207453075,12161.988498394561,13787.271127742468,0.8821171634118701
41103,HSBC Bank Argentina,BANELCO,FLORIDA 40,San Nicolas,Comuna 1,4,900-1200 m,900,1200,13612,1976025.5490442794,1.9760255490442793,6888.574900554071,13787.271127742468,0.49963294670350106
40541,BBVA Banco Francés,BANELCO,FLORIDA 802,Retiro,Comuna 1,1,0-300 m,0,300,3028,282289.36414897913,0.28228936414897915,10726.581956527285,10726.581956527285,1.0
40541,BBVA Banco Francés,BANELCO,FLORIDA 802,Retiro,Comuna 1,2,300-600 m,300,600,8934,846868.092447653,0.8468680924476529,10549.458740591568,10726.581956527285,0.9834874504615205
40541,BBVA Banco Francés,BANELCO,FLORIDA 802,Retiro,Comuna 1,3,600-900 m,600,900,13417,1411446.8207453075,1.4114468207453075,9505.848752356975,10726.581956527285,0.8861955085862673
40541,BBVA Banco Francés,BANELCO,FLORIDA 802,Retiro,Comuna 1,4,900-1200 m,900,1200,14866,1976025.5490442794,1.9760255490442793,7523.182079902793,10726.581956527285,0.7013587469328778
40076,Banco Patagonia,BANELCO,FLORIDA 999,Retiro,Comuna 1,1,0-300 m,0,300,2039,282289.36414897913,0.28228936414897915,7223.084745495091,7223.084745495091,1.0
40076,Banco Patagonia,BANELCO,FLORIDA 999,Retiro,Comuna 1,2,300-600 m,300,600,7784,846868.092447653,0.8468680924476529,9191.51408515388,7223.084745495091,1.2725192087613901
40076,Banco Patagonia,BANELCO,FLORIDA 999,Retiro,Comuna 1,3,600-900 m,600,900,10790,1411446.8207453075,1.4114468207453075,7644.637999398656,7223.084745495091,1.0583619421281856
40076,Banco Patagonia,BANELCO,FLORIDA 999,Retiro,Comuna 1,4,900-1200 m,900,1200,14020,1976025.5490442794,1.9760255490442793,7095.049963691455,7223.084745495091,0.9822742240587043
41023,CitiBank,BANELCO,FLORIDA Y VIAMONTE,San Nicolas,Comuna 1,1,0-300 m,0,300,3518,282289.36414897913,0.28228936414897915,12462.38947260997,12462.38947260997,1.0
41023,CitiBank,BANELCO,FLORIDA Y VIAMONTE,San Nicolas,Comuna 1,2,300-600 m,300,600,9995,846868.092447653,0.8468680924476529,11802.310287912773,12462.38947260997,0.947034299790748
41023,CitiBank,BANELCO,FLORIDA Y VIAMONTE,San Nicolas,Comuna 1,3,600-900 m,600,900,14519,1411446.8207453075,1.4114468207453075,10286.607888162102,12462.38947260997,0.8254121660031702
41023,CitiBank,BANELCO,FLORIDA Y VIAMONTE,San Nicolas,Comuna 1,4,900-1200 m,900,1200,12607,1976025.5490442794,1.9760255490442793,6379.978237678899,12462.38947260997,0.5119386014777433
40880,Banco Galicia,BANELCO,"FOREST AV. Y LACROZE, FEDERICO AV.",Chacarita,Comuna 15,1,0-300 m,0,300,2069,282289.36414897913,0.28228936414897915,7329.358675051173,7329.358675051173,1.0
40880,Banco Galicia,BANELCO,"FOREST AV. Y LACROZE, FEDERICO AV.",Chacarita,Comuna 15,2,300-600 m,300,600,3021,846868.092447653,0.8468680924476529,3567.2615687628304,7329.358675051173,0.48670855485700787
40880,Banco Galicia,BANELCO,"FOREST AV. Y LACROZE, FEDERICO AV.",Chacarita,Comuna 15,3,600-900 m,600,900,4281,1411446.8207453075,1.4114468207453075,3033.0579495297166,7329.358675051173,0.41382310294816343
40880,Banco Galicia,BANELCO,"FOREST AV. Y LACROZE, FEDERICO AV.",Chacarita,Comuna 15,4,900-1200 m,900,1200,5416,1976025.5490442794,1.9760255490442793,2740.855249882519,7329.358675051173,0.3739556721670989
40877,Banco Galicia,BANELCO,FRENCH Y PUEYRREDON AV.,Recoleta,Comuna 2,1,0-300 m,0,300,1813,282289.36414897913,0.28228936414897915,6422.487809505934,6422.487809505934,1.0
40877,Banco Galicia,BANELCO,FRENCH Y PUEYRREDON AV.,Recoleta,Comuna 2,2,300-600 m,300,600,5059,846868.092447653,0.8468680924476529,5973.775662486315,6422.487809505934,0.9301342158477157
40877,Banco Galicia,BANELCO,FRENCH Y PUEYRREDON AV.,Recoleta,Comuna 2,3,600-900 m,600,900,12073,1411446.8207453075,1.4114468207453075,8553.634343534752,6422.487809505934,1.3318257032538863
40877,Banco Galicia,BANELCO,FRENCH Y PUEYRREDON AV.,Recoleta,Comuna 2,4,900-1200 m,900,1200,13986,1976025.5490442794,1.9760255490442793,7077.843708430006,6422.487809505934,1.1020408163257358
40059,Banco Patagonia,BANELCO,"GALLARDO, ANGEL AV. Y GAONA AV.",Caballito,Comuna 6,1,0-300 m,0,300,1268,282289.36414897913,0.28228936414897915,4491.844755903764,4491.844755903764,1.0
40059,Banco Patagonia,BANELCO,"GALLARDO, ANGEL AV. Y GAONA AV.",Caballito,Comuna 6,2,300-600 m,300,600,3351,846868.092447653,0.8468680924476529,3956.932643801471,4491.844755903764,0.8809148264976784
40059,Banco Patagonia,BANELCO,"GALLARDO, ANGEL AV. Y GAONA AV.",Caballito,Comuna 6,3,600-900 m,600,900,5125,1411446.8207453075,1.4114468207453075,3631.0259264984347,4491.844755903764,0.8083596214508684
40059,Banco Patagonia,BANELCO,"GALLARDO, ANGEL AV. Y GAONA AV.",Caballito,Comuna 6,4,900-1200 m,900,1200,7203,1976025.5490442794,1.9760255490442793,3645.195783771009,4491.844755903764,0.8115141955830109
40868,Banco Galicia,BANELCO,"GALLARDO, ANGEL AV. Y PUEYRREDON, HONORIO, DR. AV.",Caballito,Comuna 6,1,0-300 m,0,300,1352,282289.36414897913,0.28228936414897915,4789.411758660795,4789.411758660795,1.0
40868,Banco Galicia,BANELCO,"GALLARDO, ANGEL AV. Y PUEYRREDON, HONORIO, DR. AV.",Caballito,Comuna 6,2,300-600 m,300,600,3431,846868.092447653,0.8468680924476529,4051.398358962354,4789.411758660795,0.8459072978296602
40868,Banco Galicia,BANELCO,"GALLARDO, ANGEL AV. Y PUEYRREDON, HONORIO, DR. AV.",Caballito,Comuna 6,3,600-900 m,600,900,5460,1411446.8207453075,1.4114468207453075,3868.3710358402836,4789.411758660795,0.8076923076920721
40868,Banco Galicia,BANELCO,"GALLARDO, ANGEL AV. Y PUEYRREDON, HONORIO, DR. AV.",Caballito,Comuna 6,4,900-1200 m,900,1200,7347,1976025.5490442794,1.9760255490442793,3718.069335466556,4789.411758660795,0.7763102282327452
40991,Banco Galicia,BANELCO,GAONA AV. Y NAZCA AV.,Villa Santa Rita,Comuna 11,1,0-300 m,0,300,1057,282289.36414897913,0.28228936414897915,3744.3847846926487,3744.3847846926487,1.0
40991,Banco Galicia,BANELCO,GAONA AV. Y NAZCA AV.,Villa Santa Rita,Comuna 11,2,300-600 m,300,600,2638,846868.092447653,0.8468680924476529,3115.0069574301046,3744.3847846926487,0.8319142226419965
40991,Banco Galicia,BANELCO,GAONA AV. Y NAZCA AV.,Villa Santa Rita,Comuna 11,3,600-900 m,600,900,4600,1411446.8207453075,1.4114468207453075,3259.0671730522536,3744.3847846926487,0.870387890255186
40991,Banco Galicia,BANELCO,GAONA AV. Y NAZCA AV.,Villa Santa Rita,Comuna 11,4,900-1200 m,900,1200,7683,1976025.5490442794,1.9760255490442793,3888.1076227561657,3744.3847846926487,1.0383835653459195
41123,HSBC Bank Argentina,BANELCO,"GARAY, JUAN DE AV. Y HUERGO, ING. AV.",San Telmo,Comuna 1,1,0-300 m,0,300,945,282289.36414897913,0.28228936414897915,3347.6287810166064,3347.6287810166064,1.0
41123,HSBC Bank Argentina,BANELCO,"GARAY, JUAN DE AV. Y HUERGO, ING. AV.",San Telmo,Comuna 1,2,300-600 m,300,600,2804,846868.092447653,0.8468680924476529,3311.023316388936,3347.6287810166064,0.9890652557310868
41123,HSBC Bank Argentina,BANELCO,"GARAY, JUAN DE AV. Y HUERGO, ING. AV.",San Telmo,Comuna 1,3,600-900 m,600,900,6131,1411446.8207453075,1.4114468207453075,4343.769747387688,3347.6287810166064,1.297566137565759
41123,HSBC Bank Argentina,BANELCO,"GARAY, JUAN DE AV. Y HUERGO, ING. AV.",San Telmo,Comuna 1,4,900-1200 m,900,1200,8315,1976025.5490442794,1.9760255490442793,4207.941544086622,3347.6287810166064,1.2569916855622076
40974,Banco Galicia,BANELCO,"GARAY, JUAN DE AV. Y HUERGO, ING. AV.",San Telmo,Comuna 1,1,0-300 m,0,300,749,282289.36414897913,0.28228936414897915,2653.3057745835326,2653.3057745835326,1.0
40974,Banco Galicia,BANELCO,"GARAY, JUAN DE AV. Y HUERGO, ING. AV.",San Telmo,Comuna 1,2,300-600 m,300,600,2925,846868.092447653,0.8468680924476529,3453.902710569771,2653.3057745835326,1.30173564752894
40974,Banco Galicia,BANELCO,"GARAY, JUAN DE AV. Y HUERGO, ING. AV.",San Telmo,Comuna 1,3,600-900 m,600,900,6064,1411446.8207453075,1.4114468207453075,4296.300725519319,2653.3057745835326,1.619225634178433
40974,Banco Galicia,BANELCO,"GARAY, JUAN DE AV. Y HUERGO, ING. AV.",San Telmo,Comuna 1,4,900-1200 m,900,1200,8341,1976025.5490442794,1.9760255490442793,4221.099268698318,2653.3057745835326,1.590883082203697
41178,HSBC Bank Argentina,BANELCO,GASCON 450,Almagro,Comuna 5,1,0-300 m,0,300,1726,282289.36414897913,0.28228936414897915,6114.293413793294,6114.293413793294,1.0
41178,HSBC Bank Argentina,BANELCO,GASCON 450,Almagro,Comuna 5,2,300-600 m,300,600,5090,846868.092447653,0.8468680924476529,6010.381127111157,6114.293413793294,0.9830050212428929
41178,HSBC Bank Argentina,BANELCO,GASCON 450,Almagro,Comuna 5,3,600-900 m,600,900,9431,1411446.8207453075,1.4114468207453075,6681.796197620827,6114.293413793294,1.0928157589799825
41178,HSBC Bank Argentina,BANELCO,GASCON 450,Almagro,Comuna 5,4,900-1200 m,900,1200,12908,1976025.5490442794,1.9760255490442793,6532.304203375841,6114.293413793294,1.0683661645415237
39968,Banco Macro,BANELCO,"GILARDI, GILARDO Y RAMOS MEJIA, JOSE MARIA, DR. AV.",Retiro,Comuna 1,1,0-300 m,0,300,3534,282289.36414897913,0.28228936414897915,12519.068901706547,12519.068901706547,1.0
39968,Banco Macro,BANELCO,"GILARDI, GILARDO Y RAMOS MEJIA, JOSE MARIA, DR. AV.",Retiro,Comuna 1,2,300-600 m,300,600,3348,846868.092447653,0.8468680924476529,3953.390179482938,12519.068901706547,0.3157894736839437
39968,Banco Macro,BANELCO,"GILARDI, GILARDO Y RAMOS MEJIA, JOSE MARIA, DR. AV.",Retiro,Comuna 1,3,600-900 m,600,900,5538,1411446.8207453075,1.4114468207453075,3923.6334792094303,12519.068901706547,0.31341256366714115
39968,Banco Macro,BANELCO,"GILARDI, GILARDO Y RAMOS MEJIA, JOSE MARIA, DR. AV.",Retiro,Comuna 1,4,900-1200 m,900,1200,9462,1976025.5490442794,1.9760255490442793,4788.399625994903,12519.068901706547,0.38248847926239693
40021,Banco Patagonia,BANELCO,"GIMENEZ, ANGEL M. Y HIDALGO",Caballito,Comuna 6,1,0-300 m,0,300,3099,282289.36414897913,0.28228936414897915,10978.096923143348,10978.096923143348,1.0
40021,Banco Patagonia,BANELCO,"GIMENEZ, ANGEL M. Y HIDALGO",Caballito,Comuna 6,2,300-600 m,300,600,4327,846868.092447653,0.8468680924476529,5109.414368764239,10978.096923143348,0.4654189523498272
40021,Banco Patagonia,BANELCO,"GIMENEZ, ANGEL M. Y HIDALGO",Caballito,Comuna 6,3,600-900 m,600,900,6602,1411446.8207453075,1.4114468207453075,4677.46988619369,10978.096923143348,0.42607292675044034
40021,Banco Patagonia,BANELCO,"GIMENEZ, ANGEL M. Y HIDALGO",Caballito,Comuna 6,4,900-1200 m,900,1200,8452,1976025.5490442794,1.9760255490442793,4277.272631463636,10978.096923143348,0.3896187710318491
41280,ICBC,BANELCO,"GONZALEZ, ELPIDIO Y SEGUROLA AV.",Monte Castro,Comuna 10,1,0-300 m,0,300,737,282289.36414897913,0.28228936414897915,2610.7962027610993,2610.7962027610993,1.0
41280,ICBC,BANELCO,"GONZALEZ, ELPIDIO Y SEGUROLA AV.",Monte Castro,Comuna 10,2,300-600 m,300,600,1836,846868.092447653,0.8468680924476529,2167.988162942256,2610.7962027610993,0.8303934871092035
41280,ICBC,BANELCO,"GONZALEZ, ELPIDIO Y SEGUROLA AV.",Monte Castro,Comuna 10,3,600-900 m,600,900,2887,1411446.8207453075,1.4114468207453075,2045.4188975221425,2610.7962027610993,0.7834464043416982
41280,ICBC,BANELCO,"GONZALEZ, ELPIDIO Y SEGUROLA AV.",Monte Castro,Comuna 10,4,900-1200 m,900,1200,3989,1976025.5490442794,1.9760255490442793,2018.6985952328967,2610.7962027610993,0.7732118627635439
40325,Banco Santander Río,BANELCO,"GORDILLO, TIMOTEO Y ROCA, CNEL. AV.",Villa Riachuelo,Comuna 8,1,0-300 m,0,300,367,282289.36414897913,0.28228936414897915,1300.0844049027455,1300.0844049027455,1.0
40325,Banco Santander Río,BANELCO,"GORDILLO, TIMOTEO Y ROCA, CNEL. AV.",Villa Riachuelo,Comuna 8,2,300-600 m,300,600,922,846868.092447653,0.8468680924476529,1088.7173672291724,1300.0844049027455,0.8374205267931164
40325,Banco Santander Río,BANELCO,"GORDILLO, TIMOTEO Y ROCA, CNEL. AV.",Villa Riachuelo,Comuna 8,3,600-900 m,600,900,2390,1411446.8207453075,1.4114468207453075,1693.2979442597577,1300.0844049027455,1.3024523160759143
40325,Banco Santander Río,BANELCO,"GORDILLO, TIMOTEO Y ROCA, CNEL. AV.",Villa Riachuelo,Comuna 8,4,900-1200 m,900,1200,3320,1976025.5490442794,1.9760255490442793,1680.1402196473343,1300.0844049027455,1.2923316465541477
40674,BBVA Banco Francés,BANELCO,GRIVEO Y SAN MARTIN AV.,Villa Devoto,Comuna 11,1,0-300 m,0,300,535,282289.36414897913,0.28228936414897915,1895.2184104168089,1895.2184104168089,1.0
40674,BBVA Banco Francés,BANELCO,GRIVEO Y SAN MARTIN AV.,Villa Devoto,Comuna 11,2,300-600 m,300,600,1455,846868.092447653,0.8468680924476529,1718.0951944885528,1895.2184104168089,0.9065420560740005
40674,BBVA Banco Francés,BANELCO,GRIVEO Y SAN MARTIN AV.,Villa Devoto,Comuna 11,3,600-900 m,600,900,2283,1411446.8207453075,1.4114468207453075,1617.4892078431076,1895.2184104168089,0.8534579439249848
40674,BBVA Banco Francés,BANELCO,GRIVEO Y SAN MARTIN AV.,Villa Devoto,Comuna 11,4,900-1200 m,900,1200,2222,1976025.5490442794,1.9760255490442793,1124.4793879687884,1895.2184104168089,0.5933244325763412
40769,Banco Galicia,BANELCO,GRIVEO Y SAN MARTIN AV.,Villa Devoto,Comuna 11,1,0-300 m,0,300,535,282289.36414897913,0.28228936414897915,1895.2184104168089,1895.2184104168089,1.0
40769,Banco Galicia,BANELCO,GRIVEO Y SAN MARTIN AV.,Villa Devoto,Comuna 11,2,300-600 m,300,600,1455,846868.092447653,0.8468680924476529,1718.0951944885528,1895.2184104168089,0.9065420560740005
40769,Banco Galicia,BANELCO,GRIVEO Y SAN MARTIN AV.,Villa Devoto,Comuna 11,3,600-900 m,600,900,2283,1411446.8207453075,1.4114468207453075,1617.4892078431076,1895.2184104168089,0.8534579439249848
40769,Banco Galicia,BANELCO,GRIVEO Y SAN MARTIN AV.,Villa Devoto,Comuna 11,4,900-1200 m,900,1200,2222,1976025.5490442794,1.9760255490442793,1124.4793879687884,1895.2184104168089,0.5933244325763412
40068,Banco Patagonia,BANELCO,GRIVEO Y SAN MARTIN AV.,Villa Devoto,Comuna 11,1,0-300 m,0,300,535,282289.36414897913,0.28228936414897915,1895.2184104168089,1895.2184104168089,1.0
40068,Banco Patagonia,BANELCO,GRIVEO Y SAN MARTIN AV.,Villa Devoto,Comuna 11,2,300-600 m,300,600,1455,846868.092447653,0.8468680924476529,1718.0951944885528,1895.2184104168089,0.9065420560740005
40068,Banco Patagonia,BANELCO,GRIVEO Y SAN MARTIN AV.,Villa Devoto,Comuna 11,3,600-900 m,600,900,2283,1411446.8207453075,1.4114468207453075,1617.4892078431076,1895.2184104168089,0.8534579439249848
40068,Banco Patagonia,BANELCO,GRIVEO Y SAN MARTIN AV.,Villa Devoto,Comuna 11,4,900-1200 m,900,1200,2222,1976025.5490442794,1.9760255490442793,1124.4793879687884,1895.2184104168089,0.5933244325763412
41113,HSBC Bank Argentina,BANELCO,GRIVEO Y SAN MARTIN AV.,Villa Devoto,Comuna 11,1,0-300 m,0,300,535,282289.36414897913,0.28228936414897915,1895.2184104168089,1895.2184104168089,1.0
41113,HSBC Bank Argentina,BANELCO,GRIVEO Y SAN MARTIN AV.,Villa Devoto,Comuna 11,2,300-600 m,300,600,1455,846868.092447653,0.8468680924476529,1718.0951944885528,1895.2184104168089,0.9065420560740005
41113,HSBC Bank Argentina,BANELCO,GRIVEO Y SAN MARTIN AV.,Villa Devoto,Comuna 11,3,600-900 m,600,900,2283,1411446.8207453075,1.4114468207453075,1617.4892078431076,1895.2184104168089,0.8534579439249848
41113,HSBC Bank Argentina,BANELCO,GRIVEO Y SAN MARTIN AV.,Villa Devoto,Comuna 11,4,900-1200 m,900,1200,2222,1976025.5490442794,1.9760255490442793,1124.4793879687884,1895.2184104168089,0.5933244325763412
40763,Banco Galicia,BANELCO,GUARDIA VIEJA 4558,Almagro,Comuna 5,1,0-300 m,0,300,1618,282289.36414897913,0.28228936414897915,5731.707267391396,5731.707267391396,1.0
40763,Banco Galicia,BANELCO,GUARDIA VIEJA 4558,Almagro,Comuna 5,2,300-600 m,300,600,4963,846868.092447653,0.8468680924476529,5860.416804293256,5731.707267391396,1.0224557066328404
40763,Banco Galicia,BANELCO,GUARDIA VIEJA 4558,Almagro,Comuna 5,3,600-900 m,600,900,9939,1411446.8207453075,1.4114468207453075,7041.710572383989,5731.707267391396,1.2285537700861682
40763,Banco Galicia,BANELCO,GUARDIA VIEJA 4558,Almagro,Comuna 5,4,900-1200 m,900,1200,13707,1976025.5490442794,1.9760255490442793,6936.651202019883,5731.707267391396,1.2102242627573825
40243,Banco Santander Río,BANELCO,"GUEMES, MACACHA Y MANSO JUANA",Puerto Madero,Comuna 1,1,0-300 m,0,300,287,282289.36414897913,0.28228936414897915,1016.6872594198583,1016.6872594198583,1.0
40243,Banco Santander Río,BANELCO,"GUEMES, MACACHA Y MANSO JUANA",Puerto Madero,Comuna 1,2,300-600 m,300,600,523,846868.092447653,0.8468680924476529,617.5696128642702,1016.6872594198583,0.6074332171888016
40243,Banco Santander Río,BANELCO,"GUEMES, MACACHA Y MANSO JUANA",Puerto Madero,Comuna 1,3,600-900 m,600,900,2798,1411446.8207453075,1.4114468207453075,1982.3630326522186,1016.6872594198583,1.9498257839715567
40243,Banco Santander Río,BANELCO,"GUEMES, MACACHA Y MANSO JUANA",Puerto Madero,Comuna 1,4,900-1200 m,900,1200,5449,1976025.5490442794,1.9760255490442793,2757.5554388127484,1016.6872594198583,2.712294673965191
40194,Banco Santander Río,BANELCO,"GUEMES, MACACHA Y MANSO JUANA",Puerto Madero,Comuna 1,1,0-300 m,0,300,303,282289.36414897913,0.28228936414897915,1073.3666885164357,1073.3666885164357,1.0
40194,Banco Santander Río,BANELCO,"GUEMES, MACACHA Y MANSO JUANA",Puerto Madero,Comuna 1,2,300-600 m,300,600,291,846868.092447653,0.8468680924476529,343.61903889771054,1073.3666885164357,0.32013201320104967
40194,Banco Santander Río,BANELCO,"GUEMES, MACACHA Y MANSO JUANA",Puerto Madero,Comuna 1,3,600-900 m,600,900,1306,1411446.8207453075,1.4114468207453075,925.2916800013572,1073.3666885164357,0.8620462046202106
40194,Banco Santander Río,BANELCO,"GUEMES, MACACHA Y MANSO JUANA",Puerto Madero,Comuna 1,4,900-1200 m,900,1200,4433,1976025.5490442794,1.9760255490442793,2243.392046294167,1073.3666885164357,2.0900518623275826
41013,CitiBank,BANELCO,"GUEMES, MACACHA Y MANSO JUANA",Puerto Madero,Comuna 1,1,0-300 m,0,300,282,282289.36414897913,0.28228936414897915,998.9749378271778,998.9749378271778,1.0
41013,CitiBank,BANELCO,"GUEMES, MACACHA Y MANSO JUANA",Puerto Madero,Comuna 1,2,300-600 m,300,600,620,846868.092447653,0.8468680924476529,732.1092924968403,998.9749378271778,0.7328605200939434
41013,CitiBank,BANELCO,"GUEMES, MACACHA Y MANSO JUANA",Puerto Madero,Comuna 1,3,600-900 m,600,900,2784,1411446.8207453075,1.4114468207453075,1972.4441325603204,998.9749378271778,1.9744680851058072
41013,CitiBank,BANELCO,"GUEMES, MACACHA Y MANSO JUANA",Puerto Madero,Comuna 1,4,900-1200 m,900,1200,5289,1976025.5490442794,1.9760255490442793,2676.584825817696,998.9749378271778,2.679331306988949
39708,Banco Columbia,BANELCO,HELGUERA Y NOGOYA,Villa Del Parque,Comuna 11,1,0-300 m,0,300,814,282289.36414897913,0.28228936414897915,2883.5659552883785,2883.5659552883785,1.0
39708,Banco Columbia,BANELCO,HELGUERA Y NOGOYA,Villa Del Parque,Comuna 11,2,300-600 m,300,600,2395,846868.092447653,0.8468680924476529,2828.067347628924,2883.5659552883785,0.9807534807526522
39708,Banco Columbia,BANELCO,HELGUERA Y NOGOYA,Villa Del Parque,Comuna 11,3,600-900 m,600,900,3016,1411446.8207453075,1.4114468207453075,2136.814476940347,2883.5659552883785,0.7410319410317249
39708,Banco Columbia,BANELCO,HELGUERA Y NOGOYA,Villa Del Parque,Comuna 11,4,900-1200 m,900,1200,3765,1976025.5490442794,1.9760255490442793,1905.3397370398236,2883.5659552883785,0.6607581607576842
41035,CitiBank,BANELCO,HELGUERA Y SAN MARTIN AV.,Agronomia,Comuna 15,1,0-300 m,0,300,706,282289.36414897913,0.28228936414897915,2500.9798088864804,2500.9798088864804,1.0
41035,CitiBank,BANELCO,HELGUERA Y SAN MARTIN AV.,Agronomia,Comuna 15,2,300-600 m,300,600,1927,846868.092447653,0.8468680924476529,2275.4429139377603,2500.9798088864804,0.9098205854572106
41035,CitiBank,BANELCO,HELGUERA Y SAN MARTIN AV.,Agronomia,Comuna 15,3,600-900 m,600,900,2725,1411446.8207453075,1.4114468207453075,1930.6430536016067,2500.9798088864804,0.771954674220738
41035,CitiBank,BANELCO,HELGUERA Y SAN MARTIN AV.,Agronomia,Comuna 15,4,900-1200 m,900,1200,3724,1976025.5490442794,1.9760255490442793,1884.5910174598414,2500.9798088864804,0.7535410764867086
40062,Banco Patagonia,BANELCO,HIPOLITO YRIGOYEN 1778,Monserrat,Comuna 1,1,0-300 m,0,300,3263,282289.36414897913,0.28228936414897915,11559.061071383267,11559.061071383267,1.0
40062,Banco Patagonia,BANELCO,HIPOLITO YRIGOYEN 1778,Monserrat,Comuna 1,2,300-600 m,300,600,6867,846868.092447653,0.8468680924476529,8108.700825122262,11559.061071383267,0.7015016855648378
40062,Banco Patagonia,BANELCO,HIPOLITO YRIGOYEN 1778,Monserrat,Comuna 1,3,600-900 m,600,900,12394,1411446.8207453075,1.4114468207453075,8781.060552784702,11559.061071383267,0.7596690162424998
40062,Banco Patagonia,BANELCO,HIPOLITO YRIGOYEN 1778,Monserrat,Comuna 1,4,900-1200 m,900,1200,17059,1976025.5490442794,1.9760255490442793,8632.985544266228,11559.061071383267,0.7468587189697341
40129,Banco Santander Río,BANELCO,HIPOLITO YRIGOYEN 402,Monserrat,Comuna 1,1,0-300 m,0,300,2605,282289.36414897913,0.28228936414897915,9228.11954978652,9228.11954978652,1.0
40129,Banco Santander Río,BANELCO,HIPOLITO YRIGOYEN 402,Monserrat,Comuna 1,2,300-600 m,300,600,5500,846868.092447653,0.8468680924476529,6494.517917310681,9228.11954978652,0.7037747920659441
40129,Banco Santander Río,BANELCO,HIPOLITO YRIGOYEN 402,Monserrat,Comuna 1,3,600-900 m,600,900,9575,1411446.8207453075,1.4114468207453075,6783.8191699946365,9228.11954978652,0.7351247600765609
40129,Banco Santander Río,BANELCO,HIPOLITO YRIGOYEN 402,Monserrat,Comuna 1,4,900-1200 m,900,1200,16344,1976025.5490442794,1.9760255490442793,8271.148117444589,9228.11954978652,0.8962983273917308
40929,Banco Galicia,BANELCO,"HONDURAS Y JUSTO, JUAN B. AV.",Palermo,Comuna 14,1,0-300 m,0,300,2622,282289.36414897913,0.28228936414897915,9288.341443201633,9288.341443201633,1.0
40929,Banco Galicia,BANELCO,"HONDURAS Y JUSTO, JUAN B. AV.",Palermo,Comuna 14,2,300-600 m,300,600,5047,846868.092447653,0.8468680924476529,5959.6058052121825,9288.341443201633,0.641622171369913
40929,Banco Galicia,BANELCO,"HONDURAS Y JUSTO, JUAN B. AV.",Palermo,Comuna 14,3,600-900 m,600,900,8517,1411446.8207453075,1.4114468207453075,6034.233720192618,9288.341443201633,0.6496567505718929
40929,Banco Galicia,BANELCO,"HONDURAS Y JUSTO, JUAN B. AV.",Palermo,Comuna 14,4,900-1200 m,900,1200,9580,1976025.5490442794,1.9760255490442793,4848.115453078754,9288.341443201633,0.5219570665791158
41334,ICBC,BANELCO,"HORNOS, GRAL. Y SUAREZ AV.",Barracas,Comuna 4,1,0-300 m,0,300,1495,282289.36414897913,0.28228936414897915,5295.984156211457,5295.984156211457,1.0
41334,ICBC,BANELCO,"HORNOS, GRAL. Y SUAREZ AV.",Barracas,Comuna 4,2,300-600 m,300,600,3124,846868.092447653,0.8468680924476529,3688.8861770324665,5295.984156211457,0.6965440356738819
41334,ICBC,BANELCO,"HORNOS, GRAL. Y SUAREZ AV.",Barracas,Comuna 4,3,600-900 m,600,900,3952,1411446.8207453075,1.4114468207453075,2799.96379737011,5295.984156211457,0.5286956521737588
41334,ICBC,BANELCO,"HORNOS, GRAL. Y SUAREZ AV.",Barracas,Comuna 4,4,900-1200 m,900,1200,5879,1976025.5490442794,1.9760255490442793,2975.1639612369513,5295.984156211457,0.5617773530812956
40316,Banco Santander Río,BANELCO,"HUERGO, ING. AV. Y HUMBERTO 1°",Puerto Madero,Comuna 1,1,0-300 m,0,300,733,282289.36414897913,0.28228936414897915,2596.626345486955,2596.626345486955,1.0
40316,Banco Santander Río,BANELCO,"HUERGO, ING. AV. Y HUMBERTO 1°",Puerto Madero,Comuna 1,2,300-600 m,300,600,3291,846868.092447653,0.8468680924476529,3886.083357430809,2596.626345486955,1.4965893587981898
40316,Banco Santander Río,BANELCO,"HUERGO, ING. AV. Y HUMBERTO 1°",Puerto Madero,Comuna 1,3,600-900 m,600,900,5754,1411446.8207453075,1.4114468207453075,4076.667937770145,2596.626345486955,1.56998635743474
40316,Banco Santander Río,BANELCO,"HUERGO, ING. AV. Y HUMBERTO 1°",Puerto Madero,Comuna 1,4,900-1200 m,900,1200,8979,1976025.5490442794,1.9760255490442793,4543.969588016089,2596.626345486955,1.7499512765530156
39993,Banco Patagonia,BANELCO,"HUERGO, ING. AV. Y LA RABIDA (N) AV.",Puerto Madero,Comuna 1,1,0-300 m,0,300,319,282289.36414897913,0.28228936414897915,1130.0461176130132,1130.0461176130132,1.0
39993,Banco Patagonia,BANELCO,"HUERGO, ING. AV. Y LA RABIDA (N) AV.",Puerto Madero,Comuna 1,2,300-600 m,300,600,1585,846868.092447653,0.8468680924476529,1871.601981624987,1130.0461176130132,1.656217345871119
39993,Banco Patagonia,BANELCO,"HUERGO, ING. AV. Y LA RABIDA (N) AV.",Puerto Madero,Comuna 1,3,600-900 m,600,900,5943,1411446.8207453075,1.4114468207453075,4210.57308901077,1130.0461176130132,3.726018808776342
39993,Banco Patagonia,BANELCO,"HUERGO, ING. AV. Y LA RABIDA (N) AV.",Puerto Madero,Comuna 1,4,900-1200 m,900,1200,10253,1976025.5490442794,1.9760255490442793,5188.698093989193,1130.0461176130132,4.591580832956832
39976,Banco Macro,BANELCO,"HUERGO, ING. AV. Y MORENO",Monserrat,Comuna 1,1,0-300 m,0,300,808,282289.36414897913,0.28228936414897915,2862.311169377162,2862.311169377162,1.0
39976,Banco Macro,BANELCO,"HUERGO, ING. AV. Y MORENO",Monserrat,Comuna 1,2,300-600 m,300,600,2152,846868.092447653,0.8468680924476529,2541.1277378277427,2862.311169377162,0.8877887788771377
39976,Banco Macro,BANELCO,"HUERGO, ING. AV. Y MORENO",Monserrat,Comuna 1,3,600-900 m,600,900,6452,1411446.8207453075,1.4114468207453075,4571.195956637639,2862.311169377162,1.597029702969831
39976,Banco Macro,BANELCO,"HUERGO, ING. AV. Y MORENO",Monserrat,Comuna 1,4,900-1200 m,900,1200,9348,1976025.5490442794,1.9760255490442793,4730.708064235929,2862.311169377162,1.6527581329549608
41048,CitiBank,BANELCO,IBARROLA Y MONTIEL,Liniers,Comuna 9,1,0-300 m,0,300,2453,282289.36414897913,0.28228936414897915,8689.664973369032,8689.664973369032,1.0
41048,CitiBank,BANELCO,IBARROLA Y MONTIEL,Liniers,Comuna 9,2,300-600 m,300,600,5229,846868.092447653,0.8468680924476529,6174.515307203191,8689.664973369032,0.7105584997955676
41048,CitiBank,BANELCO,IBARROLA Y MONTIEL,Liniers,Comuna 9,3,600-900 m,600,900,2477,1411446.8207453075,1.4114468207453075,1754.9368234022677,8689.664973369032,0.2019567876069529
41048,CitiBank,BANELCO,IBARROLA Y MONTIEL,Liniers,Comuna 9,4,900-1200 m,900,1200,2521,1976025.5490442794,1.9760255490442793,1275.7932210032923,8689.664973369032,0.14681730825217995
40758,Banco Galicia,BANELCO,"ICALMA Y SALMUN FEIJOO, JOSE AARON",Barracas,Comuna 4,1,0-300 m,0,300,750,282289.36414897913,0.28228936414897915,2656.8482389020687,2656.8482389020687,1.0
40758,Banco Galicia,BANELCO,"ICALMA Y SALMUN FEIJOO, JOSE AARON",Barracas,Comuna 4,2,300-600 m,300,600,2619,846868.092447653,0.8468680924476529,3092.571350079395,2656.8482389020687,1.1639999999990165
40758,Banco Galicia,BANELCO,"ICALMA Y SALMUN FEIJOO, JOSE AARON",Barracas,Comuna 4,3,600-900 m,600,900,3823,1411446.8207453075,1.4114468207453075,2708.5682179519054,2656.8482389020687,1.0194666666663692
40758,Banco Galicia,BANELCO,"ICALMA Y SALMUN FEIJOO, JOSE AARON",Barracas,Comuna 4,4,900-1200 m,900,1200,6083,1976025.5490442794,1.9760255490442793,3078.401492805643,2656.8482389020687,1.158666666665831
41058,CitiBank,BANELCO,IGUAZU Y LOS PATOS,Parque Patricios,Comuna 4,1,0-300 m,0,300,940,282289.36414897913,0.28228936414897915,3329.916459423926,3329.916459423926,1.0
41058,CitiBank,BANELCO,IGUAZU Y LOS PATOS,Parque Patricios,Comuna 4,2,300-600 m,300,600,2057,846868.092447653,0.8468680924476529,2428.9497010741948,3329.916459423926,0.7294326241128589
41058,CitiBank,BANELCO,IGUAZU Y LOS PATOS,Parque Patricios,Comuna 4,3,600-900 m,600,900,5016,1411446.8207453075,1.4114468207453075,3553.80020435437,3329.916459423926,1.0672340425528801
41058,CitiBank,BANELCO,IGUAZU Y LOS PATOS,Parque Patricios,Comuna 4,4,900-1200 m,900,1200,6252,1976025.5490442794,1.9760255490442793,3163.9267027816672,3329.916459423926,0.9501519756832053
41063,CitiBank,BANELCO,INDEPENDENCIA AV. Y PASEO COLON AV.,San Telmo,Comuna 1,1,0-300 m,0,300,1784,282289.36414897913,0.28228936414897915,6319.756344268387,6319.756344268387,1.0
41063,CitiBank,BANELCO,INDEPENDENCIA AV. Y PASEO COLON AV.,San Telmo,Comuna 1,2,300-600 m,300,600,4637,846868.092447653,0.8468680924476529,5475.46901501266,6319.756344268387,0.8664050822115252
41063,CitiBank,BANELCO,INDEPENDENCIA AV. Y PASEO COLON AV.,San Telmo,Comuna 1,3,600-900 m,600,900,7237,1411446.8207453075,1.4114468207453075,5127.362854647643,6319.756344268387,0.8113228699549203
41063,CitiBank,BANELCO,INDEPENDENCIA AV. Y PASEO COLON AV.,San Telmo,Comuna 1,4,900-1200 m,900,1200,7790,1976025.5490442794,1.9760255490442793,3942.256720196607,6319.756344268387,0.6237988468925675
40212,Banco Santander Río,BANELCO,INDEPENDENCIA AV. Y SALTA,Monserrat,Comuna 1,1,0-300 m,0,300,2481,282289.36414897913,0.28228936414897915,8788.853974288044,8788.853974288044,1.0
40212,Banco Santander Río,BANELCO,INDEPENDENCIA AV. Y SALTA,Monserrat,Comuna 1,2,300-600 m,300,600,4948,846868.092447653,0.8468680924476529,5842.70448270059,8788.853974288044,0.6647857046884077
40212,Banco Santander Río,BANELCO,INDEPENDENCIA AV. Y SALTA,Monserrat,Comuna 1,3,600-900 m,600,900,10877,1411446.8207453075,1.4114468207453075,7706.276878541165,8788.853974288044,0.8768238613459755
40212,Banco Santander Río,BANELCO,INDEPENDENCIA AV. Y SALTA,Monserrat,Comuna 1,4,900-1200 m,900,1200,18220,1976025.5490442794,1.9760255490442793,9220.528554811577,8788.853974288044,1.0491161398046214
39841,Banco Itaú,BANELCO,JOSE LEON SUAREZ 44,Liniers,Comuna 9,1,0-300 m,0,300,4124,282289.36414897913,0.28228936414897915,14609.122849642841,14609.122849642841,1.0
39841,Banco Itaú,BANELCO,JOSE LEON SUAREZ 44,Liniers,Comuna 9,2,300-600 m,300,600,3107,846868.092447653,0.8468680924476529,3668.8122125607792,14609.122849642841,0.2511315874553326
39841,Banco Itaú,BANELCO,JOSE LEON SUAREZ 44,Liniers,Comuna 9,3,600-900 m,600,900,2625,1411446.8207453075,1.4114468207453075,1859.7937672309056,14609.122849642841,0.12730358874875045
39841,Banco Itaú,BANELCO,JOSE LEON SUAREZ 44,Liniers,Comuna 9,4,900-1200 m,900,1200,2435,1976025.5490442794,1.9760255490442793,1232.2715165184516,14609.122849642841,0.08434945268110862
39787,Banco Itaú,BANELCO,JOSE LEON SUAREZ 44,Liniers,Comuna 9,1,0-300 m,0,300,4124,282289.36414897913,0.28228936414897915,14609.122849642841,14609.122849642841,1.0
39787,Banco Itaú,BANELCO,JOSE LEON SUAREZ 44,Liniers,Comuna 9,2,300-600 m,300,600,3107,846868.092447653,0.8468680924476529,3668.8122125607792,14609.122849642841,0.2511315874553326
39787,Banco Itaú,BANELCO,JOSE LEON SUAREZ 44,Liniers,Comuna 9,3,600-900 m,600,900,2625,1411446.8207453075,1.4114468207453075,1859.7937672309056,14609.122849642841,0.12730358874875045
39787,Banco Itaú,BANELCO,JOSE LEON SUAREZ 44,Liniers,Comuna 9,4,900-1200 m,900,1200,2435,1976025.5490442794,1.9760255490442793,1232.2715165184516,14609.122849642841,0.08434945268110862
41159,HSBC Bank Argentina,BANELCO,JOSE PEDRO VARELA 4750,Villa Devoto,Comuna 11,1,0-300 m,0,300,1045,282289.36414897913,0.28228936414897915,3701.875212870216,3701.875212870216,1.0
41159,HSBC Bank Argentina,BANELCO,JOSE PEDRO VARELA 4750,Villa Devoto,Comuna 11,2,300-600 m,300,600,1620,846868.092447653,0.8468680924476529,1912.9307320078733,3701.875212870216,0.516746411482817
41159,HSBC Bank Argentina,BANELCO,JOSE PEDRO VARELA 4750,Villa Devoto,Comuna 11,3,600-900 m,600,900,2548,1411446.8207453075,1.4114468207453075,1805.2398167254655,3701.875212870216,0.4876555023922022
41159,HSBC Bank Argentina,BANELCO,JOSE PEDRO VARELA 4750,Villa Devoto,Comuna 11,4,900-1200 m,900,1200,3813,1976025.5490442794,1.9760255490442793,1929.6309209383392,3701.875212870216,0.5212576896783663
40939,Banco Galicia,BANELCO,"JOVELLANOS, GASPAR M. DE Y GARCIA, MARTIN AV.",Barracas,Comuna 4,1,0-300 m,0,300,1463,282289.36414897913,0.28228936414897915,5182.625298018302,5182.625298018302,1.0
40939,Banco Galicia,BANELCO,"JOVELLANOS, GASPAR M. DE Y GARCIA, MARTIN AV.",Barracas,Comuna 4,2,300-600 m,300,600,3642,846868.092447653,0.8468680924476529,4300.551682699182,5182.625298018302,0.8298017771694972
40939,Banco Galicia,BANELCO,"JOVELLANOS, GASPAR M. DE Y GARCIA, MARTIN AV.",Barracas,Comuna 4,3,600-900 m,600,900,5746,1411446.8207453075,1.4114468207453075,4070.9999948604886,5182.625298018302,0.7855092276142617
40939,Banco Galicia,BANELCO,"JOVELLANOS, GASPAR M. DE Y GARCIA, MARTIN AV.",Barracas,Comuna 4,4,900-1200 m,900,1200,13350,1976025.5490442794,1.9760255490442793,6755.985521774673,5182.625298018302,1.3035836344097618
40323,Banco Santander Río,BANELCO,"JOVELLANOS, GASPAR M. DE Y GARCIA, MARTIN AV.",Barracas,Comuna 4,1,0-300 m,0,300,1377,282289.36414897913,0.28228936414897915,4877.973366624198,4877.973366624198,1.0
40323,Banco Santander Río,BANELCO,"JOVELLANOS, GASPAR M. DE Y GARCIA, MARTIN AV.",Barracas,Comuna 4,2,300-600 m,300,600,4013,846868.092447653,0.8468680924476529,4738.636436757775,4877.973366624198,0.9714354877745364
40323,Banco Santander Río,BANELCO,"JOVELLANOS, GASPAR M. DE Y GARCIA, MARTIN AV.",Barracas,Comuna 4,3,600-900 m,600,900,5658,1411446.8207453075,1.4114468207453075,4008.6526228542716,4877.973366624198,0.8217864923744879
40323,Banco Santander Río,BANELCO,"JOVELLANOS, GASPAR M. DE Y GARCIA, MARTIN AV.",Barracas,Comuna 4,4,900-1200 m,900,1200,13678,1976025.5490442794,1.9760255490442793,6921.97527841453,4877.973366624198,1.4190268700062387
40105,Banco Santander Río,BANELCO,J. SALGUERO 2727,Palermo,Comuna 14,1,0-300 m,0,300,1837,282289.36414897913,0.28228936414897915,6507.5069531508,6507.5069531508,1.0
40105,Banco Santander Río,BANELCO,J. SALGUERO 2727,Palermo,Comuna 14,2,300-600 m,300,600,3583,846868.092447653,0.8468680924476529,4230.883217768031,6507.5069531508,0.650154236980035
40105,Banco Santander Río,BANELCO,J. SALGUERO 2727,Palermo,Comuna 14,3,600-900 m,600,900,4290,1411446.8207453075,1.4114468207453075,3039.43438530308,6507.5069531508,0.46706586826333685
40105,Banco Santander Río,BANELCO,J. SALGUERO 2727,Palermo,Comuna 14,4,900-1200 m,900,1200,8819,1976025.5490442794,1.9760255490442793,4462.998975021037,6507.5069531508,0.6858231588765565
40265,Banco Santander Río,BANELCO,J. SALGUERO 3212,Palermo,Comuna 14,1,0-300 m,0,300,564,282289.36414897913,0.28228936414897915,1997.9498756543555,1997.9498756543555,1.0
40265,Banco Santander Río,BANELCO,J. SALGUERO 3212,Palermo,Comuna 14,2,300-600 m,300,600,1033,846868.092447653,0.8468680924476529,1219.788547014897,1997.9498756543555,0.610520094562132
40265,Banco Santander Río,BANELCO,J. SALGUERO 3212,Palermo,Comuna 14,3,600-900 m,600,900,2225,1411446.8207453075,1.4114468207453075,1576.3966217481009,1997.9498756543555,0.7890070921983514
40265,Banco Santander Río,BANELCO,J. SALGUERO 3212,Palermo,Comuna 14,4,900-1200 m,900,1200,5523,1976025.5490442794,1.9760255490442793,2795.0043473229603,1997.9498756543555,1.398936170211757
39804,Banco Itaú,BANELCO,JUANA MANSO 355,Puerto Madero,Comuna 1,1,0-300 m,0,300,98,282289.36414897913,0.28228936414897915,347.16150321653697,347.16150321653697,1.0
39804,Banco Itaú,BANELCO,JUANA MANSO 355,Puerto Madero,Comuna 1,2,300-600 m,300,600,1013,846868.092447653,0.8468680924476529,1196.1721182246763,347.16150321653697,3.445578231289606
39804,Banco Itaú,BANELCO,JUANA MANSO 355,Puerto Madero,Comuna 1,3,600-900 m,600,900,3041,1411446.8207453075,1.4114468207453075,2154.5267985330224,347.16150321653697,6.206122448977782
39804,Banco Itaú,BANELCO,JUANA MANSO 355,Puerto Madero,Comuna 1,4,900-1200 m,900,1200,4264,1976025.5490442794,1.9760255490442793,2157.8668363181428,347.16150321653697,6.215743440228753
39782,Banco Itaú,BANELCO,JUANA MANSO 505,Puerto Madero,Comuna 1,1,0-300 m,0,300,198,282289.36414897913,0.28228936414897915,701.4079350701461,701.4079350701461,1.0
39782,Banco Itaú,BANELCO,JUANA MANSO 505,Puerto Madero,Comuna 1,2,300-600 m,300,600,741,846868.092447653,0.8468680924476529,874.9886866776753,701.4079350701461,1.2474747474736936
39782,Banco Itaú,BANELCO,JUANA MANSO 505,Puerto Madero,Comuna 1,3,600-900 m,600,900,2926,1411446.8207453075,1.4114468207453075,2073.050119206716,701.4079350701461,2.9555555555546933
39782,Banco Itaú,BANELCO,JUANA MANSO 505,Puerto Madero,Comuna 1,4,900-1200 m,900,1200,4742,1976025.5490442794,1.9760255490442793,2399.766542640861,701.4079350701461,3.4213564213539533
40468,Banco Supervielle,BANELCO,JUAN B. JUSTO 1447,Palermo,Comuna 14,1,0-300 m,0,300,2272,282289.36414897913,0.28228936414897915,8048.478931714,8048.478931714,1.0
40468,Banco Supervielle,BANELCO,JUAN B. JUSTO 1447,Palermo,Comuna 14,2,300-600 m,300,600,5164,846868.092447653,0.8468680924476529,6097.761913634974,8048.478931714,0.7576291079805806
40468,Banco Supervielle,BANELCO,JUAN B. JUSTO 1447,Palermo,Comuna 14,3,600-900 m,600,900,8762,1411446.8207453075,1.4114468207453075,6207.814471800836,8048.478931714,0.7713028169011834
40468,Banco Supervielle,BANELCO,JUAN B. JUSTO 1447,Palermo,Comuna 14,4,900-1200 m,900,1200,10280,1976025.5490442794,1.9760255490442793,5202.361884932107,8048.478931714,0.64637826961724
39963,Banco Macro,BANELCO,JUAN D. PERON 562,San Nicolas,Comuna 1,1,0-300 m,0,300,2928,282289.36414897913,0.28228936414897915,10372.335524673676,10372.335524673676,1.0
39963,Banco Macro,BANELCO,JUAN D. PERON 562,San Nicolas,Comuna 1,2,300-600 m,300,600,10622,846868.092447653,0.8468680924476529,12542.68533048619,10372.335524673676,1.2092440801446978
39963,Banco Macro,BANELCO,JUAN D. PERON 562,San Nicolas,Comuna 1,3,600-900 m,600,900,15007,1411446.8207453075,1.4114468207453075,10632.352405651123,10372.335524673676,1.02506830601063
39963,Banco Macro,BANELCO,JUAN D. PERON 562,San Nicolas,Comuna 1,4,900-1200 m,900,1200,13458,1976025.5490442794,1.9760255490442793,6810.640685546333,10372.335524673676,0.6566159250580744
40220,Banco Santander Río,BANELCO,JUNCAL 735,Retiro,Comuna 1,1,0-300 m,0,300,2211,282289.36414897913,0.28228936414897915,7832.388608283299,7832.388608283299,1.0
40220,Banco Santander Río,BANELCO,JUNCAL 735,Retiro,Comuna 1,2,300-600 m,300,600,5723,846868.092447653,0.8468680924476529,6757.841098321641,7832.388608283299,0.862807176239283
40220,Banco Santander Río,BANELCO,JUNCAL 735,Retiro,Comuna 1,3,600-900 m,600,900,7568,1411446.8207453075,1.4114468207453075,5361.873992534664,7832.388608283299,0.6845771144276609
40220,Banco Santander Río,BANELCO,JUNCAL 735,Retiro,Comuna 1,4,900-1200 m,900,1200,10328,1976025.5490442794,1.9760255490442793,5226.653068830624,7832.388608283299,0.6673127867152905
39880,Banco Itaú,BANELCO,JUNIN Y SANTA FE AV.,Recoleta,Comuna 2,1,0-300 m,0,300,2868,282289.36414897913,0.28228936414897915,10159.787665561511,10159.787665561511,1.0
39880,Banco Itaú,BANELCO,JUNIN Y SANTA FE AV.,Recoleta,Comuna 2,2,300-600 m,300,600,8761,846868.092447653,0.8468680924476529,10345.176631556158,10159.787665561511,1.0182473268238723
39880,Banco Itaú,BANELCO,JUNIN Y SANTA FE AV.,Recoleta,Comuna 2,3,600-900 m,600,900,11797,1411446.8207453075,1.4114468207453075,8358.090313151617,10159.787665561511,0.8226638772661478
39880,Banco Itaú,BANELCO,JUNIN Y SANTA FE AV.,Recoleta,Comuna 2,4,900-1200 m,900,1200,14776,1976025.5490442794,1.9760255490442793,7477.636110093076,10159.787665561511,0.7360031878855021
40340,Banco Santander Río,BANELCO,JURAMENTO 1959,Belgrano,Comuna 13,1,0-300 m,0,300,1688,282289.36414897913,0.28228936414897915,5979.6797696889225,5979.6797696889225,1.0
40340,Banco Santander Río,BANELCO,JURAMENTO 1959,Belgrano,Comuna 13,2,300-600 m,300,600,5713,846868.092447653,0.8468680924476529,6746.032883926531,5979.6797696889225,1.1281595576609742
40340,Banco Santander Río,BANELCO,JURAMENTO 1959,Belgrano,Comuna 13,3,600-900 m,600,900,7895,1411446.8207453075,1.4114468207453075,5593.551158966857,5979.6797696889225,0.9354265402840873
40340,Banco Santander Río,BANELCO,JURAMENTO 1959,Belgrano,Comuna 13,4,900-1200 m,900,1200,7500,1976025.5490442794,1.9760255490442793,3795.497484143075,5979.6797696889225,0.6347325660117291
39962,Banco Macro,BANELCO,JURAMENTO 2558,Belgrano,Comuna 13,1,0-300 m,0,300,3336,282289.36414897913,0.28228936414897915,11817.660966636402,11817.660966636402,1.0
39962,Banco Macro,BANELCO,JURAMENTO 2558,Belgrano,Comuna 13,2,300-600 m,300,600,5196,846868.092447653,0.8468680924476529,6135.548199699327,11817.660966636402,0.5191846522777388
39962,Banco Macro,BANELCO,JURAMENTO 2558,Belgrano,Comuna 13,3,600-900 m,600,900,6683,1411446.8207453075,1.4114468207453075,4734.857808153959,11817.660966636402,0.4006594724219455
39962,Banco Macro,BANELCO,JURAMENTO 2558,Belgrano,Comuna 13,4,900-1200 m,900,1200,7925,1976025.5490442794,1.9760255490442793,4010.5756749111824,11817.660966636402,0.3393713600545685
41025,CitiBank,BANELCO,JURAMENTO Y TRIUNVIRATO AV.,Villa Urquiza,Comuna 12,1,0-300 m,0,300,941,282289.36414897913,0.28228936414897915,3333.458923742462,3333.458923742462,1.0
41025,CitiBank,BANELCO,JURAMENTO Y TRIUNVIRATO AV.,Villa Urquiza,Comuna 12,2,300-600 m,300,600,2293,846868.092447653,0.8468680924476529,2707.6235607987983,3333.458923742462,0.8122564647531217
41025,CitiBank,BANELCO,JURAMENTO Y TRIUNVIRATO AV.,Villa Urquiza,Comuna 12,3,600-900 m,600,900,4418,1411446.8207453075,1.4114468207453075,3130.1214718575775,3333.458923742462,0.9390010626989822
41025,CitiBank,BANELCO,JURAMENTO Y TRIUNVIRATO AV.,Villa Urquiza,Comuna 12,4,900-1200 m,900,1200,4894,1976025.5490442794,1.9760255490442793,2476.688624986161,3333.458923742462,0.7429785942001624
40390,Banco Santander Río,BANELCO,"JUSTO, JUAN B. AV. Y PARAGUAY",Palermo,Comuna 14,1,0-300 m,0,300,1402,282289.36414897913,0.28228936414897915,4966.5349745876,4966.5349745876,1.0
40390,Banco Santander Río,BANELCO,"JUSTO, JUAN B. AV. Y PARAGUAY",Palermo,Comuna 14,2,300-600 m,300,600,5146,846868.092447653,0.8468680924476529,6076.507127723775,4966.5349745876,1.2234902520198887
40390,Banco Santander Río,BANELCO,"JUSTO, JUAN B. AV. Y PARAGUAY",Palermo,Comuna 14,3,600-900 m,600,900,7514,1411446.8207453075,1.4114468207453075,5323.615377894485,4966.5349745876,1.0718972895859926
40390,Banco Santander Río,BANELCO,"JUSTO, JUAN B. AV. Y PARAGUAY",Palermo,Comuna 14,4,900-1200 m,900,1200,11655,1976025.5490442794,1.9760255490442793,5898.203090358338,4966.5349745876,1.1875891583443645
41327,ICBC,BANELCO,"JUSTO, JUAN B. AV. Y TERRERO",Villa Gral. Mitre,Comuna 11,1,0-300 m,0,300,813,282289.36414897913,0.28228936414897915,2880.0234909698424,2880.0234909698424,1.0
41327,ICBC,BANELCO,"JUSTO, JUAN B. AV. Y TERRERO",Villa Gral. Mitre,Comuna 11,2,300-600 m,300,600,2474,846868.092447653,0.8468680924476529,2921.352241350295,2880.0234909698424,1.014350143500578
41327,ICBC,BANELCO,"JUSTO, JUAN B. AV. Y TERRERO",Villa Gral. Mitre,Comuna 11,3,600-900 m,600,900,3991,1411446.8207453075,1.4114468207453075,2827.5950190546832,2880.0234909698424,0.9817958179578931
41327,ICBC,BANELCO,"JUSTO, JUAN B. AV. Y TERRERO",Villa Gral. Mitre,Comuna 11,4,900-1200 m,900,1200,6946,1976025.5490442794,1.9760255490442793,3515.136736647706,2880.0234909698424,1.2205236338068863
41191,HSBC Bank Argentina,BANELCO,"LAFERRERE, GREGORIO DE Y MITRE, EMILIO",Parque Chacabuco,Comuna 7,1,0-300 m,0,300,1422,282289.36414897913,0.28228936414897915,5037.384260958323,5037.384260958323,1.0
41191,HSBC Bank Argentina,BANELCO,"LAFERRERE, GREGORIO DE Y MITRE, EMILIO",Parque Chacabuco,Comuna 7,2,300-600 m,300,600,3199,846868.092447653,0.8468680924476529,3777.4477849957943,5037.384260958323,0.749882794185958
41191,HSBC Bank Argentina,BANELCO,"LAFERRERE, GREGORIO DE Y MITRE, EMILIO",Parque Chacabuco,Comuna 7,3,600-900 m,600,900,5468,1411446.8207453075,1.4114468207453075,3874.0389787499394,5037.384260958323,0.7690576652599724
41191,HSBC Bank Argentina,BANELCO,"LAFERRERE, GREGORIO DE Y MITRE, EMILIO",Parque Chacabuco,Comuna 7,4,900-1200 m,900,1200,8930,1976025.5490442794,1.9760255490442793,4519.172337786355,5037.384260958323,0.8971267832020855
40773,Banco Galicia,BANELCO,LAFUENTE AV. Y LANUS,Flores,Comuna 7,1,0-300 m,0,300,787,282289.36414897913,0.28228936414897915,2787.919418687904,2787.919418687904,1.0
40773,Banco Galicia,BANELCO,LAFUENTE AV. Y LANUS,Flores,Comuna 7,2,300-600 m,300,600,2409,846868.092447653,0.8468680924476529,2844.5988477820783,2787.919418687904,1.0203303684870668
40773,Banco Galicia,BANELCO,LAFUENTE AV. Y LANUS,Flores,Comuna 7,3,600-900 m,600,900,5301,1411446.8207453075,1.4114468207453075,3755.720670510869,2787.919418687904,1.3471410419309922
40773,Banco Galicia,BANELCO,LAFUENTE AV. Y LANUS,Flores,Comuna 7,4,900-1200 m,900,1200,7421,1976025.5490442794,1.9760255490442793,3755.5182439767677,2787.919418687904,1.347068433471528
40231,Banco Santander Río,BANELCO,"LAFUENTE Y RABANAL, FRANCISCO, INTENDENTE AV.",Villa Soldati,Comuna 8,1,0-300 m,0,300,254,282289.36414897913,0.28228936414897915,899.7859369081673,899.7859369081673,1.0
40231,Banco Santander Río,BANELCO,"LAFUENTE Y RABANAL, FRANCISCO, INTENDENTE AV.",Villa Soldati,Comuna 8,2,300-600 m,300,600,1667,846868.092447653,0.8468680924476529,1968.4293396648918,899.7859369081673,2.1876640419929023
40231,Banco Santander Río,BANELCO,"LAFUENTE Y RABANAL, FRANCISCO, INTENDENTE AV.",Villa Soldati,Comuna 8,3,600-900 m,600,900,3077,1411446.8207453075,1.4114468207453075,2180.032541626475,899.7859369081673,2.4228346456685848
40231,Banco Santander Río,BANELCO,"LAFUENTE Y RABANAL, FRANCISCO, INTENDENTE AV.",Villa Soldati,Comuna 8,4,900-1200 m,900,1200,2733,1976025.5490442794,1.9760255490442793,1383.0792832217364,899.7859369081673,1.537120359953897
40351,Banco Santander Río,BANELCO,LA HAYA Y TRIUNVIRATO AV.,Villa Ortuzar,Comuna 15,1,0-300 m,0,300,993,282289.36414897913,0.28228936414897915,3517.667068306339,3517.667068306339,1.0
40351,Banco Santander Río,BANELCO,LA HAYA Y TRIUNVIRATO AV.,Villa Ortuzar,Comuna 15,2,300-600 m,300,600,1888,846868.092447653,0.8468680924476529,2229.39087779683,3517.667068306339,0.6337697213824789
40351,Banco Santander Río,BANELCO,LA HAYA Y TRIUNVIRATO AV.,Villa Ortuzar,Comuna 15,3,600-900 m,600,900,2927,1411446.8207453075,1.4114468207453075,2073.758612070423,3517.667068306339,0.5895266868074817
40351,Banco Santander Río,BANELCO,LA HAYA Y TRIUNVIRATO AV.,Villa Ortuzar,Comuna 15,4,900-1200 m,900,1200,3833,1976025.5490442794,1.9760255490442793,1939.7522475627206,3517.667068306339,0.5514314487120177
39909,Banco Itaú,BANELCO,"LA NAVE Y MITRE, EMILIO",Caballito,Comuna 6,1,0-300 m,0,300,1160,282289.36414897913,0.28228936414897915,4109.258609501866,4109.258609501866,1.0
39909,Banco Itaú,BANELCO,"LA NAVE Y MITRE, EMILIO",Caballito,Comuna 6,2,300-600 m,300,600,3790,846868.092447653,0.8468680924476529,4475.313255746814,4109.258609501866,1.0890804597691948
39909,Banco Itaú,BANELCO,"LA NAVE Y MITRE, EMILIO",Caballito,Comuna 6,3,600-900 m,600,900,7042,1411446.8207453075,1.4114468207453075,4989.206746224776,4109.258609501866,1.2141379310341287
39909,Banco Itaú,BANELCO,"LA NAVE Y MITRE, EMILIO",Caballito,Comuna 6,4,900-1200 m,900,1200,8247,1976025.5490442794,1.9760255490442793,4173.529033563725,4109.258609501866,1.0156403940879373
40489,Banco Supervielle,BANELCO,LA PAMPA 2103,Belgrano,Comuna 13,1,0-300 m,0,300,901,282289.36414897913,0.28228936414897915,3191.7603510010185,3191.7603510010185,1.0
40489,Banco Supervielle,BANELCO,LA PAMPA 2103,Belgrano,Comuna 13,2,300-600 m,300,600,5448,846868.092447653,0.8468680924476529,6433.115202456107,3191.7603510010185,2.0155382907863104
40489,Banco Supervielle,BANELCO,LA PAMPA 2103,Belgrano,Comuna 13,3,600-900 m,600,900,7490,1411446.8207453075,1.4114468207453075,5306.611549165517,3191.7603510010185,1.66259711431694
40489,Banco Supervielle,BANELCO,LA PAMPA 2103,Belgrano,Comuna 13,4,900-1200 m,900,1200,8663,1976025.5490442794,1.9760255490442793,4384.052627350861,3191.7603510010185,1.3735531948618602
39733,Banco Comafi,BANELCO,LA PAMPA Y TRIUNVIRATO AV.,Villa Urquiza,Comuna 12,1,0-300 m,0,300,907,282289.36414897913,0.28228936414897915,3213.015136912235,3213.015136912235,1.0
39733,Banco Comafi,BANELCO,LA PAMPA Y TRIUNVIRATO AV.,Villa Urquiza,Comuna 12,2,300-600 m,300,600,1831,846868.092447653,0.8468680924476529,2162.0840557447013,3213.015136912235,0.6729143697164474
39733,Banco Comafi,BANELCO,LA PAMPA Y TRIUNVIRATO AV.,Villa Urquiza,Comuna 12,3,600-900 m,600,900,3891,1411446.8207453075,1.4114468207453075,2756.745732683982,3213.015136912235,0.8579933847847552
39733,Banco Comafi,BANELCO,LA PAMPA Y TRIUNVIRATO AV.,Villa Urquiza,Comuna 12,4,900-1200 m,900,1200,5357,1976025.5490442794,1.9760255490442793,2710.9973363405934,3213.015136912235,0.8437549220343575
41288,ICBC,BANELCO,"LARREA Y MITRE, BARTOLOME",Balvanera,Comuna 3,1,0-300 m,0,300,3133,282289.36414897913,0.28228936414897915,11098.540709973575,11098.540709973575,1.0
41288,ICBC,BANELCO,"LARREA Y MITRE, BARTOLOME",Balvanera,Comuna 3,2,300-600 m,300,600,14132,846868.092447653,0.8468680924476529,16687.368583169915,11098.540709973575,1.5035642089571293
41288,ICBC,BANELCO,"LARREA Y MITRE, BARTOLOME",Balvanera,Comuna 3,3,600-900 m,600,900,15374,1411446.8207453075,1.4114468207453075,10892.369286631596,11098.540709973575,0.9814235556971282
41288,ICBC,BANELCO,"LARREA Y MITRE, BARTOLOME",Balvanera,Comuna 3,4,900-1200 m,900,1200,18673,1976025.5490442794,1.9760255490442793,9449.776602853817,11098.540709973575,0.851443162645868
40339,Banco Santander Río,BANELCO,LARREA Y SANTA FE AV.,Recoleta,Comuna 2,1,0-300 m,0,300,4113,282289.36414897913,0.28228936414897915,14570.155742138944,14570.155742138944,1.0
40339,Banco Santander Río,BANELCO,LARREA Y SANTA FE AV.,Recoleta,Comuna 2,2,300-600 m,300,600,7062,846868.092447653,0.8468680924476529,8338.961005826914,14570.155742138944,0.5723316314121106
40339,Banco Santander Río,BANELCO,LARREA Y SANTA FE AV.,Recoleta,Comuna 2,3,600-900 m,600,900,12129,1411446.8207453075,1.4114468207453075,8593.309943902344,14570.155742138944,0.5897884755651088
40339,Banco Santander Río,BANELCO,LARREA Y SANTA FE AV.,Recoleta,Comuna 2,4,900-1200 m,900,1200,15044,1976025.5490442794,1.9760255490442793,7613.261886859789,14570.155742138944,0.5225243999857299
41028,CitiBank,BANELCO,"LAS HERAS GENERAL AV. Y SALGUERO, JERONIMO",Palermo,Comuna 14,1,0-300 m,0,300,1555,282289.36414897913,0.28228936414897915,5508.5320153236225,5508.5320153236225,1.0
41028,CitiBank,BANELCO,"LAS HERAS GENERAL AV. Y SALGUERO, JERONIMO",Palermo,Comuna 14,2,300-600 m,300,600,4695,846868.092447653,0.8468680924476529,5543.956658504299,5508.5320153236225,1.0064308681663523
41028,CitiBank,BANELCO,"LAS HERAS GENERAL AV. Y SALGUERO, JERONIMO",Palermo,Comuna 14,3,600-900 m,600,900,8607,1411446.8207453075,1.4114468207453075,6097.998077926249,5508.5320153236225,1.1070096463019277
41028,CitiBank,BANELCO,"LAS HERAS GENERAL AV. Y SALGUERO, JERONIMO",Palermo,Comuna 14,4,900-1200 m,900,1200,9001,1976025.5490442794,1.9760255490442793,4555.103047302909,5508.5320153236225,0.8269177767564085
40759,Banco Galicia,BANELCO,LAS HERAS GENERAL AV. Y UGARTECHE,Palermo,Comuna 14,1,0-300 m,0,300,1807,282289.36414897913,0.28228936414897915,6401.233023594717,6401.233023594717,1.0
40759,Banco Galicia,BANELCO,LAS HERAS GENERAL AV. Y UGARTECHE,Palermo,Comuna 14,2,300-600 m,300,600,4221,846868.092447653,0.8468680924476529,4984.2472961760695,6401.233023594717,0.778638627558833
40759,Banco Galicia,BANELCO,LAS HERAS GENERAL AV. Y UGARTECHE,Palermo,Comuna 14,3,600-900 m,600,900,8361,1411446.8207453075,1.4114468207453075,5923.708833454324,6401.233023594717,0.9254012174872784
40759,Banco Galicia,BANELCO,LAS HERAS GENERAL AV. Y UGARTECHE,Palermo,Comuna 14,4,900-1200 m,900,1200,9960,1976025.5490442794,1.9760255490442793,5040.420658942004,6401.233023594717,0.7874140248235288
40156,Banco Santander Río,BANELCO,LAVALLE 1141,San Nicolas,Comuna 1,1,0-300 m,0,300,5754,282289.36414897913,0.28228936414897915,20383.33968885667,20383.33968885667,1.0
40156,Banco Santander Río,BANELCO,LAVALLE 1141,San Nicolas,Comuna 1,2,300-600 m,300,600,10822,846868.092447653,0.8468680924476529,12778.849618388398,20383.33968885667,0.6269261962687322
40156,Banco Santander Río,BANELCO,LAVALLE 1141,San Nicolas,Comuna 1,3,600-900 m,600,900,13890,1411446.8207453075,1.4114468207453075,9840.965876890392,20383.33968885667,0.4827945776849478
40156,Banco Santander Río,BANELCO,LAVALLE 1141,San Nicolas,Comuna 1,4,900-1200 m,900,1200,21976,1976025.5490442794,1.9760255490442793,11121.313694870429,20383.33968885667,0.5456080242311969
39818,Banco Itaú,BANELCO,LAVALLE 1354,San Nicolas,Comuna 1,1,0-300 m,0,300,4236,282289.36414897913,0.28228936414897915,15005.878853318884,15005.878853318884,1.0
39818,Banco Itaú,BANELCO,LAVALLE 1354,San Nicolas,Comuna 1,2,300-600 m,300,600,10831,846868.092447653,0.8468680924476529,12789.477011343997,15005.878853318884,0.8522977651865635
39818,Banco Itaú,BANELCO,LAVALLE 1354,San Nicolas,Comuna 1,3,600-900 m,600,900,15906,1411446.8207453075,1.4114468207453075,11269.287490123726,15005.878853318884,0.7509915014162115
39818,Banco Itaú,BANELCO,LAVALLE 1354,San Nicolas,Comuna 1,4,900-1200 m,900,1200,19914,1976025.5490442794,1.9760255490442793,10077.804919896693,15005.878853318884,0.6715904492103615
40007,Banco Patagonia,BANELCO,LAVALLE 456,San Nicolas,Comuna 1,1,0-300 m,0,300,4781,282289.36414897913,0.28228936414897915,16936.521906921054,16936.521906921054,1.0
40007,Banco Patagonia,BANELCO,LAVALLE 456,San Nicolas,Comuna 1,2,300-600 m,300,600,8906,846868.092447653,0.8468680924476529,10516.39574028526,16936.521906921054,0.6209300704171007
40007,Banco Patagonia,BANELCO,LAVALLE 456,San Nicolas,Comuna 1,3,600-900 m,600,900,12655,1411446.8207453075,1.4114468207453075,8965.977190212232,16936.521906921054,0.5293871574982768
40007,Banco Patagonia,BANELCO,LAVALLE 456,San Nicolas,Comuna 1,4,900-1200 m,900,1200,11909,1976025.5490442794,1.9760255490442793,6026.7439384879835,16936.521906921054,0.35584306929188186
39784,Banco Itaú,BANELCO,LAVALLE 468,San Nicolas,Comuna 1,1,0-300 m,0,300,4682,282289.36414897913,0.28228936414897915,16585.81793938598,16585.81793938598,1.0
39784,Banco Itaú,BANELCO,LAVALLE 468,San Nicolas,Comuna 1,2,300-600 m,300,600,9191,846868.092447653,0.8468680924476529,10852.929850545903,16585.81793938598,0.6543499928799826
39784,Banco Itaú,BANELCO,LAVALLE 468,San Nicolas,Comuna 1,3,600-900 m,600,900,12764,1411446.8207453075,1.4114468207453075,9043.202912356297,16585.81793938598,0.5452370781715625
39784,Banco Itaú,BANELCO,LAVALLE 468,San Nicolas,Comuna 1,4,900-1200 m,900,1200,11884,1976025.5490442794,1.9760255490442793,6014.0922802075065,16585.81793938598,0.36260450356964147
40251,Banco Santander Río,BANELCO,LAVARDEN Y USPALLATA,Parque Patricios,Comuna 4,1,0-300 m,0,300,574,282289.36414897913,0.28228936414897915,2033.3745188397165,2033.3745188397165,1.0
40251,Banco Santander Río,BANELCO,LAVARDEN Y USPALLATA,Parque Patricios,Comuna 4,2,300-600 m,300,600,3350,846868.092447653,0.8468680924476529,3955.75182236196,2033.3745188397165,1.945412311264326
40251,Banco Santander Río,BANELCO,LAVARDEN Y USPALLATA,Parque Patricios,Comuna 4,3,600-900 m,600,900,4131,1411446.8207453075,1.4114468207453075,2926.784019973665,2033.3745188397165,1.4393728222992317
40251,Banco Santander Río,BANELCO,LAVARDEN Y USPALLATA,Parque Patricios,Comuna 4,4,900-1200 m,900,1200,4807,1976025.5490442794,1.9760255490442793,2432.660854170101,2033.3745188397165,1.1963663514177532
41371,ICBC,BANELCO,LIMA Y MORENO,Monserrat,Comuna 1,1,0-300 m,0,300,1716,282289.36414897913,0.28228936414897915,6078.868770607933,6078.868770607933,1.0
41371,ICBC,BANELCO,LIMA Y MORENO,Monserrat,Comuna 1,2,300-600 m,300,600,6215,846868.092447653,0.8468680924476529,7338.805246561069,6078.868770607933,1.2072649572639373
41371,ICBC,BANELCO,LIMA Y MORENO,Monserrat,Comuna 1,3,600-900 m,600,900,10922,1411446.8207453075,1.4114468207453075,7738.159057407981,6078.868770607933,1.2729603729600016
41371,ICBC,BANELCO,LIMA Y MORENO,Monserrat,Comuna 1,4,900-1200 m,900,1200,21480,1976025.5490442794,1.9760255490442793,10870.304794585765,6078.868770607933,1.7882117882104984
40655,BBVA Banco Francés,BANELCO,LIMA Y SAN JUAN AV.,Constitucion,Comuna 1,1,0-300 m,0,300,2153,282289.36414897913,0.28228936414897915,7626.925677808205,7626.925677808205,1.0
40655,BBVA Banco Francés,BANELCO,LIMA Y SAN JUAN AV.,Constitucion,Comuna 1,2,300-600 m,300,600,8513,846868.092447653,0.8468680924476529,10052.332914557423,7626.925677808205,1.3180058832625494
40655,BBVA Banco Francés,BANELCO,LIMA Y SAN JUAN AV.,Constitucion,Comuna 1,3,600-900 m,600,900,16563,1411446.8207453075,1.4114468207453075,11734.767301579233,7626.925677808205,1.5385973060840843
40655,BBVA Banco Francés,BANELCO,LIMA Y SAN JUAN AV.,Constitucion,Comuna 1,4,900-1200 m,900,1200,15878,1976025.5490442794,1.9760255490442793,8035.321207096499,7626.925677808205,1.0535465463465297
40258,Banco Santander Río,BANELCO,L. M. AGOTE 2202,Recoleta,Comuna 2,1,0-300 m,0,300,1869,282289.36414897913,0.28228936414897915,6620.865811343955,6620.865811343955,1.0
40258,Banco Santander Río,BANELCO,L. M. AGOTE 2202,Recoleta,Comuna 2,2,300-600 m,300,600,4391,846868.092447653,0.8468680924476529,5184.986940892945,6620.865811343955,0.7831282325657731
40258,Banco Santander Río,BANELCO,L. M. AGOTE 2202,Recoleta,Comuna 2,3,600-900 m,600,900,6565,1411446.8207453075,1.4114468207453075,4651.255650236531,6620.865811343955,0.7025147137504639
40258,Banco Santander Río,BANELCO,L. M. AGOTE 2202,Recoleta,Comuna 2,4,900-1200 m,900,1200,10411,1976025.5490442794,1.9760255490442793,5268.656574321807,6620.865811343955,0.795765497209546
40252,Banco Santander Río,BANELCO,"LOZANO, PEDRO Y SAN MARTIN AV.",Agronomia,Comuna 15,1,0-300 m,0,300,640,282289.36414897913,0.28228936414897915,2267.1771638630985,2267.1771638630985,1.0
40252,Banco Santander Río,BANELCO,"LOZANO, PEDRO Y SAN MARTIN AV.",Agronomia,Comuna 15,2,300-600 m,300,600,1200,846868.092447653,0.8468680924476529,1416.9857274132394,2267.1771638630985,0.624999999999472
40252,Banco Santander Río,BANELCO,"LOZANO, PEDRO Y SAN MARTIN AV.",Agronomia,Comuna 15,3,600-900 m,600,900,2421,1411446.8207453075,1.4114468207453075,1715.2612230346751,2267.1771638630985,0.7565624999997793
40252,Banco Santander Río,BANELCO,"LOZANO, PEDRO Y SAN MARTIN AV.",Agronomia,Comuna 15,4,900-1200 m,900,1200,3646,1976025.5490442794,1.9760255490442793,1845.1178436247535,2267.1771638630985,0.8138392857136988
41082,Compania Financiera,BANELCO,"LUPPI, ABRAHAM J. Y SAENZ AV.",Nueva Pompeya,Comuna 4,1,0-300 m,0,300,2026,282289.36414897913,0.28228936414897915,7177.032709354121,7177.032709354121,1.0
41082,Compania Financiera,BANELCO,"LUPPI, ABRAHAM J. Y SAENZ AV.",Nueva Pompeya,Comuna 4,2,300-600 m,300,600,3072,846868.092447653,0.8468680924476529,3627.4834621778928,7177.032709354121,0.5054294175711426
41082,Compania Financiera,BANELCO,"LUPPI, ABRAHAM J. Y SAENZ AV.",Nueva Pompeya,Comuna 4,3,600-900 m,600,900,3307,1411446.8207453075,1.4114468207453075,2342.9859002790877,7177.032709354121,0.3264560710759167
41082,Compania Financiera,BANELCO,"LUPPI, ABRAHAM J. Y SAENZ AV.",Nueva Pompeya,Comuna 4,4,900-1200 m,900,1200,4125,1976025.5490442794,1.9760255490442793,2087.523616278691,7177.032709354121,0.29086165561958993
40053,Banco Patagonia,BANELCO,LUZURIAGA Y SANTO DOMINGO,Barracas,Comuna 4,1,0-300 m,0,300,588,282289.36414897913,0.28228936414897915,2082.9690192992216,2082.9690192992216,1.0
40053,Banco Patagonia,BANELCO,LUZURIAGA Y SANTO DOMINGO,Barracas,Comuna 4,2,300-600 m,300,600,1313,846868.092447653,0.8468680924476529,1550.418550077986,2082.9690192992216,0.7443310657590083
40053,Banco Patagonia,BANELCO,LUZURIAGA Y SANTO DOMINGO,Barracas,Comuna 4,3,600-900 m,600,900,2157,1411446.8207453075,1.4114468207453075,1528.219107016024,2082.9690192992216,0.7336734693875412
40053,Banco Patagonia,BANELCO,LUZURIAGA Y SANTO DOMINGO,Barracas,Comuna 4,4,900-1200 m,900,1200,4754,1976025.5490442794,1.9760255490442793,2405.8393386154903,2082.9690192992216,1.1550048590856588
41156,HSBC Bank Argentina,BANELCO,LYNCH MARTA Y MANSO JUANA,Puerto Madero,Comuna 1,1,0-300 m,0,300,159,282289.36414897913,0.28228936414897915,563.2518266472385,563.2518266472385,1.0
41156,HSBC Bank Argentina,BANELCO,LYNCH MARTA Y MANSO JUANA,Puerto Madero,Comuna 1,2,300-600 m,300,600,703,846868.092447653,0.8468680924476529,830.1174719762561,563.2518266472385,1.4737945492650022
41156,HSBC Bank Argentina,BANELCO,LYNCH MARTA Y MANSO JUANA,Puerto Madero,Comuna 1,3,600-900 m,600,900,1542,1411446.8207453075,1.4114468207453075,1092.495995836212,563.2518266472385,1.9396226415088682
41156,HSBC Bank Argentina,BANELCO,LYNCH MARTA Y MANSO JUANA,Puerto Madero,Comuna 1,4,900-1200 m,900,1200,4580,1976025.5490442794,1.9760255490442793,2317.783796983371,563.2518266472385,4.115004492360015
41064,CitiBank,BANELCO,"MADERO, EDUARDO AV. Y BUTTY, E., ING.",Retiro,Comuna 1,1,0-300 m,0,300,1112,282289.36414897913,0.28228936414897915,3939.220322212134,3939.220322212134,1.0
41064,CitiBank,BANELCO,"MADERO, EDUARDO AV. Y BUTTY, E., ING.",Retiro,Comuna 1,2,300-600 m,300,600,3483,846868.092447653,0.8468680924476529,4112.801073816928,3939.220322212134,1.0440647482005567
41064,CitiBank,BANELCO,"MADERO, EDUARDO AV. Y BUTTY, E., ING.",Retiro,Comuna 1,3,600-900 m,600,900,8160,1411446.8207453075,1.4114468207453075,5781.301767849215,3939.220322212134,1.4676258992801474
41064,CitiBank,BANELCO,"MADERO, EDUARDO AV. Y BUTTY, E., ING.",Retiro,Comuna 1,4,900-1200 m,900,1200,12018,1976025.5490442794,1.9760255490442793,6081.905168590863,3939.220322212134,1.5439362795466767
41366,ICBC,BANELCO,"MAGALDI, AGUSTIN Y ZEPITA",Barracas,Comuna 4,1,0-300 m,0,300,136,282289.36414897913,0.28228936414897915,481.77514732090845,481.77514732090845,1.0
41366,ICBC,BANELCO,"MAGALDI, AGUSTIN Y ZEPITA",Barracas,Comuna 4,2,300-600 m,300,600,991,846868.092447653,0.8468680924476529,1170.1940465554335,481.77514732090845,2.4289215686253987
41366,ICBC,BANELCO,"MAGALDI, AGUSTIN Y ZEPITA",Barracas,Comuna 4,3,600-900 m,600,900,3294,1411446.8207453075,1.4114468207453075,2333.7754930508963,481.77514732090845,4.84411764705741
41366,ICBC,BANELCO,"MAGALDI, AGUSTIN Y ZEPITA",Barracas,Comuna 4,4,900-1200 m,900,1200,4293,1976025.5490442794,1.9760255490442793,2172.542759923496,481.77514732090845,4.509453781509352
40207,Banco Santander Río,BANELCO,"MAGALDI, AGUSTIN Y ZEPITA",Barracas,Comuna 4,1,0-300 m,0,300,136,282289.36414897913,0.28228936414897915,481.77514732090845,481.77514732090845,1.0
40207,Banco Santander Río,BANELCO,"MAGALDI, AGUSTIN Y ZEPITA",Barracas,Comuna 4,2,300-600 m,300,600,991,846868.092447653,0.8468680924476529,1170.1940465554335,481.77514732090845,2.4289215686253987
40207,Banco Santander Río,BANELCO,"MAGALDI, AGUSTIN Y ZEPITA",Barracas,Comuna 4,3,600-900 m,600,900,3294,1411446.8207453075,1.4114468207453075,2333.7754930508963,481.77514732090845,4.84411764705741
40207,Banco Santander Río,BANELCO,"MAGALDI, AGUSTIN Y ZEPITA",Barracas,Comuna 4,4,900-1200 m,900,1200,4293,1976025.5490442794,1.9760255490442793,2172.542759923496,481.77514732090845,4.509453781509352
40099,Banco Santander Río,BANELCO,MAIPU 440,San Nicolas,Comuna 1,1,0-300 m,0,300,5619,282289.36414897913,0.28228936414897915,19905.107005854297,19905.107005854297,1.0
40099,Banco Santander Río,BANELCO,MAIPU 440,San Nicolas,Comuna 1,2,300-600 m,300,600,12121,846868.092447653,0.8468680924476529,14312.73666831323,19905.107005854297,0.7190484665118206
40099,Banco Santander Río,BANELCO,MAIPU 440,San Nicolas,Comuna 1,3,600-900 m,600,900,14658,1411446.8207453075,1.4114468207453075,10385.088396217376,19905.107005854297,0.5217298451680272
40099,Banco Santander Río,BANELCO,MAIPU 440,San Nicolas,Comuna 1,4,900-1200 m,900,1200,14137,1976025.5490442794,1.9760255490442793,7154.259724444087,19905.107005854297,0.35941830015482684
40789,Banco Galicia,BANELCO,"MAIZANI, AZUCENA Y MANSO JUANA",Puerto Madero,Comuna 1,1,0-300 m,0,300,183,282289.36414897913,0.28228936414897915,648.2709702921047,648.2709702921047,1.0
40789,Banco Galicia,BANELCO,"MAIZANI, AZUCENA Y MANSO JUANA",Puerto Madero,Comuna 1,2,300-600 m,300,600,636,846868.092447653,0.8468680924476529,751.0024355290169,648.2709702921047,1.1584699453542127
40789,Banco Galicia,BANELCO,"MAIZANI, AZUCENA Y MANSO JUANA",Puerto Madero,Comuna 1,3,600-900 m,600,900,1486,1411446.8207453075,1.4114468207453075,1052.8203954686194,648.2709702921047,1.624043715846521
40789,Banco Galicia,BANELCO,"MAIZANI, AZUCENA Y MANSO JUANA",Puerto Madero,Comuna 1,4,900-1200 m,900,1200,4189,1976025.5490442794,1.9760255490442793,2119.911861476712,648.2709702921047,3.270101483213879
40451,Banco Supervielle,BANELCO,Manzanares 4012,Saavedra,Comuna 12,1,0-300 m,0,300,725,282289.36414897913,0.28228936414897915,2568.2866309386663,2568.2866309386663,1.0
40451,Banco Supervielle,BANELCO,Manzanares 4012,Saavedra,Comuna 12,2,300-600 m,300,600,1839,846868.092447653,0.8468680924476529,2171.5306272607895,2568.2866309386663,0.8455172413785961
40451,Banco Supervielle,BANELCO,Manzanares 4012,Saavedra,Comuna 12,3,600-900 m,600,900,2794,1411446.8207453075,1.4114468207453075,1979.5290611973905,2568.2866309386663,0.7707586206894304
40451,Banco Supervielle,BANELCO,Manzanares 4012,Saavedra,Comuna 12,4,900-1200 m,900,1200,3502,1976025.5490442794,1.9760255490442793,1772.2442919292064,2568.2866309386663,0.6900492610832462
40994,Banco Galicia,BANELCO,MARCELO T. DE ALVEAR 670,Retiro,Comuna 1,1,0-300 m,0,300,2308,282289.36414897913,0.28228936414897915,8176.007647181299,8176.007647181299,1.0
40994,Banco Galicia,BANELCO,MARCELO T. DE ALVEAR 670,Retiro,Comuna 1,2,300-600 m,300,600,7789,846868.092447653,0.8468680924476529,9197.418192351435,8176.007647181299,1.1249277874051733
40994,Banco Galicia,BANELCO,MARCELO T. DE ALVEAR 670,Retiro,Comuna 1,3,600-900 m,600,900,11109,1411446.8207453075,1.4114468207453075,7870.647222921192,8176.007647181299,0.9626516464468596
40994,Banco Galicia,BANELCO,MARCELO T. DE ALVEAR 670,Retiro,Comuna 1,4,900-1200 m,900,1200,17337,1976025.5490442794,1.9760255490442793,8773.671984345132,8176.007647181299,1.0730997771717936
39827,Banco Itaú,BANELCO,MARIO BRAVO 1050,Palermo,Comuna 14,1,0-300 m,0,300,1949,282289.36414897913,0.28228936414897915,6904.262956826842,6904.262956826842,1.0
39827,Banco Itaú,BANELCO,MARIO BRAVO 1050,Palermo,Comuna 14,2,300-600 m,300,600,6573,846868.092447653,0.8468680924476529,7761.539321906019,6904.262956826842,1.124166239096023
39827,Banco Itaú,BANELCO,MARIO BRAVO 1050,Palermo,Comuna 14,3,600-900 m,600,900,10975,1411446.8207453075,1.4114468207453075,7775.709179184452,6904.262956826842,1.1262185736271728
39827,Banco Itaú,BANELCO,MARIO BRAVO 1050,Palermo,Comuna 14,4,900-1200 m,900,1200,17508,1976025.5490442794,1.9760255490442793,8860.209326983593,6904.262956826842,1.2832954628738087
41186,HSBC Bank Argentina,BANELCO,MAURE 1691,Palermo,Comuna 14,1,0-300 m,0,300,1284,282289.36414897913,0.28228936414897915,4548.524185000341,4548.524185000341,1.0
41186,HSBC Bank Argentina,BANELCO,MAURE 1691,Palermo,Comuna 14,2,300-600 m,300,600,2348,846868.092447653,0.8468680924476529,2772.568739971905,4548.524185000341,0.6095534787118422
41186,HSBC Bank Argentina,BANELCO,MAURE 1691,Palermo,Comuna 14,3,600-900 m,600,900,1861,1411446.8207453075,1.4114468207453075,1318.5052193587487,4548.524185000341,0.28987538940801516
41186,HSBC Bank Argentina,BANELCO,MAURE 1691,Palermo,Comuna 14,4,900-1200 m,900,1200,5179,1976025.5490442794,1.9760255490442793,2620.917529383598,4548.524185000341,0.5762127280814714
39960,Banco Macro,BANELCO,MEDRANO AV. Y SARMIENTO,Almagro,Comuna 5,1,0-300 m,0,300,2863,282289.36414897913,0.28228936414897915,10142.07534396883,10142.07534396883,1.0
39960,Banco Macro,BANELCO,MEDRANO AV. Y SARMIENTO,Almagro,Comuna 5,2,300-600 m,300,600,6131,846868.092447653,0.8468680924476529,7239.6162456421425,10142.07534396883,0.7138200023279566
39960,Banco Macro,BANELCO,MEDRANO AV. Y SARMIENTO,Almagro,Comuna 5,3,600-900 m,600,900,9952,1411446.8207453075,1.4114468207453075,7050.9209796121795,10142.07534396883,0.6952148096400347
39960,Banco Macro,BANELCO,MEDRANO AV. Y SARMIENTO,Almagro,Comuna 5,4,900-1200 m,900,1200,17680,1976025.5490442794,1.9760255490442793,8947.252735953274,10142.07534396883,0.8821915074091735
41301,ICBC,BANELCO,MELIAN 4620,Saavedra,Comuna 12,1,0-300 m,0,300,621,282289.36414897913,0.28228936414897915,2199.870341810913,2199.870341810913,1.0
41301,ICBC,BANELCO,MELIAN 4620,Saavedra,Comuna 12,2,300-600 m,300,600,2135,846868.092447653,0.8468680924476529,2521.053773356055,2199.870341810913,1.146001073536337
41301,ICBC,BANELCO,MELIAN 4620,Saavedra,Comuna 12,3,600-900 m,600,900,1937,1411446.8207453075,1.4114468207453075,1372.3506770004815,2199.870341810913,0.6238325281801722
41301,ICBC,BANELCO,MELIAN 4620,Saavedra,Comuna 12,4,900-1200 m,900,1200,2771,1976025.5490442794,1.9760255490442793,1402.3098038080614,2199.870341810913,0.6374511157115255
41097,HSBC Bank Argentina,BANELCO,MIGUEL ANGEL Y SAN MARTIN AV.,Paternal,Comuna 15,1,0-300 m,0,300,859,282289.36414897913,0.28228936414897915,3042.9768496225024,3042.9768496225024,1.0
41097,HSBC Bank Argentina,BANELCO,MIGUEL ANGEL Y SAN MARTIN AV.,Paternal,Comuna 15,2,300-600 m,300,600,1955,846868.092447653,0.8468680924476529,2308.505914244069,3042.9768496225024,0.7586340706241165
41097,HSBC Bank Argentina,BANELCO,MIGUEL ANGEL Y SAN MARTIN AV.,Paternal,Comuna 15,3,600-900 m,600,900,3397,1411446.8207453075,1.4114468207453075,2406.7502580127184,3042.9768496225024,0.7909196740393503
41097,HSBC Bank Argentina,BANELCO,MIGUEL ANGEL Y SAN MARTIN AV.,Paternal,Comuna 15,4,900-1200 m,900,1200,3833,1976025.5490442794,1.9760255490442793,1939.7522475627206,3042.9768496225024,0.6374521869278622
40914,Banco Galicia,BANELCO,"MITRE, BARTOLOME Y 25 DE MAYO",San Nicolas,Comuna 1,1,0-300 m,0,300,1076,282289.36414897913,0.28228936414897915,3811.6916067448346,3811.6916067448346,1.0
40914,Banco Galicia,BANELCO,"MITRE, BARTOLOME Y 25 DE MAYO",San Nicolas,Comuna 1,2,300-600 m,300,600,6929,846868.092447653,0.8468680924476529,8181.911754371947,3811.6916067448346,2.1465303593538247
40914,Banco Galicia,BANELCO,"MITRE, BARTOLOME Y 25 DE MAYO",San Nicolas,Comuna 1,3,600-900 m,600,900,9860,1411446.8207453075,1.4114468207453075,6985.739636151135,3811.6916067448346,1.8327137546463055
40914,Banco Galicia,BANELCO,"MITRE, BARTOLOME Y 25 DE MAYO",San Nicolas,Comuna 1,4,900-1200 m,900,1200,14896,1976025.5490442794,1.9760255490442793,7538.364069839366,3811.6916067448346,1.9776951672848189
40982,Banco Galicia,BANELCO,"MITRE, EMILIO Y VALLE",Caballito,Comuna 6,1,0-300 m,0,300,915,282289.36414897913,0.28228936414897915,3241.3548514605236,3241.3548514605236,1.0
40982,Banco Galicia,BANELCO,"MITRE, EMILIO Y VALLE",Caballito,Comuna 6,2,300-600 m,300,600,4586,846868.092447653,0.8468680924476529,5415.247121597597,3241.3548514605236,1.6706739526397543
40982,Banco Galicia,BANELCO,"MITRE, EMILIO Y VALLE",Caballito,Comuna 6,3,600-900 m,600,900,7405,1411446.8207453075,1.4114468207453075,5246.389655750421,3241.3548514605236,1.6185792349722055
40982,Banco Galicia,BANELCO,"MITRE, EMILIO Y VALLE",Caballito,Comuna 6,4,900-1200 m,900,1200,8326,1976025.5490442794,1.9760255490442793,4213.508273730032,3241.3548514605236,1.2999219359865721
40179,Banco Santander Río,BANELCO,MONROE Y DEL LIBERTADOR AV.,Belgrano,Comuna 13,1,0-300 m,0,300,1076,282289.36414897913,0.28228936414897915,3811.6916067448346,3811.6916067448346,1.0
40179,Banco Santander Río,BANELCO,MONROE Y DEL LIBERTADOR AV.,Belgrano,Comuna 13,2,300-600 m,300,600,2568,846868.092447653,0.8468680924476529,3032.3494566643326,3811.6916067448346,0.795539033456577
40179,Banco Santander Río,BANELCO,MONROE Y DEL LIBERTADOR AV.,Belgrano,Comuna 13,3,600-900 m,600,900,4876,1411446.8207453075,1.4114468207453075,3454.6112034353887,3811.6916067448346,0.906319702601966
40179,Banco Santander Río,BANELCO,MONROE Y DEL LIBERTADOR AV.,Belgrano,Comuna 13,4,900-1200 m,900,1200,5480,1976025.5490442794,1.9760255490442793,2773.24349508054,3811.6916067448346,0.7275624004243292
41016,CitiBank,BANELCO,"MONROE Y QUINTEROS, LIDORO J. AV.",Belgrano,Comuna 13,1,0-300 m,0,300,1109,282289.36414897913,0.28228936414897915,3928.5929292565256,3928.5929292565256,1.0
41016,CitiBank,BANELCO,"MONROE Y QUINTEROS, LIDORO J. AV.",Belgrano,Comuna 13,2,300-600 m,300,600,2782,846868.092447653,0.8468680924476529,3285.0452447196935,3928.5929292565256,0.8361887586407122
41016,CitiBank,BANELCO,"MONROE Y QUINTEROS, LIDORO J. AV.",Belgrano,Comuna 13,3,600-900 m,600,900,4738,1411446.8207453075,1.4114468207453075,3356.839188243821,3928.5929292565256,0.8544634806129157
41016,CitiBank,BANELCO,"MONROE Y QUINTEROS, LIDORO J. AV.",Belgrano,Comuna 13,4,900-1200 m,900,1200,5467,1976025.5490442794,1.9760255490442793,2766.664632774692,3928.5929292565256,0.7042380522988608
40092,Banco Santander Río,BANELCO,MONTEAGUDO Y USPALLATA,Parque Patricios,Comuna 4,1,0-300 m,0,300,693,282289.36414897913,0.28228936414897915,2454.9277727455114,2454.9277727455114,1.0
40092,Banco Santander Río,BANELCO,MONTEAGUDO Y USPALLATA,Parque Patricios,Comuna 4,2,300-600 m,300,600,3520,846868.092447653,0.8468680924476529,4156.491467078836,2454.9277727455114,1.6931216931202626
40092,Banco Santander Río,BANELCO,MONTEAGUDO Y USPALLATA,Parque Patricios,Comuna 4,3,600-900 m,600,900,4108,1411446.8207453075,1.4114468207453075,2910.488684108404,2454.9277727455114,1.1855699855696398
40092,Banco Santander Río,BANELCO,MONTEAGUDO Y USPALLATA,Parque Patricios,Comuna 4,4,900-1200 m,900,1200,5301,1976025.5490442794,1.9760255490442793,2682.6576217923252,2454.9277727455114,1.092764378477876
40149,Banco Santander Río,BANELCO,MONTEAGUDO Y USPALLATA,Parque Patricios,Comuna 4,1,0-300 m,0,300,821,282289.36414897913,0.28228936414897915,2908.363205518131,2908.363205518131,1.0
40149,Banco Santander Río,BANELCO,MONTEAGUDO Y USPALLATA,Parque Patricios,Comuna 4,2,300-600 m,300,600,2918,846868.092447653,0.8468680924476529,3445.636960493194,2908.363205518131,1.1847340641484103
40149,Banco Santander Río,BANELCO,MONTEAGUDO Y USPALLATA,Parque Patricios,Comuna 4,3,600-900 m,600,900,4512,1411446.8207453075,1.4114468207453075,3196.7198010460365,2908.363205518131,1.0991473812420667
40149,Banco Santander Río,BANELCO,MONTEAGUDO Y USPALLATA,Parque Patricios,Comuna 4,4,900-1200 m,900,1200,5416,1976025.5490442794,1.9760255490442793,2740.855249882519,2908.363205518131,0.9424047329034441
40448,Banco Supervielle,BANELCO,MONTES DE OCA 1580,Barracas,Comuna 4,1,0-300 m,0,300,1163,282289.36414897913,0.28228936414897915,4119.886002457474,4119.886002457474,1.0
40448,Banco Supervielle,BANELCO,MONTES DE OCA 1580,Barracas,Comuna 4,2,300-600 m,300,600,3061,846868.092447653,0.8468680924476529,3614.4944263432717,4119.886002457474,0.8773287474913769
40448,Banco Supervielle,BANELCO,MONTES DE OCA 1580,Barracas,Comuna 4,3,600-900 m,600,900,3798,1411446.8207453075,1.4114468207453075,2690.85589635923,4119.886002457474,0.6531384350814947
40448,Banco Supervielle,BANELCO,MONTES DE OCA 1580,Barracas,Comuna 4,4,900-1200 m,900,1200,4814,1976025.5490442794,1.9760255490442793,2436.203318488635,4119.886002457474,0.5913278467014529
40416,Banco Supervielle,BANELCO,MONTEVIDEO 498,San Nicolas,Comuna 1,1,0-300 m,0,300,3340,282289.36414897913,0.28228936414897915,11831.830823910546,11831.830823910546,1.0
40416,Banco Supervielle,BANELCO,MONTEVIDEO 498,San Nicolas,Comuna 1,2,300-600 m,300,600,10281,846868.092447653,0.8468680924476529,12140.02521961293,11831.830823910546,1.02604790419075
40416,Banco Supervielle,BANELCO,MONTEVIDEO 498,San Nicolas,Comuna 1,3,600-900 m,600,900,13852,1411446.8207453075,1.4114468207453075,9814.043148069524,11831.830823910546,0.8294610778440693
40416,Banco Supervielle,BANELCO,MONTEVIDEO 498,San Nicolas,Comuna 1,4,900-1200 m,900,1200,22501,1976025.5490442794,1.9760255490442793,11386.998518760443,11831.830823910546,0.9624037639000756
41206,HSBC Bank Argentina,BANELCO,MONTEVIDEO Y POSADAS,Retiro,Comuna 1,1,0-300 m,0,300,920,282289.36414897913,0.28228936414897915,3259.067173053204,3259.067173053204,1.0
41206,HSBC Bank Argentina,BANELCO,MONTEVIDEO Y POSADAS,Retiro,Comuna 1,2,300-600 m,300,600,2530,846868.092447653,0.8468680924476529,2987.478241962913,3259.067173053204,0.9166666666658922
41206,HSBC Bank Argentina,BANELCO,MONTEVIDEO Y POSADAS,Retiro,Comuna 1,3,600-900 m,600,900,5665,1411446.8207453075,1.4114468207453075,4013.612072900221,3259.067173053204,1.2315217391300757
41206,HSBC Bank Argentina,BANELCO,MONTEVIDEO Y POSADAS,Retiro,Comuna 1,4,900-1200 m,900,1200,14871,1976025.5490442794,1.9760255490442793,7525.712411558889,3259.067173053204,2.3091614906815643
41060,CitiBank,BANELCO,MONTEVIDEO Y SANTA FE AV.,Recoleta,Comuna 2,1,0-300 m,0,300,2136,282289.36414897913,0.28228936414897915,7566.703784393091,7566.703784393091,1.0
41060,CitiBank,BANELCO,MONTEVIDEO Y SANTA FE AV.,Recoleta,Comuna 2,2,300-600 m,300,600,7130,846868.092447653,0.8468680924476529,8419.256863713665,7566.703784393091,1.1126716604235294
41060,CitiBank,BANELCO,MONTEVIDEO Y SANTA FE AV.,Recoleta,Comuna 2,3,600-900 m,600,900,10162,1411446.8207453075,1.4114468207453075,7199.704480990652,7566.703784393091,0.9514981273405464
41060,CitiBank,BANELCO,MONTEVIDEO Y SANTA FE AV.,Recoleta,Comuna 2,4,900-1200 m,900,1200,17269,1976025.5490442794,1.9760255490442793,8739.259473822234,7566.703784393091,1.1549625468156464
41012,CitiBank,BANELCO,MORELOS Y RIVADAVIA AV.,Caballito,Comuna 6,1,0-300 m,0,300,1491,282289.36414897913,0.28228936414897915,5281.814298937313,5281.814298937313,1.0
41012,CitiBank,BANELCO,MORELOS Y RIVADAVIA AV.,Caballito,Comuna 6,2,300-600 m,300,600,4815,846868.092447653,0.8468680924476529,5685.655231245623,5281.814298937313,1.076458752514181
41012,CitiBank,BANELCO,MORELOS Y RIVADAVIA AV.,Caballito,Comuna 6,3,600-900 m,600,900,6210,1411446.8207453075,1.4114468207453075,4399.740683620542,5281.814298937313,0.8329979879273223
41012,CitiBank,BANELCO,MORELOS Y RIVADAVIA AV.,Caballito,Comuna 6,4,900-1200 m,900,1200,7906,1976025.5490442794,1.9760255490442793,4000.96041461802,5281.814298937313,0.7574973651426941
40103,Banco Santander Río,BANELCO,MORENO 2400,Balvanera,Comuna 3,1,0-300 m,0,300,1695,282289.36414897913,0.28228936414897915,6004.477019918675,6004.477019918675,1.0
40103,Banco Santander Río,BANELCO,MORENO 2400,Balvanera,Comuna 3,2,300-600 m,300,600,5795,846868.092447653,0.8468680924476529,6842.860241966436,6004.477019918675,1.1396263520147698
40103,Banco Santander Río,BANELCO,MORENO 2400,Balvanera,Comuna 3,3,600-900 m,600,900,13795,1411446.8207453075,1.4114468207453075,9773.659054838225,6004.477019918675,1.6277286135688467
40103,Banco Santander Río,BANELCO,MORENO 2400,Balvanera,Comuna 3,4,900-1200 m,900,1200,19748,1976025.5490442794,1.9760255490442793,9993.797908914325,6004.477019918675,1.6643910661597772
39890,Banco Itaú,BANELCO,MORENO 498,Monserrat,Comuna 1,1,0-300 m,0,300,2094,282289.36414897913,0.28228936414897915,7417.920283014576,7417.920283014576,1.0
39890,Banco Itaú,BANELCO,MORENO 498,Monserrat,Comuna 1,2,300-600 m,300,600,6954,846868.092447653,0.8468680924476529,8211.432290359722,7417.920283014576,1.1069723018137734
39890,Banco Itaú,BANELCO,MORENO 498,Monserrat,Comuna 1,3,600-900 m,600,900,9137,1411446.8207453075,1.4114468207453075,6473.4992956909655,7417.920283014576,0.8726838586434894
39890,Banco Itaú,BANELCO,MORENO 498,Monserrat,Comuna 1,4,900-1200 m,900,1200,14437,1976025.5490442794,1.9760255490442793,7306.079623809809,7417.920283014576,0.9849229089909665
40238,Banco Santander Río,BANELCO,MORENO 838,Monserrat,Comuna 1,1,0-300 m,0,300,1728,282289.36414897913,0.28228936414897915,6121.3783424303665,6121.3783424303665,1.0
40238,Banco Santander Río,BANELCO,MORENO 838,Monserrat,Comuna 1,2,300-600 m,300,600,7637,846868.092447653,0.8468680924476529,9017.933333545758,6121.3783424303665,1.473186728393817
40238,Banco Santander Río,BANELCO,MORENO 838,Monserrat,Comuna 1,3,600-900 m,600,900,11792,1411446.8207453075,1.4114468207453075,8354.547848833081,6121.3783424303665,1.3648148148144166
40238,Banco Santander Río,BANELCO,MORENO 838,Monserrat,Comuna 1,4,900-1200 m,900,1200,18841,1976025.5490442794,1.9760255490442793,9534.795746498623,6121.3783424303665,1.5576223544962309
40480,Banco Supervielle,BANELCO,MORENO 877,Monserrat,Comuna 1,1,0-300 m,0,300,1846,282289.36414897913,0.28228936414897915,6539.389132017625,6539.389132017625,1.0
40480,Banco Supervielle,BANELCO,MORENO 877,Monserrat,Comuna 1,2,300-600 m,300,600,7369,846868.092447653,0.8468680924476529,8701.473187756801,6539.389132017625,1.3306247742856219
40480,Banco Supervielle,BANELCO,MORENO 877,Monserrat,Comuna 1,3,600-900 m,600,900,11876,1411446.8207453075,1.4114468207453075,8414.06124938447,6539.389132017625,1.2866738894904153
40480,Banco Supervielle,BANELCO,MORENO 877,Monserrat,Comuna 1,4,900-1200 m,900,1200,19961,1976025.5490442794,1.9760255490442793,10101.590037463988,6539.389132017625,1.54472991796824
40531,BBVA Banco Francés,BANELCO,MORENO 998,Monserrat,Comuna 1,1,0-300 m,0,300,1701,282289.36414897913,0.28228936414897915,6025.7318058298915,6025.7318058298915,1.0
40531,BBVA Banco Francés,BANELCO,MORENO 998,Monserrat,Comuna 1,2,300-600 m,300,600,6557,846868.092447653,0.8468680924476529,7742.6461788738425,6025.7318058298915,1.2849304330774955
40531,BBVA Banco Francés,BANELCO,MORENO 998,Monserrat,Comuna 1,3,600-900 m,600,900,12274,1411446.8207453075,1.4114468207453075,8696.041409139862,6025.7318058298915,1.4431510875951112
40531,BBVA Banco Francés,BANELCO,MORENO 998,Monserrat,Comuna 1,4,900-1200 m,900,1200,20003,1976025.5490442794,1.9760255490442793,10122.84482337519,6025.7318058298915,1.6799361719984525
40006,Banco Patagonia,BANELCO,MOZART Y SIN NOMBRE OFICIAL (ALT. MOZART 2400),Villa Lugano,Comuna 8,1,0-300 m,0,300,481,282289.36414897913,0.28228936414897915,1703.92533721586,1703.92533721586,1.0
40006,Banco Patagonia,BANELCO,MOZART Y SIN NOMBRE OFICIAL (ALT. MOZART 2400),Villa Lugano,Comuna 8,2,300-600 m,300,600,1250,846868.092447653,0.8468680924476529,1476.026799388791,1703.92533721586,0.8662508662501344
40006,Banco Patagonia,BANELCO,MOZART Y SIN NOMBRE OFICIAL (ALT. MOZART 2400),Villa Lugano,Comuna 8,3,600-900 m,600,900,3355,1411446.8207453075,1.4114468207453075,2376.993557737024,1703.92533721586,1.395010395009988
40006,Banco Patagonia,BANELCO,MOZART Y SIN NOMBRE OFICIAL (ALT. MOZART 2400),Villa Lugano,Comuna 8,4,900-1200 m,900,1200,4187,1976025.5490442794,1.9760255490442793,2118.8997288142737,1703.92533721586,1.2435402435393466
40574,BBVA Banco Francés,BANELCO,MURGUIONDO Y SAYOS,Villa Lugano,Comuna 8,1,0-300 m,0,300,1047,282289.36414897913,0.28228936414897915,3708.960141507288,3708.960141507288,1.0
40574,BBVA Banco Francés,BANELCO,MURGUIONDO Y SAYOS,Villa Lugano,Comuna 8,2,300-600 m,300,600,2323,846868.092447653,0.8468680924476529,2743.0482039841295,3708.960141507288,0.7395733842718999
40574,BBVA Banco Francés,BANELCO,MURGUIONDO Y SAYOS,Villa Lugano,Comuna 8,3,600-900 m,600,900,3594,1411446.8207453075,1.4114468207453075,2546.323352163,3708.960141507288,0.686532951289198
40574,BBVA Banco Francés,BANELCO,MURGUIONDO Y SAYOS,Villa Lugano,Comuna 8,4,900-1200 m,900,1200,7948,1976025.5490442794,1.9760255490442793,4022.215200529221,3708.960141507288,1.0844589984983308
40235,Banco Santander Río,BANELCO,NAZARRE 3225,Villa Del Parque,Comuna 11,1,0-300 m,0,300,1077,282289.36414897913,0.28228936414897915,3815.2340710633707,3815.2340710633707,1.0
40235,Banco Santander Río,BANELCO,NAZARRE 3225,Villa Del Parque,Comuna 11,2,300-600 m,300,600,2008,846868.092447653,0.8468680924476529,2371.089450538154,3815.2340710633707,0.6214794181362746
40235,Banco Santander Río,BANELCO,NAZARRE 3225,Villa Del Parque,Comuna 11,3,600-900 m,600,900,3197,1411446.8207453075,1.4114468207453075,2265.0516852713163,3815.2340710633707,0.5936861652737359
40235,Banco Santander Río,BANELCO,NAZARRE 3225,Villa Del Parque,Comuna 11,4,900-1200 m,900,1200,3433,1976025.5490442794,1.9760255490442793,1737.32571507509,3815.2340710633707,0.45536543308098204
39826,Banco Itaú,BANELCO,NAZARRE 3262,Villa Del Parque,Comuna 11,1,0-300 m,0,300,1060,282289.36414897913,0.28228936414897915,3755.012177648257,3755.012177648257,1.0
39826,Banco Itaú,BANELCO,NAZARRE 3262,Villa Del Parque,Comuna 11,2,300-600 m,300,600,1872,846868.092447653,0.8468680924476529,2210.4977347646536,3755.012177648257,0.5886792452825216
39826,Banco Itaú,BANELCO,NAZARRE 3262,Villa Del Parque,Comuna 11,3,600-900 m,600,900,3120,1411446.8207453075,1.4114468207453075,2210.4977347658764,3755.012177648257,0.5886792452828472
39826,Banco Itaú,BANELCO,NAZARRE 3262,Villa Del Parque,Comuna 11,4,900-1200 m,900,1200,3648,1976025.5490442794,1.9760255490442793,1846.1299762871915,3755.012177648257,0.4916442048513974
39751,Banco Comafi,BANELCO,NOGOYA 3135,Villa Del Parque,Comuna 11,1,0-300 m,0,300,864,282289.36414897913,0.28228936414897915,3060.6891712151833,3060.6891712151833,1.0
39751,Banco Comafi,BANELCO,NOGOYA 3135,Villa Del Parque,Comuna 11,2,300-600 m,300,600,2323,846868.092447653,0.8468680924476529,2743.0482039841295,3060.6891712151833,0.896219135801712
39751,Banco Comafi,BANELCO,NOGOYA 3135,Villa Del Parque,Comuna 11,3,600-900 m,600,900,3031,1411446.8207453075,1.4114468207453075,2147.441869895952,3060.6891712151833,0.7016203703701656
39751,Banco Comafi,BANELCO,NOGOYA 3135,Villa Del Parque,Comuna 11,4,900-1200 m,900,1200,3722,1976025.5490442794,1.9760255490442793,1883.5788847974031,3060.6891712151833,0.6154100529096089
40595,BBVA Banco Francés,BANELCO,NOGOYA 3256,Villa Del Parque,Comuna 11,1,0-300 m,0,300,947,282289.36414897913,0.28228936414897915,3354.7137096536785,3354.7137096536785,1.0
40595,BBVA Banco Francés,BANELCO,NOGOYA 3256,Villa Del Parque,Comuna 11,2,300-600 m,300,600,2049,846868.092447653,0.8468680924476529,2419.503129558106,3354.7137096536785,0.7212249208019249
40595,BBVA Banco Francés,BANELCO,NOGOYA 3256,Villa Del Parque,Comuna 11,3,600-900 m,600,900,2745,1411446.8207453075,1.4114468207453075,1944.8129108757469,3354.7137096536785,0.5797254487854697
40595,BBVA Banco Francés,BANELCO,NOGOYA 3256,Villa Del Parque,Comuna 11,4,900-1200 m,900,1200,4242,1976025.5490442794,1.9760255490442793,2146.733377031323,3354.7137096536785,0.6399155227028119
40660,BBVA Banco Francés,BANELCO,"OCAMPO, VICTORIA Y MOREAU DE JUSTO, ALICIA AV.",Puerto Madero,Comuna 1,1,0-300 m,0,300,762,282289.36414897913,0.28228936414897915,2699.3578107245016,2699.3578107245016,1.0
40660,BBVA Banco Francés,BANELCO,"OCAMPO, VICTORIA Y MOREAU DE JUSTO, ALICIA AV.",Puerto Madero,Comuna 1,2,300-600 m,300,600,3604,846868.092447653,0.8468680924476529,4255.680467997762,2699.3578107245016,1.5765529308823076
40660,BBVA Banco Francés,BANELCO,"OCAMPO, VICTORIA Y MOREAU DE JUSTO, ALICIA AV.",Puerto Madero,Comuna 1,3,600-900 m,600,900,5592,1411446.8207453075,1.4114468207453075,3961.892093849609,2699.3578107245016,1.4677165354326427
40660,BBVA Banco Francés,BANELCO,"OCAMPO, VICTORIA Y MOREAU DE JUSTO, ALICIA AV.",Puerto Madero,Comuna 1,4,900-1200 m,900,1200,9125,1976025.5490442794,1.9760255490442793,4617.855272374074,2699.3578107245016,1.7107236595413233
41344,ICBC,BANELCO,"O'HIGGINS Y LARRALDE, CRISOLOGO",Nuñez,Comuna 13,1,0-300 m,0,300,748,282289.36414897913,0.28228936414897915,2649.7633102649966,2649.7633102649966,1.0
41344,ICBC,BANELCO,"O'HIGGINS Y LARRALDE, CRISOLOGO",Nuñez,Comuna 13,2,300-600 m,300,600,3111,846868.092447653,0.8468680924476529,3673.535498318823,2649.7633102649966,1.386363636362465
41344,ICBC,BANELCO,"O'HIGGINS Y LARRALDE, CRISOLOGO",Nuñez,Comuna 13,3,600-900 m,600,900,5205,1411446.8207453075,1.4114468207453075,3687.7053555949956,2649.7633102649966,1.391711229946118
41344,ICBC,BANELCO,"O'HIGGINS Y LARRALDE, CRISOLOGO",Nuñez,Comuna 13,4,900-1200 m,900,1200,5359,1976025.5490442794,1.9760255490442793,2712.009469003032,2649.7633102649966,1.023491214666947
40008,Banco Patagonia,BANELCO,OLLEROS 1712,Palermo,Comuna 14,1,0-300 m,0,300,1205,282289.36414897913,0.28228936414897915,4268.66950383599,4268.66950383599,1.0
40008,Banco Patagonia,BANELCO,OLLEROS 1712,Palermo,Comuna 14,2,300-600 m,300,600,1943,846868.092447653,0.8468680924476529,2294.336056969937,4268.66950383599,0.5374827109262402
40008,Banco Patagonia,BANELCO,OLLEROS 1712,Palermo,Comuna 14,3,600-900 m,600,900,2254,1411446.8207453075,1.4114468207453075,1596.942914795604,4268.66950383599,0.37410788381731824
40008,Banco Patagonia,BANELCO,OLLEROS 1712,Palermo,Comuna 14,4,900-1200 m,900,1200,4415,1976025.5490442794,1.9760255490442793,2234.2828523322232,4268.66950383599,0.5234143449907309
40279,Banco Santander Río,BANELCO,OLLEROS 1747,Palermo,Comuna 14,1,0-300 m,0,300,1350,282289.36414897913,0.28228936414897915,4782.326830023723,4782.326830023723,1.0
40279,Banco Santander Río,BANELCO,OLLEROS 1747,Palermo,Comuna 14,2,300-600 m,300,600,1752,846868.092447653,0.8468680924476529,2068.7991620233297,4782.326830023723,0.43259259259222715
40279,Banco Santander Río,BANELCO,OLLEROS 1747,Palermo,Comuna 14,3,600-900 m,600,900,2463,1411446.8207453075,1.4114468207453075,1745.0179233103697,4782.326830023723,0.3648888888887825
40279,Banco Santander Río,BANELCO,OLLEROS 1747,Palermo,Comuna 14,4,900-1200 m,900,1200,4726,1976025.5490442794,1.9760255490442793,2391.669481341356,4782.326830023723,0.5001058201054593
40232,Banco Santander Río,BANELCO,PACINI DE ALVEAR REGINA Y MANSO JUANA,Puerto Madero,Comuna 1,1,0-300 m,0,300,161,282289.36414897913,0.28228936414897915,570.3367552843107,570.3367552843107,1.0
40232,Banco Santander Río,BANELCO,PACINI DE ALVEAR REGINA Y MANSO JUANA,Puerto Madero,Comuna 1,2,300-600 m,300,600,653,846868.092447653,0.8468680924476529,771.0764000007044,570.3367552843107,1.351966873704862
40232,Banco Santander Río,BANELCO,PACINI DE ALVEAR REGINA Y MANSO JUANA,Puerto Madero,Comuna 1,3,600-900 m,600,900,3477,1411446.8207453075,1.4114468207453075,2463.4296871092793,570.3367552843107,4.319254658383834
40232,Banco Santander Río,BANELCO,PACINI DE ALVEAR REGINA Y MANSO JUANA,Puerto Madero,Comuna 1,4,900-1200 m,900,1200,4407,1976025.5490442794,1.9760255490442793,2230.2343216824706,570.3367552843107,3.910381543919096
40280,Banco Santander Río,BANELCO,"PACINI DE ALVEAR REGINA Y MOREAU DE JUSTO, ALICIA AV.",Puerto Madero,Comuna 1,1,0-300 m,0,300,412,282289.36414897913,0.28228936414897915,1459.4952992368696,1459.4952992368696,1.0
40280,Banco Santander Río,BANELCO,"PACINI DE ALVEAR REGINA Y MOREAU DE JUSTO, ALICIA AV.",Puerto Madero,Comuna 1,2,300-600 m,300,600,3299,846868.092447653,0.8468680924476529,3895.5299289468976,1459.4952992368696,2.669093851130431
40280,Banco Santander Río,BANELCO,"PACINI DE ALVEAR REGINA Y MOREAU DE JUSTO, ALICIA AV.",Puerto Madero,Comuna 1,3,600-900 m,600,900,4640,1411446.8207453075,1.4114468207453075,3287.406887600534,1459.4952992368696,2.2524271844653625
40280,Banco Santander Río,BANELCO,"PACINI DE ALVEAR REGINA Y MOREAU DE JUSTO, ALICIA AV.",Puerto Madero,Comuna 1,4,900-1200 m,900,1200,8671,1976025.5490442794,1.9760255490442793,4388.101158000613,1459.4952992368696,3.006588072119884
40775,Banco Galicia,BANELCO,"PAINE, AIME Y VILLAFLOR, AZUCENA",Puerto Madero,Comuna 1,1,0-300 m,0,300,198,282289.36414897913,0.28228936414897915,701.4079350701461,701.4079350701461,1.0
40775,Banco Galicia,BANELCO,"PAINE, AIME Y VILLAFLOR, AZUCENA",Puerto Madero,Comuna 1,2,300-600 m,300,600,522,846868.092447653,0.8468680924476529,616.3887914247591,701.4079350701461,0.8787878787871363
40775,Banco Galicia,BANELCO,"PAINE, AIME Y VILLAFLOR, AZUCENA",Puerto Madero,Comuna 1,3,600-900 m,600,900,1674,1411446.8207453075,1.4114468207453075,1186.0170538455375,701.4079350701461,1.6909090909085978
40775,Banco Galicia,BANELCO,"PAINE, AIME Y VILLAFLOR, AZUCENA",Puerto Madero,Comuna 1,4,900-1200 m,900,1200,4406,1976025.5490442794,1.9760255490442793,2229.728255351252,701.4079350701461,3.1789321789298866
39845,Banco Itaú,BANELCO,"PALACIOS, ALFREDO L. Y GARIBALDI",Boca,Comuna 4,1,0-300 m,0,300,626,282289.36414897913,0.28228936414897915,2217.5826634035934,2217.5826634035934,1.0
39845,Banco Itaú,BANELCO,"PALACIOS, ALFREDO L. Y GARIBALDI",Boca,Comuna 4,2,300-600 m,300,600,2051,846868.092447653,0.8468680924476529,2421.8647724371285,2217.5826634035934,1.0921192758244234
39845,Banco Itaú,BANELCO,"PALACIOS, ALFREDO L. Y GARIBALDI",Boca,Comuna 4,3,600-900 m,600,900,3489,1411446.8207453075,1.4114468207453075,2471.9316014737637,2217.5826634035934,1.114696485622678
39845,Banco Itaú,BANELCO,"PALACIOS, ALFREDO L. Y GARIBALDI",Boca,Comuna 4,4,900-1200 m,900,1200,4225,1976025.5490442794,1.9760255490442793,2138.1302494005986,2217.5826634035934,0.9641716111357718
39936,Banco Macro,BANELCO,"PALACIOS, ALFREDO L. Y GARIBALDI",Boca,Comuna 4,1,0-300 m,0,300,626,282289.36414897913,0.28228936414897915,2217.5826634035934,2217.5826634035934,1.0
39936,Banco Macro,BANELCO,"PALACIOS, ALFREDO L. Y GARIBALDI",Boca,Comuna 4,2,300-600 m,300,600,2051,846868.092447653,0.8468680924476529,2421.8647724371285,2217.5826634035934,1.0921192758244234
39936,Banco Macro,BANELCO,"PALACIOS, ALFREDO L. Y GARIBALDI",Boca,Comuna 4,3,600-900 m,600,900,3489,1411446.8207453075,1.4114468207453075,2471.9316014737637,2217.5826634035934,1.114696485622678
39936,Banco Macro,BANELCO,"PALACIOS, ALFREDO L. Y GARIBALDI",Boca,Comuna 4,4,900-1200 m,900,1200,4225,1976025.5490442794,1.9760255490442793,2138.1302494005986,2217.5826634035934,0.9641716111357718
41127,HSBC Bank Argentina,BANELCO,PARAGUAY 720,Retiro,Comuna 1,1,0-300 m,0,300,2727,282289.36414897913,0.28228936414897915,9660.300196647922,9660.300196647922,1.0
41127,HSBC Bank Argentina,BANELCO,PARAGUAY 720,Retiro,Comuna 1,2,300-600 m,300,600,8055,846868.092447653,0.8468680924476529,9511.516695261369,9660.300196647922,0.9845984598451526
41127,HSBC Bank Argentina,BANELCO,PARAGUAY 720,Retiro,Comuna 1,3,600-900 m,600,900,14986,1411446.8207453075,1.4114468207453075,10617.474055513276,9660.300196647922,1.0990832416571783
41127,HSBC Bank Argentina,BANELCO,PARAGUAY 720,Retiro,Comuna 1,4,900-1200 m,900,1200,15721,1976025.5490442794,1.9760255490442793,7955.868793095104,9660.300196647922,0.8235633087112295
41116,HSBC Bank Argentina,BANELCO,PARANA 242,San Nicolas,Comuna 1,1,0-300 m,0,300,2722,282289.36414897913,0.28228936414897915,9642.58787505524,9642.58787505524,1.0
41116,HSBC Bank Argentina,BANELCO,PARANA 242,San Nicolas,Comuna 1,2,300-600 m,300,600,10987,846868.092447653,0.8468680924476529,12973.685155907719,9642.58787505524,1.3454567719802497
41116,HSBC Bank Argentina,BANELCO,PARANA 242,San Nicolas,Comuna 1,3,600-900 m,600,900,16169,1411446.8207453075,1.4114468207453075,11455.62111327867,9642.58787505524,1.1880235121230922
41116,HSBC Bank Argentina,BANELCO,PARANA 242,San Nicolas,Comuna 1,4,900-1200 m,900,1200,17255,1976025.5490442794,1.9760255490442793,8732.174545185168,9642.58787505524,0.9055841293160258
39848,Banco Itaú,BANELCO,PARANA 370,San Nicolas,Comuna 1,1,0-300 m,0,300,4028,282289.36414897913,0.28228936414897915,14269.046275063376,14269.046275063376,1.0
39848,Banco Itaú,BANELCO,PARANA 370,San Nicolas,Comuna 1,2,300-600 m,300,600,9138,846868.092447653,0.8468680924476529,10790.346314251818,14269.046275063376,0.7562065541205131
39848,Banco Itaú,BANELCO,PARANA 370,San Nicolas,Comuna 1,3,600-900 m,600,900,18210,1411446.8207453075,1.4114468207453075,12901.655048104682,14269.046275063376,0.9041708043691503
39848,Banco Itaú,BANELCO,PARANA 370,San Nicolas,Comuna 1,4,900-1200 m,900,1200,16724,1976025.5490442794,1.9760255490442793,8463.453323307838,14269.046275063376,0.5931337778404008
40973,Banco Galicia,BANELCO,PARANA 450,San Nicolas,Comuna 1,1,0-300 m,0,300,4016,282289.36414897913,0.28228936414897915,14226.536703240943,14226.536703240943,1.0
40973,Banco Galicia,BANELCO,PARANA 450,San Nicolas,Comuna 1,2,300-600 m,300,600,9421,846868.092447653,0.8468680924476529,11124.51878163344,14226.536703240943,0.7819555112875199
40973,Banco Galicia,BANELCO,PARANA 450,San Nicolas,Comuna 1,3,600-900 m,600,900,17460,1411446.8207453075,1.4114468207453075,12370.285400324423,14226.536703240943,0.8695219123503439
40973,Banco Galicia,BANELCO,PARANA 450,San Nicolas,Comuna 1,4,900-1200 m,900,1200,18384,1976025.5490442794,1.9760255490442793,9303.523433131504,14226.536703240943,0.6539556061463695
40286,Banco Santander Río,BANELCO,PARANA 645,San Nicolas,Comuna 1,1,0-300 m,0,300,2570,282289.36414897913,0.28228936414897915,9104.133298637755,9104.133298637755,1.0
40286,Banco Santander Río,BANELCO,PARANA 645,San Nicolas,Comuna 1,2,300-600 m,300,600,9250,846868.092447653,0.8468680924476529,10922.598315477055,9104.133298637755,1.1997405966267427
40286,Banco Santander Río,BANELCO,PARANA 645,San Nicolas,Comuna 1,3,600-900 m,600,900,16943,1411446.8207453075,1.4114468207453075,12003.994589787899,9104.133298637755,1.3185214007778256
40286,Banco Santander Río,BANELCO,PARANA 645,San Nicolas,Comuna 1,4,900-1200 m,900,1200,20155,1976025.5490442794,1.9760255490442793,10199.76690572049,9104.133298637755,1.1203446359080302
39728,Banco Comafi,BANELCO,PARANA 696,San Nicolas,Comuna 1,1,0-300 m,0,300,2331,282289.36414897913,0.28228936414897915,8257.484326507629,8257.484326507629,1.0
39728,Banco Comafi,BANELCO,PARANA 696,San Nicolas,Comuna 1,2,300-600 m,300,600,9690,846868.092447653,0.8468680924476529,11442.159748861908,8257.484326507629,1.385671385670215
39728,Banco Comafi,BANELCO,PARANA 696,San Nicolas,Comuna 1,3,600-900 m,600,900,15285,1411446.8207453075,1.4114468207453075,10829.313421761673,8257.484326507629,1.311454311453929
39728,Banco Comafi,BANELCO,PARANA 696,San Nicolas,Comuna 1,4,900-1200 m,900,1200,20530,1976025.5490442794,1.9760255490442793,10389.541779927644,8257.484326507629,1.2581969724817794
40679,BBVA Banco Francés,BANELCO,PARANA Y RIVADAVIA AV.,San Nicolas,Comuna 1,1,0-300 m,0,300,2584,282289.36414897913,0.28228936414897915,9153.72779909726,9153.72779909726,1.0
40679,BBVA Banco Francés,BANELCO,PARANA Y RIVADAVIA AV.,San Nicolas,Comuna 1,2,300-600 m,300,600,7285,846868.092447653,0.8468680924476529,8602.284186837875,9153.72779909726,0.9397574819393506
40679,BBVA Banco Francés,BANELCO,PARANA Y RIVADAVIA AV.,San Nicolas,Comuna 1,3,600-900 m,600,900,15176,1411446.8207453075,1.4114468207453075,10752.087699617608,9153.72779909726,1.1746130030956328
40679,BBVA Banco Francés,BANELCO,PARANA Y RIVADAVIA AV.,San Nicolas,Comuna 1,4,900-1200 m,900,1200,19740,1976025.5490442794,1.9760255490442793,9989.749378264572,9153.72779909726,1.091331269349058
41046,CitiBank,BANELCO,PARANA Y VIAMONTE,San Nicolas,Comuna 1,1,0-300 m,0,300,2315,282289.36414897913,0.28228936414897915,8200.804897411052,8200.804897411052,1.0
41046,CitiBank,BANELCO,PARANA Y VIAMONTE,San Nicolas,Comuna 1,2,300-600 m,300,600,9457,846868.092447653,0.8468680924476529,11167.028353455838,8200.804897411052,1.3616990640737237
41046,CitiBank,BANELCO,PARANA Y VIAMONTE,San Nicolas,Comuna 1,3,600-900 m,600,900,15134,1411446.8207453075,1.4114468207453075,10722.330999341913,8200.804897411052,1.3074730021594458
41046,CitiBank,BANELCO,PARANA Y VIAMONTE,San Nicolas,Comuna 1,4,900-1200 m,900,1200,20406,1976025.5490442794,1.9760255490442793,10326.789554856477,8200.804897411052,1.2592409750068054
41378,ICBC,BANELCO,PASEO COLON AV. Y REPUBLICA BOLIVARIANA DE VENEZUELA,Monserrat,Comuna 1,1,0-300 m,0,300,1626,282289.36414897913,0.28228936414897915,5760.046981939685,5760.046981939685,1.0
41378,ICBC,BANELCO,PASEO COLON AV. Y REPUBLICA BOLIVARIANA DE VENEZUELA,Monserrat,Comuna 1,2,300-600 m,300,600,4430,846868.092447653,0.8468680924476529,5231.038977033875,5760.046981939685,0.9081590815900485
41378,ICBC,BANELCO,PASEO COLON AV. Y REPUBLICA BOLIVARIANA DE VENEZUELA,Monserrat,Comuna 1,3,600-900 m,600,900,7521,1411446.8207453075,1.4114468207453075,5328.574827940434,5760.046981939685,0.9250922509222393
41378,ICBC,BANELCO,PASEO COLON AV. Y REPUBLICA BOLIVARIANA DE VENEZUELA,Monserrat,Comuna 1,4,900-1200 m,900,1200,9538,1976025.5490442794,1.9760255490442793,4826.8606671675525,5760.046981939685,0.8379898084689088
41162,HSBC Bank Argentina,BANELCO,PASEO COLON AV. Y REPUBLICA BOLIVARIANA DE VENEZUELA,Monserrat,Comuna 1,1,0-300 m,0,300,1638,282289.36414897913,0.28228936414897915,5802.556553762118,5802.556553762118,1.0
41162,HSBC Bank Argentina,BANELCO,PASEO COLON AV. Y REPUBLICA BOLIVARIANA DE VENEZUELA,Monserrat,Comuna 1,2,300-600 m,300,600,4855,846868.092447653,0.8468680924476529,5732.888088826065,5802.556553762118,0.9879934879926533
41162,HSBC Bank Argentina,BANELCO,PASEO COLON AV. Y REPUBLICA BOLIVARIANA DE VENEZUELA,Monserrat,Comuna 1,3,600-900 m,600,900,7544,1411446.8207453075,1.4114468207453075,5344.8701638056955,5802.556553762118,0.9211233211230524
41162,HSBC Bank Argentina,BANELCO,PASEO COLON AV. Y REPUBLICA BOLIVARIANA DE VENEZUELA,Monserrat,Comuna 1,4,900-1200 m,900,1200,9504,1976025.5490442794,1.9760255490442793,4809.6544119061045,5802.556553762118,0.828885400313374
40504,Banco Supervielle,BANELCO,PASTEUR Y PICHINCHA,Balvanera,Comuna 3,1,0-300 m,0,300,2655,282289.36414897913,0.28228936414897915,9405.242765713323,9405.242765713323,1.0
40504,Banco Supervielle,BANELCO,PASTEUR Y PICHINCHA,Balvanera,Comuna 3,2,300-600 m,300,600,6587,846868.092447653,0.8468680924476529,7778.070822059173,9405.242765713323,0.8269930947890062
40504,Banco Supervielle,BANELCO,PASTEUR Y PICHINCHA,Balvanera,Comuna 3,3,600-900 m,600,900,20341,1411446.8207453075,1.4114468207453075,14411.453340664324,9405.242765713323,1.5322787193969165
40504,Banco Supervielle,BANELCO,PASTEUR Y PICHINCHA,Balvanera,Comuna 3,4,900-1200 m,900,1200,19657,1976025.5490442794,1.9760255490442793,9947.74587277339,9405.242765713323,1.057680925476773
40906,Banco Galicia,BANELCO,PAYSANDÚ 1842,Paternal,Comuna 15,1,0-300 m,0,300,1319,282289.36414897913,0.28228936414897915,4672.510436149105,4672.510436149105,1.0
40906,Banco Galicia,BANELCO,PAYSANDÚ 1842,Paternal,Comuna 15,2,300-600 m,300,600,2567,846868.092447653,0.8468680924476529,3031.168635224821,4672.510436149105,0.6487237806413523
40906,Banco Galicia,BANELCO,PAYSANDÚ 1842,Paternal,Comuna 15,3,600-900 m,600,900,4042,1411446.8207453075,1.4114468207453075,2863.728155103741,4672.510436149105,0.612888551933104
40906,Banco Galicia,BANELCO,PAYSANDÚ 1842,Paternal,Comuna 15,4,900-1200 m,900,1200,5237,1976025.5490442794,1.9760255490442793,2650.2693765943045,4672.510436149105,0.5672045922231369
40166,Banco Santander Río,BANELCO,PAYSANDU Y SAN MARTIN AV.,Paternal,Comuna 15,1,0-300 m,0,300,1421,282289.36414897913,0.28228936414897915,5033.841796639786,5033.841796639786,1.0
40166,Banco Santander Río,BANELCO,PAYSANDU Y SAN MARTIN AV.,Paternal,Comuna 15,2,300-600 m,300,600,2715,846868.092447653,0.8468680924476529,3205.9302082724544,5033.841796639786,0.6368754398305668
40166,Banco Santander Río,BANELCO,PAYSANDU Y SAN MARTIN AV.,Paternal,Comuna 15,3,600-900 m,600,900,3778,1411446.8207453075,1.4114468207453075,2676.6860390850898,5033.841796639786,0.5317382125262348
40166,Banco Santander Río,BANELCO,PAYSANDU Y SAN MARTIN AV.,Paternal,Comuna 15,4,900-1200 m,900,1200,5447,1976025.5490442794,1.9760255490442793,2756.5433061503104,5033.841796639786,0.5476022921479915
40754,Banco Galicia,BANELCO,"PAZ, GRAL. AV. Y ACCESO NORTE - PANAMERICANA",Saavedra,Comuna 12,1,0-300 m,0,300,307,282289.36414897913,0.28228936414897915,1087.53654579058,1087.53654579058,1.0
40754,Banco Galicia,BANELCO,"PAZ, GRAL. AV. Y ACCESO NORTE - PANAMERICANA",Saavedra,Comuna 12,2,300-600 m,300,600,948,846868.092447653,0.8468680924476529,1119.418724656459,1087.53654579058,1.0293159609111824
40754,Banco Galicia,BANELCO,"PAZ, GRAL. AV. Y ACCESO NORTE - PANAMERICANA",Saavedra,Comuna 12,3,600-900 m,600,900,1957,1411446.8207453075,1.4114468207453075,1386.5205342746217,1087.53654579058,1.2749185667748724
40754,Banco Galicia,BANELCO,"PAZ, GRAL. AV. Y ACCESO NORTE - PANAMERICANA",Saavedra,Comuna 12,4,900-1200 m,900,1200,2529,1976025.5490442794,1.9760255490442793,1279.8417516530449,1087.53654579058,1.1768264308972434
40878,Banco Galicia,BANELCO,"PAZ, GRAL. AV. Y TAPALQUE",Mataderos,Comuna 9,1,0-300 m,0,300,532,282289.36414897913,0.28228936414897915,1884.5910174612006,1884.5910174612006,1.0
40878,Banco Galicia,BANELCO,"PAZ, GRAL. AV. Y TAPALQUE",Mataderos,Comuna 9,2,300-600 m,300,600,1468,846868.092447653,0.8468680924476529,1733.4458732021963,1884.5910174612006,0.9197994987460901
40878,Banco Galicia,BANELCO,"PAZ, GRAL. AV. Y TAPALQUE",Mataderos,Comuna 9,3,600-900 m,600,900,1576,1411446.8207453075,1.4114468207453075,1116.5847532022503,1884.5910174612006,0.592481203007346
40878,Banco Galicia,BANELCO,"PAZ, GRAL. AV. Y TAPALQUE",Mataderos,Comuna 9,4,900-1200 m,900,1200,2278,1976025.5490442794,1.9760255490442793,1152.8191025170565,1884.5910174612006,0.6117078410307081
40801,Banco Galicia,BANELCO,"PELLEGRINI, CARLOS Y TUCUMAN",San Nicolas,Comuna 1,1,0-300 m,0,300,6468,282289.36414897913,0.28228936414897915,22912.65921229144,22912.65921229144,1.0
40801,Banco Galicia,BANELCO,"PELLEGRINI, CARLOS Y TUCUMAN",San Nicolas,Comuna 1,2,300-600 m,300,600,10010,846868.092447653,0.8468680924476529,11820.022609505439,22912.65921229144,0.5158730158725799
40801,Banco Galicia,BANELCO,"PELLEGRINI, CARLOS Y TUCUMAN",San Nicolas,Comuna 1,3,600-900 m,600,900,15144,1411446.8207453075,1.4114468207453075,10729.415927978984,22912.65921229144,0.4682745825601602
40801,Banco Galicia,BANELCO,"PELLEGRINI, CARLOS Y TUCUMAN",San Nicolas,Comuna 1,4,900-1200 m,900,1200,18931,1976025.5490442794,1.9760255490442793,9580.34171630834,22912.65921229144,0.41812439261388695
41351,ICBC,BANELCO,"PELLEGRINI, CARLOS Y TUCUMAN",San Nicolas,Comuna 1,1,0-300 m,0,300,5183,282289.36414897913,0.28228936414897915,18360.59256297256,18360.59256297256,1.0
41351,ICBC,BANELCO,"PELLEGRINI, CARLOS Y TUCUMAN",San Nicolas,Comuna 1,2,300-600 m,300,600,11194,846868.092447653,0.8468680924476529,13218.115193886502,18360.59256297256,0.7199176795929348
41351,ICBC,BANELCO,"PELLEGRINI, CARLOS Y TUCUMAN",San Nicolas,Comuna 1,3,600-900 m,600,900,15290,1411446.8207453075,1.4114468207453075,10832.855886080208,18360.59256297256,0.590005788153407
41351,ICBC,BANELCO,"PELLEGRINI, CARLOS Y TUCUMAN",San Nicolas,Comuna 1,4,900-1200 m,900,1200,18694,1976025.5490442794,1.9760255490442793,9460.403995809418,18360.59256297256,0.5152559190757288
40998,Banco Galicia,BANELCO,PERGAMINO Y TANDIL,Parque Avellaneda,Comuna 9,1,0-300 m,0,300,843,282289.36414897913,0.28228936414897915,2986.297420525925,2986.297420525925,1.0
40998,Banco Galicia,BANELCO,PERGAMINO Y TANDIL,Parque Avellaneda,Comuna 9,2,300-600 m,300,600,2604,846868.092447653,0.8468680924476529,3074.8590284867296,2986.297420525925,1.029655990509213
40998,Banco Galicia,BANELCO,PERGAMINO Y TANDIL,Parque Avellaneda,Comuna 9,3,600-900 m,600,900,5758,1411446.8207453075,1.4114468207453075,4079.501909224973,2986.297420525925,1.3660735468560665
40998,Banco Galicia,BANELCO,PERGAMINO Y TANDIL,Parque Avellaneda,Comuna 9,4,900-1200 m,900,1200,9679,1976025.5490442794,1.9760255490442793,4898.216019869443,2986.297420525925,1.640230469410781
41172,HSBC Bank Argentina,BANELCO,"PERON, EVA AV. Y DUMAS, ALEJANDRO",Parque Avellaneda,Comuna 9,1,0-300 m,0,300,1292,282289.36414897913,0.28228936414897915,4576.86389954863,4576.86389954863,1.0
41172,HSBC Bank Argentina,BANELCO,"PERON, EVA AV. Y DUMAS, ALEJANDRO",Parque Avellaneda,Comuna 9,2,300-600 m,300,600,2797,846868.092447653,0.8468680924476529,3302.757566312359,4576.86389954863,0.7216202270375741
41172,HSBC Bank Argentina,BANELCO,"PERON, EVA AV. Y DUMAS, ALEJANDRO",Parque Avellaneda,Comuna 9,3,600-900 m,600,900,3233,1411446.8207453075,1.4114468207453075,2290.5574283647684,4576.86389954863,0.5004643962846838
41172,HSBC Bank Argentina,BANELCO,"PERON, EVA AV. Y DUMAS, ALEJANDRO",Parque Avellaneda,Comuna 9,4,900-1200 m,900,1200,3720,1976025.5490442794,1.9760255490442793,1882.566752134965,4576.86389954863,0.411322423706028
40772,Banco Galicia,BANELCO,"PERON, EVA AV. Y EL TALA",Parque Avellaneda,Comuna 9,1,0-300 m,0,300,1111,282289.36414897913,0.28228936414897915,3935.677857893598,3935.677857893598,1.0
40772,Banco Galicia,BANELCO,"PERON, EVA AV. Y EL TALA",Parque Avellaneda,Comuna 9,2,300-600 m,300,600,1989,846868.092447653,0.8468680924476529,2348.653843187444,3935.677857893598,0.5967596759670926
40772,Banco Galicia,BANELCO,"PERON, EVA AV. Y EL TALA",Parque Avellaneda,Comuna 9,3,600-900 m,600,900,3187,1411446.8207453075,1.4114468207453075,2257.966756634246,3935.677857893598,0.5737173717370063
40772,Banco Galicia,BANELCO,"PERON, EVA AV. Y EL TALA",Parque Avellaneda,Comuna 9,4,900-1200 m,900,1200,3849,1976025.5490442794,1.9760255490442793,1947.849308862226,3935.677857893598,0.494920920663138
40314,Banco Santander Río,BANELCO,"PERON, EVA AV. Y MIRALLA",Mataderos,Comuna 9,1,0-300 m,0,300,656,282289.36414897913,0.28228936414897915,2323.856592959676,2323.856592959676,1.0
40314,Banco Santander Río,BANELCO,"PERON, EVA AV. Y MIRALLA",Mataderos,Comuna 9,2,300-600 m,300,600,1503,846868.092447653,0.8468680924476529,1774.7746235850825,2323.856592959676,0.7637195121944768
40314,Banco Santander Río,BANELCO,"PERON, EVA AV. Y MIRALLA",Mataderos,Comuna 9,3,600-900 m,600,900,3170,1411446.8207453075,1.4114468207453075,2245.9223779512267,2323.856592959676,0.9664634146338643
40314,Banco Santander Río,BANELCO,"PERON, EVA AV. Y MIRALLA",Mataderos,Comuna 9,4,900-1200 m,900,1200,5155,1976025.5490442794,1.9760255490442793,2608.77193743434,2323.856592959676,1.122604529615915
40237,Banco Santander Río,BANELCO,"PERON, EVA AV. Y PORTELA",Parque Avellaneda,Comuna 9,1,0-300 m,0,300,1080,282289.36414897913,0.28228936414897915,3825.861464018979,3825.861464018979,1.0
40237,Banco Santander Río,BANELCO,"PERON, EVA AV. Y PORTELA",Parque Avellaneda,Comuna 9,2,300-600 m,300,600,2327,846868.092447653,0.8468680924476529,2747.7714897421733,3825.861464018979,0.718209876542603
40237,Banco Santander Río,BANELCO,"PERON, EVA AV. Y PORTELA",Parque Avellaneda,Comuna 9,3,600-900 m,600,900,3380,1411446.8207453075,1.4114468207453075,2394.705879329699,3825.861464018979,0.6259259259257433
40237,Banco Santander Río,BANELCO,"PERON, EVA AV. Y PORTELA",Parque Avellaneda,Comuna 9,4,900-1200 m,900,1200,4520,1976025.5490442794,1.9760255490442793,2287.419817110226,3825.861464018979,0.5978835978831666
40259,Banco Santander Río,BANELCO,"PERON, EVA AV. Y VARELA AV.",Flores,Comuna 7,1,0-300 m,0,300,1158,282289.36414897913,0.28228936414897915,4102.173680864794,4102.173680864794,1.0
40259,Banco Santander Río,BANELCO,"PERON, EVA AV. Y VARELA AV.",Flores,Comuna 7,2,300-600 m,300,600,3173,846868.092447653,0.8468680924476529,3746.7464275685074,4102.173680864794,0.9133563615421184
40259,Banco Santander Río,BANELCO,"PERON, EVA AV. Y VARELA AV.",Flores,Comuna 7,3,600-900 m,600,900,4064,1411446.8207453075,1.4114468207453075,2879.314998105295,4102.173680864794,0.7018998272882236
40259,Banco Santander Río,BANELCO,"PERON, EVA AV. Y VARELA AV.",Flores,Comuna 7,4,900-1200 m,900,1200,5936,1976025.5490442794,1.9760255490442793,3004.0097421164387,4102.173680864794,0.7322970639027533
41024,CitiBank,BANELCO,"PERON, JUAN DOMINGO, TTE. GENERAL Y FLORIDA",San Nicolas,Comuna 1,1,0-300 m,0,300,2826,282289.36414897913,0.28228936414897915,10011.004164182994,10011.004164182994,1.0
41024,CitiBank,BANELCO,"PERON, JUAN DOMINGO, TTE. GENERAL Y FLORIDA",San Nicolas,Comuna 1,2,300-600 m,300,600,11264,846868.092447653,0.8468680924476529,13300.772694652274,10011.004164182994,1.3286152394421424
41024,CitiBank,BANELCO,"PERON, JUAN DOMINGO, TTE. GENERAL Y FLORIDA",San Nicolas,Comuna 1,3,600-900 m,600,900,15238,1411446.8207453075,1.4114468207453075,10796.014257167442,10011.004164182994,1.0784147204526224
41024,CitiBank,BANELCO,"PERON, JUAN DOMINGO, TTE. GENERAL Y FLORIDA",San Nicolas,Comuna 1,4,900-1200 m,900,1200,13598,1976025.5490442794,1.9760255490442793,6881.489971917004,10011.004164182994,0.6873925791118286
39947,Banco Macro,BANELCO,"PERON, JUAN DOMINGO, TTE. GENERAL Y GUEMES, MACACHA",Puerto Madero,Comuna 1,1,0-300 m,0,300,486,282289.36414897913,0.28228936414897915,1721.6376588085404,1721.6376588085404,1.0
39947,Banco Macro,BANELCO,"PERON, JUAN DOMINGO, TTE. GENERAL Y GUEMES, MACACHA",Puerto Madero,Comuna 1,2,300-600 m,300,600,3307,846868.092447653,0.8468680924476529,3904.9765004629858,1721.6376588085404,2.2681755829884818
39947,Banco Macro,BANELCO,"PERON, JUAN DOMINGO, TTE. GENERAL Y GUEMES, MACACHA",Puerto Madero,Comuna 1,3,600-900 m,600,900,7660,1411446.8207453075,1.4114468207453075,5427.055335995709,1721.6376588085404,3.1522633744846775
39947,Banco Macro,BANELCO,"PERON, JUAN DOMINGO, TTE. GENERAL Y GUEMES, MACACHA",Puerto Madero,Comuna 1,4,900-1200 m,900,1200,10665,1976025.5490442794,1.9760255490442793,5397.197422451452,1721.6376588085404,3.134920634918374
41342,ICBC,BANELCO,"PERON, JUAN DOMINGO, TTE. GENERAL Y MAIPU",San Nicolas,Comuna 1,1,0-300 m,0,300,2748,282289.36414897913,0.28228936414897915,9734.69194733718,9734.69194733718,1.0
41342,ICBC,BANELCO,"PERON, JUAN DOMINGO, TTE. GENERAL Y MAIPU",San Nicolas,Comuna 1,2,300-600 m,300,600,11962,846868.092447653,0.8468680924476529,14124.986059430976,9734.69194733718,1.45099466278383
41342,ICBC,BANELCO,"PERON, JUAN DOMINGO, TTE. GENERAL Y MAIPU",San Nicolas,Comuna 1,3,600-900 m,600,900,15324,1411446.8207453075,1.4114468207453075,10856.944643446246,9734.69194733718,1.1152838427944345
41342,ICBC,BANELCO,"PERON, JUAN DOMINGO, TTE. GENERAL Y MAIPU",San Nicolas,Comuna 1,4,900-1200 m,900,1200,14801,1976025.5490442794,1.9760255490442793,7490.287768373553,9734.69194733718,0.7694427115818946
41004,Banco Galicia,BANELCO,"PERON, JUAN DOMINGO, TTE. GENERAL Y MAIPU",San Nicolas,Comuna 1,1,0-300 m,0,300,3035,282289.36414897913,0.28228936414897915,10751.379206757038,10751.379206757038,1.0
41004,Banco Galicia,BANELCO,"PERON, JUAN DOMINGO, TTE. GENERAL Y MAIPU",San Nicolas,Comuna 1,2,300-600 m,300,600,14475,846868.092447653,0.8468680924476529,17092.390336922203,10751.379206757038,1.5897858319591183
41004,Banco Galicia,BANELCO,"PERON, JUAN DOMINGO, TTE. GENERAL Y MAIPU",San Nicolas,Comuna 1,3,600-900 m,600,900,13666,1411446.8207453075,1.4114468207453075,9682.26347542002,10751.379206757038,0.9005601317954539
41004,Banco Galicia,BANELCO,"PERON, JUAN DOMINGO, TTE. GENERAL Y MAIPU",San Nicolas,Comuna 1,4,900-1200 m,900,1200,14665,1976025.5490442794,1.9760255490442793,7421.462747327759,10751.379206757038,0.6902800658973605
41246,ICBC,BANELCO,"PERON, JUAN DOMINGO, TTE. GENERAL Y MONTEVIDEO",San Nicolas,Comuna 1,1,0-300 m,0,300,2243,282289.36414897913,0.28228936414897915,7945.747466476453,7945.747466476453,1.0
41246,ICBC,BANELCO,"PERON, JUAN DOMINGO, TTE. GENERAL Y MONTEVIDEO",San Nicolas,Comuna 1,2,300-600 m,300,600,12146,846868.092447653,0.8468680924476529,14342.257204301006,7945.747466476453,1.8050230346247198
41246,ICBC,BANELCO,"PERON, JUAN DOMINGO, TTE. GENERAL Y MONTEVIDEO",San Nicolas,Comuna 1,3,600-900 m,600,900,12974,1411446.8207453075,1.4114468207453075,9191.986413734769,7945.747466476453,1.156843513151691
41246,ICBC,BANELCO,"PERON, JUAN DOMINGO, TTE. GENERAL Y MONTEVIDEO",San Nicolas,Comuna 1,4,900-1200 m,900,1200,19464,1976025.5490442794,1.9760255490442793,9850.075070848108,7945.747466476453,1.2396662632944375
39707,Banco Columbia,BANELCO,"PERON, JUAN DOMINGO, TTE. GENERAL Y RECONQUISTA",San Nicolas,Comuna 1,1,0-300 m,0,300,1268,282289.36414897913,0.28228936414897915,4491.844755903764,4491.844755903764,1.0
39707,Banco Columbia,BANELCO,"PERON, JUAN DOMINGO, TTE. GENERAL Y RECONQUISTA",San Nicolas,Comuna 1,2,300-600 m,300,600,9711,846868.092447653,0.8468680924476529,11466.95699909164,4491.844755903764,2.5528391167170863
39707,Banco Columbia,BANELCO,"PERON, JUAN DOMINGO, TTE. GENERAL Y RECONQUISTA",San Nicolas,Comuna 1,3,600-900 m,600,900,9553,1411446.8207453075,1.4114468207453075,6768.232326993082,4491.844755903764,1.5067823343844184
39707,Banco Columbia,BANELCO,"PERON, JUAN DOMINGO, TTE. GENERAL Y RECONQUISTA",San Nicolas,Comuna 1,4,900-1200 m,900,1200,15556,1976025.5490442794,1.9760255490442793,7872.367848443956,4491.844755903764,1.7525912573218545
40899,Banco Galicia,BANELCO,"PERON, JUAN DOMINGO, TTE. GENERAL Y RECONQUISTA",San Nicolas,Comuna 1,1,0-300 m,0,300,1744,282289.36414897913,0.28228936414897915,6178.057771526944,6178.057771526944,1.0
40899,Banco Galicia,BANELCO,"PERON, JUAN DOMINGO, TTE. GENERAL Y RECONQUISTA",San Nicolas,Comuna 1,2,300-600 m,300,600,10150,846868.092447653,0.8468680924476529,11985.337611036985,6178.057771526944,1.9399847094784834
40899,Banco Galicia,BANELCO,"PERON, JUAN DOMINGO, TTE. GENERAL Y RECONQUISTA",San Nicolas,Comuna 1,3,600-900 m,600,900,11447,1411446.8207453075,1.4114468207453075,8110.117810854162,6178.057771526944,1.312729357797782
40899,Banco Galicia,BANELCO,"PERON, JUAN DOMINGO, TTE. GENERAL Y RECONQUISTA",San Nicolas,Comuna 1,4,900-1200 m,900,1200,15779,1976025.5490442794,1.9760255490442793,7985.22064030581,6178.057771526944,1.2925131061589628
40625,BBVA Banco Francés,BANELCO,"PERON, JUAN DOMINGO, TTE. GENERAL Y SAENZ PEÑA, ROQUE, PRES. DIAGONAL NORTE AV.",San Nicolas,Comuna 1,1,0-300 m,0,300,3240,282289.36414897913,0.28228936414897915,11477.584392056937,11477.584392056937,1.0
40625,BBVA Banco Francés,BANELCO,"PERON, JUAN DOMINGO, TTE. GENERAL Y SAENZ PEÑA, ROQUE, PRES. DIAGONAL NORTE AV.",San Nicolas,Comuna 1,2,300-600 m,300,600,15363,846868.092447653,0.8468680924476529,18140.959775207997,11477.584392056937,1.5805555555542201
40625,BBVA Banco Francés,BANELCO,"PERON, JUAN DOMINGO, TTE. GENERAL Y SAENZ PEÑA, ROQUE, PRES. DIAGONAL NORTE AV.",San Nicolas,Comuna 1,3,600-900 m,600,900,13009,1411446.8207453075,1.4114468207453075,9216.783663964514,11477.584392056937,0.8030246913577904
40625,BBVA Banco Francés,BANELCO,"PERON, JUAN DOMINGO, TTE. GENERAL Y SAENZ PEÑA, ROQUE, PRES. DIAGONAL NORTE AV.",San Nicolas,Comuna 1,4,900-1200 m,900,1200,15713,1976025.5490442794,1.9760255490442793,7951.820262445352,11477.584392056937,0.6928130511458848
39720,Banco Columbia,BANELCO,"PERON, JUAN DOMINGO, TTE. GENERAL Y TALCAHUANO",San Nicolas,Comuna 1,1,0-300 m,0,300,1513,282289.36414897913,0.28228936414897915,5359.748513945106,5359.748513945106,1.0
39720,Banco Columbia,BANELCO,"PERON, JUAN DOMINGO, TTE. GENERAL Y TALCAHUANO",San Nicolas,Comuna 1,2,300-600 m,300,600,14162,846868.092447653,0.8468680924476529,16722.793226355247,5359.748513945106,3.1200705001075204
39720,Banco Columbia,BANELCO,"PERON, JUAN DOMINGO, TTE. GENERAL Y TALCAHUANO",San Nicolas,Comuna 1,3,600-900 m,600,900,14397,1411446.8207453075,1.4114468207453075,10200.171758789846,5359.748513945106,1.903106411103212
39720,Banco Columbia,BANELCO,"PERON, JUAN DOMINGO, TTE. GENERAL Y TALCAHUANO",San Nicolas,Comuna 1,4,900-1200 m,900,1200,20320,1976025.5490442794,1.9760255490442793,10283.267850371638,5359.748513945106,1.918610140684104
41018,CitiBank,BANELCO,PESCADORES Y RIVADAVIA AV.,Flores,Comuna 7,1,0-300 m,0,300,3213,282289.36414897913,0.28228936414897915,11381.937855456463,11381.937855456463,1.0
41018,CitiBank,BANELCO,PESCADORES Y RIVADAVIA AV.,Flores,Comuna 7,2,300-600 m,300,600,5094,846868.092447653,0.8468680924476529,6015.104412869201,11381.937855456463,0.5284780578893761
41018,CitiBank,BANELCO,PESCADORES Y RIVADAVIA AV.,Flores,Comuna 7,3,600-900 m,600,900,9572,1411446.8207453075,1.4114468207453075,6781.693691403515,11381.937855456463,0.5958294428880926
41018,CitiBank,BANELCO,PESCADORES Y RIVADAVIA AV.,Flores,Comuna 7,4,900-1200 m,900,1200,9842,1976025.5490442794,1.9760255490442793,4980.704831858152,11381.937855456463,0.4375972611263572
40216,Banco Santander Río,BANELCO,PICO Y TRONADOR,Saavedra,Comuna 12,1,0-300 m,0,300,392,282289.36414897913,0.28228936414897915,1388.6460128661479,1388.6460128661479,1.0
40216,Banco Santander Río,BANELCO,PICO Y TRONADOR,Saavedra,Comuna 12,2,300-600 m,300,600,1747,846868.092447653,0.8468680924476529,2062.8950548257744,1388.6460128661479,1.4855442176858198
40216,Banco Santander Río,BANELCO,PICO Y TRONADOR,Saavedra,Comuna 12,3,600-900 m,600,900,2017,1411446.8207453075,1.4114468207453075,1429.0301060970426,1388.6460128661479,1.0290816326527612
40216,Banco Santander Río,BANELCO,PICO Y TRONADOR,Saavedra,Comuna 12,4,900-1200 m,900,1200,2742,1976025.5490442794,1.9760255490442793,1387.633880202708,1388.6460128661479,0.9992711370255183
40123,Banco Santander Río,BANELCO,PIERINA DEALESSI 360,Puerto Madero,Comuna 1,1,0-300 m,0,300,112,282289.36414897913,0.28228936414897915,396.75600367604227,396.75600367604227,1.0
40123,Banco Santander Río,BANELCO,PIERINA DEALESSI 360,Puerto Madero,Comuna 1,2,300-600 m,300,600,1198,846868.092447653,0.8468680924476529,1414.6240845342174,396.75600367604227,3.565476190473178
40123,Banco Santander Río,BANELCO,PIERINA DEALESSI 360,Puerto Madero,Comuna 1,3,600-900 m,600,900,3909,1411446.8207453075,1.4114468207453075,2769.4986042307087,396.75600367604227,6.980357142855107
40123,Banco Santander Río,BANELCO,PIERINA DEALESSI 360,Puerto Madero,Comuna 1,4,900-1200 m,900,1200,6119,1976025.5490442794,1.9760255490442793,3096.61988072953,396.75600367604227,7.804846938769881
40186,Banco Santander Río,BANELCO,"PILAR Y RODO, JOSE E.",Mataderos,Comuna 9,1,0-300 m,0,300,703,282289.36414897913,0.28228936414897915,2490.352415930872,2490.352415930872,1.0
40186,Banco Santander Río,BANELCO,"PILAR Y RODO, JOSE E.",Mataderos,Comuna 9,2,300-600 m,300,600,2223,846868.092447653,0.8468680924476529,2624.966060033026,2490.352415930872,1.0540540540531635
40186,Banco Santander Río,BANELCO,"PILAR Y RODO, JOSE E.",Mataderos,Comuna 9,3,600-900 m,600,900,3214,1411446.8207453075,1.4114468207453075,2277.0960639543355,2490.352415930872,0.9143669985772582
40186,Banco Santander Río,BANELCO,"PILAR Y RODO, JOSE E.",Mataderos,Comuna 9,4,900-1200 m,900,1200,3737,1976025.5490442794,1.9760255490442793,1891.1698797656893,2490.352415930872,0.7593984962400537
41130,HSBC Bank Argentina,BANELCO,"PISSARRO, VICTOR Y RAMALLO",Nuñez,Comuna 13,1,0-300 m,0,300,595,282289.36414897913,0.28228936414897915,2107.7662695289746,2107.7662695289746,1.0
41130,HSBC Bank Argentina,BANELCO,"PISSARRO, VICTOR Y RAMALLO",Nuñez,Comuna 13,2,300-600 m,300,600,2035,846868.092447653,0.8468680924476529,2402.9716294049517,2107.7662695289746,1.1400560224080003
41130,HSBC Bank Argentina,BANELCO,"PISSARRO, VICTOR Y RAMALLO",Nuñez,Comuna 13,3,600-900 m,600,900,2916,1411446.8207453075,1.4114468207453075,2065.965190569646,2107.7662695289746,0.9801680672266048
41130,HSBC Bank Argentina,BANELCO,"PISSARRO, VICTOR Y RAMALLO",Nuñez,Comuna 13,4,900-1200 m,900,1200,3638,1976025.5490442794,1.9760255490442793,1841.0693129750007,2107.7662695289746,0.8734693877544719
40385,Banco Santander Río,BANELCO,PJE.PARTICULAR (ALT. RIVADAVIA 11080) Y RIVADAVIA AV.,Liniers,Comuna 9,1,0-300 m,0,300,1169,282289.36414897913,0.28228936414897915,4141.140788368691,4141.140788368691,1.0
40385,Banco Santander Río,BANELCO,PJE.PARTICULAR (ALT. RIVADAVIA 11080) Y RIVADAVIA AV.,Liniers,Comuna 9,2,300-600 m,300,600,2736,846868.092447653,0.8468680924476529,3230.727458502186,4141.140788368691,0.7801539777581091
40385,Banco Santander Río,BANELCO,PJE.PARTICULAR (ALT. RIVADAVIA 11080) Y RIVADAVIA AV.,Liniers,Comuna 9,3,600-900 m,600,900,5892,1411446.8207453075,1.4114468207453075,4174.439952961712,4141.140788368691,1.0080410607353774
40385,Banco Santander Río,BANELCO,PJE.PARTICULAR (ALT. RIVADAVIA 11080) Y RIVADAVIA AV.,Liniers,Comuna 9,4,900-1200 m,900,1200,5018,1976025.5490442794,1.9760255490442793,2539.4408500573263,4141.140788368691,0.6132225345223489
40830,Banco Galicia,BANELCO,"POMAR, GREGORIO TTE. CNEL. Y QUILMES",Nueva Pompeya,Comuna 4,1,0-300 m,0,300,919,282289.36414897913,0.28228936414897915,3255.524708734668,3255.524708734668,1.0
40830,Banco Galicia,BANELCO,"POMAR, GREGORIO TTE. CNEL. Y QUILMES",Nueva Pompeya,Comuna 4,2,300-600 m,300,600,2883,846868.092447653,0.8468680924476529,3404.3082101103078,3255.524708734668,1.0457018498358956
40830,Banco Galicia,BANELCO,"POMAR, GREGORIO TTE. CNEL. Y QUILMES",Nueva Pompeya,Comuna 4,3,600-900 m,600,900,4761,1411446.8207453075,1.4114468207453075,3373.1345241090826,3255.524708734668,1.03612622415639
40830,Banco Galicia,BANELCO,"POMAR, GREGORIO TTE. CNEL. Y QUILMES",Nueva Pompeya,Comuna 4,4,900-1200 m,900,1200,5338,1976025.5490442794,1.9760255490442793,2701.382076047431,3255.524708734668,0.8297839266277243
40490,Banco Supervielle,BANELCO,"PUEYRREDON, HONORIO, DR. AV. Y VALLESE, FELIPE",Caballito,Comuna 6,1,0-300 m,0,300,942,282289.36414897913,0.28228936414897915,3337.001388060998,3337.001388060998,1.0
40490,Banco Supervielle,BANELCO,"PUEYRREDON, HONORIO, DR. AV. Y VALLESE, FELIPE",Caballito,Comuna 6,2,300-600 m,300,600,3606,846868.092447653,0.8468680924476529,4258.042110876784,3337.001388060998,1.276008492567924
40490,Banco Supervielle,BANELCO,"PUEYRREDON, HONORIO, DR. AV. Y VALLESE, FELIPE",Caballito,Comuna 6,3,600-900 m,600,900,6117,1411446.8207453075,1.4114468207453075,4333.85084729579,3337.001388060998,1.2987261146493028
40490,Banco Supervielle,BANELCO,"PUEYRREDON, HONORIO, DR. AV. Y VALLESE, FELIPE",Caballito,Comuna 6,4,900-1200 m,900,1200,9471,1976025.5490442794,1.9760255490442793,4792.9542229758745,3337.001388060998,1.4363057324830404
40399,Banco Santander Río,BANELCO,QUILMES Y USPALLATA,Nueva Pompeya,Comuna 4,1,0-300 m,0,300,790,282289.36414897913,0.28228936414897915,2798.5468116435122,2798.5468116435122,1.0
40399,Banco Santander Río,BANELCO,QUILMES Y USPALLATA,Nueva Pompeya,Comuna 4,2,300-600 m,300,600,3216,846868.092447653,0.8468680924476529,3797.5217494674816,2798.5468116435122,1.3569620253153092
40399,Banco Santander Río,BANELCO,QUILMES Y USPALLATA,Nueva Pompeya,Comuna 4,3,600-900 m,600,900,4669,1411446.8207453075,1.4114468207453075,3307.9531806480372,2798.5468116435122,1.1820253164553514
40399,Banco Santander Río,BANELCO,QUILMES Y USPALLATA,Nueva Pompeya,Comuna 4,4,900-1200 m,900,1200,4902,1976025.5490442794,1.9760255490442793,2480.7371556359135,2798.5468116435122,0.8864376130192521
40412,Banco Supervielle,BANELCO,QUILMES Y USPALLATA,Nueva Pompeya,Comuna 4,1,0-300 m,0,300,776,282289.36414897913,0.28228936414897915,2748.952311184007,2748.952311184007,1.0
40412,Banco Supervielle,BANELCO,QUILMES Y USPALLATA,Nueva Pompeya,Comuna 4,2,300-600 m,300,600,3278,846868.092447653,0.8468680924476529,3870.7326787171655,2748.952311184007,1.4080756013733806
40412,Banco Supervielle,BANELCO,QUILMES Y USPALLATA,Nueva Pompeya,Comuna 4,3,600-900 m,600,900,4583,1411446.8207453075,1.4114468207453075,3247.0227943692344,2748.952311184007,1.1811855670099647
40412,Banco Supervielle,BANELCO,QUILMES Y USPALLATA,Nueva Pompeya,Comuna 4,4,900-1200 m,900,1200,5084,1976025.5490442794,1.9760255490442793,2572.8412279177855,2748.952311184007,0.9359351988211216
40653,BBVA Banco Francés,BANELCO,QUILMES Y USPALLATA,Nueva Pompeya,Comuna 4,1,0-300 m,0,300,774,282289.36414897913,0.28228936414897915,2741.867382546935,2741.867382546935,1.0
40653,BBVA Banco Francés,BANELCO,QUILMES Y USPALLATA,Nueva Pompeya,Comuna 4,2,300-600 m,300,600,3285,846868.092447653,0.8468680924476529,3878.998428793743,2741.867382546935,1.4147286821693474
40653,BBVA Banco Francés,BANELCO,QUILMES Y USPALLATA,Nueva Pompeya,Comuna 4,3,600-900 m,600,900,4598,1411446.8207453075,1.4114468207453075,3257.6501873248394,2741.867382546935,1.1881136950900926
40653,BBVA Banco Francés,BANELCO,QUILMES Y USPALLATA,Nueva Pompeya,Comuna 4,4,900-1200 m,900,1200,4916,1976025.5490442794,1.9760255490442793,2487.8220842729806,2741.867382546935,0.9073458840894156
41189,HSBC Bank Argentina,BANELCO,QUILMES Y USPALLATA,Nueva Pompeya,Comuna 4,1,0-300 m,0,300,806,282289.36414897913,0.28228936414897915,2855.22624074009,2855.22624074009,1.0
41189,HSBC Bank Argentina,BANELCO,QUILMES Y USPALLATA,Nueva Pompeya,Comuna 4,2,300-600 m,300,600,3094,846868.092447653,0.8468680924476529,3653.461533847136,2855.22624074009,1.2795698924720371
41189,HSBC Bank Argentina,BANELCO,QUILMES Y USPALLATA,Nueva Pompeya,Comuna 4,3,600-900 m,600,900,4620,1411446.8207453075,1.4114468207453075,3273.237030326394,2855.22624074009,1.146401985111328
41189,HSBC Bank Argentina,BANELCO,QUILMES Y USPALLATA,Nueva Pompeya,Comuna 4,4,900-1200 m,900,1200,5189,1976025.5490442794,1.9760255490442793,2625.9781926957885,2855.22624074009,0.919709322934466
40607,BBVA Banco Francés,BANELCO,"QUINQUELA MARTIN, BENITO Y HORNOS, GRAL.",Barracas,Comuna 4,1,0-300 m,0,300,1124,282289.36414897913,0.28228936414897915,3981.7298940345668,3981.7298940345668,1.0
40607,BBVA Banco Francés,BANELCO,"QUINQUELA MARTIN, BENITO Y HORNOS, GRAL.",Barracas,Comuna 4,2,300-600 m,300,600,3169,846868.092447653,0.8468680924476529,3742.023141810463,3981.7298940345668,0.9397983392637375
40607,BBVA Banco Francés,BANELCO,"QUINQUELA MARTIN, BENITO Y HORNOS, GRAL.",Barracas,Comuna 4,3,600-900 m,600,900,4550,1411446.8207453075,1.4114468207453075,3223.642529866903,3981.7298940345668,0.8096085409250308
40607,BBVA Banco Francés,BANELCO,"QUINQUELA MARTIN, BENITO Y HORNOS, GRAL.",Barracas,Comuna 4,4,900-1200 m,900,1200,4606,1976025.5490442794,1.9760255490442793,2330.941521595067,3981.7298940345668,0.585409252668617
40748,Banco Galicia,BANELCO,RAULIES Y WARNES AV.,Paternal,Comuna 15,1,0-300 m,0,300,387,282289.36414897913,0.28228936414897915,1370.9336912734675,1370.9336912734675,1.0
40748,Banco Galicia,BANELCO,RAULIES Y WARNES AV.,Paternal,Comuna 15,2,300-600 m,300,600,676,846868.092447653,0.8468680924476529,798.2352931094582,1370.9336912734675,0.5822566752794391
40748,Banco Galicia,BANELCO,RAULIES Y WARNES AV.,Paternal,Comuna 15,3,600-900 m,600,900,2005,1411446.8207453075,1.4114468207453075,1420.5281917325583,1370.9336912734675,1.0361757105940128
40748,Banco Galicia,BANELCO,RAULIES Y WARNES AV.,Paternal,Comuna 15,4,900-1200 m,900,1200,3473,1976025.5490442794,1.9760255490442793,1757.568368323853,1370.9336912734675,1.2820228866731247
41260,ICBC,BANELCO,Reconquista 1070,Retiro,Comuna 1,1,0-300 m,0,300,1885,282289.36414897913,0.28228936414897915,6677.545240440532,6677.545240440532,1.0
41260,ICBC,BANELCO,Reconquista 1070,Retiro,Comuna 1,2,300-600 m,300,600,6434,846868.092447653,0.8468680924476529,7597.405141813985,6677.545240440532,1.137754199822204
41260,ICBC,BANELCO,Reconquista 1070,Retiro,Comuna 1,3,600-900 m,600,900,8415,1411446.8207453075,1.4114468207453075,5961.967448094503,6677.545240440532,0.8928381962862117
41260,ICBC,BANELCO,Reconquista 1070,Retiro,Comuna 1,4,900-1200 m,900,1200,11532,1976025.5490442794,1.9760255490442793,5835.9569316183915,6677.545240440532,0.873967411897816
40377,Banco Santander Río,BANELCO,RECONQUISTA 1104,Retiro,Comuna 1,1,0-300 m,0,300,1621,282289.36414897913,0.28228936414897915,5742.3346603470045,5742.3346603470045,1.0
40377,Banco Santander Río,BANELCO,RECONQUISTA 1104,Retiro,Comuna 1,2,300-600 m,300,600,6569,846868.092447653,0.8468680924476529,7756.816036147975,5742.3346603470045,1.35081225580803
40377,Banco Santander Río,BANELCO,RECONQUISTA 1104,Retiro,Comuna 1,3,600-900 m,600,900,8191,1411446.8207453075,1.4114468207453075,5803.265046624132,5742.3346603470045,1.010610734114449
40377,Banco Santander Río,BANELCO,RECONQUISTA 1104,Retiro,Comuna 1,4,900-1200 m,900,1200,11120,1976025.5490442794,1.9760255490442793,5627.457603156132,5742.3346603470045,0.9799947122580399
40612,BBVA Banco Francés,BANELCO,RECONQUISTA 175,San Nicolas,Comuna 1,1,0-300 m,0,300,1361,282289.36414897913,0.28228936414897915,4821.29393752762,4821.29393752762,1.0
40612,BBVA Banco Francés,BANELCO,RECONQUISTA 175,San Nicolas,Comuna 1,2,300-600 m,300,600,9562,846868.092447653,0.8468680924476529,11291.014604604496,4821.29393752762,2.341905461668362
40612,BBVA Banco Francés,BANELCO,RECONQUISTA 175,San Nicolas,Comuna 1,3,600-900 m,600,900,10285,1411446.8207453075,1.4114468207453075,7286.849103226615,4821.29393752762,1.5113886847901545
40612,BBVA Banco Francés,BANELCO,RECONQUISTA 175,San Nicolas,Comuna 1,4,900-1200 m,900,1200,15870,1976025.5490442794,1.9760255490442793,8031.272676446746,4821.29393752762,1.6657919596923014
40482,Banco Supervielle,BANELCO,RECONQUISTA 330,San Nicolas,Comuna 1,1,0-300 m,0,300,2906,282289.36414897913,0.28228936414897915,10294.401309665882,10294.401309665882,1.0
40482,Banco Supervielle,BANELCO,RECONQUISTA 330,San Nicolas,Comuna 1,2,300-600 m,300,600,9242,846868.092447653,0.8468680924476529,10913.151743960965,10294.401309665882,1.0601055287901113
40482,Banco Supervielle,BANELCO,RECONQUISTA 330,San Nicolas,Comuna 1,3,600-900 m,600,900,11718,1411446.8207453075,1.4114468207453075,8302.119376918763,10294.401309665882,0.8064693737093312
40482,Banco Supervielle,BANELCO,RECONQUISTA 330,San Nicolas,Comuna 1,4,900-1200 m,900,1200,14127,1976025.5490442794,1.9760255490442793,7149.199061131895,10294.401309665882,0.6944744862840335
40524,BBVA Banco Francés,BANELCO,RECONQUISTA 40,San Nicolas,Comuna 1,1,0-300 m,0,300,2854,282289.36414897913,0.28228936414897915,10110.193165102006,10110.193165102006,1.0
40524,BBVA Banco Francés,BANELCO,RECONQUISTA 40,San Nicolas,Comuna 1,2,300-600 m,300,600,5489,846868.092447653,0.8468680924476529,6481.52888147606,10110.193165102006,0.6410885307165806
40524,BBVA Banco Francés,BANELCO,RECONQUISTA 40,San Nicolas,Comuna 1,3,600-900 m,600,900,12141,1411446.8207453075,1.4114468207453075,8601.811858266828,10110.193165102006,0.8508058864748744
40524,BBVA Banco Francés,BANELCO,RECONQUISTA 40,San Nicolas,Comuna 1,4,900-1200 m,900,1200,16459,1976025.5490442794,1.9760255490442793,8329.345745534782,10110.193165102006,0.8238562418654584
39750,Banco Comafi,BANELCO,RECONQUISTA 823,Retiro,Comuna 1,1,0-300 m,0,300,2709,282289.36414897913,0.28228936414897915,9596.535838914271,9596.535838914271,1.0
39750,Banco Comafi,BANELCO,RECONQUISTA 823,Retiro,Comuna 1,2,300-600 m,300,600,5837,846868.092447653,0.8468680924476529,6892.454742425899,9596.535838914271,0.7182232065946929
39750,Banco Comafi,BANELCO,RECONQUISTA 823,Retiro,Comuna 1,3,600-900 m,600,900,11052,1411446.8207453075,1.4114468207453075,7830.263129689893,9596.535838914271,0.8159468438535826
39750,Banco Comafi,BANELCO,RECONQUISTA 823,Retiro,Comuna 1,4,900-1200 m,900,1200,13216,1976025.5490442794,1.9760255490442793,6688.172633391317,9596.535838914271,0.6969361387961013
41338,ICBC,BANELCO,"RECONQUISTA Y ROJAS, RICARDO, DR.",Retiro,Comuna 1,1,0-300 m,0,300,1708,282289.36414897913,0.28228936414897915,6050.529056059644,6050.529056059644,1.0
41338,ICBC,BANELCO,"RECONQUISTA Y ROJAS, RICARDO, DR.",Retiro,Comuna 1,2,300-600 m,300,600,6345,846868.092447653,0.8468680924476529,7492.3120336975035,6050.529056059644,1.2382903981254176
41338,ICBC,BANELCO,"RECONQUISTA Y ROJAS, RICARDO, DR.",Retiro,Comuna 1,3,600-900 m,600,900,8280,1411446.8207453075,1.4114468207453075,5866.320911494056,6050.529056059644,0.9695550351285228
41338,ICBC,BANELCO,"RECONQUISTA Y ROJAS, RICARDO, DR.",Retiro,Comuna 1,4,900-1200 m,900,1200,11377,1976025.5490442794,1.9760255490442793,5757.5166502794345,6050.529056059644,0.9515724322509028
40586,BBVA Banco Francés,BANELCO,RECONQUISTA Y SARMIENTO,San Nicolas,Comuna 1,1,0-300 m,0,300,2234,282289.36414897913,0.28228936414897915,7913.8652876096285,7913.8652876096285,1.0
40586,BBVA Banco Francés,BANELCO,RECONQUISTA Y SARMIENTO,San Nicolas,Comuna 1,2,300-600 m,300,600,9618,846868.092447653,0.8468680924476529,11357.140605217113,7913.8652876096285,1.4350940017892977
40586,BBVA Banco Francés,BANELCO,RECONQUISTA Y SARMIENTO,San Nicolas,Comuna 1,3,600-900 m,600,900,11352,1411446.8207453075,1.4114468207453075,8042.810988801996,7913.8652876096285,1.0162936436881547
40586,BBVA Banco Francés,BANELCO,RECONQUISTA Y SARMIENTO,San Nicolas,Comuna 1,4,900-1200 m,900,1200,14232,1976025.5490442794,1.9760255490442793,7202.336025909899,7913.8652876096285,0.9100908044500406
41180,HSBC Bank Argentina,BANELCO,REGIMIENTO DE PATRICIOS AV. Y PILCOMAYO,Boca,Comuna 4,1,0-300 m,0,300,1701,282289.36414897913,0.28228936414897915,6025.7318058298915,6025.7318058298915,1.0
41180,HSBC Bank Argentina,BANELCO,REGIMIENTO DE PATRICIOS AV. Y PILCOMAYO,Boca,Comuna 4,2,300-600 m,300,600,3908,846868.092447653,0.8468680924476529,4614.650185609116,6025.7318058298915,0.7658240250826374
41180,HSBC Bank Argentina,BANELCO,REGIMIENTO DE PATRICIOS AV. Y PILCOMAYO,Boca,Comuna 4,3,600-900 m,600,900,6585,1411446.8207453075,1.4114468207453075,4665.425507510671,6025.7318058298915,0.7742504409168817
41180,HSBC Bank Argentina,BANELCO,REGIMIENTO DE PATRICIOS AV. Y PILCOMAYO,Boca,Comuna 4,4,900-1200 m,900,1200,10408,1976025.5490442794,1.9760255490442793,5267.13837532815,6025.7318058298915,0.874107667757831
40428,Banco Supervielle,BANELCO,RIOBAMBA Y SARMIENTO,Balvanera,Comuna 3,1,0-300 m,0,300,4100,282289.36414897913,0.28228936414897915,14524.103705997975,14524.103705997975,1.0
40428,Banco Supervielle,BANELCO,RIOBAMBA Y SARMIENTO,Balvanera,Comuna 3,2,300-600 m,300,600,8853,846868.092447653,0.8468680924476529,10453.812203991174,14524.103705997975,0.7197560975603675
40428,Banco Supervielle,BANELCO,RIOBAMBA Y SARMIENTO,Balvanera,Comuna 3,3,600-900 m,600,900,14206,1411446.8207453075,1.4114468207453075,10064.849621821808,14524.103705997975,0.6929756097558954
40428,Banco Supervielle,BANELCO,RIOBAMBA Y SARMIENTO,Balvanera,Comuna 3,4,900-1200 m,900,1200,17286,1976025.5490442794,1.9760255490442793,8747.862601452958,14524.103705997975,0.6022996515675098
41133,HSBC Bank Argentina,BANELCO,"RIVADAVIA AV. Y COLOMBO, CARLOS AMBROSIO",Balvanera,Comuna 3,1,0-300 m,0,300,2587,282289.36414897913,0.28228936414897915,9164.355192052868,9164.355192052868,1.0
41133,HSBC Bank Argentina,BANELCO,"RIVADAVIA AV. Y COLOMBO, CARLOS AMBROSIO",Balvanera,Comuna 3,2,300-600 m,300,600,9437,846868.092447653,0.8468680924476529,11143.411924665617,9164.355192052868,1.2159515526339426
41133,HSBC Bank Argentina,BANELCO,"RIVADAVIA AV. Y COLOMBO, CARLOS AMBROSIO",Balvanera,Comuna 3,3,600-900 m,600,900,18384,1411446.8207453075,1.4114468207453075,13024.932806389701,9164.355192052868,1.421260146887873
41133,HSBC Bank Argentina,BANELCO,"RIVADAVIA AV. Y COLOMBO, CARLOS AMBROSIO",Balvanera,Comuna 3,4,900-1200 m,900,1200,19206,1976025.5490442794,1.9760255490442793,9719.509957393586,9164.355192052868,1.0605776133406675
39723,Banco Columbia,BANELCO,RIVADAVIA AV. Y ROJAS,Caballito,Comuna 6,1,0-300 m,0,300,2117,282289.36414897913,0.28228936414897915,7499.396962340906,7499.396962340906,1.0
39723,Banco Columbia,BANELCO,RIVADAVIA AV. Y ROJAS,Caballito,Comuna 6,2,300-600 m,300,600,4652,846868.092447653,0.8468680924476529,5493.181336605325,7499.396962340906,0.7324830735311084
39723,Banco Columbia,BANELCO,RIVADAVIA AV. Y ROJAS,Caballito,Comuna 6,3,600-900 m,600,900,6754,1411446.8207453075,1.4114468207453075,4785.160801477156,7499.396962340906,0.6380727444495068
39723,Banco Columbia,BANELCO,RIVADAVIA AV. Y ROJAS,Caballito,Comuna 6,4,900-1200 m,900,1200,7455,1976025.5490442794,1.9760255490442793,3772.724499238216,7499.396962340906,0.5030703826165479
40049,Banco Patagonia,BANELCO,R.L.FALCON 7145,Liniers,Comuna 9,1,0-300 m,0,300,3815,282289.36414897913,0.28228936414897915,13514.50137521519,13514.50137521519,1.0
40049,Banco Patagonia,BANELCO,R.L.FALCON 7145,Liniers,Comuna 9,2,300-600 m,300,600,3661,846868.092447653,0.8468680924476529,4322.987290049891,13514.50137521519,0.3198776758407083
40049,Banco Patagonia,BANELCO,R.L.FALCON 7145,Liniers,Comuna 9,3,600-900 m,600,900,2520,1411446.8207453075,1.4114468207453075,1785.4020165416694,13514.50137521519,0.13211009174308072
40049,Banco Patagonia,BANELCO,R.L.FALCON 7145,Liniers,Comuna 9,4,900-1200 m,900,1200,2525,1976025.5490442794,1.9760255490442793,1277.8174863281686,13514.50137521519,0.094551582100662
40249,Banco Santander Río,BANELCO,RODRIGUEZ PEÑA Y SANTA FE AV.,Recoleta,Comuna 2,1,0-300 m,0,300,2719,282289.36414897913,0.28228936414897915,9631.960482099632,9631.960482099632,1.0
40249,Banco Santander Río,BANELCO,RODRIGUEZ PEÑA Y SANTA FE AV.,Recoleta,Comuna 2,2,300-600 m,300,600,6806,846868.092447653,0.8468680924476529,8036.670717312089,9631.960482099632,0.8343753831058294
40249,Banco Santander Río,BANELCO,RODRIGUEZ PEÑA Y SANTA FE AV.,Recoleta,Comuna 2,3,600-900 m,600,900,10868,1411446.8207453075,1.4114468207453075,7699.900442767803,9631.960482099632,0.7994115483631358
40249,Banco Santander Río,BANELCO,RODRIGUEZ PEÑA Y SANTA FE AV.,Recoleta,Comuna 2,4,900-1200 m,900,1200,18326,1976025.5490442794,1.9760255490442793,9274.171585920798,9631.960482099632,0.9628539904369665
40580,BBVA Banco Francés,BANELCO,RODRIGUEZ PEÑA Y VIAMONTE,San Nicolas,Comuna 1,1,0-300 m,0,300,3125,282289.36414897913,0.28228936414897915,11070.200995425286,11070.200995425286,1.0
40580,BBVA Banco Francés,BANELCO,RODRIGUEZ PEÑA Y VIAMONTE,San Nicolas,Comuna 1,2,300-600 m,300,600,8241,846868.092447653,0.8468680924476529,9731.149483010422,11070.200995425286,0.8790399999992573
40580,BBVA Banco Francés,BANELCO,RODRIGUEZ PEÑA Y VIAMONTE,San Nicolas,Comuna 1,3,600-900 m,600,900,15015,1411446.8207453075,1.4114468207453075,10638.02034856078,11070.200995425286,0.9609599999997197
40580,BBVA Banco Francés,BANELCO,RODRIGUEZ PEÑA Y VIAMONTE,San Nicolas,Comuna 1,4,900-1200 m,900,1200,18751,1976025.5490442794,1.9760255490442793,9489.249776688906,11070.200995425286,0.8571885714279532
40610,BBVA Banco Francés,BANELCO,RONDEAU 3002,Parque Patricios,Comuna 4,1,0-300 m,0,300,1525,282289.36414897913,0.28228936414897915,5402.258085767539,5402.258085767539,1.0
40610,BBVA Banco Francés,BANELCO,RONDEAU 3002,Parque Patricios,Comuna 4,2,300-600 m,300,600,2807,846868.092447653,0.8468680924476529,3314.5657807074695,5402.258085767539,0.6135519125677877
40610,BBVA Banco Francés,BANELCO,RONDEAU 3002,Parque Patricios,Comuna 4,3,600-900 m,600,900,4372,1411446.8207453075,1.4114468207453075,3097.530800127055,5402.258085767539,0.5733770491801606
40610,BBVA Banco Francés,BANELCO,RONDEAU 3002,Parque Patricios,Comuna 4,4,900-1200 m,900,1200,6338,1976025.5490442794,1.9760255490442793,3207.4484072665077,5402.258085767539,0.5937236533953564
41122,HSBC Bank Argentina,BANELCO,ROQUE SAENZ PENA 943,San Nicolas,Comuna 1,1,0-300 m,0,300,7464,282289.36414897913,0.28228936414897915,26440.953673553387,26440.953673553387,1.0
41122,HSBC Bank Argentina,BANELCO,ROQUE SAENZ PENA 943,San Nicolas,Comuna 1,2,300-600 m,300,600,10032,846868.092447653,0.8468680924476529,11846.000681174683,26440.953673553387,0.4480171489814007
41122,HSBC Bank Argentina,BANELCO,ROQUE SAENZ PENA 943,San Nicolas,Comuna 1,3,600-900 m,600,900,15782,1411446.8207453075,1.4114468207453075,11181.434375024057,26440.953673553387,0.42288317256150576
41122,HSBC Bank Argentina,BANELCO,ROQUE SAENZ PENA 943,San Nicolas,Comuna 1,4,900-1200 m,900,1200,16599,1976025.5490442794,1.9760255490442793,8400.195031905452,26440.953673553387,0.31769637115273364
40282,Banco Santander Río,BANELCO,ROSARIO 804,Caballito,Comuna 6,1,0-300 m,0,300,2388,282289.36414897913,0.28228936414897915,8459.404792664187,8459.404792664187,1.0
40282,Banco Santander Río,BANELCO,ROSARIO 804,Caballito,Comuna 6,2,300-600 m,300,600,5481,846868.092447653,0.8468680924476529,6472.082309959971,8459.404792664187,0.7650753768837757
40282,Banco Santander Río,BANELCO,ROSARIO 804,Caballito,Comuna 6,3,600-900 m,600,900,5659,1411446.8207453075,1.4114468207453075,4009.361115717979,8459.404792664187,0.47395309882733244
40282,Banco Santander Río,BANELCO,ROSARIO 804,Caballito,Comuna 6,4,900-1200 m,900,1200,8463,1976025.5490442794,1.9760255490442793,4282.839361107045,8459.404792664187,0.5062814070348106
40831,Banco Galicia,BANELCO,"SAN JOSE Y YRIGOYEN, HIPOLITO",Monserrat,Comuna 1,1,0-300 m,0,300,2217,282289.36414897913,0.28228936414897915,7853.643394194515,7853.643394194515,1.0
40831,Banco Galicia,BANELCO,"SAN JOSE Y YRIGOYEN, HIPOLITO",Monserrat,Comuna 1,2,300-600 m,300,600,5986,846868.092447653,0.8468680924476529,7068.397136913043,7853.643394194515,0.9000150353322722
40831,Banco Galicia,BANELCO,"SAN JOSE Y YRIGOYEN, HIPOLITO",Monserrat,Comuna 1,3,600-900 m,600,900,13772,1411446.8207453075,1.4114468207453075,9757.363718972963,7853.643394194515,1.2423996391516448
40831,Banco Galicia,BANELCO,"SAN JOSE Y YRIGOYEN, HIPOLITO",Monserrat,Comuna 1,4,900-1200 m,900,1200,22442,1976025.5490442794,1.9760255490442793,11357.140605218518,7853.643394194515,1.4460983310769902
41126,HSBC Bank Argentina,BANELCO,SAN MARTIN 1225,Retiro,Comuna 1,1,0-300 m,0,300,2143,282289.36414897913,0.28228936414897915,7591.501034622844,7591.501034622844,1.0
41126,HSBC Bank Argentina,BANELCO,SAN MARTIN 1225,Retiro,Comuna 1,2,300-600 m,300,600,5309,846868.092447653,0.8468680924476529,6268.981022364073,7591.501034622844,0.8257893918176256
41126,HSBC Bank Argentina,BANELCO,SAN MARTIN 1225,Retiro,Comuna 1,3,600-900 m,600,900,6524,1411446.8207453075,1.4114468207453075,4622.207442824544,7591.501034622844,0.6088660755947828
41126,HSBC Bank Argentina,BANELCO,SAN MARTIN 1225,Retiro,Comuna 1,4,900-1200 m,900,1200,7988,1976025.5490442794,1.9760255490442793,4042.457853777984,7591.501034622844,0.5324978334773841
40164,Banco Santander Río,BANELCO,SAN MARTIN 427,San Nicolas,Comuna 1,1,0-300 m,0,300,4568,282289.36414897913,0.28228936414897915,16181.977007072866,16181.977007072866,1.0
40164,Banco Santander Río,BANELCO,SAN MARTIN 427,San Nicolas,Comuna 1,2,300-600 m,300,600,9203,846868.092447653,0.8468680924476529,10867.099707820036,16181.977007072866,0.6715557501453755
40164,Banco Santander Río,BANELCO,SAN MARTIN 427,San Nicolas,Comuna 1,3,600-900 m,600,900,14129,1411446.8207453075,1.4114468207453075,10010.295671316368,16181.977007072866,0.618607705779154
40164,Banco Santander Río,BANELCO,SAN MARTIN 427,San Nicolas,Comuna 1,4,900-1200 m,900,1200,11582,1976025.5490442794,1.9760255490442793,5861.260248179346,16181.977007072866,0.36220915686738947
41006,Banco Galicia,BANELCO,SAN MARTIN 550,San Nicolas,Comuna 1,1,0-300 m,0,300,5138,282289.36414897913,0.28228936414897915,18201.181668638437,18201.181668638437,1.0
41006,Banco Galicia,BANELCO,SAN MARTIN 550,San Nicolas,Comuna 1,2,300-600 m,300,600,9131,846868.092447653,0.8468680924476529,10782.080564175241,18201.181668638437,0.592383547423919
41006,Banco Galicia,BANELCO,SAN MARTIN 550,San Nicolas,Comuna 1,3,600-900 m,600,900,13632,1411446.8207453075,1.4114468207453075,9658.174718053982,18201.181668638437,0.5306344881275213
41006,Banco Galicia,BANELCO,SAN MARTIN 550,San Nicolas,Comuna 1,4,900-1200 m,900,1200,11664,1976025.5490442794,1.9760255490442793,5902.75768733931,18201.181668638437,0.32430628927296856
40313,Banco Santander Río,BANELCO,SAN MARTIN Y SARMIENTO,San Nicolas,Comuna 1,1,0-300 m,0,300,4279,282289.36414897913,0.28228936414897915,15158.204819015935,15158.204819015935,1.0
40313,Banco Santander Río,BANELCO,SAN MARTIN Y SARMIENTO,San Nicolas,Comuna 1,2,300-600 m,300,600,9440,846868.092447653,0.8468680924476529,11146.95438898415,15158.204819015935,0.7353743086384689
40313,Banco Santander Río,BANELCO,SAN MARTIN Y SARMIENTO,San Nicolas,Comuna 1,3,600-900 m,600,900,14756,1411446.8207453075,1.4114468207453075,10454.520696860664,15158.204819015935,0.6896938537039353
40313,Banco Santander Río,BANELCO,SAN MARTIN Y SARMIENTO,San Nicolas,Comuna 1,4,900-1200 m,900,1200,11899,1976025.5490442794,1.9760255490442793,6021.683275175793,15158.204819015935,0.3972557005973164
39710,Banco Columbia,BANELCO,SANTA FE AV. Y URIARTE,Palermo,Comuna 14,1,0-300 m,0,300,3038,282289.36414897913,0.28228936414897915,10762.006599712646,10762.006599712646,1.0
39710,Banco Columbia,BANELCO,SANTA FE AV. Y URIARTE,Palermo,Comuna 14,2,300-600 m,300,600,4456,846868.092447653,0.8468680924476529,5261.740334461162,10762.006599712646,0.4889181479039099
39710,Banco Columbia,BANELCO,SANTA FE AV. Y URIARTE,Palermo,Comuna 14,3,600-900 m,600,900,5392,1411446.8207453075,1.4114468207453075,3820.193521108207,10762.006599712646,0.3549703752467694
39710,Banco Columbia,BANELCO,SANTA FE AV. Y URIARTE,Palermo,Comuna 14,4,900-1200 m,900,1200,10155,1976025.5490442794,1.9760255490442793,5139.103593529723,10762.006599712646,0.47752280635722166
40080,Banco Patagonia,BANELCO,SANTA FE AV. Y URIARTE,Palermo,Comuna 14,1,0-300 m,0,300,3038,282289.36414897913,0.28228936414897915,10762.006599712646,10762.006599712646,1.0
40080,Banco Patagonia,BANELCO,SANTA FE AV. Y URIARTE,Palermo,Comuna 14,2,300-600 m,300,600,4456,846868.092447653,0.8468680924476529,5261.740334461162,10762.006599712646,0.4889181479039099
40080,Banco Patagonia,BANELCO,SANTA FE AV. Y URIARTE,Palermo,Comuna 14,3,600-900 m,600,900,5392,1411446.8207453075,1.4114468207453075,3820.193521108207,10762.006599712646,0.3549703752467694
40080,Banco Patagonia,BANELCO,SANTA FE AV. Y URIARTE,Palermo,Comuna 14,4,900-1200 m,900,1200,10155,1976025.5490442794,1.9760255490442793,5139.103593529723,10762.006599712646,0.47752280635722166
41274,ICBC,BANELCO,SANTA FE AV. Y URIARTE,Palermo,Comuna 14,1,0-300 m,0,300,3038,282289.36414897913,0.28228936414897915,10762.006599712646,10762.006599712646,1.0
41274,ICBC,BANELCO,SANTA FE AV. Y URIARTE,Palermo,Comuna 14,2,300-600 m,300,600,4456,846868.092447653,0.8468680924476529,5261.740334461162,10762.006599712646,0.4889181479039099
41274,ICBC,BANELCO,SANTA FE AV. Y URIARTE,Palermo,Comuna 14,3,600-900 m,600,900,5392,1411446.8207453075,1.4114468207453075,3820.193521108207,10762.006599712646,0.3549703752467694
41274,ICBC,BANELCO,SANTA FE AV. Y URIARTE,Palermo,Comuna 14,4,900-1200 m,900,1200,10155,1976025.5490442794,1.9760255490442793,5139.103593529723,10762.006599712646,0.47752280635722166
40440,Banco Supervielle,BANELCO,SANTA FE AV. Y URIARTE,Palermo,Comuna 14,1,0-300 m,0,300,3038,282289.36414897913,0.28228936414897915,10762.006599712646,10762.006599712646,1.0
40440,Banco Supervielle,BANELCO,SANTA FE AV. Y URIARTE,Palermo,Comuna 14,2,300-600 m,300,600,4456,846868.092447653,0.8468680924476529,5261.740334461162,10762.006599712646,0.4889181479039099
40440,Banco Supervielle,BANELCO,SANTA FE AV. Y URIARTE,Palermo,Comuna 14,3,600-900 m,600,900,5392,1411446.8207453075,1.4114468207453075,3820.193521108207,10762.006599712646,0.3549703752467694
40440,Banco Supervielle,BANELCO,SANTA FE AV. Y URIARTE,Palermo,Comuna 14,4,900-1200 m,900,1200,10155,1976025.5490442794,1.9760255490442793,5139.103593529723,10762.006599712646,0.47752280635722166
40743,Banco Galicia,BANELCO,SANTIAGO DEL ESTERO 446,Monserrat,Comuna 1,1,0-300 m,0,300,1324,282289.36414897913,0.28228936414897915,4690.222757741785,4690.222757741785,1.0
40743,Banco Galicia,BANELCO,SANTIAGO DEL ESTERO 446,Monserrat,Comuna 1,2,300-600 m,300,600,4980,846868.092447653,0.8468680924476529,5880.490768764944,4690.222757741785,1.253776435044258
40743,Banco Galicia,BANELCO,SANTIAGO DEL ESTERO 446,Monserrat,Comuna 1,3,600-900 m,600,900,12494,1411446.8207453075,1.4114468207453075,8851.909839155403,4690.222757741785,1.8873111782471836
40743,Banco Galicia,BANELCO,SANTIAGO DEL ESTERO 446,Monserrat,Comuna 1,4,900-1200 m,900,1200,16967,1976025.5490442794,1.9760255490442793,8586.427441794072,4690.222757741785,1.8307078118243159
39777,Banco Comafi,BANELCO,SARMIENTO 2659/65,Balvanera,Comuna 3,1,0-300 m,0,300,6923,282289.36414897913,0.28228936414897915,24524.480477225363,24524.480477225363,1.0
39777,Banco Comafi,BANELCO,SARMIENTO 2659/65,Balvanera,Comuna 3,2,300-600 m,300,600,14326,846868.092447653,0.8468680924476529,16916.447942435057,24524.480477225363,0.6897780345701717
39777,Banco Comafi,BANELCO,SARMIENTO 2659/65,Balvanera,Comuna 3,3,600-900 m,600,900,15008,1411446.8207453075,1.4114468207453075,10633.06089851483,24524.480477225363,0.43356926188056105
39777,Banco Comafi,BANELCO,SARMIENTO 2659/65,Balvanera,Comuna 3,4,900-1200 m,900,1200,18242,1976025.5490442794,1.9760255490442793,9231.662014098396,24524.480477225363,0.3764264047375589
39819,Banco Itaú,BANELCO,SARMIENTO 345,San Nicolas,Comuna 1,1,0-300 m,0,300,2543,282289.36414897913,0.28228936414897915,9008.48676203728,9008.48676203728,1.0
39819,Banco Itaú,BANELCO,SARMIENTO 345,San Nicolas,Comuna 1,2,300-600 m,300,600,8328,846868.092447653,0.8468680924476529,9833.880948247881,9008.48676203728,1.0916240660627818
39819,Banco Itaú,BANELCO,SARMIENTO 345,San Nicolas,Comuna 1,3,600-900 m,600,900,10964,1411446.8207453075,1.4114468207453075,7767.915757683675,9008.48676203728,0.8622886354696658
39819,Banco Itaú,BANELCO,SARMIENTO 345,San Nicolas,Comuna 1,4,900-1200 m,900,1200,13751,1976025.5490442794,1.9760255490442793,6958.918120593523,9008.48676203728,0.772484691870686
39917,Banco Macro,BANELCO,SARMIENTO 355,San Nicolas,Comuna 1,1,0-300 m,0,300,2580,282289.36414897913,0.28228936414897915,9139.557941823115,9139.557941823115,1.0
39917,Banco Macro,BANELCO,SARMIENTO 355,San Nicolas,Comuna 1,2,300-600 m,300,600,8407,846868.092447653,0.8468680924476529,9927.165841969254,9139.557941823115,1.0861757105933978
39917,Banco Macro,BANELCO,SARMIENTO 355,San Nicolas,Comuna 1,3,600-900 m,600,900,11082,1411446.8207453075,1.4114468207453075,7851.517915601103,9139.557941823115,0.8590697674416099
39917,Banco Macro,BANELCO,SARMIENTO 355,San Nicolas,Comuna 1,4,900-1200 m,900,1200,14082,1976025.5490442794,1.9760255490442793,7126.426076227037,9139.557941823115,0.7797342192685406
40285,Banco Santander Río,BANELCO,SARMIENTO 662/4,San Nicolas,Comuna 1,1,0-300 m,0,300,4268,282289.36414897913,0.28228936414897915,15119.237711512038,15119.237711512038,1.0
40285,Banco Santander Río,BANELCO,SARMIENTO 662/4,San Nicolas,Comuna 1,2,300-600 m,300,600,12629,846868.092447653,0.8468680924476529,14912.593959584834,15119.237711512038,0.9863323961253773
40285,Banco Santander Río,BANELCO,SARMIENTO 662/4,San Nicolas,Comuna 1,3,600-900 m,600,900,14651,1411446.8207453075,1.4114468207453075,10380.128946171428,15119.237711512038,0.686551077787991
40285,Banco Santander Río,BANELCO,SARMIENTO 662/4,San Nicolas,Comuna 1,4,900-1200 m,900,1200,13653,1976025.5490442794,1.9760255490442793,6909.323620134053,15119.237711512038,0.4569888874009289
39955,Banco Macro,BANELCO,SARMIENTO 735,San Nicolas,Comuna 1,1,0-300 m,0,300,5322,282289.36414897913,0.28228936414897915,18852.99510324908,18852.99510324908,1.0
39955,Banco Macro,BANELCO,SARMIENTO 735,San Nicolas,Comuna 1,2,300-600 m,300,600,12944,846868.092447653,0.8468680924476529,15284.55271303081,18852.99510324908,0.8107227859193952
39955,Banco Macro,BANELCO,SARMIENTO 735,San Nicolas,Comuna 1,3,600-900 m,600,900,14577,1411446.8207453075,1.4114468207453075,10327.700474257108,18852.99510324908,0.5478015783538425
39955,Banco Macro,BANELCO,SARMIENTO 735,San Nicolas,Comuna 1,4,900-1200 m,900,1200,13754,1976025.5490442794,1.9760255490442793,6960.43631958718,18852.99510324908,0.3691952542006249
40949,Banco Galicia,BANELCO,SARMIENTO AV. Y CALZADA CIRCULAR PLAZA ITALIA,Palermo,Comuna 14,1,0-300 m,0,300,431,282289.36414897913,0.28228936414897915,1526.8021212890553,1526.8021212890553,1.0
40949,Banco Galicia,BANELCO,SARMIENTO AV. Y CALZADA CIRCULAR PLAZA ITALIA,Palermo,Comuna 14,2,300-600 m,300,600,4136,846868.092447653,0.8468680924476529,4883.877473817632,1526.8021212890553,3.198762567669378
40949,Banco Galicia,BANELCO,SARMIENTO AV. Y CALZADA CIRCULAR PLAZA ITALIA,Palermo,Comuna 14,3,600-900 m,600,900,7258,1411446.8207453075,1.4114468207453075,5142.2412047854905,1526.8021212890553,3.367981438514099
40949,Banco Galicia,BANELCO,SARMIENTO AV. Y CALZADA CIRCULAR PLAZA ITALIA,Palermo,Comuna 14,4,900-1200 m,900,1200,8588,1976025.5490442794,1.9760255490442793,4346.09765250943,1526.8021212890553,2.846536294330065
39932,Banco Macro,BANELCO,SARMIENTO Y 25 DE MAYO,San Nicolas,Comuna 1,1,0-300 m,0,300,2073,282289.36414897913,0.28228936414897915,7343.528532325317,7343.528532325317,1.0
39932,Banco Macro,BANELCO,SARMIENTO Y 25 DE MAYO,San Nicolas,Comuna 1,2,300-600 m,300,600,6916,846868.092447653,0.8468680924476529,8166.561075658304,7343.528532325317,1.1120758964454345
39932,Banco Macro,BANELCO,SARMIENTO Y 25 DE MAYO,San Nicolas,Comuna 1,3,600-900 m,600,900,10388,1411446.8207453075,1.4114468207453075,7359.823868188437,7343.528532325317,1.0022190062708123
39932,Banco Macro,BANELCO,SARMIENTO Y 25 DE MAYO,San Nicolas,Comuna 1,4,900-1200 m,900,1200,12910,1976025.5490442794,1.9760255490442793,6533.31633603828,7343.528532325317,0.889669905588222
40764,Banco Galicia,BANELCO,SCALABRINI ORTIZ 945,Villa Crespo,Comuna 15,1,0-300 m,0,300,1921,282289.36414897913,0.28228936414897915,6805.073955907832,6805.073955907832,1.0
40764,Banco Galicia,BANELCO,SCALABRINI ORTIZ 945,Villa Crespo,Comuna 15,2,300-600 m,300,600,4600,846868.092447653,0.8468680924476529,5431.778621750751,6805.073955907832,0.7981953843477552
40764,Banco Galicia,BANELCO,SCALABRINI ORTIZ 945,Villa Crespo,Comuna 15,3,600-900 m,600,900,9253,1411446.8207453075,1.4114468207453075,6555.684467880978,6805.073955907832,0.9633524206139823
40764,Banco Galicia,BANELCO,SCALABRINI ORTIZ 945,Villa Crespo,Comuna 15,4,900-1200 m,900,1200,14798,1976025.5490442794,1.9760255490442793,7488.769569379896,6805.073955907832,1.1004685059856716
40848,Banco Galicia,BANELCO,"SEGUI, JUAN FRANCISCO Y SINCLAIR",Palermo,Comuna 14,1,0-300 m,0,300,731,282289.36414897913,0.28228936414897915,2589.541416849883,2589.541416849883,1.0
40848,Banco Galicia,BANELCO,"SEGUI, JUAN FRANCISCO Y SINCLAIR",Palermo,Comuna 14,2,300-600 m,300,600,1896,846868.092447653,0.8468680924476529,2238.837449312918,2589.541416849883,0.8645690834466019
40848,Banco Galicia,BANELCO,"SEGUI, JUAN FRANCISCO Y SINCLAIR",Palermo,Comuna 14,3,600-900 m,600,900,3864,1411446.8207453075,1.4114468207453075,2737.616425363893,2589.541416849883,1.0571819425441513
40848,Banco Galicia,BANELCO,"SEGUI, JUAN FRANCISCO Y SINCLAIR",Palermo,Comuna 14,4,900-1200 m,900,1200,6384,1976025.5490442794,1.9760255490442793,3230.7274585025853,2589.541416849883,1.247606019150947
40137,Banco Santander Río,BANELCO,SENDERO COMPLEJO CIUDAD UNIVERSITARIA (SIN NOMBRE OFICIAL) Y COMPLEJO CIUDAD UNIVERSITARIA (SIN NOMBRE OFICIAL),Belgrano,Comuna 13,1,0-300 m,0,300,130,282289.36414897913,0.28228936414897915,460.5203614096919,460.5203614096919,1.0
40137,Banco Santander Río,BANELCO,SENDERO COMPLEJO CIUDAD UNIVERSITARIA (SIN NOMBRE OFICIAL) Y COMPLEJO CIUDAD UNIVERSITARIA (SIN NOMBRE OFICIAL),Belgrano,Comuna 13,2,300-600 m,300,600,181,846868.092447653,0.8468680924476529,213.72868055149695,460.5203614096919,0.46410256410217204
40137,Banco Santander Río,BANELCO,SENDERO COMPLEJO CIUDAD UNIVERSITARIA (SIN NOMBRE OFICIAL) Y COMPLEJO CIUDAD UNIVERSITARIA (SIN NOMBRE OFICIAL),Belgrano,Comuna 13,3,600-900 m,600,900,644,1411446.8207453075,1.4114468207453075,456.2694042273155,460.5203614096919,0.9907692307689417
40137,Banco Santander Río,BANELCO,SENDERO COMPLEJO CIUDAD UNIVERSITARIA (SIN NOMBRE OFICIAL) Y COMPLEJO CIUDAD UNIVERSITARIA (SIN NOMBRE OFICIAL),Belgrano,Comuna 13,4,900-1200 m,900,1200,616,1976025.5490442794,1.9760255490442793,311.7368600309512,460.5203614096919,0.6769230769225888
39982,Banco Macro,BANELCO,SUAREZ 1754,Barracas,Comuna 4,1,0-300 m,0,300,1635,282289.36414897913,0.28228936414897915,5791.92916080651,5791.92916080651,1.0
39982,Banco Macro,BANELCO,SUAREZ 1754,Barracas,Comuna 4,2,300-600 m,300,600,3078,846868.092447653,0.8468680924476529,3634.568390814959,5791.92916080651,0.6275229357792863
39982,Banco Macro,BANELCO,SUAREZ 1754,Barracas,Comuna 4,3,600-900 m,600,900,4404,1411446.8207453075,1.4114468207453075,3120.2025717656793,5791.92916080651,0.5387155963301181
39982,Banco Macro,BANELCO,SUAREZ 1754,Barracas,Comuna 4,4,900-1200 m,900,1200,5676,1976025.5490442794,1.9760255490442793,2872.4324959994788,5791.92916080651,0.49593709043214557
40796,Banco Galicia,BANELCO,SUCRE 2162,Belgrano,Comuna 13,1,0-300 m,0,300,1006,282289.36414897913,0.28228936414897915,3563.719104447308,3563.719104447308,1.0
40796,Banco Galicia,BANELCO,SUCRE 2162,Belgrano,Comuna 13,2,300-600 m,300,600,6227,846868.092447653,0.8468680924476529,7352.9751038352015,3563.719104447308,2.0632869449949434
40796,Banco Galicia,BANELCO,SUCRE 2162,Belgrano,Comuna 13,3,600-900 m,600,900,7176,1411446.8207453075,1.4114468207453075,5084.144789961515,3563.719104447308,1.4266401590453095
40796,Banco Galicia,BANELCO,SUCRE 2162,Belgrano,Comuna 13,4,900-1200 m,900,1200,8276,1976025.5490442794,1.9760255490442793,4188.204957169079,3563.719104447308,1.1752343084342562
40347,Banco Santander Río,BANELCO,SUIPACHA 1134,Retiro,Comuna 1,1,0-300 m,0,300,2524,282289.36414897913,0.28228936414897915,8941.179939985095,8941.179939985095,1.0
40347,Banco Santander Río,BANELCO,SUIPACHA 1134,Retiro,Comuna 1,2,300-600 m,300,600,5252,846868.092447653,0.8468680924476529,6201.674200311944,8941.179939985095,0.693608029582087
40347,Banco Santander Río,BANELCO,SUIPACHA 1134,Retiro,Comuna 1,3,600-900 m,600,900,10377,1411446.8207453075,1.4114468207453075,7352.03044668766,8941.179939985095,0.8222662440568124
40347,Banco Santander Río,BANELCO,SUIPACHA 1134,Retiro,Comuna 1,4,900-1200 m,900,1200,15725,1976025.5490442794,1.9760255490442793,7957.89305841998,8941.179939985095,0.8900271677602817
40419,Banco Supervielle,BANELCO,SUIPACHA 1280,Retiro,Comuna 1,1,0-300 m,0,300,1700,282289.36414897913,0.28228936414897915,6022.189341511355,6022.189341511355,1.0
40419,Banco Supervielle,BANELCO,SUIPACHA 1280,Retiro,Comuna 1,2,300-600 m,300,600,5256,846868.092447653,0.8468680924476529,6206.397486069989,6022.189341511355,1.030588235293247
40419,Banco Supervielle,BANELCO,SUIPACHA 1280,Retiro,Comuna 1,3,600-900 m,600,900,8563,1411446.8207453075,1.4114468207453075,6066.824391923141,6022.189341511355,1.0074117647055885
40419,Banco Supervielle,BANELCO,SUIPACHA 1280,Retiro,Comuna 1,4,900-1200 m,900,1200,11632,1976025.5490442794,1.9760255490442793,5886.5635647403,6022.189341511355,0.9774789915959337
40900,Banco Galicia,BANELCO,SUPERI 1801 Y LA PAMPA,Belgrano,Comuna 13,1,0-300 m,0,300,251,282289.36414897913,0.28228936414897915,889.158543952559,889.158543952559,1.0
40900,Banco Galicia,BANELCO,SUPERI 1801 Y LA PAMPA,Belgrano,Comuna 13,2,300-600 m,300,600,1022,846868.092447653,0.8468680924476529,1206.7995111802757,889.158543952559,1.3572377158023063
40900,Banco Galicia,BANELCO,SUPERI 1801 Y LA PAMPA,Belgrano,Comuna 13,3,600-900 m,600,900,3349,1411446.8207453075,1.4114468207453075,2372.742600554782,889.158543952559,2.668525896413564
40900,Banco Galicia,BANELCO,SUPERI 1801 Y LA PAMPA,Belgrano,Comuna 13,4,900-1200 m,900,1200,6354,1976025.5490442794,1.9760255490442793,3215.545468566013,889.158543952559,3.616391576548331
40201,Banco Santander Río,BANELCO,TERRADA Y TRES ARROYOS,Villa Santa Rita,Comuna 11,1,0-300 m,0,300,1183,282289.36414897913,0.28228936414897915,4190.735288828197,4190.735288828197,1.0
40201,Banco Santander Río,BANELCO,TERRADA Y TRES ARROYOS,Villa Santa Rita,Comuna 11,2,300-600 m,300,600,2825,846868.092447653,0.8468680924476529,3335.8205666186677,4190.735288828197,0.7959988729212772
40201,Banco Santander Río,BANELCO,TERRADA Y TRES ARROYOS,Villa Santa Rita,Comuna 11,3,600-900 m,600,900,3794,1411446.8207453075,1.4114468207453075,2688.021924904402,4190.735288828197,0.641420118343008
40201,Banco Santander Río,BANELCO,TERRADA Y TRES ARROYOS,Villa Santa Rita,Comuna 11,4,900-1200 m,900,1200,5865,1976025.5490442794,1.9760255490442793,2968.0790325998846,4190.735288828197,0.7082477961593732
40536,BBVA Banco Francés,BANELCO,"TROILO, ANIBAL Y CORRIENTES AV.",Almagro,Comuna 5,1,0-300 m,0,300,2024,282289.36414897913,0.28228936414897915,7169.947780717049,7169.947780717049,1.0
40536,BBVA Banco Francés,BANELCO,"TROILO, ANIBAL Y CORRIENTES AV.",Almagro,Comuna 5,2,300-600 m,300,600,4759,846868.092447653,0.8468680924476529,5619.529230633006,7169.947780717049,0.7837615283260836
40536,BBVA Banco Francés,BANELCO,"TROILO, ANIBAL Y CORRIENTES AV.",Almagro,Comuna 5,3,600-900 m,600,900,7520,1411446.8207453075,1.4114468207453075,5327.866335076727,7169.947780717049,0.7430830039523525
40536,BBVA Banco Francés,BANELCO,"TROILO, ANIBAL Y CORRIENTES AV.",Almagro,Comuna 5,4,900-1200 m,900,1200,12482,1976025.5490442794,1.9760255490442793,6316.719946276515,7169.947780717049,0.8809994353466261
39986,Banco Patagonia,BANELCO,TTE. GRAL.J. D. PERON 500,San Nicolas,Comuna 1,1,0-300 m,0,300,2560,282289.36414897913,0.28228936414897915,9068.708655452394,9068.708655452394,1.0
39986,Banco Patagonia,BANELCO,TTE. GRAL.J. D. PERON 500,San Nicolas,Comuna 1,2,300-600 m,300,600,9933,846868.092447653,0.8468680924476529,11729.09935866309,9068.708655452394,1.2933593749989074
39986,Banco Patagonia,BANELCO,TTE. GRAL.J. D. PERON 500,San Nicolas,Comuna 1,3,600-900 m,600,900,13592,1411446.8207453075,1.4114468207453075,9629.835003505703,9068.708655452394,1.0618749999996904
39986,Banco Patagonia,BANELCO,TTE. GRAL.J. D. PERON 500,San Nicolas,Comuna 1,4,900-1200 m,900,1200,14346,1976025.5490442794,1.9760255490442793,7260.027587668873,9068.708655452394,0.8005580357137083
40951,Banco Galicia,BANELCO,TTE. GRAL. PERON 407,San Nicolas,Comuna 1,1,0-300 m,0,300,1650,282289.36414897913,0.28228936414897915,5845.066125584551,5845.066125584551,1.0
40951,Banco Galicia,BANELCO,TTE. GRAL. PERON 407,San Nicolas,Comuna 1,2,300-600 m,300,600,9830,846868.092447653,0.8468680924476529,11607.474750393452,5845.066125584551,1.985858585856908
40951,Banco Galicia,BANELCO,TTE. GRAL. PERON 407,San Nicolas,Comuna 1,3,600-900 m,600,900,10389,1411446.8207453075,1.4114468207453075,7360.532361052144,5845.066125584551,1.25927272727236
40951,Banco Galicia,BANELCO,TTE. GRAL. PERON 407,San Nicolas,Comuna 1,4,900-1200 m,900,1200,16041,1976025.5490442794,1.9760255490442793,8117.810019085208,5845.066125584551,1.388831168830167
40756,Banco Galicia,BANELCO,TTE. GRAL. PERON 430,San Nicolas,Comuna 1,1,0-300 m,0,300,1591,282289.36414897913,0.28228936414897915,5636.060730790921,5636.060730790921,1.0
40756,Banco Galicia,BANELCO,TTE. GRAL. PERON 430,San Nicolas,Comuna 1,2,300-600 m,300,600,9987,846868.092447653,0.8468680924476529,11792.863716396685,5636.060730790921,2.092394720299929
40756,Banco Galicia,BANELCO,TTE. GRAL. PERON 430,San Nicolas,Comuna 1,3,600-900 m,600,900,10696,1411446.8207453075,1.4114468207453075,7578.039670210196,5636.060730790921,1.3445631678185896
40756,Banco Galicia,BANELCO,TTE. GRAL. PERON 430,San Nicolas,Comuna 1,4,900-1200 m,900,1200,16050,1976025.5490442794,1.9760255490442793,8122.36461606618,5636.060730790921,1.4411421388155181
40689,BBVA Banco Francés,BANELCO,TTE. GRAL. PERON 588,San Nicolas,Comuna 1,1,0-300 m,0,300,2973,282289.36414897913,0.28228936414897915,10531.7464190078,10531.7464190078,1.0
40689,BBVA Banco Francés,BANELCO,TTE. GRAL. PERON 588,San Nicolas,Comuna 1,2,300-600 m,300,600,10668,846868.092447653,0.8468680924476529,12597.0031167037,10531.7464190078,1.196098217287923
40689,BBVA Banco Francés,BANELCO,TTE. GRAL. PERON 588,San Nicolas,Comuna 1,3,600-900 m,600,900,15238,1411446.8207453075,1.4114468207453075,10796.014257167442,10531.7464190078,1.0250924991587993
40689,BBVA Banco Francés,BANELCO,TTE. GRAL. PERON 588,San Nicolas,Comuna 1,4,900-1200 m,900,1200,13727,1976025.5490442794,1.9760255490442793,6946.772528644265,10531.7464190078,0.6596030945168467
40604,BBVA Banco Francés,BANELCO,TUCUMAN 101,San Nicolas,Comuna 1,1,0-300 m,0,300,1855,282289.36414897913,0.28228936414897915,6571.27131088445,6571.27131088445,1.0
40604,BBVA Banco Francés,BANELCO,TUCUMAN 101,San Nicolas,Comuna 1,2,300-600 m,300,600,4523,846868.092447653,0.8468680924476529,5340.855370908402,6571.27131088445,0.8127583108708317
40604,BBVA Banco Francés,BANELCO,TUCUMAN 101,San Nicolas,Comuna 1,3,600-900 m,600,900,8595,1411446.8207453075,1.4114468207453075,6089.496163561765,6571.27131088445,0.926684636118328
40604,BBVA Banco Francés,BANELCO,TUCUMAN 101,San Nicolas,Comuna 1,4,900-1200 m,900,1200,9086,1976025.5490442794,1.9760255490442793,4598.11868545653,6571.27131088445,0.6997304582205195
41214,HSBC Bank Argentina,BANELCO,TUCUMAN 680,San Nicolas,Comuna 1,1,0-300 m,0,300,4421,282289.36414897913,0.28228936414897915,15661.234752248061,15661.234752248061,1.0
41214,HSBC Bank Argentina,BANELCO,TUCUMAN 680,San Nicolas,Comuna 1,2,300-600 m,300,600,11392,846868.092447653,0.8468680924476529,13451.917838909687,15661.234752248061,0.8589308602872936
41214,HSBC Bank Argentina,BANELCO,TUCUMAN 680,San Nicolas,Comuna 1,3,600-900 m,600,900,15080,1411446.8207453075,1.4114468207453075,10684.072384701736,15661.234752248061,0.6821985976021534
41214,HSBC Bank Argentina,BANELCO,TUCUMAN 680,San Nicolas,Comuna 1,4,900-1200 m,900,1200,14691,1976025.5490442794,1.9760255490442793,7434.620471939455,15661.234752248061,0.4747148350402108
40018,Banco Patagonia,BANELCO,TUCUMAN 865,San Nicolas,Comuna 1,1,0-300 m,0,300,3278,282289.36414897913,0.28228936414897915,11612.198036161308,11612.198036161308,1.0
40018,Banco Patagonia,BANELCO,TUCUMAN 865,San Nicolas,Comuna 1,2,300-600 m,300,600,15199,846868.092447653,0.8468680924476529,17947.30505912819,11612.198036161308,1.5455562334743909
40018,Banco Patagonia,BANELCO,TUCUMAN 865,San Nicolas,Comuna 1,3,600-900 m,600,900,12788,1411446.8207453075,1.4114468207453075,9060.206741085265,11612.198036161308,0.780231848687997
40018,Banco Patagonia,BANELCO,TUCUMAN 865,San Nicolas,Comuna 1,4,900-1200 m,900,1200,18131,1976025.5490442794,1.9760255490442793,9175.488651333078,11612.198036161308,0.7901595049240356
40629,BBVA Banco Francés,BANELCO,URUGUAY 1031,Retiro,Comuna 1,1,0-300 m,0,300,2073,282289.36414897913,0.28228936414897915,7343.528532325317,7343.528532325317,1.0
40629,BBVA Banco Francés,BANELCO,URUGUAY 1031,Retiro,Comuna 1,2,300-600 m,300,600,5643,846868.092447653,0.8468680924476529,6663.375383160758,7343.528532325317,0.9073806078139947
40629,BBVA Banco Francés,BANELCO,URUGUAY 1031,Retiro,Comuna 1,3,600-900 m,600,900,12002,1411446.8207453075,1.4114468207453075,8503.331350211554,7343.528532325317,1.1579353593821997
40629,BBVA Banco Francés,BANELCO,URUGUAY 1031,Retiro,Comuna 1,4,900-1200 m,900,1200,19917,1976025.5490442794,1.9760255490442793,10079.32311889035,7343.528532325317,1.3725449658869573
41174,HSBC Bank Argentina,BANELCO,URUGUAY 1071,Retiro,Comuna 1,1,0-300 m,0,300,2124,282289.36414897913,0.28228936414897915,7524.194212570658,7524.194212570658,1.0
41174,HSBC Bank Argentina,BANELCO,URUGUAY 1071,Retiro,Comuna 1,2,300-600 m,300,600,5294,846868.092447653,0.8468680924476529,6251.2687007714085,7524.194212570658,0.8308223477707984
41174,HSBC Bank Argentina,BANELCO,URUGUAY 1071,Retiro,Comuna 1,3,600-900 m,600,900,11312,1411446.8207453075,1.4114468207453075,8014.471274253716,7524.194212570658,1.0651600753292563
41174,HSBC Bank Argentina,BANELCO,URUGUAY 1071,Retiro,Comuna 1,4,900-1200 m,900,1200,18735,1976025.5490442794,1.9760255490442793,9481.1527153894,7524.194212570658,1.2600887812743131
41354,ICBC,BANELCO,URUGUAY 1081,Retiro,Comuna 1,1,0-300 m,0,300,2082,282289.36414897913,0.28228936414897915,7375.410711192142,7375.410711192142,1.0
41354,ICBC,BANELCO,URUGUAY 1081,Retiro,Comuna 1,2,300-600 m,300,600,5317,846868.092447653,0.8468680924476529,6278.427593880162,7375.410711192142,0.8512648094773468
41354,ICBC,BANELCO,URUGUAY 1081,Retiro,Comuna 1,3,600-900 m,600,900,11268,1411446.8207453075,1.4114468207453075,7983.297588250607,7375.410711192142,1.0824207492792233
41354,ICBC,BANELCO,URUGUAY 1081,Retiro,Comuna 1,4,900-1200 m,900,1200,18104,1976025.5490442794,1.9760255490442793,9161.824860390163,7375.410711192142,1.2422121586377757
40462,Banco Supervielle,BANELCO,URUGUAY 1163,Retiro,Comuna 1,1,0-300 m,0,300,1853,282289.36414897913,0.28228936414897915,6564.186382247378,6564.186382247378,1.0
40462,Banco Supervielle,BANELCO,URUGUAY 1163,Retiro,Comuna 1,2,300-600 m,300,600,5293,846868.092447653,0.8468680924476529,6250.087879331897,6564.186382247378,0.9521496672055276
40462,Banco Supervielle,BANELCO,URUGUAY 1163,Retiro,Comuna 1,3,600-900 m,600,900,9814,1411446.8207453075,1.4114468207453075,6953.148964420612,6564.186382247378,1.0592552617374136
40462,Banco Supervielle,BANELCO,URUGUAY 1163,Retiro,Comuna 1,4,900-1200 m,900,1200,15498,1976025.5490442794,1.9760255490442793,7843.01600123325,6564.186382247378,1.1948192120876433
41364,ICBC,BANELCO,"VALLE, ARISTOBULO DEL Y HORNOS, GRAL.",Barracas,Comuna 4,1,0-300 m,0,300,1065,282289.36414897913,0.28228936414897915,3772.7244992409373,3772.7244992409373,1.0
41364,ICBC,BANELCO,"VALLE, ARISTOBULO DEL Y HORNOS, GRAL.",Barracas,Comuna 4,2,300-600 m,300,600,3264,846868.092447653,0.8468680924476529,3854.201178564011,3772.7244992409373,1.0215962441305924
41364,ICBC,BANELCO,"VALLE, ARISTOBULO DEL Y HORNOS, GRAL.",Barracas,Comuna 4,3,600-900 m,600,900,5167,1411446.8207453075,1.4114468207453075,3660.782626774129,3772.7244992409373,0.9703286384973695
41364,ICBC,BANELCO,"VALLE, ARISTOBULO DEL Y HORNOS, GRAL.",Barracas,Comuna 4,4,900-1200 m,900,1200,10792,1976025.5490442794,1.9760255490442793,5461.467846516275,3772.7244992409373,1.4476190476180035
40565,BBVA Banco Francés,BANELCO,"VEGA, VENTURA DE LA Y SAENZ AV.",Nueva Pompeya,Comuna 4,1,0-300 m,0,300,1792,282289.36414897913,0.28228936414897915,6348.096058816676,6348.096058816676,1.0
40565,BBVA Banco Francés,BANELCO,"VEGA, VENTURA DE LA Y SAENZ AV.",Nueva Pompeya,Comuna 4,2,300-600 m,300,600,2887,846868.092447653,0.8468680924476529,3409.031495868352,6348.096058816676,0.5370163690471653
40565,BBVA Banco Francés,BANELCO,"VEGA, VENTURA DE LA Y SAENZ AV.",Nueva Pompeya,Comuna 4,3,600-900 m,600,900,2774,1411446.8207453075,1.4114468207453075,1965.3592039232503,6348.096058816676,0.30959821428562395
40565,BBVA Banco Francés,BANELCO,"VEGA, VENTURA DE LA Y SAENZ AV.",Nueva Pompeya,Comuna 4,4,900-1200 m,900,1200,3287,1976025.5490442794,1.9760255490442793,1663.440030717105,6348.096058816676,0.2620376275508314
40682,BBVA Banco Francés,BANELCO,VENEZUELA 538,Monserrat,Comuna 1,1,0-300 m,0,300,2590,282289.36414897913,0.28228936414897915,9174.982585008476,9174.982585008476,1.0
40682,BBVA Banco Francés,BANELCO,VENEZUELA 538,Monserrat,Comuna 1,2,300-600 m,300,600,6083,846868.092447653,0.8468680924476529,7182.936816545613,9174.982585008476,0.7828828828822215
40682,BBVA Banco Francés,BANELCO,VENEZUELA 538,Monserrat,Comuna 1,3,600-900 m,600,900,11574,1411446.8207453075,1.4114468207453075,8200.096404544953,9174.982585008476,0.8937451737449131
40682,BBVA Banco Francés,BANELCO,VENEZUELA 538,Monserrat,Comuna 1,4,900-1200 m,900,1200,10857,1976025.5490442794,1.9760255490442793,5494.362158045515,9174.982585008476,0.5988416988412669
41313,ICBC,BANELCO,VIAMONTE 1453,San Nicolas,Comuna 1,1,0-300 m,0,300,2522,282289.36414897913,0.28228936414897915,8934.095011348023,8934.095011348023,1.0
41313,ICBC,BANELCO,VIAMONTE 1453,San Nicolas,Comuna 1,2,300-600 m,300,600,8196,846868.092447653,0.8468680924476529,9678.012518232425,8934.095011348023,1.0832672482147865
41313,ICBC,BANELCO,VIAMONTE 1453,San Nicolas,Comuna 1,3,600-900 m,600,900,18382,1411446.8207453075,1.4114468207453075,13023.515820662287,8934.095011348023,1.4577319587624613
41313,ICBC,BANELCO,VIAMONTE 1453,San Nicolas,Comuna 1,4,900-1200 m,900,1200,17981,1976025.5490442794,1.9760255490442793,9099.578701650216,8934.095011348023,1.0185227143982682
41173,HSBC Bank Argentina,BANELCO,VIAMONTE 1574,San Nicolas,Comuna 1,1,0-300 m,0,300,2364,282289.36414897913,0.28228936414897915,8374.385649019321,8374.385649019321,1.0
41173,HSBC Bank Argentina,BANELCO,VIAMONTE 1574,San Nicolas,Comuna 1,2,300-600 m,300,600,10181,846868.092447653,0.8468680924476529,12021.943075661826,8374.385649019321,1.435561195712267
41173,HSBC Bank Argentina,BANELCO,VIAMONTE 1574,San Nicolas,Comuna 1,3,600-900 m,600,900,14173,1411446.8207453075,1.4114468207453075,10041.469357319476,8374.385649019321,1.1990693739421205
41173,HSBC Bank Argentina,BANELCO,VIAMONTE 1574,San Nicolas,Comuna 1,4,900-1200 m,900,1200,20770,1976025.5490442794,1.9760255490442793,10510.997699420222,8374.385649019321,1.2551365723945502
39855,Banco Itaú,BANELCO,VIAMONTE 1601,San Nicolas,Comuna 1,1,0-300 m,0,300,2249,282289.36414897913,0.28228936414897915,7967.00225238767,7967.00225238767,1.0
39855,Banco Itaú,BANELCO,VIAMONTE 1601,San Nicolas,Comuna 1,2,300-600 m,300,600,9953,846868.092447653,0.8468680924476529,11752.71578745331,7967.00225238767,1.475174151473483
39855,Banco Itaú,BANELCO,VIAMONTE 1601,San Nicolas,Comuna 1,3,600-900 m,600,900,14254,1411446.8207453075,1.4114468207453075,10098.857279279744,7967.00225238767,1.2675855935967846
39855,Banco Itaú,BANELCO,VIAMONTE 1601,San Nicolas,Comuna 1,4,900-1200 m,900,1200,20246,1976025.5490442794,1.9760255490442793,10245.818941861426,7967.00225238767,1.286031887187029
40630,BBVA Banco Francés,BANELCO,VIAMONTE 1799,San Nicolas,Comuna 1,1,0-300 m,0,300,3017,282289.36414897913,0.28228936414897915,10687.614849023388,10687.614849023388,1.0
40630,BBVA Banco Francés,BANELCO,VIAMONTE 1799,San Nicolas,Comuna 1,2,300-600 m,300,600,8600,846868.092447653,0.8468680924476529,10155.064379794883,10687.614849023388,0.9501712517945791
40630,BBVA Banco Francés,BANELCO,VIAMONTE 1799,San Nicolas,Comuna 1,3,600-900 m,600,900,14602,1411446.8207453075,1.4114468207453075,10345.412795849783,10687.614849023388,0.9679814385147988
40630,BBVA Banco Francés,BANELCO,VIAMONTE 1799,San Nicolas,Comuna 1,4,900-1200 m,900,1200,18387,1976025.5490442794,1.9760255490442793,9305.041632125161,10687.614849023388,0.8706378142898213
41208,HSBC Bank Argentina,BANELCO,VIAMONTE 555,San Nicolas,Comuna 1,1,0-300 m,0,300,3765,282289.36414897913,0.28228936414897915,13337.378159288384,13337.378159288384,1.0
41208,HSBC Bank Argentina,BANELCO,VIAMONTE 555,San Nicolas,Comuna 1,2,300-600 m,300,600,9778,846868.092447653,0.8468680924476529,11546.07203553888,13337.378159288384,0.8656927844171527
41208,HSBC Bank Argentina,BANELCO,VIAMONTE 555,San Nicolas,Comuna 1,3,600-900 m,600,900,12684,1411446.8207453075,1.4114468207453075,8986.523483259736,13337.378159288384,0.6737848605575725
41208,HSBC Bank Argentina,BANELCO,VIAMONTE 555,San Nicolas,Comuna 1,4,900-1200 m,900,1200,13652,1976025.5490442794,1.9760255490442793,6908.8175538028345,13337.378159288384,0.5180041737806926
40135,Banco Santander Río,BANELCO,VIAMONTE 982,San Nicolas,Comuna 1,1,0-300 m,0,300,2981,282289.36414897913,0.28228936414897915,10560.08613355609,10560.08613355609,1.0
40135,Banco Santander Río,BANELCO,VIAMONTE 982,San Nicolas,Comuna 1,2,300-600 m,300,600,11925,846868.092447653,0.8468680924476529,14081.295666169068,10560.08613355609,1.333445152632218
40135,Banco Santander Río,BANELCO,VIAMONTE 982,San Nicolas,Comuna 1,3,600-900 m,600,900,16901,1411446.8207453075,1.4114468207453075,11974.237889512204,10560.08613355609,1.1339147936930607
40135,Banco Santander Río,BANELCO,VIAMONTE 982,San Nicolas,Comuna 1,4,900-1200 m,900,1200,16250,1976025.5490442794,1.9760255490442793,8223.577882309995,10560.08613355609,0.778741553648741
41276,ICBC,BANELCO,VICENTE LOPEZ 2050,Recoleta,Comuna 2,1,0-300 m,0,300,2203,282289.36414897913,0.28228936414897915,7804.048893735009,7804.048893735009,1.0
41276,ICBC,BANELCO,VICENTE LOPEZ 2050,Recoleta,Comuna 2,2,300-600 m,300,600,4477,846868.092447653,0.8468680924476529,5286.537584690895,7804.048893735009,0.6774095929786985
41276,ICBC,BANELCO,VICENTE LOPEZ 2050,Recoleta,Comuna 2,3,600-900 m,600,900,7255,1411446.8207453075,1.4114468207453075,5140.115726194369,7804.048893735009,0.6586472991373475
41276,ICBC,BANELCO,VICENTE LOPEZ 2050,Recoleta,Comuna 2,4,900-1200 m,900,1200,10600,1976025.5490442794,1.9760255490442793,5364.303110922212,7804.048893735009,0.6873743596389569
40585,BBVA Banco Francés,BANELCO,"VILLAFLOR, AZUCENA Y MANSO JUANA",Puerto Madero,Comuna 1,1,0-300 m,0,300,189,282289.36414897913,0.28228936414897915,669.5257562033213,669.5257562033213,1.0
40585,BBVA Banco Francés,BANELCO,"VILLAFLOR, AZUCENA Y MANSO JUANA",Puerto Madero,Comuna 1,2,300-600 m,300,600,602,846868.092447653,0.8468680924476529,710.8545065856418,669.5257562033213,1.0617283950608314
40585,BBVA Banco Francés,BANELCO,"VILLAFLOR, AZUCENA Y MANSO JUANA",Puerto Madero,Comuna 1,3,600-900 m,600,900,1742,1411446.8207453075,1.4114468207453075,1234.1945685776143,669.5257562033213,1.8433862433857058
40585,BBVA Banco Francés,BANELCO,"VILLAFLOR, AZUCENA Y MANSO JUANA",Puerto Madero,Comuna 1,4,900-1200 m,900,1200,4471,1976025.5490442794,1.9760255490442793,2262.622566880492,669.5257562033213,3.3794406651525137
40631,BBVA Banco Francés,BANELCO,"VILLAFLOR, AZUCENA Y MOREAU DE JUSTO, ALICIA AV.",Puerto Madero,Comuna 1,1,0-300 m,0,300,409,282289.36414897913,0.28228936414897915,1448.8679062812614,1448.8679062812614,1.0
40631,BBVA Banco Francés,BANELCO,"VILLAFLOR, AZUCENA Y MOREAU DE JUSTO, ALICIA AV.",Puerto Madero,Comuna 1,2,300-600 m,300,600,1803,846868.092447653,0.8468680924476529,2129.021055438392,1448.8679062812614,1.4694376528104944
40631,BBVA Banco Francés,BANELCO,"VILLAFLOR, AZUCENA Y MOREAU DE JUSTO, ALICIA AV.",Puerto Madero,Comuna 1,3,600-900 m,600,900,4906,1411446.8207453075,1.4114468207453075,3475.8659893465992,1448.8679062812614,2.399022004889276
40631,BBVA Banco Francés,BANELCO,"VILLAFLOR, AZUCENA Y MOREAU DE JUSTO, ALICIA AV.",Puerto Madero,Comuna 1,4,900-1200 m,900,1200,9140,1976025.5490442794,1.9760255490442793,4625.44626734236,1448.8679062812614,3.1924554662917943
39781,Banco del Sol,BANELCO,VIRREY CEVALLOS 313,Monserrat,Comuna 1,1,0-300 m,0,300,1555,282289.36414897913,0.28228936414897915,5508.5320153236225,5508.5320153236225,1.0
39781,Banco del Sol,BANELCO,VIRREY CEVALLOS 313,Monserrat,Comuna 1,2,300-600 m,300,600,7108,846868.092447653,0.8468680924476529,8393.278792044423,5508.5320153236225,1.5236870310812423
39781,Banco del Sol,BANELCO,VIRREY CEVALLOS 313,Monserrat,Comuna 1,3,600-900 m,600,900,11004,1411446.8207453075,1.4114468207453075,7796.2554722319555,5508.5320153236225,1.415305466237529
39781,Banco del Sol,BANELCO,VIRREY CEVALLOS 313,Monserrat,Comuna 1,4,900-1200 m,900,1200,17051,1976025.5490442794,1.9760255490442793,8628.937013616476,5508.5320153236225,1.566467615984171
