id,banco,red,ubicacion,barrio,comuna,anillo,distancia,cantidad_delitos,area_km2,densidad,base,densidad_relativa
11073,NUEVO BANCO DE SANTA FE S.A.,LINK,25 De Mayo 168,San Nicolas,Comuna 1,1,0-50 m,12.0,0.007841371226357887,1530.3445856081078,1530.3445856081078,1.0
11073,NUEVO BANCO DE SANTA FE S.A.,LINK,25 De Mayo 168,San Nicolas,Comuna 1,2,50-100 m,4.0,0.023524113679051644,170.0382872899489,1530.3445856081078,0.1111111111112151
11073,NUEVO BANCO DE SANTA FE S.A.,LINK,25 De Mayo 168,San Nicolas,Comuna 1,3,100-150 m,0.0,0.03920685613180504,0.0,1530.3445856081078,0.0
11059,BANCO DE LA NACION ARGENTINA,LINK,25 De Mayo 230,San Nicolas,Comuna 1,1,0-50 m,49.0,0.007841371226357887,6248.9070578997735,6248.9070578997735,1.0
11059,BANCO DE LA NACION ARGENTINA,LINK,25 De Mayo 230,San Nicolas,Comuna 1,2,50-100 m,49.0,0.023524113679051644,2082.9690193018737,6248.9070578997735,0.33333333333364523
11059,BANCO DE LA NACION ARGENTINA,LINK,25 De Mayo 230,San Nicolas,Comuna 1,3,100-150 m,18.0,0.03920685613180504,459.10337568224963,6248.9070578997735,0.07346938775507281
11033,BANCO DEL CHUBUT S.A.,LINK,25 De Mayo 267/73,San Nicolas,Comuna 1,1,0-50 m,8.0,0.007841371226357887,1020.2297237387385,1020.2297237387385,1.0
11033,BANCO DEL CHUBUT S.A.,LINK,25 De Mayo 267/73,San Nicolas,Comuna 1,2,50-100 m,3.0,0.023524113679051644,127.52871546746167,1020.2297237387385,0.125000000000117
11033,BANCO DEL CHUBUT S.A.,LINK,25 De Mayo 267/73,San Nicolas,Comuna 1,3,100-150 m,3.0,0.03920685613180504,76.51722928037493,1020.2297237387385,0.07499999999997015
11069,BANCO DE SANTA CRUZ S.A.,LINK,25 De Mayo 279,San Nicolas,Comuna 1,1,0-50 m,10.0,0.007841371226357887,1275.2871546734232,1275.2871546734232,1.0
11069,BANCO DE SANTA CRUZ S.A.,LINK,25 De Mayo 279,San Nicolas,Comuna 1,2,50-100 m,4.0,0.023524113679051644,170.0382872899489,1275.2871546734232,0.13333333333345812
11069,BANCO DE SANTA CRUZ S.A.,LINK,25 De Mayo 279,San Nicolas,Comuna 1,3,100-150 m,1.0,0.03920685613180504,25.50574309345831,1275.2871546734232,0.019999999999992038
11046,BANCO DE LA CIUDAD DE BUENOS AIRES,LINK,25 De Mayo 294 esquina Sarmiento,San Nicolas,Comuna 1,1,0-50 m,8.0,0.007841371226357887,1020.2297237387385,1020.2297237387385,1.0
11046,BANCO DE LA CIUDAD DE BUENOS AIRES,LINK,25 De Mayo 294 esquina Sarmiento,San Nicolas,Comuna 1,2,50-100 m,6.0,0.023524113679051644,255.05743093492333,1020.2297237387385,0.250000000000234
11046,BANCO DE LA CIUDAD DE BUENOS AIRES,LINK,25 De Mayo 294 esquina Sarmiento,San Nicolas,Comuna 1,3,100-150 m,0.0,0.03920685613180504,0.0,1020.2297237387385,0.0
11020,BANCO DE FORMOSA S.A.,LINK,25 De Mayo 454 piso -,San Nicolas,Comuna 1,1,0-50 m,105.0,0.007841371226357887,13390.515124070942,13390.515124070942,1.0
11020,BANCO DE FORMOSA S.A.,LINK,25 De Mayo 454 piso -,San Nicolas,Comuna 1,2,50-100 m,9.0,0.023524113679051644,382.586146402385,13390.515124070942,0.028571428571455313
11020,BANCO DE FORMOSA S.A.,LINK,25 De Mayo 454 piso -,San Nicolas,Comuna 1,3,100-150 m,0.0,0.03920685613180504,0.0,13390.515124070942,0.0
10883,BANCO DE LA NACION ARGENTINA,LINK,Abraham Luppi 1090,Nueva Pompeya,Comuna 4,1,0-50 m,26.0,0.007841371226357887,3315.7466021509,3315.7466021509,1.0
10883,BANCO DE LA NACION ARGENTINA,LINK,Abraham Luppi 1090,Nueva Pompeya,Comuna 4,2,50-100 m,36.0,0.023524113679051644,1530.34458560954,3315.7466021509,0.4615384615388935
10883,BANCO DE LA NACION ARGENTINA,LINK,Abraham Luppi 1090,Nueva Pompeya,Comuna 4,3,100-150 m,41.0,0.03920685613180504,1045.7354668317907,3315.7466021509,0.31538461538448986
11784,BANCO DE LA NACION ARGENTINA,LINK,Aeroparque s/n,,,1,0-50 m,15.0,0.007841371226357887,1912.9307320101345,1912.9307320101345,1.0
11784,BANCO DE LA NACION ARGENTINA,LINK,Aeroparque s/n,,,2,50-100 m,16.0,0.023524113679051644,680.1531491597956,1912.9307320101345,0.35555555555588836
11784,BANCO DE LA NACION ARGENTINA,LINK,Aeroparque s/n,,,3,100-150 m,1.0,0.03920685613180504,25.50574309345831,1912.9307320101345,0.013333333333328028
11697,CABAL COOP. LTDA.,LINK,Alicia M. De Justo 2036,Puerto Madero,Comuna 1,1,0-50 m,0.0,0.007841371226357887,0.0,0.0,
11697,CABAL COOP. LTDA.,LINK,Alicia M. De Justo 2036,Puerto Madero,Comuna 1,2,50-100 m,20.0,0.023524113679051644,850.1914364497444,0.0,
11697,CABAL COOP. LTDA.,LINK,Alicia M. De Justo 2036,Puerto Madero,Comuna 1,3,100-150 m,19.0,0.03920685613180504,484.60911877570794,0.0,
11381,BANCO DE LA NACION ARGENTINA,LINK,Alsina 1356,Monserrat,Comuna 1,1,0-50 m,7.0,0.007841371226357887,892.7010082713962,892.7010082713962,1.0
11381,BANCO DE LA NACION ARGENTINA,LINK,Alsina 1356,Monserrat,Comuna 1,2,50-100 m,12.0,0.023524113679051644,510.11486186984666,892.7010082713962,0.5714285714291062
11381,BANCO DE LA NACION ARGENTINA,LINK,Alsina 1356,Monserrat,Comuna 1,3,100-150 m,0.0,0.03920685613180504,0.0,892.7010082713962,0.0
11396,BANCO DE LA PROVINCIA DE BUENOS AIRES,LINK,Alsina 1502,Monserrat,Comuna 1,1,0-50 m,50.0,0.007841371226357887,6376.435773367116,6376.435773367116,1.0
11396,BANCO DE LA PROVINCIA DE BUENOS AIRES,LINK,Alsina 1502,Monserrat,Comuna 1,2,50-100 m,38.0,0.023524113679051644,1615.3637292545145,6376.435773367116,0.25333333333357044
11396,BANCO DE LA PROVINCIA DE BUENOS AIRES,LINK,Alsina 1502,Monserrat,Comuna 1,3,100-150 m,28.0,0.03920685613180504,714.1608066168327,6376.435773367116,0.11199999999995541
11386,BANCO DE LA NACION ARGENTINA,LINK,Alsina 365,Monserrat,Comuna 1,1,0-50 m,11.0,0.007841371226357887,1402.8158701407654,1402.8158701407654,1.0
11386,BANCO DE LA NACION ARGENTINA,LINK,Alsina 365,Monserrat,Comuna 1,2,50-100 m,81.0,0.023524113679051644,3443.275317621465,1402.8158701407654,2.454545454547752
11386,BANCO DE LA NACION ARGENTINA,LINK,Alsina 365,Monserrat,Comuna 1,3,100-150 m,18.0,0.03920685613180504,459.10337568224963,1402.8158701407654,0.32727272727259704
11393,CABAL COOP. LTDA.,LINK,Alsina 637,Monserrat,Comuna 1,1,0-50 m,8.0,0.007841371226357887,1020.2297237387385,1020.2297237387385,1.0
11393,CABAL COOP. LTDA.,LINK,Alsina 637,Monserrat,Comuna 1,2,50-100 m,21.0,0.023524113679051644,892.7010082722317,1020.2297237387385,0.8750000000008189
11393,CABAL COOP. LTDA.,LINK,Alsina 637,Monserrat,Comuna 1,3,100-150 m,26.0,0.03920685613180504,663.1493204299161,1020.2297237387385,0.6499999999997413
11206,BANCO DE LA CIUDAD DE BUENOS AIRES,LINK,"Araoz 265, entre Camargo y Luis M. Drago",Villa Crespo,Comuna 15,1,0-50 m,16.0,0.007841371226357887,2040.459447477477,2040.459447477477,1.0
11206,BANCO DE LA CIUDAD DE BUENOS AIRES,LINK,"Araoz 265, entre Camargo y Luis M. Drago",Villa Crespo,Comuna 15,2,50-100 m,12.0,0.023524113679051644,510.11486186984666,2040.459447477477,0.250000000000234
11206,BANCO DE LA CIUDAD DE BUENOS AIRES,LINK,"Araoz 265, entre Camargo y Luis M. Drago",Villa Crespo,Comuna 15,3,100-150 m,35.0,0.03920685613180504,892.7010082710409,2040.459447477477,0.4374999999998259
11709,BANCO DE LA NACION ARGENTINA,LINK,"Arenales 819, entre Esmeralda y Suipacha",Retiro,Comuna 1,1,0-50 m,48.0,0.007841371226357887,6121.378342432431,6121.378342432431,1.0
11709,BANCO DE LA NACION ARGENTINA,LINK,"Arenales 819, entre Esmeralda y Suipacha",Retiro,Comuna 1,2,50-100 m,53.0,0.023524113679051644,2253.0073065918227,6121.378342432431,0.3680555555559
11709,BANCO DE LA NACION ARGENTINA,LINK,"Arenales 819, entre Esmeralda y Suipacha",Retiro,Comuna 1,3,100-150 m,43.0,0.03920685613180504,1096.7469530187075,6121.378342432431,0.17916666666659536
11667,BANCO DE LA CIUDAD DE BUENOS AIRES,LINK,Av. Acoyte 702,Caballito,Comuna 6,1,0-50 m,132.0,0.007841371226357887,16833.790441689183,16833.790441689183,1.0
11667,BANCO DE LA CIUDAD DE BUENOS AIRES,LINK,Av. Acoyte 702,Caballito,Comuna 6,2,50-100 m,102.0,0.023524113679051644,4335.976325893696,16833.790441689183,0.25757575757599865
11667,BANCO DE LA CIUDAD DE BUENOS AIRES,LINK,Av. Acoyte 702,Caballito,Comuna 6,3,100-150 m,46.0,0.03920685613180504,1173.2641822990824,16833.790441689183,0.06969696969694197
11665,BANCO DE LA CIUDAD DE BUENOS AIRES,LINK,Av. Acoyte 71,Caballito,Comuna 6,1,0-50 m,56.0,0.007841371226357887,7141.608066171169,7141.608066171169,1.0
11665,BANCO DE LA CIUDAD DE BUENOS AIRES,LINK,Av. Acoyte 71,Caballito,Comuna 6,2,50-100 m,66.0,0.023524113679051644,2805.631740284157,7141.608066171169,0.39285714285751056
11665,BANCO DE LA CIUDAD DE BUENOS AIRES,LINK,Av. Acoyte 71,Caballito,Comuna 6,3,100-150 m,85.0,0.03920685613180504,2167.9881629439565,7141.608066171169,0.30357142857130776
11683,BANCO DE LA CIUDAD DE BUENOS AIRES,LINK,Av. Almafuerte 406,Parque Patricios,Comuna 4,1,0-50 m,74.0,0.007841371226357887,9437.124944583331,9437.124944583331,1.0
11683,BANCO DE LA CIUDAD DE BUENOS AIRES,LINK,Av. Almafuerte 406,Parque Patricios,Comuna 4,2,50-100 m,71.0,0.023524113679051644,3018.179599396593,9437.124944583331,0.31981981982011914
11683,BANCO DE LA CIUDAD DE BUENOS AIRES,LINK,Av. Almafuerte 406,Parque Patricios,Comuna 4,3,100-150 m,46.0,0.03920685613180504,1173.2641822990824,9437.124944583331,0.12432432432427486
11678,BANCO DE LA NACION ARGENTINA,LINK,Av. Almirante Brown 1101,Boca,Comuna 4,1,0-50 m,69.0,0.007841371226357887,8799.481367246619,8799.481367246619,1.0
11678,BANCO DE LA NACION ARGENTINA,LINK,Av. Almirante Brown 1101,Boca,Comuna 4,2,50-100 m,52.0,0.023524113679051644,2210.4977347693357,8799.481367246619,0.2512077294688342
11678,BANCO DE LA NACION ARGENTINA,LINK,Av. Almirante Brown 1101,Boca,Comuna 4,3,100-150 m,191.0,0.03920685613180504,4871.596930850537,8799.481367246619,0.5536231884055768
11679,BANCO DE LA CIUDAD DE BUENOS AIRES,LINK,Av. Almirante Brown 240,Boca,Comuna 4,1,0-50 m,167.0,0.007841371226357887,21297.295483046164,21297.295483046164,1.0
11679,BANCO DE LA CIUDAD DE BUENOS AIRES,LINK,Av. Almirante Brown 240,Boca,Comuna 4,2,50-100 m,313.0,0.023524113679051644,13305.4959804385,21297.295483046164,0.6247504990025807
11679,BANCO DE LA CIUDAD DE BUENOS AIRES,LINK,Av. Almirante Brown 240,Boca,Comuna 4,3,100-150 m,92.0,0.03920685613180504,2346.528364598165,21297.295483046164,0.11017964071851905
11775,BANCO DE LA PROVINCIA DE BUENOS AIRES,LINK,Av. Alvarez Jonte 5269,Monte Castro,Comuna 10,1,0-50 m,7.0,0.007841371226357887,892.7010082713962,892.7010082713962,1.0
11775,BANCO DE LA PROVINCIA DE BUENOS AIRES,LINK,Av. Alvarez Jonte 5269,Monte Castro,Comuna 10,2,50-100 m,4.0,0.023524113679051644,170.0382872899489,892.7010082713962,0.19047619047636877
11775,BANCO DE LA PROVINCIA DE BUENOS AIRES,LINK,Av. Alvarez Jonte 5269,Monte Castro,Comuna 10,3,100-150 m,0.0,0.03920685613180504,0.0,892.7010082713962,0.0
11226,BANCO DE LA PROVINCIA DE BUENOS AIRES,LINK,Av. Alvarez Jonte 5269/79,Monte Castro,Comuna 10,1,0-50 m,1.0,0.007841371226357887,127.52871546734231,127.52871546734231,1.0
11226,BANCO DE LA PROVINCIA DE BUENOS AIRES,LINK,Av. Alvarez Jonte 5269/79,Monte Castro,Comuna 10,2,50-100 m,1.0,0.023524113679051644,42.509571822487224,127.52871546734231,0.33333333333364534
11226,BANCO DE LA PROVINCIA DE BUENOS AIRES,LINK,Av. Alvarez Jonte 5269/79,Monte Castro,Comuna 10,3,100-150 m,9.0,0.03920685613180504,229.55168784112482,127.52871546734231,1.7999999999992837
11776,BANCO DE LA NACION ARGENTINA,LINK,Av. Alvarez Jonte 5298,Monte Castro,Comuna 10,1,0-50 m,41.0,0.007841371226357887,5228.677334161035,5228.677334161035,1.0
11776,BANCO DE LA NACION ARGENTINA,LINK,Av. Alvarez Jonte 5298,Monte Castro,Comuna 10,2,50-100 m,36.0,0.023524113679051644,1530.34458560954,5228.677334161035,0.2926829268295422
11776,BANCO DE LA NACION ARGENTINA,LINK,Av. Alvarez Jonte 5298,Monte Castro,Comuna 10,3,100-150 m,26.0,0.03920685613180504,663.1493204299161,5228.677334161035,0.12682926829263244
11534,BANCO DE LA NACION ARGENTINA,LINK,Av. Alvarez Jonte 6383,Liniers,Comuna 9,1,0-50 m,7.0,0.007841371226357887,892.7010082713962,892.7010082713962,1.0
11534,BANCO DE LA NACION ARGENTINA,LINK,Av. Alvarez Jonte 6383,Liniers,Comuna 9,2,50-100 m,13.0,0.023524113679051644,552.6244336923339,892.7010082713962,0.6190476190481985
11534,BANCO DE LA NACION ARGENTINA,LINK,Av. Alvarez Jonte 6383,Liniers,Comuna 9,3,100-150 m,20.0,0.03920685613180504,510.11486186916625,892.7010082713962,0.571428571428344
11228,BANCO DE LA NACION ARGENTINA,LINK,Av. Alvarez Thomas 1994,Villa Ortuzar,Comuna 15,1,0-50 m,42.0,0.007841371226357887,5356.206049628377,5356.206049628377,1.0
11228,BANCO DE LA NACION ARGENTINA,LINK,Av. Alvarez Thomas 1994,Villa Ortuzar,Comuna 15,2,50-100 m,39.0,0.023524113679051644,1657.8733010770018,5356.206049628377,0.30952380952409925
11228,BANCO DE LA NACION ARGENTINA,LINK,Av. Alvarez Thomas 1994,Villa Ortuzar,Comuna 15,3,100-150 m,15.0,0.03920685613180504,382.58614640187466,5356.206049628377,0.071428571428543
10988,BANCO DE LA NACION ARGENTINA,LINK,Av. Alvear 1936,Recoleta,Comuna 2,1,0-50 m,35.0,0.007841371226357887,4463.505041356981,4463.505041356981,1.0
10988,BANCO DE LA NACION ARGENTINA,LINK,Av. Alvear 1936,Recoleta,Comuna 2,2,50-100 m,52.0,0.023524113679051644,2210.4977347693357,4463.505041356981,0.4952380952385588
10988,BANCO DE LA NACION ARGENTINA,LINK,Av. Alvear 1936,Recoleta,Comuna 2,3,100-150 m,22.0,0.03920685613180504,561.1263480560829,4463.505041356981,0.12571428571423568
11676,BANCO DE LA CIUDAD DE BUENOS AIRES,LINK,Av. Amancio Alcorta 1502,Barracas,Comuna 4,1,0-50 m,12.0,0.007841371226357887,1530.3445856081078,1530.3445856081078,1.0
11676,BANCO DE LA CIUDAD DE BUENOS AIRES,LINK,Av. Amancio Alcorta 1502,Barracas,Comuna 4,2,50-100 m,0.0,0.023524113679051644,0.0,1530.3445856081078,0.0
11676,BANCO DE LA CIUDAD DE BUENOS AIRES,LINK,Av. Amancio Alcorta 1502,Barracas,Comuna 4,3,100-150 m,14.0,0.03920685613180504,357.08040330841635,1530.3445856081078,0.23333333333324047
10886,BANCO DE LA NACION ARGENTINA,LINK,Av. Amancio Alcorta 3000,Nueva Pompeya,Comuna 4,1,0-50 m,4.0,0.007841371226357887,510.11486186936924,510.11486186936924,1.0
10886,BANCO DE LA NACION ARGENTINA,LINK,Av. Amancio Alcorta 3000,Nueva Pompeya,Comuna 4,2,50-100 m,8.0,0.023524113679051644,340.0765745798978,510.11486186936924,0.6666666666672907
10886,BANCO DE LA NACION ARGENTINA,LINK,Av. Amancio Alcorta 3000,Nueva Pompeya,Comuna 4,3,100-150 m,1.0,0.03920685613180504,25.50574309345831,510.11486186936924,0.0499999999999801
11713,BANCO DE LA NACION ARGENTINA,LINK,Av. Antártida Argentina s/n esquina Av. Gendarmerí,,,1,0-50 m,41.0,0.007841371226357887,5228.677334161035,5228.677334161035,1.0
11713,BANCO DE LA NACION ARGENTINA,LINK,Av. Antártida Argentina s/n esquina Av. Gendarmerí,,,2,50-100 m,82.0,0.023524113679051644,3485.784889443952,5228.677334161035,0.6666666666672906
11713,BANCO DE LA NACION ARGENTINA,LINK,Av. Antártida Argentina s/n esquina Av. Gendarmerí,,,3,100-150 m,55.0,0.03920685613180504,1402.8158701402072,5228.677334161035,0.2682926829267225
11431,BANCO DE LA CIUDAD DE BUENOS AIRES,LINK,"Av. Asamblea 642, entre Bell Ville y Riglos",Parque Chacabuco,Comuna 7,1,0-50 m,23.0,0.007841371226357887,2933.160455748873,2933.160455748873,1.0
11431,BANCO DE LA CIUDAD DE BUENOS AIRES,LINK,"Av. Asamblea 642, entre Bell Ville y Riglos",Parque Chacabuco,Comuna 7,2,50-100 m,34.0,0.023524113679051644,1445.3254419645655,2933.160455748873,0.49275362318886695
11431,BANCO DE LA CIUDAD DE BUENOS AIRES,LINK,"Av. Asamblea 642, entre Bell Ville y Riglos",Parque Chacabuco,Comuna 7,3,100-150 m,43.0,0.03920685613180504,1096.7469530187075,2933.160455748873,0.3739130434781121
11429,BANCO DE LA PROVINCIA DE BUENOS AIRES,LINK,Av. Asamblea 821/27,Parque Chacabuco,Comuna 7,1,0-50 m,13.0,0.007841371226357887,1657.87330107545,1657.87330107545,1.0
11429,BANCO DE LA PROVINCIA DE BUENOS AIRES,LINK,Av. Asamblea 821/27,Parque Chacabuco,Comuna 7,2,50-100 m,21.0,0.023524113679051644,892.7010082722317,1657.87330107545,0.5384615384620425
11429,BANCO DE LA PROVINCIA DE BUENOS AIRES,LINK,Av. Asamblea 821/27,Parque Chacabuco,Comuna 7,3,100-150 m,49.0,0.03920685613180504,1249.7814115794572,1657.87330107545,0.7538461538458539
11669,BANCO DE LA CIUDAD DE BUENOS AIRES,LINK,Av. Avellaneda 551,Caballito,Comuna 6,1,0-50 m,58.0,0.007841371226357887,7396.665497105854,7396.665497105854,1.0
11669,BANCO DE LA CIUDAD DE BUENOS AIRES,LINK,Av. Avellaneda 551,Caballito,Comuna 6,2,50-100 m,49.0,0.023524113679051644,2082.9690193018737,7396.665497105854,0.28160919540256235
11669,BANCO DE LA CIUDAD DE BUENOS AIRES,LINK,Av. Avellaneda 551,Caballito,Comuna 6,3,100-150 m,255.0,0.03920685613180504,6503.96448883187,7396.665497105854,0.8793103448272362
11180,BANCO DE LA CIUDAD DE BUENOS AIRES,LINK,Av. Belgrano 1715,Monserrat,Comuna 1,1,0-50 m,81.0,0.007841371226357887,10329.825952854728,10329.825952854728,1.0
11180,BANCO DE LA CIUDAD DE BUENOS AIRES,LINK,Av. Belgrano 1715,Monserrat,Comuna 1,2,50-100 m,17.0,0.023524113679051644,722.6627209822827,10329.825952854728,0.06995884773669098
11180,BANCO DE LA CIUDAD DE BUENOS AIRES,LINK,Av. Belgrano 1715,Monserrat,Comuna 1,3,100-150 m,3.0,0.03920685613180504,76.51722928037493,10329.825952854728,0.007407407407404459
11188,BANCO DE LA NACION ARGENTINA,LINK,Av. Belgrano 3106,Balvanera,Comuna 3,1,0-50 m,75.0,0.007841371226357887,9564.653660050673,9564.653660050673,1.0
11188,BANCO DE LA NACION ARGENTINA,LINK,Av. Belgrano 3106,Balvanera,Comuna 3,2,50-100 m,61.0,0.023524113679051644,2593.083881171721,9564.653660050673,0.2711111111113649
11188,BANCO DE LA NACION ARGENTINA,LINK,Av. Belgrano 3106,Balvanera,Comuna 3,3,100-150 m,93.0,0.03920685613180504,2372.034107691623,9564.653660050673,0.2479999999999013
11390,BANCO DE LA CIUDAD DE BUENOS AIRES,LINK,"Av. Belgrano 840, entre Tacuarí y Piedras",Monserrat,Comuna 1,1,0-50 m,38.0,0.007841371226357887,4846.091187759008,4846.091187759008,1.0
11390,BANCO DE LA CIUDAD DE BUENOS AIRES,LINK,"Av. Belgrano 840, entre Tacuarí y Piedras",Monserrat,Comuna 1,2,50-100 m,55.0,0.023524113679051644,2338.0264502367972,4846.091187759008,0.4824561403513287
11390,BANCO DE LA CIUDAD DE BUENOS AIRES,LINK,"Av. Belgrano 840, entre Tacuarí y Piedras",Monserrat,Comuna 1,3,100-150 m,10.0,0.03920685613180504,255.05743093458312,4846.091187759008,0.05263157894734748
10965,BANCO DE LA PROVINCIA DE BUENOS AIRES,LINK,Av. Boedo 800,Boedo,Comuna 5,1,0-50 m,15.0,0.007841371226357887,1912.9307320101345,1912.9307320101345,1.0
10965,BANCO DE LA PROVINCIA DE BUENOS AIRES,LINK,Av. Boedo 800,Boedo,Comuna 5,2,50-100 m,6.0,0.023524113679051644,255.05743093492333,1912.9307320101345,0.13333333333345812
10965,BANCO DE LA PROVINCIA DE BUENOS AIRES,LINK,Av. Boedo 800,Boedo,Comuna 5,3,100-150 m,3.0,0.03920685613180504,76.51722928037493,1912.9307320101345,0.03999999999998408
10964,BANCO DE LA CIUDAD DE BUENOS AIRES,LINK,Av. Boedo 870,Boedo,Comuna 5,1,0-50 m,56.0,0.007841371226357887,7141.608066171169,7141.608066171169,1.0
10964,BANCO DE LA CIUDAD DE BUENOS AIRES,LINK,Av. Boedo 870,Boedo,Comuna 5,2,50-100 m,112.0,0.023524113679051644,4761.072044118569,7141.608066171169,0.6666666666672906
10964,BANCO DE LA CIUDAD DE BUENOS AIRES,LINK,Av. Boedo 870,Boedo,Comuna 5,3,100-150 m,37.0,0.03920685613180504,943.7124944579575,7141.608066171169,0.13214285714280455
11518,BANCO DE LA NACION ARGENTINA,LINK,Av. Boyacá 32,Flores,Comuna 7,1,0-50 m,98.0,0.007841371226357887,12497.814115799547,12497.814115799547,1.0
11518,BANCO DE LA NACION ARGENTINA,LINK,Av. Boyacá 32,Flores,Comuna 7,2,50-100 m,9.0,0.023524113679051644,382.586146402385,12497.814115799547,0.030612244897987834
11518,BANCO DE LA NACION ARGENTINA,LINK,Av. Boyacá 32,Flores,Comuna 7,3,100-150 m,16.0,0.03920685613180504,408.09188949533296,12497.814115799547,0.032653061224476795
10951,BANCO PIANO S.A.,LINK,Av. Cabildo 1181,Palermo,Comuna 14,1,0-50 m,63.0,0.007841371226357887,8034.309074442565,8034.309074442565,1.0
10951,BANCO PIANO S.A.,LINK,Av. Cabildo 1181,Palermo,Comuna 14,2,50-100 m,35.0,0.023524113679051644,1487.8350137870527,8034.309074442565,0.1851851851853585
10951,BANCO PIANO S.A.,LINK,Av. Cabildo 1181,Palermo,Comuna 14,3,100-150 m,95.0,0.03920685613180504,2423.0455938785394,8034.309074442565,0.30158730158718156
10952,CABAL COOP. LTDA.,LINK,Av. Cabildo 1546,Colegiales,Comuna 13,1,0-50 m,68.0,0.007841371226357887,8671.952651779276,8671.952651779276,1.0
10952,CABAL COOP. LTDA.,LINK,Av. Cabildo 1546,Colegiales,Comuna 13,2,50-100 m,249.0,0.023524113679051644,10584.883383799319,8671.952651779276,1.2205882352952602
10952,CABAL COOP. LTDA.,LINK,Av. Cabildo 1546,Colegiales,Comuna 13,3,100-150 m,156.0,0.03920685613180504,3978.8959225794965,8671.952651779276,0.4588235294115821
10950,BANCO DE LA NACION ARGENTINA,LINK,Av. Cabildo 1900,Belgrano,Comuna 13,1,0-50 m,119.0,0.007841371226357887,15175.917140613734,15175.917140613734,1.0
10950,BANCO DE LA NACION ARGENTINA,LINK,Av. Cabildo 1900,Belgrano,Comuna 13,2,50-100 m,16.0,0.023524113679051644,680.1531491597956,15175.917140613734,0.0448179271709103
10950,BANCO DE LA NACION ARGENTINA,LINK,Av. Cabildo 1900,Belgrano,Comuna 13,3,100-150 m,43.0,0.03920685613180504,1096.7469530187075,15175.917140613734,0.07226890756299646
10959,BANCO DE LA PROVINCIA DE BUENOS AIRES,LINK,Av. Cabildo 1999,Belgrano,Comuna 13,1,0-50 m,37.0,0.007841371226357887,4718.5624722916655,4718.5624722916655,1.0
10959,BANCO DE LA PROVINCIA DE BUENOS AIRES,LINK,Av. Cabildo 1999,Belgrano,Comuna 13,2,50-100 m,12.0,0.023524113679051644,510.11486186984666,4718.5624722916655,0.10810810810820928
10959,BANCO DE LA PROVINCIA DE BUENOS AIRES,LINK,Av. Cabildo 1999,Belgrano,Comuna 13,3,100-150 m,18.0,0.03920685613180504,459.10337568224963,4718.5624722916655,0.09729729729725858
10958,BANCO DE LA CIUDAD DE BUENOS AIRES,LINK,Av. Cabildo 2201,Belgrano,Comuna 13,1,0-50 m,80.0,0.007841371226357887,10202.297237387385,10202.297237387385,1.0
10958,BANCO DE LA CIUDAD DE BUENOS AIRES,LINK,Av. Cabildo 2201,Belgrano,Comuna 13,2,50-100 m,42.0,0.023524113679051644,1785.4020165444633,10202.297237387385,0.17500000000016377
10958,BANCO DE LA CIUDAD DE BUENOS AIRES,LINK,Av. Cabildo 2201,Belgrano,Comuna 13,3,100-150 m,19.0,0.03920685613180504,484.60911877570794,10202.297237387385,0.0474999999999811
11192,BANCO DE LA NACION ARGENTINA,LINK,Av. Cabildo 2902,Nuñez,Comuna 13,1,0-50 m,61.0,0.007841371226357887,7779.2516435078805,7779.2516435078805,1.0
11192,BANCO DE LA NACION ARGENTINA,LINK,Av. Cabildo 2902,Nuñez,Comuna 13,2,50-100 m,7.0,0.023524113679051644,297.56700275741053,7779.2516435078805,0.03825136612025438
11192,BANCO DE LA NACION ARGENTINA,LINK,Av. Cabildo 2902,Nuñez,Comuna 13,3,100-150 m,4.0,0.03920685613180504,102.02297237383324,7779.2516435078805,0.013114754098355436
11193,CABAL COOP. LTDA.,LINK,Av. Cabildo 2945,Nuñez,Comuna 13,1,0-50 m,52.0,0.007841371226357887,6631.4932043018,6631.4932043018,1.0
11193,CABAL COOP. LTDA.,LINK,Av. Cabildo 2945,Nuñez,Comuna 13,2,50-100 m,8.0,0.023524113679051644,340.0765745798978,6631.4932043018,0.051282051282099284
11193,CABAL COOP. LTDA.,LINK,Av. Cabildo 2945,Nuñez,Comuna 13,3,100-150 m,17.0,0.03920685613180504,433.5976325887913,6631.4932043018,0.06538461538458937
11197,BANCO HIPOTECARIO S.A.,LINK,Av. Cabildo 2971,Nuñez,Comuna 13,1,0-50 m,44.0,0.007841371226357887,5611.263480563061,5611.263480563061,1.0
11197,BANCO HIPOTECARIO S.A.,LINK,Av. Cabildo 2971,Nuñez,Comuna 13,2,50-100 m,111.0,0.023524113679051644,4718.562472296082,5611.263480563061,0.840909090909878
11197,BANCO HIPOTECARIO S.A.,LINK,Av. Cabildo 2971,Nuñez,Comuna 13,3,100-150 m,36.0,0.03920685613180504,918.2067513644993,5611.263480563061,0.16363636363629852
11194,BANCO DE LA CIUDAD DE BUENOS AIRES,LINK,"Av. Cabildo 3061, entre Quesada y Iberá",Nuñez,Comuna 13,1,0-50 m,60.0,0.007841371226357887,7651.722928040538,7651.722928040538,1.0
11194,BANCO DE LA CIUDAD DE BUENOS AIRES,LINK,"Av. Cabildo 3061, entre Quesada y Iberá",Nuñez,Comuna 13,2,50-100 m,27.0,0.023524113679051644,1147.758439207155,7651.722928040538,0.1500000000001404
11194,BANCO DE LA CIUDAD DE BUENOS AIRES,LINK,"Av. Cabildo 3061, entre Quesada y Iberá",Nuñez,Comuna 13,3,100-150 m,39.0,0.03920685613180504,994.7239806448741,7651.722928040538,0.12999999999994827
11198,BANCO DE LA PROVINCIA DE BUENOS AIRES,LINK,Av. Cabildo 3802,Saavedra,Comuna 12,1,0-50 m,61.0,0.007841371226357887,7779.2516435078805,7779.2516435078805,1.0
11198,BANCO DE LA PROVINCIA DE BUENOS AIRES,LINK,Av. Cabildo 3802,Saavedra,Comuna 12,2,50-100 m,57.0,0.023524113679051644,2423.0455938817718,7779.2516435078805,0.31147540983635713
11198,BANCO DE LA PROVINCIA DE BUENOS AIRES,LINK,Av. Cabildo 3802,Saavedra,Comuna 12,3,100-150 m,52.0,0.03920685613180504,1326.2986408598322,7779.2516435078805,0.17049180327862068
11773,BANCO DE LA CIUDAD DE BUENOS AIRES,LINK,Av. Cabildo 690 esquina Olleros,Colegiales,Comuna 13,1,0-50 m,221.0,0.007841371226357887,28183.84611828265,28183.84611828265,1.0
11773,BANCO DE LA CIUDAD DE BUENOS AIRES,LINK,Av. Cabildo 690 esquina Olleros,Colegiales,Comuna 13,2,50-100 m,36.0,0.023524113679051644,1530.34458560954,28183.84611828265,0.05429864253398747
11773,BANCO DE LA CIUDAD DE BUENOS AIRES,LINK,Av. Cabildo 690 esquina Olleros,Colegiales,Comuna 13,3,100-150 m,65.0,0.03920685613180504,1657.8733010747903,28183.84611828265,0.0588235294117413
10955,BANCO DE LA CIUDAD DE BUENOS AIRES,LINK,"Av. Cabildo s/n, entre J. Hernandez y La Pampa",,,1,0-50 m,51.0,0.007841371226357887,6503.964488834457,6503.964488834457,1.0
10955,BANCO DE LA CIUDAD DE BUENOS AIRES,LINK,"Av. Cabildo s/n, entre J. Hernandez y La Pampa",,,2,50-100 m,8.0,0.023524113679051644,340.0765745798978,6503.964488834457,0.05228758169939535
10955,BANCO DE LA CIUDAD DE BUENOS AIRES,LINK,"Av. Cabildo s/n, entre J. Hernandez y La Pampa",,,3,100-150 m,8.0,0.03920685613180504,204.04594474766648,6503.964488834457,0.03137254901959536
10954,BANCO DE LA CIUDAD DE BUENOS AIRES,LINK,"Av. Cabildo s/n, entre Olleros y Av. Federico Lacr",,,1,0-50 m,60.0,0.007841371226357887,7651.722928040538,7651.722928040538,1.0
10954,BANCO DE LA CIUDAD DE BUENOS AIRES,LINK,"Av. Cabildo s/n, entre Olleros y Av. Federico Lacr",,,2,50-100 m,1.0,0.023524113679051644,42.509571822487224,7651.722928040538,0.005555555555560756
10954,BANCO DE LA CIUDAD DE BUENOS AIRES,LINK,"Av. Cabildo s/n, entre Olleros y Av. Federico Lacr",,,3,100-150 m,2.0,0.03920685613180504,51.01148618691662,7651.722928040538,0.006666666666664014
10953,BANCO DE LA CIUDAD DE BUENOS AIRES,LINK,Av. Cabildo S/N esquina Congreso piso -,,,1,0-50 m,372.0,0.007841371226357887,47440.68215385134,47440.68215385134,1.0
10953,BANCO DE LA CIUDAD DE BUENOS AIRES,LINK,Av. Cabildo S/N esquina Congreso piso -,,,2,50-100 m,65.0,0.023524113679051644,2763.1221684616694,47440.68215385134,0.05824372759862082
10953,BANCO DE LA CIUDAD DE BUENOS AIRES,LINK,Av. Cabildo S/N esquina Congreso piso -,,,3,100-150 m,69.0,0.03920685613180504,1759.8962734486236,47440.68215385134,0.037096774193533626
11014,BANCO DE LA NACION ARGENTINA,LINK,Av. Callao 101,San Nicolas,Comuna 1,1,0-50 m,270.0,0.007841371226357887,34432.75317618242,34432.75317618242,1.0
11014,BANCO DE LA NACION ARGENTINA,LINK,Av. Callao 101,San Nicolas,Comuna 1,2,50-100 m,82.0,0.023524113679051644,3485.784889443952,34432.75317618242,0.10123456790132931
11014,BANCO DE LA NACION ARGENTINA,LINK,Av. Callao 101,San Nicolas,Comuna 1,3,100-150 m,15.0,0.03920685613180504,382.58614640187466,34432.75317618242,0.01111111111110669
10998,BANCO DE LA CIUDAD DE BUENOS AIRES,LINK,Av. Callao 1306,Recoleta,Comuna 2,1,0-50 m,21.0,0.007841371226357887,2678.1030248141883,2678.1030248141883,1.0
10998,BANCO DE LA CIUDAD DE BUENOS AIRES,LINK,Av. Callao 1306,Recoleta,Comuna 2,2,50-100 m,38.0,0.023524113679051644,1615.3637292545145,2678.1030248141883,0.6031746031751678
10998,BANCO DE LA CIUDAD DE BUENOS AIRES,LINK,Av. Callao 1306,Recoleta,Comuna 2,3,100-150 m,15.0,0.03920685613180504,382.58614640187466,2678.1030248141883,0.142857142857086
11045,BANCO DE LA PROVINCIA DE BUENOS AIRES,LINK,Av. Callao 201,San Nicolas,Comuna 1,1,0-50 m,138.0,0.007841371226357887,17598.962734493238,17598.962734493238,1.0
11045,BANCO DE LA PROVINCIA DE BUENOS AIRES,LINK,Av. Callao 201,San Nicolas,Comuna 1,2,50-100 m,21.0,0.023524113679051644,892.7010082722317,17598.962734493238,0.0507246376812069
11045,BANCO DE LA PROVINCIA DE BUENOS AIRES,LINK,Av. Callao 201,San Nicolas,Comuna 1,3,100-150 m,8.0,0.03920685613180504,204.04594474766648,17598.962734493238,0.01159420289854611
11184,BANCO DE LA CIUDAD DE BUENOS AIRES,LINK,Av. Callao 270,Balvanera,Comuna 3,1,0-50 m,27.0,0.007841371226357887,3443.2753176182423,3443.2753176182423,1.0
11184,BANCO DE LA CIUDAD DE BUENOS AIRES,LINK,Av. Callao 270,Balvanera,Comuna 3,2,50-100 m,2.0,0.023524113679051644,85.01914364497445,3443.2753176182423,0.02469135802471447
11184,BANCO DE LA CIUDAD DE BUENOS AIRES,LINK,Av. Callao 270,Balvanera,Comuna 3,3,100-150 m,1.0,0.03920685613180504,25.50574309345831,3443.2753176182423,0.0074074074074044595
11404,BANCO DE LA NACION ARGENTINA,LINK,Av. Callao 302,Balvanera,Comuna 3,1,0-50 m,50.0,0.007841371226357887,6376.435773367116,6376.435773367116,1.0
11404,BANCO DE LA NACION ARGENTINA,LINK,Av. Callao 302,Balvanera,Comuna 3,2,50-100 m,6.0,0.023524113679051644,255.05743093492333,6376.435773367116,0.040000000000037436
11404,BANCO DE LA NACION ARGENTINA,LINK,Av. Callao 302,Balvanera,Comuna 3,3,100-150 m,4.0,0.03920685613180504,102.02297237383324,6376.435773367116,0.01599999999999363
11166,BANCO DE LA CIUDAD DE BUENOS AIRES,LINK,Av. Callao S/N esquina Av. Corrientes,,,1,0-50 m,128.0,0.007841371226357887,16323.675579819816,16323.675579819816,1.0
11166,BANCO DE LA CIUDAD DE BUENOS AIRES,LINK,Av. Callao S/N esquina Av. Corrientes,,,2,50-100 m,16.0,0.023524113679051644,680.1531491597956,16323.675579819816,0.04166666666670567
11166,BANCO DE LA CIUDAD DE BUENOS AIRES,LINK,Av. Callao S/N esquina Av. Corrientes,,,3,100-150 m,3.0,0.03920685613180504,76.51722928037493,16323.675579819816,0.004687499999998134
11684,BANCO DE LA CIUDAD DE BUENOS AIRES,LINK,Av. Caseros 2061,Parque Patricios,Comuna 4,1,0-50 m,43.0,0.007841371226357887,5483.734765095719,5483.734765095719,1.0
11684,BANCO DE LA CIUDAD DE BUENOS AIRES,LINK,Av. Caseros 2061,Parque Patricios,Comuna 4,2,50-100 m,221.0,0.023524113679051644,9394.615372769676,5483.734765095719,1.713178294575247
11684,BANCO DE LA CIUDAD DE BUENOS AIRES,LINK,Av. Caseros 2061,Parque Patricios,Comuna 4,3,100-150 m,264.0,0.03920685613180504,6733.516176672994,5483.734765095719,1.2279069767436974
11687,BANCO DE LA CIUDAD DE BUENOS AIRES,LINK,"Av. Caseros 2736, entre Catamarca y Lavardén",Parque Patricios,Comuna 4,1,0-50 m,71.0,0.007841371226357887,9054.538798181304,9054.538798181304,1.0
11687,BANCO DE LA CIUDAD DE BUENOS AIRES,LINK,"Av. Caseros 2736, entre Catamarca y Lavardén",Parque Patricios,Comuna 4,2,50-100 m,80.0,0.023524113679051644,3400.7657457989776,9054.538798181304,0.37558685446044543
11687,BANCO DE LA CIUDAD DE BUENOS AIRES,LINK,"Av. Caseros 2736, entre Catamarca y Lavardén",Parque Patricios,Comuna 4,3,100-150 m,31.0,0.03920685613180504,790.6780358972077,9054.538798181304,0.08732394366193709
11686,BANCO DE LA CIUDAD DE BUENOS AIRES,LINK,Av. Caseros 2890,Parque Patricios,Comuna 4,1,0-50 m,10.0,0.007841371226357887,1275.2871546734232,1275.2871546734232,1.0
11686,BANCO DE LA CIUDAD DE BUENOS AIRES,LINK,Av. Caseros 2890,Parque Patricios,Comuna 4,2,50-100 m,4.0,0.023524113679051644,170.0382872899489,1275.2871546734232,0.13333333333345812
11686,BANCO DE LA CIUDAD DE BUENOS AIRES,LINK,Av. Caseros 2890,Parque Patricios,Comuna 4,3,100-150 m,1.0,0.03920685613180504,25.50574309345831,1275.2871546734232,0.019999999999992038
11682,BANCO DE LA NACION ARGENTINA,LINK,Av. Caseros 2902,Parque Patricios,Comuna 4,1,0-50 m,81.0,0.007841371226357887,10329.825952854728,10329.825952854728,1.0
11682,BANCO DE LA NACION ARGENTINA,LINK,Av. Caseros 2902,Parque Patricios,Comuna 4,2,50-100 m,13.0,0.023524113679051644,552.6244336923339,10329.825952854728,0.053497942386881346
11682,BANCO DE LA NACION ARGENTINA,LINK,Av. Caseros 2902,Parque Patricios,Comuna 4,3,100-150 m,6.0,0.03920685613180504,153.03445856074987,10329.825952854728,0.014814814814808917
11689,BANCO DE LA PROVINCIA DE BUENOS AIRES,LINK,Av. Caseros 2935,Parque Patricios,Comuna 4,1,0-50 m,26.0,0.007841371226357887,3315.7466021509,3315.7466021509,1.0
11689,BANCO DE LA PROVINCIA DE BUENOS AIRES,LINK,Av. Caseros 2935,Parque Patricios,Comuna 4,2,50-100 m,16.0,0.023524113679051644,680.1531491597956,3315.7466021509,0.20512820512839713
11689,BANCO DE LA PROVINCIA DE BUENOS AIRES,LINK,Av. Caseros 2935,Parque Patricios,Comuna 4,3,100-150 m,1.0,0.03920685613180504,25.50574309345831,3315.7466021509,0.007692307692304631
11688,BANCO DE LA CIUDAD DE BUENOS AIRES,LINK,Av. Caseros 2980 esquina Dean Funes,Parque Patricios,Comuna 4,1,0-50 m,351.0,0.007841371226357887,44762.57912903715,44762.57912903715,1.0
11688,BANCO DE LA CIUDAD DE BUENOS AIRES,LINK,Av. Caseros 2980 esquina Dean Funes,Parque Patricios,Comuna 4,2,50-100 m,27.0,0.023524113679051644,1147.758439207155,44762.57912903715,0.025641025641049642
11688,BANCO DE LA CIUDAD DE BUENOS AIRES,LINK,Av. Caseros 2980 esquina Dean Funes,Parque Patricios,Comuna 4,3,100-150 m,25.0,0.03920685613180504,637.6435773364578,44762.57912903715,0.014245014245008578
11685,CABAL COOP. LTDA.,LINK,Av. Caseros 3267,Parque Patricios,Comuna 4,1,0-50 m,41.0,0.007841371226357887,5228.677334161035,5228.677334161035,1.0
11685,CABAL COOP. LTDA.,LINK,Av. Caseros 3267,Parque Patricios,Comuna 4,2,50-100 m,89.0,0.023524113679051644,3783.3518922013627,5228.677334161035,0.7235772357730349
11685,CABAL COOP. LTDA.,LINK,Av. Caseros 3267,Parque Patricios,Comuna 4,3,100-150 m,76.0,0.03920685613180504,1938.4364751028318,5228.677334161035,0.3707317073169256
11727,BANCO DE LA CIUDAD DE BUENOS AIRES,LINK,Av. Cnel. Roca 5252,Villa Riachuelo,Comuna 8,1,0-50 m,0.0,0.007841371226357887,0.0,0.0,
11727,BANCO DE LA CIUDAD DE BUENOS AIRES,LINK,Av. Cnel. Roca 5252,Villa Riachuelo,Comuna 8,2,50-100 m,8.0,0.023524113679051644,340.0765745798978,0.0,
11727,BANCO DE LA CIUDAD DE BUENOS AIRES,LINK,Av. Cnel. Roca 5252,Villa Riachuelo,Comuna 8,3,100-150 m,46.0,0.03920685613180504,1173.2641822990824,0.0,
11732,CAJERO EXPRESS,LINK,Av. Cnel. Roca 6787,Villa Riachuelo,Comuna 8,1,0-50 m,9.0,0.007841371226357887,1147.7584392060808,1147.7584392060808,1.0
11732,CAJERO EXPRESS,LINK,Av. Cnel. Roca 6787,Villa Riachuelo,Comuna 8,2,50-100 m,26.0,0.023524113679051644,1105.2488673846678,1147.7584392060808,0.9629629629638643
11732,CAJERO EXPRESS,LINK,Av. Cnel. Roca 6787,Villa Riachuelo,Comuna 8,3,100-150 m,14.0,0.03920685613180504,357.08040330841635,1147.7584392060808,0.31111111111098727
11711,BANCO DE LA CIUDAD DE BUENOS AIRES,LINK,Av. Comodoro Py 2002,Retiro,Comuna 1,1,0-50 m,3.0,0.007841371226357887,382.58614640202694,382.58614640202694,1.0
11711,BANCO DE LA CIUDAD DE BUENOS AIRES,LINK,Av. Comodoro Py 2002,Retiro,Comuna 1,2,50-100 m,4.0,0.023524113679051644,170.0382872899489,382.58614640202694,0.4444444444448604
11711,BANCO DE LA CIUDAD DE BUENOS AIRES,LINK,Av. Comodoro Py 2002,Retiro,Comuna 1,3,100-150 m,118.0,0.03920685613180504,3009.6776850280808,382.58614640202694,7.866666666663535
11722,BANCO DE LA NACION ARGENTINA,LINK,Av. Comodoro Py 2055,Retiro,Comuna 1,1,0-50 m,12.0,0.007841371226357887,1530.3445856081078,1530.3445856081078,1.0
11722,BANCO DE LA NACION ARGENTINA,LINK,Av. Comodoro Py 2055,Retiro,Comuna 1,2,50-100 m,73.0,0.023524113679051644,3103.1987430415675,1530.3445856081078,2.0277777777796757
11722,BANCO DE LA NACION ARGENTINA,LINK,Av. Comodoro Py 2055,Retiro,Comuna 1,3,100-150 m,20.0,0.03920685613180504,510.11486186916625,1530.3445856081078,0.3333333333332007
11231,BANCO DE LA NACION ARGENTINA,LINK,Av. Constituyentes 5451,Villa Urquiza,Comuna 12,1,0-50 m,8.0,0.007841371226357887,1020.2297237387385,1020.2297237387385,1.0
11231,BANCO DE LA NACION ARGENTINA,LINK,Av. Constituyentes 5451,Villa Urquiza,Comuna 12,2,50-100 m,71.0,0.023524113679051644,3018.179599396593,1020.2297237387385,2.9583333333361024
11231,BANCO DE LA NACION ARGENTINA,LINK,Av. Constituyentes 5451,Villa Urquiza,Comuna 12,3,100-150 m,93.0,0.03920685613180504,2372.034107691623,1020.2297237387385,2.3249999999990747
10989,CABAL COOP. LTDA.,LINK,Av. Cordoba 1527,Recoleta,Comuna 2,1,0-50 m,17.0,0.007841371226357887,2167.988162944819,2167.988162944819,1.0
10989,CABAL COOP. LTDA.,LINK,Av. Cordoba 1527,Recoleta,Comuna 2,2,50-100 m,8.0,0.023524113679051644,340.0765745798978,2167.988162944819,0.15686274509818604
10989,CABAL COOP. LTDA.,LINK,Av. Cordoba 1527,Recoleta,Comuna 2,3,100-150 m,0.0,0.03920685613180504,0.0,2167.988162944819,0.0
11002,CABAL COOP. LTDA.,LINK,Av. Córdoba 1527,Recoleta,Comuna 2,1,0-50 m,128.0,0.007841371226357887,16323.675579819816,16323.675579819816,1.0
11002,CABAL COOP. LTDA.,LINK,Av. Córdoba 1527,Recoleta,Comuna 2,2,50-100 m,17.0,0.023524113679051644,722.6627209822827,16323.675579819816,0.04427083333337477
11002,CABAL COOP. LTDA.,LINK,Av. Córdoba 1527,Recoleta,Comuna 2,3,100-150 m,0.0,0.03920685613180504,0.0,16323.675579819816,0.0
10990,BANCO DE LA CIUDAD DE BUENOS AIRES,LINK,Av. Cordoba 2543,Recoleta,Comuna 2,1,0-50 m,39.0,0.007841371226357887,4973.61990322635,4973.61990322635,1.0
10990,BANCO DE LA CIUDAD DE BUENOS AIRES,LINK,Av. Cordoba 2543,Recoleta,Comuna 2,2,50-100 m,164.0,0.023524113679051644,6971.569778887904,4973.61990322635,1.4017094017107135
10990,BANCO DE LA CIUDAD DE BUENOS AIRES,LINK,Av. Cordoba 2543,Recoleta,Comuna 2,3,100-150 m,96.0,0.03920685613180504,2448.551336971998,4973.61990322635,0.4923076923074964
11209,BANCO DE LA NACION ARGENTINA,LINK,Av. Córdoba 4402,Villa Crespo,Comuna 15,1,0-50 m,86.0,0.007841371226357887,10967.469530191438,10967.469530191438,1.0
11209,BANCO DE LA NACION ARGENTINA,LINK,Av. Córdoba 4402,Villa Crespo,Comuna 15,2,50-100 m,70.0,0.023524113679051644,2975.6700275741055,10967.469530191438,0.2713178294576183
11209,BANCO DE LA NACION ARGENTINA,LINK,Av. Córdoba 4402,Villa Crespo,Comuna 15,3,100-150 m,186.0,0.03920685613180504,4744.068215383246,10967.469530191438,0.4325581395347116
11792,BANCO DE LA CIUDAD DE BUENOS AIRES,LINK,"Av. Córdoba 5991, entre Arévalo y Av. Dorrego",Palermo,Comuna 14,1,0-50 m,85.0,0.007841371226357887,10839.940814724096,10839.940814724096,1.0
11792,BANCO DE LA CIUDAD DE BUENOS AIRES,LINK,"Av. Córdoba 5991, entre Arévalo y Av. Dorrego",Palermo,Comuna 14,2,50-100 m,37.0,0.023524113679051644,1572.8541574320273,10839.940814724096,0.1450980392158221
11792,BANCO DE LA CIUDAD DE BUENOS AIRES,LINK,"Av. Córdoba 5991, entre Arévalo y Av. Dorrego",Palermo,Comuna 14,3,100-150 m,65.0,0.03920685613180504,1657.8733010747903,10839.940814724096,0.15294117647052738
11765,BANCO DE LA CIUDAD DE BUENOS AIRES,LINK,Av. Cordoba 6103 esquina Concepción Arenal,Chacarita,Comuna 15,1,0-50 m,22.0,0.007841371226357887,2805.6317402815307,2805.6317402815307,1.0
11765,BANCO DE LA CIUDAD DE BUENOS AIRES,LINK,Av. Cordoba 6103 esquina Concepción Arenal,Chacarita,Comuna 15,2,50-100 m,24.0,0.023524113679051644,1020.2297237396933,2805.6317402815307,0.363636363636704
11765,BANCO DE LA CIUDAD DE BUENOS AIRES,LINK,Av. Cordoba 6103 esquina Concepción Arenal,Chacarita,Comuna 15,3,100-150 m,50.0,0.03920685613180504,1275.2871546729157,2805.6317402815307,0.45454545454527373
11705,BANCO DE LA CIUDAD DE BUENOS AIRES,LINK,"Av. Córdoba 675, entre Florida y Maipu",Retiro,Comuna 1,1,0-50 m,27.0,0.007841371226357887,3443.2753176182423,3443.2753176182423,1.0
11705,BANCO DE LA CIUDAD DE BUENOS AIRES,LINK,"Av. Córdoba 675, entre Florida y Maipu",Retiro,Comuna 1,2,50-100 m,8.0,0.023524113679051644,340.0765745798978,3443.2753176182423,0.09876543209885788
11705,BANCO DE LA CIUDAD DE BUENOS AIRES,LINK,"Av. Córdoba 675, entre Florida y Maipu",Retiro,Comuna 1,3,100-150 m,16.0,0.03920685613180504,408.09188949533296,3443.2753176182423,0.11851851851847135
11037,BANCO DE LA PROVINCIA DE BUENOS AIRES,LINK,"Av. Córdoba 924/34, entre Suipacha y Carlos Pelleg",San Nicolas,Comuna 1,1,0-50 m,37.0,0.007841371226357887,4718.5624722916655,4718.5624722916655,1.0
11037,BANCO DE LA PROVINCIA DE BUENOS AIRES,LINK,"Av. Córdoba 924/34, entre Suipacha y Carlos Pelleg",San Nicolas,Comuna 1,2,50-100 m,46.0,0.023524113679051644,1955.4403038344121,4718.5624722916655,0.41441441441480226
11037,BANCO DE LA PROVINCIA DE BUENOS AIRES,LINK,"Av. Córdoba 924/34, entre Suipacha y Carlos Pelleg",San Nicolas,Comuna 1,3,100-150 m,75.0,0.03920685613180504,1912.9307320093733,4718.5624722916655,0.40540540540524406
11170,BANCO DE LA CIUDAD DE BUENOS AIRES,LINK,"Av. Cordoba s/n, entre Uriburu y Junin",,,1,0-50 m,194.0,0.007841371226357887,24740.57080066441,24740.57080066441,1.0
11170,BANCO DE LA CIUDAD DE BUENOS AIRES,LINK,"Av. Cordoba s/n, entre Uriburu y Junin",,,2,50-100 m,38.0,0.023524113679051644,1615.3637292545145,24740.57080066441,0.06529209621999238
11170,BANCO DE LA CIUDAD DE BUENOS AIRES,LINK,"Av. Cordoba s/n, entre Uriburu y Junin",,,3,100-150 m,27.0,0.03920685613180504,688.6550635233745,24740.57080066441,0.027835051546380676
11022,BANCO DE LA CIUDAD DE BUENOS AIRES,LINK,"Av. Corrientes 1418, entre Uruguay y Paraná",San Nicolas,Comuna 1,1,0-50 m,49.0,0.007841371226357887,6248.9070578997735,6248.9070578997735,1.0
11022,BANCO DE LA CIUDAD DE BUENOS AIRES,LINK,"Av. Corrientes 1418, entre Uruguay y Paraná",San Nicolas,Comuna 1,2,50-100 m,12.0,0.023524113679051644,510.11486186984666,6248.9070578997735,0.08163265306130088
11022,BANCO DE LA CIUDAD DE BUENOS AIRES,LINK,"Av. Corrientes 1418, entre Uruguay y Paraná",San Nicolas,Comuna 1,3,100-150 m,0.0,0.03920685613180504,0.0,6248.9070578997735,0.0
11039,CABAL COOP. LTDA.,LINK,Av. Corrientes 1574,San Nicolas,Comuna 1,1,0-50 m,74.0,0.007841371226357887,9437.124944583331,9437.124944583331,1.0
11039,CABAL COOP. LTDA.,LINK,Av. Corrientes 1574,San Nicolas,Comuna 1,2,50-100 m,10.0,0.023524113679051644,425.0957182248722,9437.124944583331,0.045045045045087204
11039,CABAL COOP. LTDA.,LINK,Av. Corrientes 1574,San Nicolas,Comuna 1,3,100-150 m,6.0,0.03920685613180504,153.03445856074987,9437.124944583331,0.016216216216209764
11191,CABAL COOP. LTDA.,LINK,Av Corrientes 1813,Balvanera,Comuna 3,1,0-50 m,174.0,0.007841371226357887,22189.99649131756,22189.99649131756,1.0
11191,CABAL COOP. LTDA.,LINK,Av Corrientes 1813,Balvanera,Comuna 3,2,50-100 m,44.0,0.023524113679051644,1870.4211601894378,22189.99649131756,0.0842911877395425
11191,CABAL COOP. LTDA.,LINK,Av Corrientes 1813,Balvanera,Comuna 3,3,100-150 m,391.0,0.03920685613180504,9972.7455495422,22189.99649131756,0.449425287356143
11162,BANCO DE LA NACION ARGENTINA,LINK,Av. Corrientes 2156,Balvanera,Comuna 3,1,0-50 m,22.0,0.007841371226357887,2805.6317402815307,2805.6317402815307,1.0
11162,BANCO DE LA NACION ARGENTINA,LINK,Av. Corrientes 2156,Balvanera,Comuna 3,2,50-100 m,156.0,0.023524113679051644,6631.493204308007,2805.6317402815307,2.363636363638576
11162,BANCO DE LA NACION ARGENTINA,LINK,Av. Corrientes 2156,Balvanera,Comuna 3,3,100-150 m,49.0,0.03920685613180504,1249.7814115794572,2805.6317402815307,0.4454545454543682
11163,CABAL COOP. LTDA.,LINK,Av. Corrientes 2187,Balvanera,Comuna 3,1,0-50 m,32.0,0.007841371226357887,4080.918894954954,4080.918894954954,1.0
11163,CABAL COOP. LTDA.,LINK,Av. Corrientes 2187,Balvanera,Comuna 3,2,50-100 m,2.0,0.023524113679051644,85.01914364497445,4080.918894954954,0.020833333333352834
11163,CABAL COOP. LTDA.,LINK,Av. Corrientes 2187,Balvanera,Comuna 3,3,100-150 m,2.0,0.03920685613180504,51.01148618691662,4080.918894954954,0.012499999999995026
11178,BANCO DE LA CIUDAD DE BUENOS AIRES,LINK,"Av. Corrientes 2528, entre Larrea y Paso",Balvanera,Comuna 3,1,0-50 m,288.0,0.007841371226357887,36728.270054594585,36728.270054594585,1.0
11178,BANCO DE LA CIUDAD DE BUENOS AIRES,LINK,"Av. Corrientes 2528, entre Larrea y Paso",Balvanera,Comuna 3,2,50-100 m,66.0,0.023524113679051644,2805.631740284157,36728.270054594585,0.0763888888889604
11178,BANCO DE LA CIUDAD DE BUENOS AIRES,LINK,"Av. Corrientes 2528, entre Larrea y Paso",Balvanera,Comuna 3,3,100-150 m,38.0,0.03920685613180504,969.2182375514159,36728.270054594585,0.02638888888887839
11190,BANCO DE COMERCIO,LINK,Av Corrientes 2587 esquina Paso,Balvanera,Comuna 3,1,0-50 m,307.0,0.007841371226357887,39151.31564847409,39151.31564847409,1.0
11190,BANCO DE COMERCIO,LINK,Av Corrientes 2587 esquina Paso,Balvanera,Comuna 3,2,50-100 m,292.0,0.023524113679051644,12412.79497216627,39151.31564847409,0.31704668838249
11190,BANCO DE COMERCIO,LINK,Av Corrientes 2587 esquina Paso,Balvanera,Comuna 3,3,100-150 m,84.0,0.03920685613180504,2142.482419850498,39151.31564847409,0.05472312703580883
11179,BANCO DE LA CIUDAD DE BUENOS AIRES,LINK,"Av. Corrientes 3153, entre Jean Jaures y Anchorena",Balvanera,Comuna 3,1,0-50 m,53.0,0.007841371226357887,6759.021919769142,6759.021919769142,1.0
11179,BANCO DE LA CIUDAD DE BUENOS AIRES,LINK,"Av. Corrientes 3153, entre Jean Jaures y Anchorena",Balvanera,Comuna 3,2,50-100 m,24.0,0.023524113679051644,1020.2297237396933,6759.021919769142,0.15094339622655636
11179,BANCO DE LA CIUDAD DE BUENOS AIRES,LINK,"Av. Corrientes 3153, entre Jean Jaures y Anchorena",Balvanera,Comuna 3,3,100-150 m,4.0,0.03920685613180504,102.02297237383324,6759.021919769142,0.015094339622635502
11186,BANCO HIPOTECARIO S.A.,LINK,Av. Corrientes 3247,Balvanera,Comuna 3,1,0-50 m,337.0,0.007841371226357887,42977.177112494355,42977.177112494355,1.0
11186,BANCO HIPOTECARIO S.A.,LINK,Av. Corrientes 3247,Balvanera,Comuna 3,2,50-100 m,8.0,0.023524113679051644,340.0765745798978,42977.177112494355,0.007912957467861017
11186,BANCO HIPOTECARIO S.A.,LINK,Av. Corrientes 3247,Balvanera,Comuna 3,3,100-150 m,42.0,0.03920685613180504,1071.241209925249,42977.177112494355,0.024925816023728953
11173,CABAL COOP. LTDA.,LINK,Av. Corrientes 3300,Balvanera,Comuna 3,1,0-50 m,70.0,0.007841371226357887,8927.010082713961,8927.010082713961,1.0
11173,CABAL COOP. LTDA.,LINK,Av. Corrientes 3300,Balvanera,Comuna 3,2,50-100 m,7.0,0.023524113679051644,297.56700275741053,8927.010082713961,0.03333333333336453
11173,CABAL COOP. LTDA.,LINK,Av. Corrientes 3300,Balvanera,Comuna 3,3,100-150 m,7.0,0.03920685613180504,178.54020165420818,8927.010082713961,0.01999999999999204
11164,BANCO DE LA NACION ARGENTINA,LINK,Av. Corrientes 3302,Balvanera,Comuna 3,1,0-50 m,101.0,0.007841371226357887,12880.400262201572,12880.400262201572,1.0
11164,BANCO DE LA NACION ARGENTINA,LINK,Av. Corrientes 3302,Balvanera,Comuna 3,2,50-100 m,39.0,0.023524113679051644,1657.8733010770018,12880.400262201572,0.1287128712872492
11164,BANCO DE LA NACION ARGENTINA,LINK,Av. Corrientes 3302,Balvanera,Comuna 3,3,100-150 m,13.0,0.03920685613180504,331.57466021495804,12880.400262201572,0.0257425742574155
11029,BANCO DE LA NACION ARGENTINA,LINK,Av. Corrientes 345,San Nicolas,Comuna 1,1,0-50 m,41.0,0.007841371226357887,5228.677334161035,5228.677334161035,1.0
11029,BANCO DE LA NACION ARGENTINA,LINK,Av. Corrientes 345,San Nicolas,Comuna 1,2,50-100 m,1.0,0.023524113679051644,42.509571822487224,5228.677334161035,0.008130081300820617
11029,BANCO DE LA NACION ARGENTINA,LINK,Av. Corrientes 345,San Nicolas,Comuna 1,3,100-150 m,0.0,0.03920685613180504,0.0,5228.677334161035,0.0
11420,BANCO HIPOTECARIO S.A.,LINK,Av. Corrientes 3820,Almagro,Comuna 5,1,0-50 m,90.0,0.007841371226357887,11477.584392060808,11477.584392060808,1.0
11420,BANCO HIPOTECARIO S.A.,LINK,Av. Corrientes 3820,Almagro,Comuna 5,2,50-100 m,27.0,0.023524113679051644,1147.758439207155,11477.584392060808,0.1000000000000936
11420,BANCO HIPOTECARIO S.A.,LINK,Av. Corrientes 3820,Almagro,Comuna 5,3,100-150 m,65.0,0.03920685613180504,1657.8733010747903,11477.584392060808,0.14444444444438698
11415,BANCO DE LA PROVINCIA DE BUENOS AIRES,LINK,Av. Corrientes 4043,Almagro,Comuna 5,1,0-50 m,136.0,0.007841371226357887,17343.905303558553,17343.905303558553,1.0
11415,BANCO DE LA PROVINCIA DE BUENOS AIRES,LINK,Av. Corrientes 4043,Almagro,Comuna 5,2,50-100 m,114.0,0.023524113679051644,4846.0911877635435,17343.905303558553,0.2794117647061439
11415,BANCO DE LA PROVINCIA DE BUENOS AIRES,LINK,Av. Corrientes 4043,Almagro,Comuna 5,3,100-150 m,28.0,0.03920685613180504,714.1608066168327,17343.905303558553,0.04117647058821891
11417,BANCO DE LA CIUDAD DE BUENOS AIRES,LINK,Av. Corrientes 4055 esquina Medrano,Almagro,Comuna 5,1,0-50 m,27.0,0.007841371226357887,3443.2753176182423,3443.2753176182423,1.0
11417,BANCO DE LA CIUDAD DE BUENOS AIRES,LINK,Av. Corrientes 4055 esquina Medrano,Almagro,Comuna 5,2,50-100 m,572.0,0.023524113679051644,24315.47508246269,3443.2753176182423,7.061728395068338
11417,BANCO DE LA CIUDAD DE BUENOS AIRES,LINK,Av. Corrientes 4055 esquina Medrano,Almagro,Comuna 5,3,100-150 m,92.0,0.03920685613180504,2346.528364598165,3443.2753176182423,0.6814814814812103
11416,CABAL COOP. LTDA.,LINK,Av. Corrientes 4124/28,Almagro,Comuna 5,1,0-50 m,55.0,0.007841371226357887,7014.079350703827,7014.079350703827,1.0
11416,CABAL COOP. LTDA.,LINK,Av. Corrientes 4124/28,Almagro,Comuna 5,2,50-100 m,12.0,0.023524113679051644,510.11486186984666,7014.079350703827,0.0727272727273408
11416,CABAL COOP. LTDA.,LINK,Av. Corrientes 4124/28,Almagro,Comuna 5,3,100-150 m,7.0,0.03920685613180504,178.54020165420818,7014.079350703827,0.025454545454535325
11418,BANCO DE LA NACION ARGENTINA,LINK,"Av. Corrientes 4279, entre Gascón y Palestina",Almagro,Comuna 5,1,0-50 m,101.0,0.007841371226357887,12880.400262201572,12880.400262201572,1.0
11418,BANCO DE LA NACION ARGENTINA,LINK,"Av. Corrientes 4279, entre Gascón y Palestina",Almagro,Comuna 5,2,50-100 m,40.0,0.023524113679051644,1700.3828728994888,12880.400262201572,0.13201320132025557
11418,BANCO DE LA NACION ARGENTINA,LINK,"Av. Corrientes 4279, entre Gascón y Palestina",Almagro,Comuna 5,3,100-150 m,93.0,0.03920685613180504,2372.034107691623,12880.400262201572,0.18415841584151088
11213,BANCO DE LA CIUDAD DE BUENOS AIRES,LINK,Av. Corrientes 5066 esquina Araoz,Villa Crespo,Comuna 15,1,0-50 m,27.0,0.007841371226357887,3443.2753176182423,3443.2753176182423,1.0
11213,BANCO DE LA CIUDAD DE BUENOS AIRES,LINK,Av. Corrientes 5066 esquina Araoz,Villa Crespo,Comuna 15,2,50-100 m,31.0,0.023524113679051644,1317.796726497104,3443.2753176182423,0.38271604938307424
11213,BANCO DE LA CIUDAD DE BUENOS AIRES,LINK,Av. Corrientes 5066 esquina Araoz,Villa Crespo,Comuna 15,3,100-150 m,75.0,0.03920685613180504,1912.9307320093733,3443.2753176182423,0.5555555555553344
11212,BANCO DE LA CIUDAD DE BUENOS AIRES,LINK,Av. Corrientes 5273,Villa Crespo,Comuna 15,1,0-50 m,128.0,0.007841371226357887,16323.675579819816,16323.675579819816,1.0
11212,BANCO DE LA CIUDAD DE BUENOS AIRES,LINK,Av. Corrientes 5273,Villa Crespo,Comuna 15,2,50-100 m,5.0,0.023524113679051644,212.5478591124361,16323.675579819816,0.013020833333345519
11212,BANCO DE LA CIUDAD DE BUENOS AIRES,LINK,Av. Corrientes 5273,Villa Crespo,Comuna 15,3,100-150 m,1.0,0.03920685613180504,25.50574309345831,16323.675579819816,0.0015624999999993782
11205,BANCO DE LA PROVINCIA DE BUENOS AIRES,LINK,Av. Corrientes 5399,Villa Crespo,Comuna 15,1,0-50 m,11.0,0.007841371226357887,1402.8158701407654,1402.8158701407654,1.0
11205,BANCO DE LA PROVINCIA DE BUENOS AIRES,LINK,Av. Corrientes 5399,Villa Crespo,Comuna 15,2,50-100 m,3.0,0.023524113679051644,127.52871546746167,1402.8158701407654,0.090909090909176
11205,BANCO DE LA PROVINCIA DE BUENOS AIRES,LINK,Av. Corrientes 5399,Villa Crespo,Comuna 15,3,100-150 m,2.0,0.03920685613180504,51.01148618691662,1402.8158701407654,0.036363636363621894
11208,BANCO DE LA NACION ARGENTINA,LINK,Av. Corrientes 5401,Villa Crespo,Comuna 15,1,0-50 m,21.0,0.007841371226357887,2678.1030248141883,2678.1030248141883,1.0
11208,BANCO DE LA NACION ARGENTINA,LINK,Av. Corrientes 5401,Villa Crespo,Comuna 15,2,50-100 m,26.0,0.023524113679051644,1105.2488673846678,2678.1030248141883,0.41269841269879903
11208,BANCO DE LA NACION ARGENTINA,LINK,Av. Corrientes 5401,Villa Crespo,Comuna 15,3,100-150 m,7.0,0.03920685613180504,178.54020165420818,2678.1030248141883,0.06666666666664015
11169,BANCO DE LA CIUDAD DE BUENOS AIRES,LINK,Av. Corrientes S/N esquina Aguero,,,1,0-50 m,597.0,0.007841371226357887,76134.64313400336,76134.64313400336,1.0
11169,BANCO DE LA CIUDAD DE BUENOS AIRES,LINK,Av. Corrientes S/N esquina Aguero,,,2,50-100 m,76.0,0.023524113679051644,3230.727458509029,76134.64313400336,0.04243439419322788
11169,BANCO DE LA CIUDAD DE BUENOS AIRES,LINK,Av. Corrientes S/N esquina Aguero,,,3,100-150 m,122.0,0.03920685613180504,3111.700657401914,76134.64313400336,0.04087102177552813
11768,BANCO DE LA CIUDAD DE BUENOS AIRES,LINK,Av. Corrientes s/n esquina Dorrego,,,1,0-50 m,447.0,0.007841371226357887,57005.33581390201,57005.33581390201,1.0
11768,BANCO DE LA CIUDAD DE BUENOS AIRES,LINK,Av. Corrientes s/n esquina Dorrego,,,2,50-100 m,51.0,0.023524113679051644,2167.988162946848,57005.33581390201,0.038031319910550136
11768,BANCO DE LA CIUDAD DE BUENOS AIRES,LINK,Av. Corrientes s/n esquina Dorrego,,,3,100-150 m,61.0,0.03920685613180504,1555.850328700957,57005.33581390201,0.027293064876946636
11767,BANCO DE LA CIUDAD DE BUENOS AIRES,LINK,Av. Corrientes s/n esquina Federico Lacroce,,,1,0-50 m,108.0,0.007841371226357887,13773.10127047297,13773.10127047297,1.0
11767,BANCO DE LA CIUDAD DE BUENOS AIRES,LINK,Av. Corrientes s/n esquina Federico Lacroce,,,2,50-100 m,114.0,0.023524113679051644,4846.0911877635435,13773.10127047297,0.35185185185218115
11767,BANCO DE LA CIUDAD DE BUENOS AIRES,LINK,Av. Corrientes s/n esquina Federico Lacroce,,,3,100-150 m,27.0,0.03920685613180504,688.6550635233745,13773.10127047297,0.04999999999998011
11168,BANCO DE LA CIUDAD DE BUENOS AIRES,LINK,Av. Corrientes S/N esquina Pasteur,,,1,0-50 m,540.0,0.007841371226357887,68865.50635236484,68865.50635236484,1.0
11168,BANCO DE LA CIUDAD DE BUENOS AIRES,LINK,Av. Corrientes S/N esquina Pasteur,,,2,50-100 m,244.0,0.023524113679051644,10372.335524686883,68865.50635236484,0.15061728395075827
11168,BANCO DE LA CIUDAD DE BUENOS AIRES,LINK,Av. Corrientes S/N esquina Pasteur,,,3,100-150 m,4.0,0.03920685613180504,102.02297237383324,68865.50635236484,0.001481481481480892
11165,BANCO DE LA CIUDAD DE BUENOS AIRES,LINK,Av. Corrientes S/N esquina Pueyrredon,,,1,0-50 m,1905.0,0.007841371226357887,242942.20296528708,242942.20296528708,1.0
11165,BANCO DE LA CIUDAD DE BUENOS AIRES,LINK,Av. Corrientes S/N esquina Pueyrredon,,,2,50-100 m,578.0,0.023524113679051644,24570.532513397615,242942.20296528708,0.10113735783036588
11165,BANCO DE LA CIUDAD DE BUENOS AIRES,LINK,Av. Corrientes S/N esquina Pueyrredon,,,3,100-150 m,623.0,0.03920685613180504,15890.077947224529,242942.20296528708,0.0654068241469556
11167,BANCO DE LA CIUDAD DE BUENOS AIRES,LINK,Av. Corrientes S/N esquina Uruguay,,,1,0-50 m,90.0,0.007841371226357887,11477.584392060808,11477.584392060808,1.0
11167,BANCO DE LA CIUDAD DE BUENOS AIRES,LINK,Av. Corrientes S/N esquina Uruguay,,,2,50-100 m,33.0,0.023524113679051644,1402.8158701420784,11477.584392060808,0.12222222222233663
11167,BANCO DE LA CIUDAD DE BUENOS AIRES,LINK,Av. Corrientes S/N esquina Uruguay,,,3,100-150 m,8.0,0.03920685613180504,204.04594474766648,11477.584392060808,0.017777777777770704
10887,BANCO DE LA CIUDAD DE BUENOS AIRES,LINK,Av. Del Barco Centenera 2906,Nueva Pompeya,Comuna 4,1,0-50 m,8.0,0.007841371226357887,1020.2297237387385,1020.2297237387385,1.0
10887,BANCO DE LA CIUDAD DE BUENOS AIRES,LINK,Av. Del Barco Centenera 2906,Nueva Pompeya,Comuna 4,2,50-100 m,52.0,0.023524113679051644,2210.4977347693357,1020.2297237387385,2.1666666666686947
10887,BANCO DE LA CIUDAD DE BUENOS AIRES,LINK,Av. Del Barco Centenera 2906,Nueva Pompeya,Comuna 4,3,100-150 m,30.0,0.03920685613180504,765.1722928037493,1020.2297237387385,0.7499999999997015
11195,CABAL COOP. LTDA.,LINK,Av. Del Libertador 6335,Belgrano,Comuna 13,1,0-50 m,12.0,0.007841371226357887,1530.3445856081078,1530.3445856081078,1.0
11195,CABAL COOP. LTDA.,LINK,Av. Del Libertador 6335,Belgrano,Comuna 13,2,50-100 m,18.0,0.023524113679051644,765.17229280477,1530.3445856081078,0.500000000000468
11195,CABAL COOP. LTDA.,LINK,Av. Del Libertador 6335,Belgrano,Comuna 13,3,100-150 m,5.0,0.03920685613180504,127.52871546729156,1530.3445856081078,0.08333333333330017
11532,BANCO DE LA NACION ARGENTINA,LINK,Av. Del Libertador 8250,Nuñez,Comuna 13,1,0-50 m,18.0,0.007841371226357887,2295.5168784121615,2295.5168784121615,1.0
11532,BANCO DE LA NACION ARGENTINA,LINK,Av. Del Libertador 8250,Nuñez,Comuna 13,2,50-100 m,38.0,0.023524113679051644,1615.3637292545145,2295.5168784121615,0.7037037037043623
11532,BANCO DE LA NACION ARGENTINA,LINK,Av. Del Libertador 8250,Nuñez,Comuna 13,3,100-150 m,14.0,0.03920685613180504,357.08040330841635,2295.5168784121615,0.15555555555549364
11710,BANCO DE LA CIUDAD DE BUENOS AIRES,LINK,Av. De Los Inmigrantes 1901,Retiro,Comuna 1,1,0-50 m,8.0,0.007841371226357887,1020.2297237387385,1020.2297237387385,1.0
11710,BANCO DE LA CIUDAD DE BUENOS AIRES,LINK,Av. De Los Inmigrantes 1901,Retiro,Comuna 1,2,50-100 m,0.0,0.023524113679051644,0.0,1020.2297237387385,0.0
11710,BANCO DE LA CIUDAD DE BUENOS AIRES,LINK,Av. De Los Inmigrantes 1901,Retiro,Comuna 1,3,100-150 m,7.0,0.03920685613180504,178.54020165420818,1020.2297237387385,0.17499999999993035
11702,BANCO DE LA CIUDAD DE BUENOS AIRES,LINK,Av. De Los Inmigrantes 1901 esquina Av. Antártida,Retiro,Comuna 1,1,0-50 m,30.0,0.007841371226357887,3825.861464020269,3825.861464020269,1.0
11702,BANCO DE LA CIUDAD DE BUENOS AIRES,LINK,Av. De Los Inmigrantes 1901 esquina Av. Antártida,Retiro,Comuna 1,2,50-100 m,3.0,0.023524113679051644,127.52871546746167,3825.861464020269,0.03333333333336453
11702,BANCO DE LA CIUDAD DE BUENOS AIRES,LINK,Av. De Los Inmigrantes 1901 esquina Av. Antártida,Retiro,Comuna 1,3,100-150 m,4.0,0.03920685613180504,102.02297237383324,3825.861464020269,0.026666666666656055
11723,BANCO DE LA NACION ARGENTINA,LINK,Av. De Los Inmigrantes 2048,Retiro,Comuna 1,1,0-50 m,10.0,0.007841371226357887,1275.2871546734232,1275.2871546734232,1.0
11723,BANCO DE LA NACION ARGENTINA,LINK,Av. De Los Inmigrantes 2048,Retiro,Comuna 1,2,50-100 m,70.0,0.023524113679051644,2975.6700275741055,1275.2871546734232,2.333333333335517
11723,BANCO DE LA NACION ARGENTINA,LINK,Av. De Los Inmigrantes 2048,Retiro,Comuna 1,3,100-150 m,37.0,0.03920685613180504,943.7124944579575,1275.2871546734232,0.7399999999997054
11394,BANCO DE LA NACION ARGENTINA,LINK,Av. De Mayo 1464,Monserrat,Comuna 1,1,0-50 m,82.0,0.007841371226357887,10457.35466832207,10457.35466832207,1.0
11394,BANCO DE LA NACION ARGENTINA,LINK,Av. De Mayo 1464,Monserrat,Comuna 1,2,50-100 m,20.0,0.023524113679051644,850.1914364497444,10457.35466832207,0.08130081300820616
11394,BANCO DE LA NACION ARGENTINA,LINK,Av. De Mayo 1464,Monserrat,Comuna 1,3,100-150 m,28.0,0.03920685613180504,714.1608066168327,10457.35466832207,0.06829268292680209
11388,BANCO DE LA CIUDAD DE BUENOS AIRES,LINK,Av. De Mayo 525,Monserrat,Comuna 1,1,0-50 m,244.0,0.007841371226357887,31117.006574031522,31117.006574031522,1.0
11388,BANCO DE LA CIUDAD DE BUENOS AIRES,LINK,Av. De Mayo 525,Monserrat,Comuna 1,2,50-100 m,115.0,0.023524113679051644,4888.600759586031,31117.006574031522,0.15710382513675908
11388,BANCO DE LA CIUDAD DE BUENOS AIRES,LINK,Av. De Mayo 525,Monserrat,Comuna 1,3,100-150 m,2.0,0.03920685613180504,51.01148618691662,31117.006574031522,0.0016393442622944295
11383,BANCO DE LA CIUDAD DE BUENOS AIRES,LINK,Av. De Mayo S/N esquina Bernardo De Yrigoyen piso,,,1,0-50 m,348.0,0.007841371226357887,44379.99298263512,44379.99298263512,1.0
11383,BANCO DE LA CIUDAD DE BUENOS AIRES,LINK,Av. De Mayo S/N esquina Bernardo De Yrigoyen piso,,,2,50-100 m,336.0,0.023524113679051644,14283.216132355707,44379.99298263512,0.32183908046007137
11383,BANCO DE LA CIUDAD DE BUENOS AIRES,LINK,Av. De Mayo S/N esquina Bernardo De Yrigoyen piso,,,3,100-150 m,154.0,0.03920685613180504,3927.88443639258,44379.99298263512,0.08850574712640157
11663,BANCO DE LA CIUDAD DE BUENOS AIRES,LINK,Av. Díaz Velez 5044,Caballito,Comuna 6,1,0-50 m,213.0,0.007841371226357887,27163.61639454391,27163.61639454391,1.0
11663,BANCO DE LA CIUDAD DE BUENOS AIRES,LINK,Av. Díaz Velez 5044,Caballito,Comuna 6,2,50-100 m,183.0,0.023524113679051644,7779.251643515162,27163.61639454391,0.28638497652608963
11663,BANCO DE LA CIUDAD DE BUENOS AIRES,LINK,Av. Díaz Velez 5044,Caballito,Comuna 6,3,100-150 m,84.0,0.03920685613180504,2142.482419850498,27163.61639454391,0.07887323943658832
11666,BANCO DE LA CIUDAD DE BUENOS AIRES,LINK,Av. Directorio 1251,Caballito,Comuna 6,1,0-50 m,35.0,0.007841371226357887,4463.505041356981,4463.505041356981,1.0
11666,BANCO DE LA CIUDAD DE BUENOS AIRES,LINK,Av. Directorio 1251,Caballito,Comuna 6,2,50-100 m,187.0,0.023524113679051644,7949.289930805111,4463.505041356981,1.780952380954048
11666,BANCO DE LA CIUDAD DE BUENOS AIRES,LINK,Av. Directorio 1251,Caballito,Comuna 6,3,100-150 m,80.0,0.03920685613180504,2040.459447476665,4463.505041356981,0.4571428571426753
10982,CABAL COOP. LTDA.,LINK,Av. Donato Alvarez 2137,Paternal,Comuna 15,1,0-50 m,28.0,0.007841371226357887,3570.8040330855847,3570.8040330855847,1.0
10982,CABAL COOP. LTDA.,LINK,Av. Donato Alvarez 2137,Paternal,Comuna 15,2,50-100 m,36.0,0.023524113679051644,1530.34458560954,3570.8040330855847,0.42857142857182967
10982,CABAL COOP. LTDA.,LINK,Av. Donato Alvarez 2137,Paternal,Comuna 15,3,100-150 m,16.0,0.03920685613180504,408.09188949533296,3570.8040330855847,0.11428571428566879
11215,CABAL COOP. LTDA.,LINK,Av. Dr. Honorio Pueyrredón 1891,Villa Crespo,Comuna 15,1,0-50 m,85.0,0.007841371226357887,10839.940814724096,10839.940814724096,1.0
11215,CABAL COOP. LTDA.,LINK,Av. Dr. Honorio Pueyrredón 1891,Villa Crespo,Comuna 15,2,50-100 m,37.0,0.023524113679051644,1572.8541574320273,10839.940814724096,0.1450980392158221
11215,CABAL COOP. LTDA.,LINK,Av. Dr. Honorio Pueyrredón 1891,Villa Crespo,Comuna 15,3,100-150 m,76.0,0.03920685613180504,1938.4364751028318,10839.940814724096,0.17882352941169355
11774,BANCO DE LA CIUDAD DE BUENOS AIRES,LINK,Av. Elcano 3174,Colegiales,Comuna 13,1,0-50 m,46.0,0.007841371226357887,5866.320911497746,5866.320911497746,1.0
11774,BANCO DE LA CIUDAD DE BUENOS AIRES,LINK,Av. Elcano 3174,Colegiales,Comuna 13,2,50-100 m,48.0,0.023524113679051644,2040.4594474793867,5866.320911497746,0.3478260869568473
11774,BANCO DE LA CIUDAD DE BUENOS AIRES,LINK,Av. Elcano 3174,Colegiales,Comuna 13,3,100-150 m,70.0,0.03920685613180504,1785.4020165420818,5866.320911497746,0.3043478260868354
11203,CABAL COOP. LTDA.,LINK,Av. Entre Ríos 1062,Constitucion,Comuna 1,1,0-50 m,40.0,0.007841371226357887,5101.148618693693,5101.148618693693,1.0
11203,CABAL COOP. LTDA.,LINK,Av. Entre Ríos 1062,Constitucion,Comuna 1,2,50-100 m,58.0,0.023524113679051644,2465.555165704259,5101.148618693693,0.48333333333378564
11203,CABAL COOP. LTDA.,LINK,Av. Entre Ríos 1062,Constitucion,Comuna 1,3,100-150 m,194.0,0.03920685613180504,4948.114160130913,5101.148618693693,0.969999999999614
11200,BANCO DE LA NACION ARGENTINA,LINK,Av. Entre Ríos 1201,San Cristobal,Comuna 3,1,0-50 m,295.0,0.007841371226357887,37620.97106286598,37620.97106286598,1.0
11200,BANCO DE LA NACION ARGENTINA,LINK,Av. Entre Ríos 1201,San Cristobal,Comuna 3,2,50-100 m,13.0,0.023524113679051644,552.6244336923339,37620.97106286598,0.014689265536736914
11200,BANCO DE LA NACION ARGENTINA,LINK,Av. Entre Ríos 1201,San Cristobal,Comuna 3,3,100-150 m,8.0,0.03920685613180504,204.04594474766648,37620.97106286598,0.0054237288135571635
11199,BANCO PIANO S.A.,LINK,Av. Entre Rios 1238,Constitucion,Comuna 1,1,0-50 m,37.0,0.007841371226357887,4718.5624722916655,4718.5624722916655,1.0
11199,BANCO PIANO S.A.,LINK,Av. Entre Rios 1238,Constitucion,Comuna 1,2,50-100 m,161.0,0.023524113679051644,6844.041063420443,4718.5624722916655,1.4504504504518079
11199,BANCO PIANO S.A.,LINK,Av. Entre Rios 1238,Constitucion,Comuna 1,3,100-150 m,77.0,0.03920685613180504,1963.94221819629,4718.5624722916655,0.4162162162160506
11675,BANCO DE LA CIUDAD DE BUENOS AIRES,LINK,Av. Entre Ríos 1492 esquina Pavon,Constitucion,Comuna 1,1,0-50 m,123.0,0.007841371226357887,15686.032002483103,15686.032002483103,1.0
11675,BANCO DE LA CIUDAD DE BUENOS AIRES,LINK,Av. Entre Ríos 1492 esquina Pavon,Constitucion,Comuna 1,2,50-100 m,59.0,0.023524113679051644,2508.0647375267463,15686.032002483103,0.15989159891613883
11675,BANCO DE LA CIUDAD DE BUENOS AIRES,LINK,Av. Entre Ríos 1492 esquina Pavon,Constitucion,Comuna 1,3,100-150 m,284.0,0.03920685613180504,7243.63103854216,15686.032002483103,0.46178861788599507
11681,BANCO DE LA NACION ARGENTINA,LINK,Av. España 2591,Boca,Comuna 4,1,0-50 m,0.0,0.007841371226357887,0.0,0.0,
11681,BANCO DE LA NACION ARGENTINA,LINK,Av. España 2591,Boca,Comuna 4,2,50-100 m,4.0,0.023524113679051644,170.0382872899489,0.0,
11681,BANCO DE LA NACION ARGENTINA,LINK,Av. España 2591,Boca,Comuna 4,3,100-150 m,1.0,0.03920685613180504,25.50574309345831,0.0,
11680,CABAL COOP. LTDA.,LINK,Av. España 3091,Boca,Comuna 4,1,0-50 m,6.0,0.007841371226357887,765.1722928040539,765.1722928040539,1.0
11680,CABAL COOP. LTDA.,LINK,Av. España 3091,Boca,Comuna 4,2,50-100 m,4.0,0.023524113679051644,170.0382872899489,765.1722928040539,0.2222222222224302
11680,CABAL COOP. LTDA.,LINK,Av. España 3091,Boca,Comuna 4,3,100-150 m,12.0,0.03920685613180504,306.06891712149974,765.1722928040539,0.3999999999998408
11523,BANCO DE LA NACION ARGENTINA,LINK,"Av. Eva Perón 2616, entre Varela y Arrotea",Flores,Comuna 7,1,0-50 m,22.0,0.007841371226357887,2805.6317402815307,2805.6317402815307,1.0
11523,BANCO DE LA NACION ARGENTINA,LINK,"Av. Eva Perón 2616, entre Varela y Arrotea",Flores,Comuna 7,2,50-100 m,3.0,0.023524113679051644,127.52871546746167,2805.6317402815307,0.045454545454588
11523,BANCO DE LA NACION ARGENTINA,LINK,"Av. Eva Perón 2616, entre Varela y Arrotea",Flores,Comuna 7,3,100-150 m,1.0,0.03920685613180504,25.50574309345831,2805.6317402815307,0.009090909090905474
10981,CABAL COOP. LTDA.,LINK,Av. Eva Perón 4735,Parque Avellaneda,Comuna 9,1,0-50 m,11.0,0.007841371226357887,1402.8158701407654,1402.8158701407654,1.0
10981,CABAL COOP. LTDA.,LINK,Av. Eva Perón 4735,Parque Avellaneda,Comuna 9,2,50-100 m,4.0,0.023524113679051644,170.0382872899489,1402.8158701407654,0.12121212121223467
10981,CABAL COOP. LTDA.,LINK,Av. Eva Perón 4735,Parque Avellaneda,Comuna 9,3,100-150 m,2.0,0.03920685613180504,51.01148618691662,1402.8158701407654,0.036363636363621894
10980,BANCO DE LA PROVINCIA DE BUENOS AIRES,LINK,Av. Eva Perón 4834/36,Parque Avellaneda,Comuna 9,1,0-50 m,19.0,0.007841371226357887,2423.045593879504,2423.045593879504,1.0
10980,BANCO DE LA PROVINCIA DE BUENOS AIRES,LINK,Av. Eva Perón 4834/36,Parque Avellaneda,Comuna 9,2,50-100 m,119.0,0.023524113679051644,5058.639046875979,2423.045593879504,2.087719298247568
10980,BANCO DE LA PROVINCIA DE BUENOS AIRES,LINK,Av. Eva Perón 4834/36,Parque Avellaneda,Comuna 9,3,100-150 m,49.0,0.03920685613180504,1249.7814115794572,2423.045593879504,0.5157894736840052
11216,BANCO DE LA NACION ARGENTINA,LINK,Av. Fco. Beiró 5252,Villa Devoto,Comuna 11,1,0-50 m,3.0,0.007841371226357887,382.58614640202694,382.58614640202694,1.0
11216,BANCO DE LA NACION ARGENTINA,LINK,Av. Fco. Beiró 5252,Villa Devoto,Comuna 11,2,50-100 m,7.0,0.023524113679051644,297.56700275741053,382.58614640202694,0.7777777777785057
11216,BANCO DE LA NACION ARGENTINA,LINK,Av. Fco. Beiró 5252,Villa Devoto,Comuna 11,3,100-150 m,12.0,0.03920685613180504,306.06891712149974,382.58614640202694,0.7999999999996816
11434,BANCO DE LA CIUDAD DE BUENOS AIRES,LINK,Av. Fco. Beiró 5327,Villa Real,Comuna 10,1,0-50 m,20.0,0.007841371226357887,2550.5743093468463,2550.5743093468463,1.0
11434,BANCO DE LA CIUDAD DE BUENOS AIRES,LINK,Av. Fco. Beiró 5327,Villa Real,Comuna 10,2,50-100 m,45.0,0.023524113679051644,1912.930732011925,2550.5743093468463,0.7500000000007019
11434,BANCO DE LA CIUDAD DE BUENOS AIRES,LINK,Av. Fco. Beiró 5327,Villa Real,Comuna 10,3,100-150 m,37.0,0.03920685613180504,943.7124944579575,2550.5743093468463,0.3699999999998527
11091,CABAL COOP. LTDA.,LINK,Av. F. De La Cruz 3314,Villa Soldati,Comuna 8,1,0-50 m,49.0,0.007841371226357887,6248.9070578997735,6248.9070578997735,1.0
11091,CABAL COOP. LTDA.,LINK,Av. F. De La Cruz 3314,Villa Soldati,Comuna 8,2,50-100 m,38.0,0.023524113679051644,1615.3637292545145,6248.9070578997735,0.25850340136078614
11091,CABAL COOP. LTDA.,LINK,Av. F. De La Cruz 3314,Villa Soldati,Comuna 8,3,100-150 m,293.0,0.03920685613180504,7473.182726383286,6248.9070578997735,1.1959183673464628
11772,BANCO DE LA NACION ARGENTINA,LINK,Av. Federico Lacroze 2668,Colegiales,Comuna 13,1,0-50 m,46.0,0.007841371226357887,5866.320911497746,5866.320911497746,1.0
11772,BANCO DE LA NACION ARGENTINA,LINK,Av. Federico Lacroze 2668,Colegiales,Comuna 13,2,50-100 m,55.0,0.023524113679051644,2338.0264502367972,5866.320911497746,0.3985507246380542
11772,BANCO DE LA NACION ARGENTINA,LINK,Av. Federico Lacroze 2668,Colegiales,Comuna 13,3,100-150 m,133.0,0.03920685613180504,3392.2638314299556,5866.320911497746,0.5782608695649873
11770,CABAL COOP. LTDA.,LINK,Av. Federico Lacroze 3763,Chacarita,Comuna 15,1,0-50 m,21.0,0.007841371226357887,2678.1030248141883,2678.1030248141883,1.0
11770,CABAL COOP. LTDA.,LINK,Av. Federico Lacroze 3763,Chacarita,Comuna 15,2,50-100 m,67.0,0.023524113679051644,2848.141312106644,2678.1030248141883,1.063492063493059
11770,CABAL COOP. LTDA.,LINK,Av. Federico Lacroze 3763,Chacarita,Comuna 15,3,100-150 m,140.0,0.03920685613180504,3570.8040330841636,2678.1030248141883,1.3333333333328028
11769,BANCO DE LA PROVINCIA DE BUENOS AIRES,LINK,Av. Federico Lacroze 3960,Chacarita,Comuna 15,1,0-50 m,19.0,0.007841371226357887,2423.045593879504,2423.045593879504,1.0
11769,BANCO DE LA PROVINCIA DE BUENOS AIRES,LINK,Av. Federico Lacroze 3960,Chacarita,Comuna 15,2,50-100 m,95.0,0.023524113679051644,4038.4093231362863,2423.045593879504,1.6666666666682266
11769,BANCO DE LA PROVINCIA DE BUENOS AIRES,LINK,Av. Federico Lacroze 3960,Chacarita,Comuna 15,3,100-150 m,65.0,0.03920685613180504,1657.8733010747903,2423.045593879504,0.6842105263155172
10956,CABAL COOP. LTDA.,LINK,Av. Figueroa Alcorta 7597,Belgrano,Comuna 13,1,0-50 m,190.0,0.007841371226357887,24230.45593879504,24230.45593879504,1.0
10956,CABAL COOP. LTDA.,LINK,Av. Figueroa Alcorta 7597,Belgrano,Comuna 13,2,50-100 m,33.0,0.023524113679051644,1402.8158701420784,24230.45593879504,0.05789473684215945
10956,CABAL COOP. LTDA.,LINK,Av. Figueroa Alcorta 7597,Belgrano,Comuna 13,3,100-150 m,23.0,0.03920685613180504,586.6320911495412,24230.45593879504,0.02421052631577984
11766,BANCO DE LA NACION ARGENTINA,LINK,Av. Forest 488,Chacarita,Comuna 15,1,0-50 m,83.0,0.007841371226357887,10584.88338378941,10584.88338378941,1.0
11766,BANCO DE LA NACION ARGENTINA,LINK,Av. Forest 488,Chacarita,Comuna 15,2,50-100 m,63.0,0.023524113679051644,2678.103024816695,10584.88338378941,0.2530120481930079
11766,BANCO DE LA NACION ARGENTINA,LINK,Av. Forest 488,Chacarita,Comuna 15,3,100-150 m,79.0,0.03920685613180504,2014.9537043832067,10584.88338378941,0.1903614457830568
11655,BANCO DE LA PROVINCIA DE BUENOS AIRES,LINK,Av. Gaona 1142,Caballito,Comuna 6,1,0-50 m,36.0,0.007841371226357887,4591.033756824323,4591.033756824323,1.0
11655,BANCO DE LA PROVINCIA DE BUENOS AIRES,LINK,Av. Gaona 1142,Caballito,Comuna 6,2,50-100 m,12.0,0.023524113679051644,510.11486186984666,4591.033756824323,0.1111111111112151
11655,BANCO DE LA PROVINCIA DE BUENOS AIRES,LINK,Av. Gaona 1142,Caballito,Comuna 6,3,100-150 m,2.0,0.03920685613180504,51.01148618691662,4591.033756824323,0.01111111111110669
11660,BANCO DE LA NACION ARGENTINA,LINK,Av. Gaona 1800,Caballito,Comuna 6,1,0-50 m,49.0,0.007841371226357887,6248.9070578997735,6248.9070578997735,1.0
11660,BANCO DE LA NACION ARGENTINA,LINK,Av. Gaona 1800,Caballito,Comuna 6,2,50-100 m,37.0,0.023524113679051644,1572.8541574320273,6248.9070578997735,0.25170068027234443
11660,BANCO DE LA NACION ARGENTINA,LINK,Av. Gaona 1800,Caballito,Comuna 6,3,100-150 m,54.0,0.03920685613180504,1377.310127046749,6248.9070578997735,0.22040816326521842
11662,BANCO DE LA NACION ARGENTINA,LINK,Av. Gaona 2197,Caballito,Comuna 6,1,0-50 m,37.0,0.007841371226357887,4718.5624722916655,4718.5624722916655,1.0
11662,BANCO DE LA NACION ARGENTINA,LINK,Av. Gaona 2197,Caballito,Comuna 6,2,50-100 m,38.0,0.023524113679051644,1615.3637292545145,4718.5624722916655,0.34234234234266275
11662,BANCO DE LA NACION ARGENTINA,LINK,Av. Gaona 2197,Caballito,Comuna 6,3,100-150 m,48.0,0.03920685613180504,1224.275668485999,4718.5624722916655,0.2594594594593562
11525,NUEVO BCO. INDUSTRIAL DE AZUL S.A.,LINK,Av. Gaona 3755,Villa Santa Rita,Comuna 11,1,0-50 m,7.0,0.007841371226357887,892.7010082713962,892.7010082713962,1.0
11525,NUEVO BCO. INDUSTRIAL DE AZUL S.A.,LINK,Av. Gaona 3755,Villa Santa Rita,Comuna 11,2,50-100 m,45.0,0.023524113679051644,1912.930732011925,892.7010082713962,2.1428571428591483
11525,NUEVO BCO. INDUSTRIAL DE AZUL S.A.,LINK,Av. Gaona 3755,Villa Santa Rita,Comuna 11,3,100-150 m,34.0,0.03920685613180504,867.1952651775827,892.7010082713962,0.9714285714281848
11717,BANCO DE LA NACION ARGENTINA,LINK,Av. Gendarmería Nacional 717,Retiro,Comuna 1,1,0-50 m,3.0,0.007841371226357887,382.58614640202694,382.58614640202694,1.0
11717,BANCO DE LA NACION ARGENTINA,LINK,Av. Gendarmería Nacional 717,Retiro,Comuna 1,2,50-100 m,8.0,0.023524113679051644,340.0765745798978,382.58614640202694,0.8888888888897208
11717,BANCO DE LA NACION ARGENTINA,LINK,Av. Gendarmería Nacional 717,Retiro,Comuna 1,3,100-150 m,92.0,0.03920685613180504,2346.528364598165,382.58614640202694,6.133333333330893
11007,BANCO DE LA CIUDAD DE BUENOS AIRES,LINK,Av. Gral. Las Heras 1601,Recoleta,Comuna 2,1,0-50 m,11.0,0.007841371226357887,1402.8158701407654,1402.8158701407654,1.0
11007,BANCO DE LA CIUDAD DE BUENOS AIRES,LINK,Av. Gral. Las Heras 1601,Recoleta,Comuna 2,2,50-100 m,10.0,0.023524113679051644,425.0957182248722,1402.8158701407654,0.30303030303058665
11007,BANCO DE LA CIUDAD DE BUENOS AIRES,LINK,Av. Gral. Las Heras 1601,Recoleta,Comuna 2,3,100-150 m,50.0,0.03920685613180504,1275.2871546729157,1402.8158701407654,0.9090909090905475
11005,BANCO DE LA NACION ARGENTINA,LINK,"Av. Gral, Las Heras 2111",Recoleta,Comuna 2,1,0-50 m,9.0,0.007841371226357887,1147.7584392060808,1147.7584392060808,1.0
11005,BANCO DE LA NACION ARGENTINA,LINK,"Av. Gral, Las Heras 2111",Recoleta,Comuna 2,2,50-100 m,58.0,0.023524113679051644,2465.555165704259,1147.7584392060808,2.1481481481501588
11005,BANCO DE LA NACION ARGENTINA,LINK,"Av. Gral, Las Heras 2111",Recoleta,Comuna 2,3,100-150 m,40.0,0.03920685613180504,1020.2297237383325,1147.7584392060808,0.8888888888885352
11003,BANCO DE LA NACION ARGENTINA,LINK,Av. Gral. Las Heras 2111,Recoleta,Comuna 2,1,0-50 m,129.0,0.007841371226357887,16451.204295287156,16451.204295287156,1.0
11003,BANCO DE LA NACION ARGENTINA,LINK,Av. Gral. Las Heras 2111,Recoleta,Comuna 2,2,50-100 m,71.0,0.023524113679051644,3018.179599396593,16451.204295287156,0.18346253229991333
11003,BANCO DE LA NACION ARGENTINA,LINK,Av. Gral. Las Heras 2111,Recoleta,Comuna 2,3,100-150 m,124.0,0.03920685613180504,3162.7121435888307,16451.204295287156,0.1922480620154274
10996,NUEVO BCO. INDUSTRIAL DE AZUL S.A.,LINK,Av. Gral. Las Heras 2382,Recoleta,Comuna 2,1,0-50 m,30.0,0.007841371226357887,3825.861464020269,3825.861464020269,1.0
10996,NUEVO BCO. INDUSTRIAL DE AZUL S.A.,LINK,Av. Gral. Las Heras 2382,Recoleta,Comuna 2,2,50-100 m,6.0,0.023524113679051644,255.05743093492333,3825.861464020269,0.06666666666672906
10996,NUEVO BCO. INDUSTRIAL DE AZUL S.A.,LINK,Av. Gral. Las Heras 2382,Recoleta,Comuna 2,3,100-150 m,28.0,0.03920685613180504,714.1608066168327,3825.861464020269,0.18666666666659237
10993,BANCO DE LA CIUDAD DE BUENOS AIRES,LINK,"Av. Gral. Las Heras 2670, entre Austria y Tagle",Recoleta,Comuna 2,1,0-50 m,177.0,0.007841371226357887,22572.582637719588,22572.582637719588,1.0
10993,BANCO DE LA CIUDAD DE BUENOS AIRES,LINK,"Av. Gral. Las Heras 2670, entre Austria y Tagle",Recoleta,Comuna 2,2,50-100 m,237.0,0.023524113679051644,10074.768521929473,22572.582637719588,0.446327683616237
10993,BANCO DE LA CIUDAD DE BUENOS AIRES,LINK,"Av. Gral. Las Heras 2670, entre Austria y Tagle",Recoleta,Comuna 2,3,100-150 m,127.0,0.03920685613180504,3239.2293728692057,22572.582637719588,0.14350282485869997
11788,BANCO DE LA CIUDAD DE BUENOS AIRES,LINK,Av. Gral. Las Heras 3925,Palermo,Comuna 14,1,0-50 m,115.0,0.007841371226357887,14665.802278744366,14665.802278744366,1.0
11788,BANCO DE LA CIUDAD DE BUENOS AIRES,LINK,Av. Gral. Las Heras 3925,Palermo,Comuna 14,2,50-100 m,103.0,0.023524113679051644,4378.485897716184,14665.802278744366,0.29855072463796056
11788,BANCO DE LA CIUDAD DE BUENOS AIRES,LINK,Av. Gral. Las Heras 3925,Palermo,Comuna 14,3,100-150 m,69.0,0.03920685613180504,1759.8962734486236,14665.802278744366,0.11999999999995224
11232,CABAL COOP. LTDA.,LINK,Av. Gral. Mosconi 2793,Villa Pueyrredon,Comuna 12,1,0-50 m,7.0,0.007841371226357887,892.7010082713962,892.7010082713962,1.0
11232,CABAL COOP. LTDA.,LINK,Av. Gral. Mosconi 2793,Villa Pueyrredon,Comuna 12,2,50-100 m,18.0,0.023524113679051644,765.17229280477,892.7010082713962,0.8571428571436593
11232,CABAL COOP. LTDA.,LINK,Av. Gral. Mosconi 2793,Villa Pueyrredon,Comuna 12,3,100-150 m,39.0,0.03920685613180504,994.7239806448741,892.7010082713962,1.114285714285271
11217,BANCO DE LA NACION ARGENTINA,LINK,Av. Gral. Mosconi 3581,Villa Devoto,Comuna 11,1,0-50 m,37.0,0.007841371226357887,4718.5624722916655,4718.5624722916655,1.0
11217,BANCO DE LA NACION ARGENTINA,LINK,Av. Gral. Mosconi 3581,Villa Devoto,Comuna 11,2,50-100 m,16.0,0.023524113679051644,680.1531491597956,4718.5624722916655,0.14414414414427906
11217,BANCO DE LA NACION ARGENTINA,LINK,Av. Gral. Mosconi 3581,Villa Devoto,Comuna 11,3,100-150 m,6.0,0.03920685613180504,153.03445856074987,4718.5624722916655,0.03243243243241953
11224,BANCO DE LA NACION ARGENTINA,LINK,Av. Gral. Mosconi 61,,,1,0-50 m,43.0,0.007841371226357887,5483.734765095719,5483.734765095719,1.0
11224,BANCO DE LA NACION ARGENTINA,LINK,Av. Gral. Mosconi 61,,,2,50-100 m,59.0,0.023524113679051644,2508.0647375267463,5483.734765095719,0.45736434108569946
11224,BANCO DE LA NACION ARGENTINA,LINK,Av. Gral. Mosconi 61,,,3,100-150 m,48.0,0.03920685613180504,1224.275668485999,5483.734765095719,0.22325581395339952
10977,BANCO DE LA NACION ARGENTINA,LINK,Av. Gral. Paz 12950,Mataderos,Comuna 9,1,0-50 m,19.0,0.007841371226357887,2423.045593879504,2423.045593879504,1.0
10977,BANCO DE LA NACION ARGENTINA,LINK,Av. Gral. Paz 12950,Mataderos,Comuna 9,2,50-100 m,4.0,0.023524113679051644,170.0382872899489,2423.045593879504,0.07017543859655691
10977,BANCO DE LA NACION ARGENTINA,LINK,Av. Gral. Paz 12950,Mataderos,Comuna 9,3,100-150 m,2.0,0.03920685613180504,51.01148618691662,2423.045593879504,0.02105263157893899
11225,BANCO DE LA NACION ARGENTINA,LINK,Av. Gral. Paz 1499,Saavedra,Comuna 12,1,0-50 m,6.0,0.007841371226357887,765.1722928040539,765.1722928040539,1.0
11225,BANCO DE LA NACION ARGENTINA,LINK,Av. Gral. Paz 1499,Saavedra,Comuna 12,2,50-100 m,13.0,0.023524113679051644,552.6244336923339,765.1722928040539,0.7222222222228982
11225,BANCO DE LA NACION ARGENTINA,LINK,Av. Gral. Paz 1499,Saavedra,Comuna 12,3,100-150 m,25.0,0.03920685613180504,637.6435773364578,765.1722928040539,0.8333333333330017
10963,BANCO DE LA NACION ARGENTINA,LINK,Av. Independencia 3599,Almagro,Comuna 5,1,0-50 m,93.0,0.007841371226357887,11860.170538462835,11860.170538462835,1.0
10963,BANCO DE LA NACION ARGENTINA,LINK,Av. Independencia 3599,Almagro,Comuna 5,2,50-100 m,24.0,0.023524113679051644,1020.2297237396933,11860.170538462835,0.0860215053764246
10963,BANCO DE LA NACION ARGENTINA,LINK,Av. Independencia 3599,Almagro,Comuna 5,3,100-150 m,65.0,0.03920685613180504,1657.8733010747903,11860.170538462835,0.1397849462365035
11382,BANCO DE LA CIUDAD DE BUENOS AIRES,LINK,Av. Independencia s/n esquina Lima piso -,,,1,0-50 m,176.0,0.007841371226357887,22445.053922252246,22445.053922252246,1.0
11382,BANCO DE LA CIUDAD DE BUENOS AIRES,LINK,Av. Independencia s/n esquina Lima piso -,,,2,50-100 m,69.0,0.023524113679051644,2933.1604557516184,22445.053922252246,0.1306818181819405
11382,BANCO DE LA CIUDAD DE BUENOS AIRES,LINK,Av. Independencia s/n esquina Lima piso -,,,3,100-150 m,222.0,0.03920685613180504,5662.274966747746,22445.053922252246,0.2522727272726269
11089,BANCO DE LA CIUDAD DE BUENOS AIRES,LINK,Av. Int. Fco. Rabanal 3220 esquina Pergamino,Villa Soldati,Comuna 8,1,0-50 m,12.0,0.007841371226357887,1530.3445856081078,1530.3445856081078,1.0
11089,BANCO DE LA CIUDAD DE BUENOS AIRES,LINK,Av. Int. Fco. Rabanal 3220 esquina Pergamino,Villa Soldati,Comuna 8,2,50-100 m,17.0,0.023524113679051644,722.6627209822827,1530.3445856081078,0.47222222222266413
11089,BANCO DE LA CIUDAD DE BUENOS AIRES,LINK,Av. Int. Fco. Rabanal 3220 esquina Pergamino,Villa Soldati,Comuna 8,3,100-150 m,75.0,0.03920685613180504,1912.9307320093733,1530.3445856081078,1.2499999999995024
11656,BANCO DE LA CIUDAD DE BUENOS AIRES,LINK,Av. José M. Moreno 362,Caballito,Comuna 6,1,0-50 m,30.0,0.007841371226357887,3825.861464020269,3825.861464020269,1.0
11656,BANCO DE LA CIUDAD DE BUENOS AIRES,LINK,Av. José M. Moreno 362,Caballito,Comuna 6,2,50-100 m,112.0,0.023524113679051644,4761.072044118569,3825.861464020269,1.244444444445609
11656,BANCO DE LA CIUDAD DE BUENOS AIRES,LINK,Av. José M. Moreno 362,Caballito,Comuna 6,3,100-150 m,87.0,0.03920685613180504,2218.999649130873,3825.861464020269,0.5799999999997691
10978,BANCO DE LA CIUDAD DE BUENOS AIRES,LINK,Av. Juan B. Alberdi 5759,Mataderos,Comuna 9,1,0-50 m,7.0,0.007841371226357887,892.7010082713962,892.7010082713962,1.0
10978,BANCO DE LA CIUDAD DE BUENOS AIRES,LINK,Av. Juan B. Alberdi 5759,Mataderos,Comuna 9,2,50-100 m,19.0,0.023524113679051644,807.6818646272573,892.7010082713962,0.9047619047627515
10978,BANCO DE LA CIUDAD DE BUENOS AIRES,LINK,Av. Juan B. Alberdi 5759,Mataderos,Comuna 9,3,100-150 m,15.0,0.03920685613180504,382.58614640187466,892.7010082713962,0.428571428571258
10976,CABAL COOP. LTDA.,LINK,Av. Juan B. Alberdi 5984,Mataderos,Comuna 9,1,0-50 m,22.0,0.007841371226357887,2805.6317402815307,2805.6317402815307,1.0
10976,CABAL COOP. LTDA.,LINK,Av. Juan B. Alberdi 5984,Mataderos,Comuna 9,2,50-100 m,15.0,0.023524113679051644,637.6435773373083,2805.6317402815307,0.22727272727293998
10976,CABAL COOP. LTDA.,LINK,Av. Juan B. Alberdi 5984,Mataderos,Comuna 9,3,100-150 m,47.0,0.03920685613180504,1198.7699253925407,2805.6317402815307,0.4272727272725573
10979,BANCO DE LA PROVINCIA DE BUENOS AIRES,LINK,Av. Juan B. Alberdi 6299,Mataderos,Comuna 9,1,0-50 m,48.0,0.007841371226357887,6121.378342432431,6121.378342432431,1.0
10979,BANCO DE LA PROVINCIA DE BUENOS AIRES,LINK,Av. Juan B. Alberdi 6299,Mataderos,Comuna 9,2,50-100 m,34.0,0.023524113679051644,1445.3254419645655,6121.378342432431,0.23611111111133207
10979,BANCO DE LA PROVINCIA DE BUENOS AIRES,LINK,Av. Juan B. Alberdi 6299,Mataderos,Comuna 9,3,100-150 m,86.0,0.03920685613180504,2193.493906037415,6121.378342432431,0.35833333333319073
10973,BANCO DE LA NACION ARGENTINA,LINK,Av. Juan B. Alberdi 6502,Mataderos,Comuna 9,1,0-50 m,117.0,0.007841371226357887,14920.85970967905,14920.85970967905,1.0
10973,BANCO DE LA NACION ARGENTINA,LINK,Av. Juan B. Alberdi 6502,Mataderos,Comuna 9,2,50-100 m,10.0,0.023524113679051644,425.0957182248722,14920.85970967905,0.028490028490055153
10973,BANCO DE LA NACION ARGENTINA,LINK,Av. Juan B. Alberdi 6502,Mataderos,Comuna 9,3,100-150 m,49.0,0.03920685613180504,1249.7814115794572,14920.85970967905,0.08376068376065042
10975,BANCO DE LA CIUDAD DE BUENOS AIRES,LINK,Av. Juan B. Alberdi 6601,Mataderos,Comuna 9,1,0-50 m,46.0,0.007841371226357887,5866.320911497746,5866.320911497746,1.0
10975,BANCO DE LA CIUDAD DE BUENOS AIRES,LINK,Av. Juan B. Alberdi 6601,Mataderos,Comuna 9,2,50-100 m,52.0,0.023524113679051644,2210.4977347693357,5866.320911497746,0.3768115942032512
10975,BANCO DE LA CIUDAD DE BUENOS AIRES,LINK,Av. Juan B. Alberdi 6601,Mataderos,Comuna 9,3,100-150 m,66.0,0.03920685613180504,1683.3790441682486,5866.320911497746,0.28695652173901626
11422,CABAL COOP. LTDA.,LINK,Av. Juan B. Justo 9200,Liniers,Comuna 9,1,0-50 m,29.0,0.007841371226357887,3698.332748552927,3698.332748552927,1.0
11422,CABAL COOP. LTDA.,LINK,Av. Juan B. Justo 9200,Liniers,Comuna 9,2,50-100 m,34.0,0.023524113679051644,1445.3254419645655,3698.332748552927,0.39080459770151516
11422,CABAL COOP. LTDA.,LINK,Av. Juan B. Justo 9200,Liniers,Comuna 9,3,100-150 m,217.0,0.03920685613180504,5534.746251280454,3698.332748552927,1.4965517241373356
11677,BANCO DE LA CIUDAD DE BUENOS AIRES,LINK,Av. Juan De Garay 1151 piso 1 SS,,,1,0-50 m,48.0,0.007841371226357887,6121.378342432431,6121.378342432431,1.0
11677,BANCO DE LA CIUDAD DE BUENOS AIRES,LINK,Av. Juan De Garay 1151 piso 1 SS,,,2,50-100 m,961.0,0.023524113679051644,40851.698521410224,6121.378342432431,6.673611111117357
11677,BANCO DE LA CIUDAD DE BUENOS AIRES,LINK,Av. Juan De Garay 1151 piso 1 SS,,,3,100-150 m,365.0,0.03920685613180504,9309.596229112283,6121.378342432431,1.520833333332728
11405,BANCO DE LA NACION ARGENTINA,LINK,Av. Julio A. Roca 609,Monserrat,Comuna 1,1,0-50 m,15.0,0.007841371226357887,1912.9307320101345,1912.9307320101345,1.0
11405,BANCO DE LA NACION ARGENTINA,LINK,Av. Julio A. Roca 609,Monserrat,Comuna 1,2,50-100 m,5.0,0.023524113679051644,212.5478591124361,1912.9307320101345,0.1111111111112151
11405,BANCO DE LA NACION ARGENTINA,LINK,Av. Julio A. Roca 609,Monserrat,Comuna 1,3,100-150 m,2.0,0.03920685613180504,51.01148618691662,1912.9307320101345,0.026666666666656055
11397,BANCO DE LA NACION ARGENTINA,LINK,Av. Julio A. Roca 651,Monserrat,Comuna 1,1,0-50 m,85.0,0.007841371226357887,10839.940814724096,10839.940814724096,1.0
11397,BANCO DE LA NACION ARGENTINA,LINK,Av. Julio A. Roca 651,Monserrat,Comuna 1,2,50-100 m,73.0,0.023524113679051644,3103.1987430415675,10839.940814724096,0.28627450980418956
11397,BANCO DE LA NACION ARGENTINA,LINK,Av. Julio A. Roca 651,Monserrat,Comuna 1,3,100-150 m,48.0,0.03920685613180504,1224.275668485999,10839.940814724096,0.11294117647054329
11385,BANCO DE LA NACION ARGENTINA,LINK,Av. Julio A. Roca 738,Monserrat,Comuna 1,1,0-50 m,27.0,0.007841371226357887,3443.2753176182423,3443.2753176182423,1.0
11385,BANCO DE LA NACION ARGENTINA,LINK,Av. Julio A. Roca 738,Monserrat,Comuna 1,2,50-100 m,33.0,0.023524113679051644,1402.8158701420784,3443.2753176182423,0.40740740740778875
11385,BANCO DE LA NACION ARGENTINA,LINK,Av. Julio A. Roca 738,Monserrat,Comuna 1,3,100-150 m,21.0,0.03920685613180504,535.6206049626245,3443.2753176182423,0.15555555555549364
11402,BANCO DE LA NACION ARGENTINA,LINK,Av. Julio A Roca 782 piso 1,,,1,0-50 m,150.0,0.007841371226357887,19129.307320101347,19129.307320101347,1.0
11402,BANCO DE LA NACION ARGENTINA,LINK,Av. Julio A Roca 782 piso 1,,,2,50-100 m,10.0,0.023524113679051644,425.0957182248722,19129.307320101347,0.02222222222224302
11402,BANCO DE LA NACION ARGENTINA,LINK,Av. Julio A Roca 782 piso 1,,,3,100-150 m,12.0,0.03920685613180504,306.06891712149974,19129.307320101347,0.015999999999993634
11090,BANCO DE LA PROVINCIA DE BUENOS AIRES,LINK,Av. Lafuente 2862,Villa Soldati,Comuna 8,1,0-50 m,17.0,0.007841371226357887,2167.988162944819,2167.988162944819,1.0
11090,BANCO DE LA PROVINCIA DE BUENOS AIRES,LINK,Av. Lafuente 2862,Villa Soldati,Comuna 8,2,50-100 m,124.0,0.023524113679051644,5271.186905988416,2167.988162944819,2.4313725490218836
11090,BANCO DE LA PROVINCIA DE BUENOS AIRES,LINK,Av. Lafuente 2862,Villa Soldati,Comuna 8,3,100-150 m,89.0,0.03920685613180504,2270.01113531779,2167.988162944819,1.0470588235289953
11430,CABAL COOP. LTDA.,LINK,Av. La Plata 1437,Parque Chacabuco,Comuna 7,1,0-50 m,67.0,0.007841371226357887,8544.423936311934,8544.423936311934,1.0
11430,CABAL COOP. LTDA.,LINK,Av. La Plata 1437,Parque Chacabuco,Comuna 7,2,50-100 m,10.0,0.023524113679051644,425.0957182248722,8544.423936311934,0.04975124378114109
11430,CABAL COOP. LTDA.,LINK,Av. La Plata 1437,Parque Chacabuco,Comuna 7,3,100-150 m,33.0,0.03920685613180504,841.6895220841243,8544.423936311934,0.09850746268652798
10967,BANCO DE LA NACION ARGENTINA,LINK,"Av. La Plata 1455, entre Pavón y Av Juan De Garay",Parque Chacabuco,Comuna 7,1,0-50 m,2.0,0.007841371226357887,255.05743093468462,255.05743093468462,1.0
10967,BANCO DE LA NACION ARGENTINA,LINK,"Av. La Plata 1455, entre Pavón y Av Juan De Garay",Parque Chacabuco,Comuna 7,2,50-100 m,5.0,0.023524113679051644,212.5478591124361,255.05743093468462,0.8333333333341132
10967,BANCO DE LA NACION ARGENTINA,LINK,"Av. La Plata 1455, entre Pavón y Av Juan De Garay",Parque Chacabuco,Comuna 7,3,100-150 m,1.0,0.03920685613180504,25.50574309345831,255.05743093468462,0.0999999999999602
10966,BANCO DE LA NACION ARGENTINA,LINK,"Av. La Plata 1455, entre Pavón y Av. Juan De Garay",Parque Chacabuco,Comuna 7,1,0-50 m,31.0,0.007841371226357887,3953.3901794876115,3953.3901794876115,1.0
10966,BANCO DE LA NACION ARGENTINA,LINK,"Av. La Plata 1455, entre Pavón y Av. Juan De Garay",Parque Chacabuco,Comuna 7,2,50-100 m,78.0,0.023524113679051644,3315.7466021540035,3953.3901794876115,0.8387096774201399
10966,BANCO DE LA NACION ARGENTINA,LINK,"Av. La Plata 1455, entre Pavón y Av. Juan De Garay",Parque Chacabuco,Comuna 7,3,100-150 m,61.0,0.03920685613180504,1555.850328700957,3953.3901794876115,0.3935483870966176
10884,CABAL COOP. LTDA.,LINK,Av. La Plata 2428,Nueva Pompeya,Comuna 4,1,0-50 m,31.0,0.007841371226357887,3953.3901794876115,3953.3901794876115,1.0
10884,CABAL COOP. LTDA.,LINK,Av. La Plata 2428,Nueva Pompeya,Comuna 4,2,50-100 m,33.0,0.023524113679051644,1402.8158701420784,3953.3901794876115,0.3548387096777515
10884,CABAL COOP. LTDA.,LINK,Av. La Plata 2428,Nueva Pompeya,Comuna 4,3,100-150 m,65.0,0.03920685613180504,1657.8733010747903,3953.3901794876115,0.41935483870951057
11659,BANCO DE LA NACION ARGENTINA,LINK,Av. La Plata 739,Caballito,Comuna 6,1,0-50 m,55.0,0.007841371226357887,7014.079350703827,7014.079350703827,1.0
11659,BANCO DE LA NACION ARGENTINA,LINK,Av. La Plata 739,Caballito,Comuna 6,2,50-100 m,109.0,0.023524113679051644,4633.543328651107,7014.079350703827,0.6606060606066788
11659,BANCO DE LA NACION ARGENTINA,LINK,Av. La Plata 739,Caballito,Comuna 6,3,100-150 m,166.0,0.03920685613180504,4233.95335351408,7014.079350703827,0.6036363636361235
11714,BANCO DE LA CIUDAD DE BUENOS AIRES,LINK,Av. Leandro N. Alem 1051,Retiro,Comuna 1,1,0-50 m,3.0,0.007841371226357887,382.58614640202694,382.58614640202694,1.0
11714,BANCO DE LA CIUDAD DE BUENOS AIRES,LINK,Av. Leandro N. Alem 1051,Retiro,Comuna 1,2,50-100 m,0.0,0.023524113679051644,0.0,382.58614640202694,0.0
11714,BANCO DE LA CIUDAD DE BUENOS AIRES,LINK,Av. Leandro N. Alem 1051,Retiro,Comuna 1,3,100-150 m,0.0,0.03920685613180504,0.0,382.58614640202694,0.0
11703,BANCO DE LA CIUDAD DE BUENOS AIRES,LINK,Av. Leandro N. Alem s/n esquina Av. Corrientes,,,1,0-50 m,518.0,0.007841371226357887,66059.87461208331,66059.87461208331,1.0
11703,BANCO DE LA CIUDAD DE BUENOS AIRES,LINK,Av. Leandro N. Alem s/n esquina Av. Corrientes,,,2,50-100 m,40.0,0.023524113679051644,1700.3828728994888,66059.87461208331,0.025740025740049834
11703,BANCO DE LA CIUDAD DE BUENOS AIRES,LINK,Av. Leandro N. Alem s/n esquina Av. Corrientes,,,3,100-150 m,46.0,0.03920685613180504,1173.2641822990824,66059.87461208331,0.017760617760610695
10974,BANCO DE LA PROVINCIA DE BUENOS AIRES,LINK,Av. Lisandro De La Torre 2406,Mataderos,Comuna 9,1,0-50 m,25.0,0.007841371226357887,3188.217886683558,3188.217886683558,1.0
10974,BANCO DE LA PROVINCIA DE BUENOS AIRES,LINK,Av. Lisandro De La Torre 2406,Mataderos,Comuna 9,2,50-100 m,18.0,0.023524113679051644,765.17229280477,3188.217886683558,0.24000000000022462
10974,BANCO DE LA PROVINCIA DE BUENOS AIRES,LINK,Av. Lisandro De La Torre 2406,Mataderos,Comuna 9,3,100-150 m,27.0,0.03920685613180504,688.6550635233745,3188.217886683558,0.21599999999991404
11800,BANCO DE LA NACION ARGENTINA,LINK,Av. Luis M. Campos 726,Palermo,Comuna 14,1,0-50 m,69.0,0.007841371226357887,8799.481367246619,8799.481367246619,1.0
11800,BANCO DE LA NACION ARGENTINA,LINK,Av. Luis M. Campos 726,Palermo,Comuna 14,2,50-100 m,123.0,0.023524113679051644,5228.677334165928,8799.481367246619,0.5942028985512808
11800,BANCO DE LA NACION ARGENTINA,LINK,Av. Luis M. Campos 726,Palermo,Comuna 14,3,100-150 m,38.0,0.03920685613180504,969.2182375514159,8799.481367246619,0.11014492753618806
11781,BANCO DE LA NACION ARGENTINA,LINK,Av. Luis M. Campos 813,Palermo,Comuna 14,1,0-50 m,60.0,0.007841371226357887,7651.722928040538,7651.722928040538,1.0
11781,BANCO DE LA NACION ARGENTINA,LINK,Av. Luis M. Campos 813,Palermo,Comuna 14,2,50-100 m,51.0,0.023524113679051644,2167.988162946848,7651.722928040538,0.2833333333335985
11781,BANCO DE LA NACION ARGENTINA,LINK,Av. Luis M. Campos 813,Palermo,Comuna 14,3,100-150 m,14.0,0.03920685613180504,357.08040330841635,7651.722928040538,0.04666666666664809
11699,BANCO DE LA CIUDAD DE BUENOS AIRES,LINK,Av. Macacha Guemes s/n,,,1,0-50 m,2.0,0.007841371226357887,255.05743093468462,255.05743093468462,1.0
11699,BANCO DE LA CIUDAD DE BUENOS AIRES,LINK,Av. Macacha Guemes s/n,,,2,50-100 m,4.0,0.023524113679051644,170.0382872899489,255.05743093468462,0.6666666666672907
11699,BANCO DE LA CIUDAD DE BUENOS AIRES,LINK,Av. Macacha Guemes s/n,,,3,100-150 m,0.0,0.03920685613180504,0.0,255.05743093468462,0.0
11510,BANCO DE LA CIUDAD DE BUENOS AIRES,LINK,Av. Martín García 350,Boca,Comuna 4,1,0-50 m,73.0,0.007841371226357887,9309.596229115989,9309.596229115989,1.0
11510,BANCO DE LA CIUDAD DE BUENOS AIRES,LINK,Av. Martín García 350,Boca,Comuna 4,2,50-100 m,23.0,0.023524113679051644,977.7201519172061,9309.596229115989,0.1050228310503266
11510,BANCO DE LA CIUDAD DE BUENOS AIRES,LINK,Av. Martín García 350,Boca,Comuna 4,3,100-150 m,76.0,0.03920685613180504,1938.4364751028318,9309.596229115989,0.20821917808210894
11501,BANCO DE LA CIUDAD DE BUENOS AIRES,LINK,Av. Martín García 574,Barracas,Comuna 4,1,0-50 m,51.0,0.007841371226357887,6503.964488834457,6503.964488834457,1.0
11501,BANCO DE LA CIUDAD DE BUENOS AIRES,LINK,Av. Martín García 574,Barracas,Comuna 4,2,50-100 m,26.0,0.023524113679051644,1105.2488673846678,6503.964488834457,0.1699346405230349
11501,BANCO DE LA CIUDAD DE BUENOS AIRES,LINK,Av. Martín García 574,Barracas,Comuna 4,3,100-150 m,83.0,0.03920685613180504,2116.97667675704,6503.964488834457,0.3254901960783019
11502,BANCO DE LA NACION ARGENTINA,LINK,Av. Martín García 878,Barracas,Comuna 4,1,0-50 m,80.0,0.007841371226357887,10202.297237387385,10202.297237387385,1.0
11502,BANCO DE LA NACION ARGENTINA,LINK,Av. Martín García 878,Barracas,Comuna 4,2,50-100 m,85.0,0.023524113679051644,3613.313604911414,10202.297237387385,0.35416666666699814
11502,BANCO DE LA NACION ARGENTINA,LINK,Av. Martín García 878,Barracas,Comuna 4,3,100-150 m,97.0,0.03920685613180504,2474.0570800654564,10202.297237387385,0.2424999999999035
10961,BANCO DE LA CIUDAD DE BUENOS AIRES,LINK,Av. Monroe 3555,Coghlan,Comuna 12,1,0-50 m,145.0,0.007841371226357887,18491.663742764635,18491.663742764635,1.0
10961,BANCO DE LA CIUDAD DE BUENOS AIRES,LINK,Av. Monroe 3555,Coghlan,Comuna 12,2,50-100 m,72.0,0.023524113679051644,3060.68917121908,18491.663742764635,0.16551724137946525
10961,BANCO DE LA CIUDAD DE BUENOS AIRES,LINK,Av. Monroe 3555,Coghlan,Comuna 12,3,100-150 m,31.0,0.03920685613180504,790.6780358972077,18491.663742764635,0.042758620689638156
10957,BANCO DE LA NACION ARGENTINA,LINK,Av. Monroe 3640,Belgrano,Comuna 13,1,0-50 m,21.0,0.007841371226357887,2678.1030248141883,2678.1030248141883,1.0
10957,BANCO DE LA NACION ARGENTINA,LINK,Av. Monroe 3640,Belgrano,Comuna 13,2,50-100 m,83.0,0.023524113679051644,3528.2944612664396,2678.1030248141883,1.3174603174615507
10957,BANCO DE LA NACION ARGENTINA,LINK,Av. Monroe 3640,Belgrano,Comuna 13,3,100-150 m,75.0,0.03920685613180504,1912.9307320093733,2678.1030248141883,0.7142857142854301
11498,BANCO DE LA NACION ARGENTINA,LINK,Av. Montes De Oca 1699,Barracas,Comuna 4,1,0-50 m,25.0,0.007841371226357887,3188.217886683558,3188.217886683558,1.0
11498,BANCO DE LA NACION ARGENTINA,LINK,Av. Montes De Oca 1699,Barracas,Comuna 4,2,50-100 m,5.0,0.023524113679051644,212.5478591124361,3188.217886683558,0.06666666666672906
11498,BANCO DE LA NACION ARGENTINA,LINK,Av. Montes De Oca 1699,Barracas,Comuna 4,3,100-150 m,8.0,0.03920685613180504,204.04594474766648,3188.217886683558,0.06399999999997452
11503,BANCO DE LA CIUDAD DE BUENOS AIRES,LINK,Av. Montes De Oca 40,Barracas,Comuna 4,1,0-50 m,139.0,0.007841371226357887,17726.49144996058,17726.49144996058,1.0
11503,BANCO DE LA CIUDAD DE BUENOS AIRES,LINK,Av. Montes De Oca 40,Barracas,Comuna 4,2,50-100 m,130.0,0.023524113679051644,5526.244336923339,17726.49144996058,0.31175059952067546
11503,BANCO DE LA CIUDAD DE BUENOS AIRES,LINK,Av. Montes De Oca 40,Barracas,Comuna 4,3,100-150 m,79.0,0.03920685613180504,2014.9537043832067,17726.49144996058,0.11366906474815622
11500,BANCO DE LA PROVINCIA DE BUENOS AIRES,LINK,Av. Montes De Oca 873,Barracas,Comuna 4,1,0-50 m,64.0,0.007841371226357887,8161.837789909908,8161.837789909908,1.0
11500,BANCO DE LA PROVINCIA DE BUENOS AIRES,LINK,Av. Montes De Oca 873,Barracas,Comuna 4,2,50-100 m,48.0,0.023524113679051644,2040.4594474793867,8161.837789909908,0.250000000000234
11500,BANCO DE LA PROVINCIA DE BUENOS AIRES,LINK,Av. Montes De Oca 873,Barracas,Comuna 4,3,100-150 m,58.0,0.03920685613180504,1479.3330994205821,8161.837789909908,0.18124999999992789
11233,BANCO DE LA NACION ARGENTINA,LINK,Av. Nazca 1914,Villa Santa Rita,Comuna 11,1,0-50 m,13.0,0.007841371226357887,1657.87330107545,1657.87330107545,1.0
11233,BANCO DE LA NACION ARGENTINA,LINK,Av. Nazca 1914,Villa Santa Rita,Comuna 11,2,50-100 m,15.0,0.023524113679051644,637.6435773373083,1657.87330107545,0.3846153846157446
11233,BANCO DE LA NACION ARGENTINA,LINK,Av. Nazca 1914,Villa Santa Rita,Comuna 11,3,100-150 m,15.0,0.03920685613180504,382.58614640187466,1657.87330107545,0.23076923076913894
11234,CABAL COOP. LTDA.,LINK,Av. Nazca 2208,Villa Santa Rita,Comuna 11,1,0-50 m,25.0,0.007841371226357887,3188.217886683558,3188.217886683558,1.0
11234,CABAL COOP. LTDA.,LINK,Av. Nazca 2208,Villa Santa Rita,Comuna 11,2,50-100 m,49.0,0.023524113679051644,2082.9690193018737,3188.217886683558,0.6533333333339447
11234,CABAL COOP. LTDA.,LINK,Av. Nazca 2208,Villa Santa Rita,Comuna 11,3,100-150 m,33.0,0.03920685613180504,841.6895220841243,3188.217886683558,0.26399999999989493
11515,CABAL COOP. LTDA.,LINK,Av. Nazca 392/396,Flores,Comuna 7,1,0-50 m,334.0,0.007841371226357887,42594.59096609233,42594.59096609233,1.0
11515,CABAL COOP. LTDA.,LINK,Av. Nazca 392/396,Flores,Comuna 7,2,50-100 m,74.0,0.023524113679051644,3145.7083148640545,42594.59096609233,0.07385229540925077
11515,CABAL COOP. LTDA.,LINK,Av. Nazca 392/396,Flores,Comuna 7,3,100-150 m,233.0,0.03920685613180504,5942.838140775787,42594.59096609233,0.13952095808377682
11086,BANCO DE LA CIUDAD DE BUENOS AIRES,LINK,Av. Paseo Colón 1033,San Telmo,Comuna 1,1,0-50 m,10.0,0.007841371226357887,1275.2871546734232,1275.2871546734232,1.0
11086,BANCO DE LA CIUDAD DE BUENOS AIRES,LINK,Av. Paseo Colón 1033,San Telmo,Comuna 1,2,50-100 m,60.0,0.023524113679051644,2550.5743093492333,1275.2871546734232,2.000000000001872
11086,BANCO DE LA CIUDAD DE BUENOS AIRES,LINK,Av. Paseo Colón 1033,San Telmo,Comuna 1,3,100-150 m,97.0,0.03920685613180504,2474.0570800654564,1275.2871546734232,1.939999999999228
11392,BANCO DE LA NACION ARGENTINA,LINK,Av. Paseo Colón 239,Monserrat,Comuna 1,1,0-50 m,7.0,0.007841371226357887,892.7010082713962,892.7010082713962,1.0
11392,BANCO DE LA NACION ARGENTINA,LINK,Av. Paseo Colón 239,Monserrat,Comuna 1,2,50-100 m,13.0,0.023524113679051644,552.6244336923339,892.7010082713962,0.6190476190481985
11392,BANCO DE LA NACION ARGENTINA,LINK,Av. Paseo Colón 239,Monserrat,Comuna 1,3,100-150 m,3.0,0.03920685613180504,76.51722928037493,892.7010082713962,0.0857142857142516
11391,BANCO DE LA CIUDAD DE BUENOS AIRES,LINK,"Av. Paseo Colón 255, entre Moreno y Adolfo Alsina",Monserrat,Comuna 1,1,0-50 m,36.0,0.007841371226357887,4591.033756824323,4591.033756824323,1.0
11391,BANCO DE LA CIUDAD DE BUENOS AIRES,LINK,"Av. Paseo Colón 255, entre Moreno y Adolfo Alsina",Monserrat,Comuna 1,2,50-100 m,100.0,0.023524113679051644,4250.957182248722,4591.033756824323,0.9259259259267926
11391,BANCO DE LA CIUDAD DE BUENOS AIRES,LINK,"Av. Paseo Colón 255, entre Moreno y Adolfo Alsina",Monserrat,Comuna 1,3,100-150 m,78.0,0.03920685613180504,1989.4479612897483,4591.033756824323,0.4333333333331609
11380,BANCO DE LA NACION ARGENTINA,LINK,Av. Paseo Colón 635,Monserrat,Comuna 1,1,0-50 m,30.0,0.007841371226357887,3825.861464020269,3825.861464020269,1.0
11380,BANCO DE LA NACION ARGENTINA,LINK,Av. Paseo Colón 635,Monserrat,Comuna 1,2,50-100 m,116.0,0.023524113679051644,4931.110331408518,3825.861464020269,1.2888888888900951
11380,BANCO DE LA NACION ARGENTINA,LINK,Av. Paseo Colón 635,Monserrat,Comuna 1,3,100-150 m,96.0,0.03920685613180504,2448.551336971998,3825.861464020269,0.6399999999997453
11084,BANCO DE LA NACION ARGENTINA,LINK,Av. Paseo Colón 982,San Telmo,Comuna 1,1,0-50 m,34.0,0.007841371226357887,4335.976325889638,4335.976325889638,1.0
11084,BANCO DE LA NACION ARGENTINA,LINK,Av. Paseo Colón 982,San Telmo,Comuna 1,2,50-100 m,81.0,0.023524113679051644,3443.275317621465,4335.976325889638,0.7941176470595669
11084,BANCO DE LA NACION ARGENTINA,LINK,Av. Paseo Colón 982,San Telmo,Comuna 1,3,100-150 m,8.0,0.03920685613180504,204.04594474766648,4335.976325889638,0.047058823529393036
11672,BANCO DE LA CIUDAD DE BUENOS AIRES,LINK,Av. Patricias Argentinas 750,,,1,0-50 m,57.0,0.007841371226357887,7269.136781638512,7269.136781638512,1.0
11672,BANCO DE LA CIUDAD DE BUENOS AIRES,LINK,Av. Patricias Argentinas 750,,,2,50-100 m,57.0,0.023524113679051644,2423.0455938817718,7269.136781638512,0.3333333333336453
11672,BANCO DE LA CIUDAD DE BUENOS AIRES,LINK,Av. Patricias Argentinas 750,,,3,100-150 m,176.0,0.03920685613180504,4489.010784448663,7269.136781638512,0.617543859648877
11671,BANCO DE LA CIUDAD DE BUENOS AIRES,LINK,Av. Pedro Goyena 369,Caballito,Comuna 6,1,0-50 m,29.0,0.007841371226357887,3698.332748552927,3698.332748552927,1.0
11671,BANCO DE LA CIUDAD DE BUENOS AIRES,LINK,Av. Pedro Goyena 369,Caballito,Comuna 6,2,50-100 m,81.0,0.023524113679051644,3443.275317621465,3698.332748552927,0.9310344827594921
11671,BANCO DE LA CIUDAD DE BUENOS AIRES,LINK,Av. Pedro Goyena 369,Caballito,Comuna 6,3,100-150 m,136.0,0.03920685613180504,3468.7810607103306,3698.332748552927,0.9379310344823854
11401,BANCO DE LA NACION ARGENTINA,LINK,Av. Pte. Roque Saenz Peña 310,,,1,0-50 m,33.0,0.007841371226357887,4208.447610422296,4208.447610422296,1.0
11401,BANCO DE LA NACION ARGENTINA,LINK,Av. Pte. Roque Saenz Peña 310,,,2,50-100 m,34.0,0.023524113679051644,1445.3254419645655,4208.447610422296,0.3434343434346649
11401,BANCO DE LA NACION ARGENTINA,LINK,Av. Pte. Roque Saenz Peña 310,,,3,100-150 m,56.0,0.03920685613180504,1428.3216132336654,4208.447610422296,0.33939393939380436
11047,BANCO DE LA CIUDAD DE BUENOS AIRES,LINK,Av. Pte. Roque Saenz Peña 541,San Nicolas,Comuna 1,1,0-50 m,256.0,0.007841371226357887,32647.35115963963,32647.35115963963,1.0
11047,BANCO DE LA CIUDAD DE BUENOS AIRES,LINK,Av. Pte. Roque Saenz Peña 541,San Nicolas,Comuna 1,2,50-100 m,137.0,0.023524113679051644,5823.811339680749,32647.35115963963,0.1783854166668336
11047,BANCO DE LA CIUDAD DE BUENOS AIRES,LINK,Av. Pte. Roque Saenz Peña 541,San Nicolas,Comuna 1,3,100-150 m,1.0,0.03920685613180504,25.50574309345831,32647.35115963963,0.0007812499999996891
11008,BANCO DE LA CIUDAD DE BUENOS AIRES,LINK,Av. Pueyrredón 2247 esquina Av. Las Heras,Recoleta,Comuna 2,1,0-50 m,27.0,0.007841371226357887,3443.2753176182423,3443.2753176182423,1.0
11008,BANCO DE LA CIUDAD DE BUENOS AIRES,LINK,Av. Pueyrredón 2247 esquina Av. Las Heras,Recoleta,Comuna 2,2,50-100 m,32.0,0.023524113679051644,1360.3062983195912,3443.2753176182423,0.3950617283954315
11008,BANCO DE LA CIUDAD DE BUENOS AIRES,LINK,Av. Pueyrredón 2247 esquina Av. Las Heras,Recoleta,Comuna 2,3,100-150 m,45.0,0.03920685613180504,1147.758439205624,3443.2753176182423,0.33333333333320064
11001,BANCO HIPOTECARIO S.A.,LINK,Av. Pueyrredón 2501,Recoleta,Comuna 2,1,0-50 m,63.0,0.007841371226357887,8034.309074442565,8034.309074442565,1.0
11001,BANCO HIPOTECARIO S.A.,LINK,Av. Pueyrredón 2501,Recoleta,Comuna 2,2,50-100 m,63.0,0.023524113679051644,2678.103024816695,8034.309074442565,0.3333333333336453
11001,BANCO HIPOTECARIO S.A.,LINK,Av. Pueyrredón 2501,Recoleta,Comuna 2,3,100-150 m,49.0,0.03920685613180504,1249.7814115794572,8034.309074442565,0.15555555555549364
11799,BANCO DE LA PROVINCIA DE BUENOS AIRES,LINK,Av. Rafael Obligado s/n,,,1,0-50 m,0.0,0.007841371226357887,0.0,0.0,
11799,BANCO DE LA PROVINCIA DE BUENOS AIRES,LINK,Av. Rafael Obligado s/n,,,2,50-100 m,0.0,0.023524113679051644,0.0,0.0,
11799,BANCO DE LA PROVINCIA DE BUENOS AIRES,LINK,Av. Rafael Obligado s/n,,,3,100-150 m,33.0,0.03920685613180504,841.6895220841243,0.0,
11725,BANCO DE LA NACION ARGENTINA,LINK,Av. Rafael Obligado s/n esquina Edison,,,1,0-50 m,0.0,0.007841371226357887,0.0,0.0,
11725,BANCO DE LA NACION ARGENTINA,LINK,Av. Rafael Obligado s/n esquina Edison,,,2,50-100 m,1.0,0.023524113679051644,42.509571822487224,0.0,
11725,BANCO DE LA NACION ARGENTINA,LINK,Av. Rafael Obligado s/n esquina Edison,,,3,100-150 m,0.0,0.03920685613180504,0.0,0.0,
11708,CABAL COOP. LTDA.,LINK,Av. Ramos Mejia 1430,Retiro,Comuna 1,1,0-50 m,155.0,0.007841371226357887,19766.95089743806,19766.95089743806,1.0
11708,CABAL COOP. LTDA.,LINK,Av. Ramos Mejia 1430,Retiro,Comuna 1,2,50-100 m,755.0,0.023524113679051644,32094.726725977853,19766.95089743806,1.6236559139800142
11708,CABAL COOP. LTDA.,LINK,Av. Ramos Mejia 1430,Retiro,Comuna 1,3,100-150 m,155.0,0.03920685613180504,3953.3901794860385,19766.95089743806,0.1999999999999204
11716,BANCO DE LA CIUDAD DE BUENOS AIRES,LINK,Av. Ramos Mejia 1650 esquina Av. Antártida Argenti,Retiro,Comuna 1,1,0-50 m,28.0,0.007841371226357887,3570.8040330855847,3570.8040330855847,1.0
11716,BANCO DE LA CIUDAD DE BUENOS AIRES,LINK,Av. Ramos Mejia 1650 esquina Av. Antártida Argenti,Retiro,Comuna 1,2,50-100 m,62.0,0.023524113679051644,2635.593452994208,3570.8040330855847,0.7380952380959289
11716,BANCO DE LA CIUDAD DE BUENOS AIRES,LINK,Av. Ramos Mejia 1650 esquina Av. Antártida Argenti,Retiro,Comuna 1,3,100-150 m,5.0,0.03920685613180504,127.52871546729156,3570.8040330855847,0.0357142857142715
11712,BANCO DE LA CIUDAD DE BUENOS AIRES,LINK,Av. Ramos Mejia 1650 piso 2º,Retiro,Comuna 1,1,0-50 m,24.0,0.007841371226357887,3060.6891712162155,3060.6891712162155,1.0
11712,BANCO DE LA CIUDAD DE BUENOS AIRES,LINK,Av. Ramos Mejia 1650 piso 2º,Retiro,Comuna 1,2,50-100 m,13.0,0.023524113679051644,552.6244336923339,3060.6891712162155,0.18055555555572456
11712,BANCO DE LA CIUDAD DE BUENOS AIRES,LINK,Av. Ramos Mejia 1650 piso 2º,Retiro,Comuna 1,3,100-150 m,2.0,0.03920685613180504,51.01148618691662,3060.6891712162155,0.016666666666660033
11704,BANCO DE LA CIUDAD DE BUENOS AIRES,LINK,"Av. Ramos Mejia s/n, entre Av. Del Libertador y Av",,,1,0-50 m,173.0,0.007841371226357887,22062.46777585022,22062.46777585022,1.0
11704,BANCO DE LA CIUDAD DE BUENOS AIRES,LINK,"Av. Ramos Mejia s/n, entre Av. Del Libertador y Av",,,2,50-100 m,197.0,0.023524113679051644,8374.385649029982,22062.46777585022,0.37957610790016255
11704,BANCO DE LA CIUDAD DE BUENOS AIRES,LINK,"Av. Ramos Mejia s/n, entre Av. Del Libertador y Av",,,3,100-150 m,53.0,0.03920685613180504,1351.8043839532904,22062.46777585022,0.06127167630055365
11724,BANCO DE LA NACION ARGENTINA,LINK,Av. Ramos Mejia s/n esquina Av. Del Libertador,,,1,0-50 m,413.0,0.007841371226357887,52669.35948801237,52669.35948801237,1.0
11724,BANCO DE LA NACION ARGENTINA,LINK,Av. Ramos Mejia s/n esquina Av. Del Libertador,,,2,50-100 m,352.0,0.023524113679051644,14963.369281515503,52669.35948801237,0.2841000807105161
11724,BANCO DE LA NACION ARGENTINA,LINK,Av. Ramos Mejia s/n esquina Av. Del Libertador,,,3,100-150 m,67.0,0.03920685613180504,1708.8847872617068,52669.35948801237,0.03244552058110089
11805,CABAL COOP. LTDA.,LINK,Av. Raul Scalabrini Ortiz 1364,Palermo,Comuna 14,1,0-50 m,33.0,0.007841371226357887,4208.447610422296,4208.447610422296,1.0
11805,CABAL COOP. LTDA.,LINK,Av. Raul Scalabrini Ortiz 1364,Palermo,Comuna 14,2,50-100 m,101.0,0.023524113679051644,4293.46675407121,4208.447610422296,1.0202020202029751
11805,CABAL COOP. LTDA.,LINK,Av. Raul Scalabrini Ortiz 1364,Palermo,Comuna 14,3,100-150 m,280.0,0.03920685613180504,7141.608066168327,4208.447610422296,1.6969696969690218
11509,BANCO DE LA CIUDAD DE BUENOS AIRES,LINK,Av. Regimiento De Patricios 1142,Boca,Comuna 4,1,0-50 m,32.0,0.007841371226357887,4080.918894954954,4080.918894954954,1.0
11509,BANCO DE LA CIUDAD DE BUENOS AIRES,LINK,Av. Regimiento De Patricios 1142,Boca,Comuna 4,2,50-100 m,73.0,0.023524113679051644,3103.1987430415675,4080.918894954954,0.7604166666673784
11509,BANCO DE LA CIUDAD DE BUENOS AIRES,LINK,Av. Regimiento De Patricios 1142,Boca,Comuna 4,3,100-150 m,29.0,0.03920685613180504,739.6665497102911,4080.918894954954,0.18124999999992789
11506,CABAL COOP. LTDA.,LINK,Av. Regimiento De Patricios 537,Barracas,Comuna 4,1,0-50 m,30.0,0.007841371226357887,3825.861464020269,3825.861464020269,1.0
11506,CABAL COOP. LTDA.,LINK,Av. Regimiento De Patricios 537,Barracas,Comuna 4,2,50-100 m,76.0,0.023524113679051644,3230.727458509029,3825.861464020269,0.8444444444452348
11506,CABAL COOP. LTDA.,LINK,Av. Regimiento De Patricios 537,Barracas,Comuna 4,3,100-150 m,77.0,0.03920685613180504,1963.94221819629,3825.861464020269,0.513333333333129
11508,BANCO DE LA CIUDAD DE BUENOS AIRES,LINK,Av. Regimiento De Patricios 902,Boca,Comuna 4,1,0-50 m,15.0,0.007841371226357887,1912.9307320101345,1912.9307320101345,1.0
11508,BANCO DE LA CIUDAD DE BUENOS AIRES,LINK,Av. Regimiento De Patricios 902,Boca,Comuna 4,2,50-100 m,3.0,0.023524113679051644,127.52871546746167,1912.9307320101345,0.06666666666672906
11508,BANCO DE LA CIUDAD DE BUENOS AIRES,LINK,Av. Regimiento De Patricios 902,Boca,Comuna 4,3,100-150 m,12.0,0.03920685613180504,306.06891712149974,1912.9307320101345,0.15999999999993633
11507,BANCO DE LA CIUDAD DE BUENOS AIRES,LINK,"Av. Regimiento De Patricios 902, entre Brandsen y",Boca,Comuna 4,1,0-50 m,86.0,0.007841371226357887,10967.469530191438,10967.469530191438,1.0
11507,BANCO DE LA CIUDAD DE BUENOS AIRES,LINK,"Av. Regimiento De Patricios 902, entre Brandsen y",Boca,Comuna 4,2,50-100 m,45.0,0.023524113679051644,1912.930732011925,10967.469530191438,0.17441860465132605
11507,BANCO DE LA CIUDAD DE BUENOS AIRES,LINK,"Av. Regimiento De Patricios 902, entre Brandsen y",Boca,Comuna 4,3,100-150 m,167.0,0.03920685613180504,4259.459096607538,10967.469530191438,0.38837209302310133
11101,BANCO DE LA CIUDAD DE BUENOS AIRES,LINK,Av. Ricardo Balbín 3875,Saavedra,Comuna 12,1,0-50 m,8.0,0.007841371226357887,1020.2297237387385,1020.2297237387385,1.0
11101,BANCO DE LA CIUDAD DE BUENOS AIRES,LINK,Av. Ricardo Balbín 3875,Saavedra,Comuna 12,2,50-100 m,14.0,0.023524113679051644,595.1340055148211,1020.2297237387385,0.5833333333338793
11101,BANCO DE LA CIUDAD DE BUENOS AIRES,LINK,Av. Ricardo Balbín 3875,Saavedra,Comuna 12,3,100-150 m,1.0,0.03920685613180504,25.50574309345831,1020.2297237387385,0.02499999999999005
11529,CABAL COOP. LTDA.,LINK,Av. Ricardo Balbín 4130,Saavedra,Comuna 12,1,0-50 m,12.0,0.007841371226357887,1530.3445856081078,1530.3445856081078,1.0
11529,CABAL COOP. LTDA.,LINK,Av. Ricardo Balbín 4130,Saavedra,Comuna 12,2,50-100 m,54.0,0.023524113679051644,2295.51687841431,1530.3445856081078,1.500000000001404
11529,CABAL COOP. LTDA.,LINK,Av. Ricardo Balbín 4130,Saavedra,Comuna 12,3,100-150 m,45.0,0.03920685613180504,1147.758439205624,1530.3445856081078,0.7499999999997015
11432,BANCO DE LA NACION ARGENTINA,LINK,Av. Rivadavia 10249,Villa Luro,Comuna 10,1,0-50 m,9.0,0.007841371226357887,1147.7584392060808,1147.7584392060808,1.0
11432,BANCO DE LA NACION ARGENTINA,LINK,Av. Rivadavia 10249,Villa Luro,Comuna 10,2,50-100 m,61.0,0.023524113679051644,2593.083881171721,1147.7584392060808,2.259259259261374
11432,BANCO DE LA NACION ARGENTINA,LINK,Av. Rivadavia 10249,Villa Luro,Comuna 10,3,100-150 m,39.0,0.03920685613180504,994.7239806448741,1147.7584392060808,0.8666666666663217
11424,BANCO DE LA CIUDAD DE BUENOS AIRES,LINK,"Av. Rivadavia 11059, entre Av. Lisandro De La Torr",Liniers,Comuna 9,1,0-50 m,4.0,0.007841371226357887,510.11486186936924,510.11486186936924,1.0
11424,BANCO DE LA CIUDAD DE BUENOS AIRES,LINK,"Av. Rivadavia 11059, entre Av. Lisandro De La Torr",Liniers,Comuna 9,2,50-100 m,26.0,0.023524113679051644,1105.2488673846678,510.11486186936924,2.1666666666686947
11424,BANCO DE LA CIUDAD DE BUENOS AIRES,LINK,"Av. Rivadavia 11059, entre Av. Lisandro De La Torr",Liniers,Comuna 9,3,100-150 m,7.0,0.03920685613180504,178.54020165420818,510.11486186936924,0.3499999999998607
11421,BANCO DE LA NACION ARGENTINA,LINK,Av. Rivadavia 11078,Liniers,Comuna 9,1,0-50 m,14.0,0.007841371226357887,1785.4020165427924,1785.4020165427924,1.0
11421,BANCO DE LA NACION ARGENTINA,LINK,Av. Rivadavia 11078,Liniers,Comuna 9,2,50-100 m,1.0,0.023524113679051644,42.509571822487224,1785.4020165427924,0.023809523809546096
11421,BANCO DE LA NACION ARGENTINA,LINK,Av. Rivadavia 11078,Liniers,Comuna 9,3,100-150 m,12.0,0.03920685613180504,306.06891712149974,1785.4020165427924,0.1714285714285032
11189,BANCO DE LA NACION ARGENTINA,LINK,Av. Rivadavia 1864,Balvanera,Comuna 3,1,0-50 m,65.0,0.007841371226357887,8289.36650537725,8289.36650537725,1.0
11189,BANCO DE LA NACION ARGENTINA,LINK,Av. Rivadavia 1864,Balvanera,Comuna 3,2,50-100 m,97.0,0.023524113679051644,4123.428466781261,8289.36650537725,0.4974358974363631
11189,BANCO DE LA NACION ARGENTINA,LINK,Av. Rivadavia 1864,Balvanera,Comuna 3,3,100-150 m,495.0,0.03920685613180504,12625.342831261865,8289.36650537725,1.5230769230763173
11171,BANCO DE LA CIUDAD DE BUENOS AIRES,LINK,Av. Rivadavia 2479,Balvanera,Comuna 3,1,0-50 m,49.0,0.007841371226357887,6248.9070578997735,6248.9070578997735,1.0
11171,BANCO DE LA CIUDAD DE BUENOS AIRES,LINK,Av. Rivadavia 2479,Balvanera,Comuna 3,2,50-100 m,1.0,0.023524113679051644,42.509571822487224,6248.9070578997735,0.006802721088441741
11171,BANCO DE LA CIUDAD DE BUENOS AIRES,LINK,Av. Rivadavia 2479,Balvanera,Comuna 3,3,100-150 m,0.0,0.03920685613180504,0.0,6248.9070578997735,0.0
11177,CABAL COOP. LTDA.,LINK,Av. Rivadavia 2628,Balvanera,Comuna 3,1,0-50 m,37.0,0.007841371226357887,4718.5624722916655,4718.5624722916655,1.0
11177,CABAL COOP. LTDA.,LINK,Av. Rivadavia 2628,Balvanera,Comuna 3,2,50-100 m,4.0,0.023524113679051644,170.0382872899489,4718.5624722916655,0.036036036036069766
11177,CABAL COOP. LTDA.,LINK,Av. Rivadavia 2628,Balvanera,Comuna 3,3,100-150 m,4.0,0.03920685613180504,102.02297237383324,4718.5624722916655,0.021621621621613015
11175,BANCO DE LA PROVINCIA DE BUENOS AIRES,LINK,"Av. Rivadavia 2828, entre Catamarca y Av. Pueyrred",Balvanera,Comuna 3,1,0-50 m,53.0,0.007841371226357887,6759.021919769142,6759.021919769142,1.0
11175,BANCO DE LA PROVINCIA DE BUENOS AIRES,LINK,"Av. Rivadavia 2828, entre Catamarca y Av. Pueyrred",Balvanera,Comuna 3,2,50-100 m,1122.0,0.023524113679051644,47695.73958483066,6759.021919769142,7.05660377359151
11175,BANCO DE LA PROVINCIA DE BUENOS AIRES,LINK,"Av. Rivadavia 2828, entre Catamarca y Av. Pueyrred",Balvanera,Comuna 3,3,100-150 m,602.0,0.03920685613180504,15354.457342261903,6759.021919769142,2.271698113206643
11161,BANCO DE LA NACION ARGENTINA,LINK,Av. Rivadavia 2856,Balvanera,Comuna 3,1,0-50 m,92.0,0.007841371226357887,11732.641822995492,11732.641822995492,1.0
11161,BANCO DE LA NACION ARGENTINA,LINK,Av. Rivadavia 2856,Balvanera,Comuna 3,2,50-100 m,730.0,0.023524113679051644,31031.987430415673,11732.641822995492,2.6449275362343596
11161,BANCO DE LA NACION ARGENTINA,LINK,Av. Rivadavia 2856,Balvanera,Comuna 3,3,100-150 m,161.0,0.03920685613180504,4106.4246380467885,11732.641822995492,0.34999999999986076
11419,BANCO DE LA NACION ARGENTINA,LINK,Av. Rivadavia 3726,Almagro,Comuna 5,1,0-50 m,28.0,0.007841371226357887,3570.8040330855847,3570.8040330855847,1.0
11419,BANCO DE LA NACION ARGENTINA,LINK,Av. Rivadavia 3726,Almagro,Comuna 5,2,50-100 m,41.0,0.023524113679051644,1742.892444721976,3570.8040330855847,0.4880952380956949
11419,BANCO DE LA NACION ARGENTINA,LINK,Av. Rivadavia 3726,Almagro,Comuna 5,3,100-150 m,52.0,0.03920685613180504,1326.2986408598322,3570.8040330855847,0.3714285714284236
11661,CABAL COOP. LTDA.,LINK,Av. Rivadavia 4600,Caballito,Comuna 6,1,0-50 m,171.0,0.007841371226357887,21807.410344915534,21807.410344915534,1.0
11661,CABAL COOP. LTDA.,LINK,Av. Rivadavia 4600,Caballito,Comuna 6,2,50-100 m,171.0,0.023524113679051644,7269.136781645315,21807.410344915534,0.33333333333364534
11661,CABAL COOP. LTDA.,LINK,Av. Rivadavia 4600,Caballito,Comuna 6,3,100-150 m,285.0,0.03920685613180504,7269.136781635619,21807.410344915534,0.3333333333332007
11657,BANCO DE LA CIUDAD DE BUENOS AIRES,LINK,Av. Rivadavia 4906 esquina Ambrosetti,Caballito,Comuna 6,1,0-50 m,29.0,0.007841371226357887,3698.332748552927,3698.332748552927,1.0
11657,BANCO DE LA CIUDAD DE BUENOS AIRES,LINK,Av. Rivadavia 4906 esquina Ambrosetti,Caballito,Comuna 6,2,50-100 m,12.0,0.023524113679051644,510.11486186984666,3698.332748552927,0.1379310344828877
11657,BANCO DE LA CIUDAD DE BUENOS AIRES,LINK,Av. Rivadavia 4906 esquina Ambrosetti,Caballito,Comuna 6,3,100-150 m,57.0,0.03920685613180504,1453.8273563271239,3698.332748552927,0.39310344827570565
11654,BANCO DE LA PROVINCIA DE BUENOS AIRES,LINK,Av. Rivadavia 5025,Caballito,Comuna 6,1,0-50 m,566.0,0.007841371226357887,72181.25295451574,72181.25295451574,1.0
11654,BANCO DE LA PROVINCIA DE BUENOS AIRES,LINK,Av. Rivadavia 5025,Caballito,Comuna 6,2,50-100 m,291.0,0.023524113679051644,12370.285400343782,72181.25295451574,0.17137809187295194
11654,BANCO DE LA PROVINCIA DE BUENOS AIRES,LINK,Av. Rivadavia 5025,Caballito,Comuna 6,3,100-150 m,53.0,0.03920685613180504,1351.8043839532904,72181.25295451574,0.018727915194338834
11653,BANCO DE LA NACION ARGENTINA,LINK,Av. Rivadavia 5199,Caballito,Comuna 6,1,0-50 m,26.0,0.007841371226357887,3315.7466021509,3315.7466021509,1.0
11653,BANCO DE LA NACION ARGENTINA,LINK,Av. Rivadavia 5199,Caballito,Comuna 6,2,50-100 m,1.0,0.023524113679051644,42.509571822487224,3315.7466021509,0.012820512820524821
11653,BANCO DE LA NACION ARGENTINA,LINK,Av. Rivadavia 5199,Caballito,Comuna 6,3,100-150 m,1.0,0.03920685613180504,25.50574309345831,3315.7466021509,0.007692307692304631
11668,BANCO DE LA CIUDAD DE BUENOS AIRES,LINK,Av. Rivadavia 6082,Caballito,Comuna 6,1,0-50 m,73.0,0.007841371226357887,9309.596229115989,9309.596229115989,1.0
11668,BANCO DE LA CIUDAD DE BUENOS AIRES,LINK,Av. Rivadavia 6082,Caballito,Comuna 6,2,50-100 m,26.0,0.023524113679051644,1105.2488673846678,9309.596229115989,0.11872146118732574
11668,BANCO DE LA CIUDAD DE BUENOS AIRES,LINK,Av. Rivadavia 6082,Caballito,Comuna 6,3,100-150 m,77.0,0.03920685613180504,1963.94221819629,9309.596229115989,0.2109589041095051
11513,BANCO PIANO S.A.,LINK,Av. Rivadavia 6662,Flores,Comuna 7,1,0-50 m,132.0,0.007841371226357887,16833.790441689183,16833.790441689183,1.0
11513,BANCO PIANO S.A.,LINK,Av. Rivadavia 6662,Flores,Comuna 7,2,50-100 m,25.0,0.023524113679051644,1062.7392955621806,16833.790441689183,0.06313131313137223
11513,BANCO PIANO S.A.,LINK,Av. Rivadavia 6662,Flores,Comuna 7,3,100-150 m,2.0,0.03920685613180504,51.01148618691662,16833.790441689183,0.0030303030303018247
11520,BANCO DE LA PROVINCIA DE BUENOS AIRES,LINK,"Av. Rivadavia 6824, entre Caracas y Fray C. Rodríg",Flores,Comuna 7,1,0-50 m,137.0,0.007841371226357887,17471.434019025895,17471.434019025895,1.0
11520,BANCO DE LA PROVINCIA DE BUENOS AIRES,LINK,"Av. Rivadavia 6824, entre Caracas y Fray C. Rodríg",Flores,Comuna 7,2,50-100 m,47.0,0.023524113679051644,1997.9498756568994,17471.434019025895,0.11435523114365934
11520,BANCO DE LA PROVINCIA DE BUENOS AIRES,LINK,"Av. Rivadavia 6824, entre Caracas y Fray C. Rodríg",Flores,Comuna 7,3,100-150 m,6.0,0.03920685613180504,153.03445856074987,17471.434019025895,0.008759124087587755
11519,BANCO DE LA CIUDAD DE BUENOS AIRES,LINK,"Av. Rivadavia 6920, entre Rivera Indarte y Pescado",Flores,Comuna 7,1,0-50 m,45.0,0.007841371226357887,5738.792196030404,5738.792196030404,1.0
11519,BANCO DE LA CIUDAD DE BUENOS AIRES,LINK,"Av. Rivadavia 6920, entre Rivera Indarte y Pescado",Flores,Comuna 7,2,50-100 m,5.0,0.023524113679051644,212.5478591124361,5738.792196030404,0.0370370370370717
11519,BANCO DE LA CIUDAD DE BUENOS AIRES,LINK,"Av. Rivadavia 6920, entre Rivera Indarte y Pescado",Flores,Comuna 7,3,100-150 m,3.0,0.03920685613180504,76.51722928037493,5738.792196030404,0.013333333333328028
11514,BANCO DE LA NACION ARGENTINA,LINK,Av. Rivadavia 7000,Flores,Comuna 7,1,0-50 m,540.0,0.007841371226357887,68865.50635236484,68865.50635236484,1.0
11514,BANCO DE LA NACION ARGENTINA,LINK,Av. Rivadavia 7000,Flores,Comuna 7,2,50-100 m,189.0,0.023524113679051644,8034.309074450085,68865.50635236484,0.11666666666677587
11514,BANCO DE LA NACION ARGENTINA,LINK,Av. Rivadavia 7000,Flores,Comuna 7,3,100-150 m,17.0,0.03920685613180504,433.5976325887913,68865.50635236484,0.006296296296293791
11522,BANCO DE LA CIUDAD DE BUENOS AIRES,LINK,"Av. Rivadavia 7236, entre La Porteña y Condarco",Flores,Comuna 7,1,0-50 m,38.0,0.007841371226357887,4846.091187759008,4846.091187759008,1.0
11522,BANCO DE LA CIUDAD DE BUENOS AIRES,LINK,"Av. Rivadavia 7236, entre La Porteña y Condarco",Flores,Comuna 7,2,50-100 m,61.0,0.023524113679051644,2593.083881171721,4846.091187759008,0.5350877192987464
11522,BANCO DE LA CIUDAD DE BUENOS AIRES,LINK,"Av. Rivadavia 7236, entre La Porteña y Condarco",Flores,Comuna 7,3,100-150 m,15.0,0.03920685613180504,382.58614640187466,4846.091187759008,0.07894736842102121
11527,BANCO HIPOTECARIO S.A.,LINK,Av. Rivadavia 7270,Flores,Comuna 7,1,0-50 m,24.0,0.007841371226357887,3060.6891712162155,3060.6891712162155,1.0
11527,BANCO HIPOTECARIO S.A.,LINK,Av. Rivadavia 7270,Flores,Comuna 7,2,50-100 m,96.0,0.023524113679051644,4080.9188949587733,3060.6891712162155,1.3333333333345811
11527,BANCO HIPOTECARIO S.A.,LINK,Av. Rivadavia 7270,Flores,Comuna 7,3,100-150 m,36.0,0.03920685613180504,918.2067513644993,3060.6891712162155,0.29999999999988064
10971,BANCO DE LA PROVINCIA DE BUENOS AIRES,LINK,Av. Rivadavia 8456,Velez Sarsfield,Comuna 10,1,0-50 m,84.0,0.007841371226357887,10712.412099256753,10712.412099256753,1.0
10971,BANCO DE LA PROVINCIA DE BUENOS AIRES,LINK,Av. Rivadavia 8456,Velez Sarsfield,Comuna 10,2,50-100 m,124.0,0.023524113679051644,5271.186905988416,10712.412099256753,0.49206349206395267
10971,BANCO DE LA PROVINCIA DE BUENOS AIRES,LINK,Av. Rivadavia 8456,Velez Sarsfield,Comuna 10,3,100-150 m,128.0,0.03920685613180504,3264.7351159626637,10712.412099256753,0.3047619047617835
10969,BANCO DE LA NACION ARGENTINA,LINK,Av. Rivadavia 8699,Velez Sarsfield,Comuna 10,1,0-50 m,17.0,0.007841371226357887,2167.988162944819,2167.988162944819,1.0
10969,BANCO DE LA NACION ARGENTINA,LINK,Av. Rivadavia 8699,Velez Sarsfield,Comuna 10,2,50-100 m,10.0,0.023524113679051644,425.0957182248722,2167.988162944819,0.19607843137273254
10969,BANCO DE LA NACION ARGENTINA,LINK,Av. Rivadavia 8699,Velez Sarsfield,Comuna 10,3,100-150 m,40.0,0.03920685613180504,1020.2297237383325,2167.988162944819,0.4705882352939304
10968,BANCO PIANO S.A.,LINK,Av. Rivadavia 8731,Velez Sarsfield,Comuna 10,1,0-50 m,33.0,0.007841371226357887,4208.447610422296,4208.447610422296,1.0
10968,BANCO PIANO S.A.,LINK,Av. Rivadavia 8731,Velez Sarsfield,Comuna 10,2,50-100 m,27.0,0.023524113679051644,1147.758439207155,4208.447610422296,0.272727272727528
10968,BANCO PIANO S.A.,LINK,Av. Rivadavia 8731,Velez Sarsfield,Comuna 10,3,100-150 m,26.0,0.03920685613180504,663.1493204299161,4208.447610422296,0.15757575757569486
11658,BANCO DE LA CIUDAD DE BUENOS AIRES,LINK,Av. Rivadavia s/n esquina Rojas,,,1,0-50 m,68.0,0.007841371226357887,8671.952651779276,8671.952651779276,1.0
11658,BANCO DE LA CIUDAD DE BUENOS AIRES,LINK,Av. Rivadavia s/n esquina Rojas,,,2,50-100 m,37.0,0.023524113679051644,1572.8541574320273,8671.952651779276,0.18137254901977762
11658,BANCO DE LA CIUDAD DE BUENOS AIRES,LINK,Av. Rivadavia s/n esquina Rojas,,,3,100-150 m,10.0,0.03920685613180504,255.05743093458312,8671.952651779276,0.02941176470587065
10885,BANCO DE LA CIUDAD DE BUENOS AIRES,LINK,Av. Saenz 1016 esquina Traful,Nueva Pompeya,Comuna 4,1,0-50 m,307.0,0.007841371226357887,39151.31564847409,39151.31564847409,1.0
10885,BANCO DE LA CIUDAD DE BUENOS AIRES,LINK,Av. Saenz 1016 esquina Traful,Nueva Pompeya,Comuna 4,2,50-100 m,124.0,0.023524113679051644,5271.186905988416,39151.31564847409,0.13463626492955055
10885,BANCO DE LA CIUDAD DE BUENOS AIRES,LINK,Av. Saenz 1016 esquina Traful,Nueva Pompeya,Comuna 4,3,100-150 m,37.0,0.03920685613180504,943.7124944579575,39151.31564847409,0.024104234527677702
11202,BANCO DE LA CIUDAD DE BUENOS AIRES,LINK,Av. San Juan 2850 esquina Catamarca,San Cristobal,Comuna 3,1,0-50 m,20.0,0.007841371226357887,2550.5743093468463,2550.5743093468463,1.0
11202,BANCO DE LA CIUDAD DE BUENOS AIRES,LINK,Av. San Juan 2850 esquina Catamarca,San Cristobal,Comuna 3,2,50-100 m,15.0,0.023524113679051644,637.6435773373083,2550.5743093468463,0.250000000000234
11202,BANCO DE LA CIUDAD DE BUENOS AIRES,LINK,Av. San Juan 2850 esquina Catamarca,San Cristobal,Comuna 3,3,100-150 m,3.0,0.03920685613180504,76.51722928037493,2550.5743093468463,0.02999999999998806
11204,BANCO DE LA NACION ARGENTINA,LINK,Av. San Juan 2867,San Cristobal,Comuna 3,1,0-50 m,59.0,0.007841371226357887,7524.194212573197,7524.194212573197,1.0
11204,BANCO DE LA NACION ARGENTINA,LINK,Av. San Juan 2867,San Cristobal,Comuna 3,2,50-100 m,158.0,0.023524113679051644,6716.512347952981,7524.194212573197,0.8926553672324739
11204,BANCO DE LA NACION ARGENTINA,LINK,Av. San Juan 2867,San Cristobal,Comuna 3,3,100-150 m,52.0,0.03920685613180504,1326.2986408598322,7524.194212573197,0.1762711864406078
11664,BANCO DE LA CIUDAD DE BUENOS AIRES,LINK,Av. San Martin 1242,Caballito,Comuna 6,1,0-50 m,36.0,0.007841371226357887,4591.033756824323,4591.033756824323,1.0
11664,BANCO DE LA CIUDAD DE BUENOS AIRES,LINK,Av. San Martin 1242,Caballito,Comuna 6,2,50-100 m,45.0,0.023524113679051644,1912.930732011925,4591.033756824323,0.41666666666705665
11664,BANCO DE LA CIUDAD DE BUENOS AIRES,LINK,Av. San Martin 1242,Caballito,Comuna 6,3,100-150 m,112.0,0.03920685613180504,2856.643226467331,4591.033756824323,0.6222222222219745
10983,BANCO DE LA NACION ARGENTINA,LINK,Av. San Martín 2402,Villa Gral. Mitre,Comuna 11,1,0-50 m,38.0,0.007841371226357887,4846.091187759008,4846.091187759008,1.0
10983,BANCO DE LA NACION ARGENTINA,LINK,Av. San Martín 2402,Villa Gral. Mitre,Comuna 11,2,50-100 m,43.0,0.023524113679051644,1827.9115883669506,4846.091187759008,0.37719298245649335
10983,BANCO DE LA NACION ARGENTINA,LINK,Av. San Martín 2402,Villa Gral. Mitre,Comuna 11,3,100-150 m,74.0,0.03920685613180504,1887.424988915915,4846.091187759008,0.3894736842103713
11222,BANCO DE LA PROVINCIA DE BUENOS AIRES,LINK,Av. San Martín 6827,Villa Devoto,Comuna 11,1,0-50 m,19.0,0.007841371226357887,2423.045593879504,2423.045593879504,1.0
11222,BANCO DE LA PROVINCIA DE BUENOS AIRES,LINK,Av. San Martín 6827,Villa Devoto,Comuna 11,2,50-100 m,19.0,0.023524113679051644,807.6818646272573,2423.045593879504,0.3333333333336453
11222,BANCO DE LA PROVINCIA DE BUENOS AIRES,LINK,Av. San Martín 6827,Villa Devoto,Comuna 11,3,100-150 m,18.0,0.03920685613180504,459.10337568224963,2423.045593879504,0.1894736842104509
11223,BANCO PIANO S.A.,LINK,Av. San Martín 7274,Villa Devoto,Comuna 11,1,0-50 m,11.0,0.007841371226357887,1402.8158701407654,1402.8158701407654,1.0
11223,BANCO PIANO S.A.,LINK,Av. San Martín 7274,Villa Devoto,Comuna 11,2,50-100 m,11.0,0.023524113679051644,467.60529004735946,1402.8158701407654,0.33333333333364534
11223,BANCO PIANO S.A.,LINK,Av. San Martín 7274,Villa Devoto,Comuna 11,3,100-150 m,47.0,0.03920685613180504,1198.7699253925407,1402.8158701407654,0.8545454545451145
11010,BANCO DE LA NACION ARGENTINA,LINK,"Av. Santa Fe 1180, entre Libertad y Cerrito",Retiro,Comuna 1,1,0-50 m,18.0,0.007841371226357887,2295.5168784121615,2295.5168784121615,1.0
11010,BANCO DE LA NACION ARGENTINA,LINK,"Av. Santa Fe 1180, entre Libertad y Cerrito",Retiro,Comuna 1,2,50-100 m,8.0,0.023524113679051644,340.0765745798978,2295.5168784121615,0.1481481481482868
11010,BANCO DE LA NACION ARGENTINA,LINK,"Av. Santa Fe 1180, entre Libertad y Cerrito",Retiro,Comuna 1,3,100-150 m,2.0,0.03920685613180504,51.01148618691662,2295.5168784121615,0.02222222222221338
10999,BANCO HIPOTECARIO S.A.,LINK,Av. Santa Fé 1883,Recoleta,Comuna 2,1,0-50 m,69.0,0.007841371226357887,8799.481367246619,8799.481367246619,1.0
10999,BANCO HIPOTECARIO S.A.,LINK,Av. Santa Fé 1883,Recoleta,Comuna 2,2,50-100 m,28.0,0.023524113679051644,1190.2680110296421,8799.481367246619,0.13526570048321837
10999,BANCO HIPOTECARIO S.A.,LINK,Av. Santa Fé 1883,Recoleta,Comuna 2,3,100-150 m,3.0,0.03920685613180504,76.51722928037493,8799.481367246619,0.008695652173909583
10991,BANCO DE LA PROVINCIA DE BUENOS AIRES,LINK,Av. Santa Fé 1902,Recoleta,Comuna 2,1,0-50 m,176.0,0.007841371226357887,22445.053922252246,22445.053922252246,1.0
10991,BANCO DE LA PROVINCIA DE BUENOS AIRES,LINK,Av. Santa Fé 1902,Recoleta,Comuna 2,2,50-100 m,198.0,0.023524113679051644,8416.89522085247,22445.053922252246,0.375000000000351
10991,BANCO DE LA PROVINCIA DE BUENOS AIRES,LINK,Av. Santa Fé 1902,Recoleta,Comuna 2,3,100-150 m,95.0,0.03920685613180504,2423.0455938785394,22445.053922252246,0.10795454545450249
10987,BANCO DE LA NACION ARGENTINA,LINK,Av. Santa Fé 2299,Recoleta,Comuna 2,1,0-50 m,50.0,0.007841371226357887,6376.435773367116,6376.435773367116,1.0
10987,BANCO DE LA NACION ARGENTINA,LINK,Av. Santa Fé 2299,Recoleta,Comuna 2,2,50-100 m,2.0,0.023524113679051644,85.01914364497445,6376.435773367116,0.013333333333345812
10987,BANCO DE LA NACION ARGENTINA,LINK,Av. Santa Fé 2299,Recoleta,Comuna 2,3,100-150 m,4.0,0.03920685613180504,102.02297237383324,6376.435773367116,0.01599999999999363
11803,BANCO DE LA NACION ARGENTINA,LINK,Av. Santa Fé 2867,Recoleta,Comuna 2,1,0-50 m,29.0,0.007841371226357887,3698.332748552927,3698.332748552927,1.0
11803,BANCO DE LA NACION ARGENTINA,LINK,Av. Santa Fé 2867,Recoleta,Comuna 2,2,50-100 m,52.0,0.023524113679051644,2210.4977347693357,3698.332748552927,0.5977011494258467
11803,BANCO DE LA NACION ARGENTINA,LINK,Av. Santa Fé 2867,Recoleta,Comuna 2,3,100-150 m,25.0,0.03920685613180504,637.6435773364578,3698.332748552927,0.17241379310337968
10985,BANCO DE LA CIUDAD DE BUENOS AIRES,LINK,Av. Santa Fé 3047 esquina Sanchez De Bustamante,Recoleta,Comuna 2,1,0-50 m,12.0,0.007841371226357887,1530.3445856081078,1530.3445856081078,1.0
10985,BANCO DE LA CIUDAD DE BUENOS AIRES,LINK,Av. Santa Fé 3047 esquina Sanchez De Bustamante,Recoleta,Comuna 2,2,50-100 m,8.0,0.023524113679051644,340.0765745798978,1530.3445856081078,0.2222222222224302
10985,BANCO DE LA CIUDAD DE BUENOS AIRES,LINK,Av. Santa Fé 3047 esquina Sanchez De Bustamante,Recoleta,Comuna 2,3,100-150 m,3.0,0.03920685613180504,76.51722928037493,1530.3445856081078,0.0499999999999801
11797,BANCO HIPOTECARIO S.A.,LINK,Av. Santa Fé 3253,Palermo,Comuna 14,1,0-50 m,573.0,0.007841371226357887,73073.95396278714,73073.95396278714,1.0
11797,BANCO HIPOTECARIO S.A.,LINK,Av. Santa Fé 3253,Palermo,Comuna 14,2,50-100 m,40.0,0.023524113679051644,1700.3828728994888,73073.95396278714,0.023269342641092167
11797,BANCO HIPOTECARIO S.A.,LINK,Av. Santa Fé 3253,Palermo,Comuna 14,3,100-150 m,1.0,0.03920685613180504,25.50574309345831,73073.95396278714,0.0003490401396159169
11804,BANCO DE LA CIUDAD DE BUENOS AIRES,LINK,Av. Santa Fe 3400 esquina J Salguero,Palermo,Comuna 14,1,0-50 m,248.0,0.007841371226357887,31627.12143590089,31627.12143590089,1.0
11804,BANCO DE LA CIUDAD DE BUENOS AIRES,LINK,Av. Santa Fe 3400 esquina J Salguero,Palermo,Comuna 14,2,50-100 m,60.0,0.023524113679051644,2550.5743093492333,31627.12143590089,0.08064516129039806
11804,BANCO DE LA CIUDAD DE BUENOS AIRES,LINK,Av. Santa Fe 3400 esquina J Salguero,Palermo,Comuna 14,3,100-150 m,62.0,0.03920685613180504,1581.3560717944154,31627.12143590089,0.0499999999999801
11791,BANCO DE LA PROVINCIA DE BUENOS AIRES,LINK,"Av. Santa Fé 3958, entre Armenia y Gurruchaga",Palermo,Comuna 14,1,0-50 m,41.0,0.007841371226357887,5228.677334161035,5228.677334161035,1.0
11791,BANCO DE LA PROVINCIA DE BUENOS AIRES,LINK,"Av. Santa Fé 3958, entre Armenia y Gurruchaga",Palermo,Comuna 14,2,50-100 m,29.0,0.023524113679051644,1232.7775828521294,5228.677334161035,0.23577235772379787
11791,BANCO DE LA PROVINCIA DE BUENOS AIRES,LINK,"Av. Santa Fé 3958, entre Armenia y Gurruchaga",Palermo,Comuna 14,3,100-150 m,20.0,0.03920685613180504,510.11486186916625,5228.677334161035,0.09756097560971727
11778,BANCO DE LA NACION ARGENTINA,LINK,Av. Santa Fé 4162,Palermo,Comuna 14,1,0-50 m,316.0,0.007841371226357887,40299.07408768017,40299.07408768017,1.0
11778,BANCO DE LA NACION ARGENTINA,LINK,Av. Santa Fé 4162,Palermo,Comuna 14,2,50-100 m,379.0,0.023524113679051644,16111.127720722658,40299.07408768017,0.3997890295362391
11778,BANCO DE LA NACION ARGENTINA,LINK,Av. Santa Fé 4162,Palermo,Comuna 14,3,100-150 m,239.0,0.03920685613180504,6095.872599336537,40299.07408768017,0.15126582278474993
11786,BANCO DE LA CIUDAD DE BUENOS AIRES,LINK,Av. Santa Fé 4358,Palermo,Comuna 14,1,0-50 m,48.0,0.007841371226357887,6121.378342432431,6121.378342432431,1.0
11786,BANCO DE LA CIUDAD DE BUENOS AIRES,LINK,Av. Santa Fé 4358,Palermo,Comuna 14,2,50-100 m,43.0,0.023524113679051644,1827.9115883669506,6121.378342432431,0.2986111111113906
11786,BANCO DE LA CIUDAD DE BUENOS AIRES,LINK,Av. Santa Fé 4358,Palermo,Comuna 14,3,100-150 m,15.0,0.03920685613180504,382.58614640187466,6121.378342432431,0.062499999999975124
11793,BANCO DE LA CIUDAD DE BUENOS AIRES,LINK,Av. Santa Fé 4820,Palermo,Comuna 14,1,0-50 m,72.0,0.007841371226357887,9182.067513648646,9182.067513648646,1.0
11793,BANCO DE LA CIUDAD DE BUENOS AIRES,LINK,Av. Santa Fé 4820,Palermo,Comuna 14,2,50-100 m,2.0,0.023524113679051644,85.01914364497445,9182.067513648646,0.009259259259267925
11793,BANCO DE LA CIUDAD DE BUENOS AIRES,LINK,Av. Santa Fé 4820,Palermo,Comuna 14,3,100-150 m,2.0,0.03920685613180504,51.01148618691662,9182.067513648646,0.005555555555553345
11004,BANCO DE LA NACION ARGENTINA,LINK,Av. Santa Fé 840,Retiro,Comuna 1,1,0-50 m,6.0,0.007841371226357887,765.1722928040539,765.1722928040539,1.0
11004,BANCO DE LA NACION ARGENTINA,LINK,Av. Santa Fé 840,Retiro,Comuna 1,2,50-100 m,0.0,0.023524113679051644,0.0,765.1722928040539,0.0
11004,BANCO DE LA NACION ARGENTINA,LINK,Av. Santa Fé 840,Retiro,Comuna 1,3,100-150 m,0.0,0.03920685613180504,0.0,765.1722928040539,0.0
11783,BANCO DE LA CIUDAD DE BUENOS AIRES,LINK,Av. Santa Fé s/n esquina Carranza,,,1,0-50 m,64.0,0.007841371226357887,8161.837789909908,8161.837789909908,1.0
11783,BANCO DE LA CIUDAD DE BUENOS AIRES,LINK,Av. Santa Fé s/n esquina Carranza,,,2,50-100 m,158.0,0.023524113679051644,6716.512347952981,8161.837789909908,0.8229166666674369
11783,BANCO DE LA CIUDAD DE BUENOS AIRES,LINK,Av. Santa Fé s/n esquina Carranza,,,3,100-150 m,108.0,0.03920685613180504,2754.620254093498,8161.837789909908,0.3374999999998657
11782,BANCO DE LA CIUDAD DE BUENOS AIRES,LINK,Av. Santa Fé s/n esquina J. B. Justo,,,1,0-50 m,474.0,0.007841371226357887,60448.61113152026,60448.61113152026,1.0
11782,BANCO DE LA CIUDAD DE BUENOS AIRES,LINK,Av. Santa Fé s/n esquina J. B. Justo,,,2,50-100 m,126.0,0.023524113679051644,5356.20604963339,60448.61113152026,0.08860759493679178
11782,BANCO DE LA CIUDAD DE BUENOS AIRES,LINK,Av. Santa Fé s/n esquina J. B. Justo,,,3,100-150 m,155.0,0.03920685613180504,3953.3901794860385,60448.61113152026,0.06540084388183051
10997,BANCO DE LA CIUDAD DE BUENOS AIRES,LINK,Av. Sante Fe 2600 esquina Ecuador,,,1,0-50 m,162.0,0.007841371226357887,20659.651905709456,20659.651905709456,1.0
10997,BANCO DE LA CIUDAD DE BUENOS AIRES,LINK,Av. Sante Fe 2600 esquina Ecuador,,,2,50-100 m,32.0,0.023524113679051644,1360.3062983195912,20659.651905709456,0.06584362139923858
10997,BANCO DE LA CIUDAD DE BUENOS AIRES,LINK,Av. Sante Fe 2600 esquina Ecuador,,,3,100-150 m,11.0,0.03920685613180504,280.56317402804143,20659.651905709456,0.013580246913574841
11207,BANCO PIANO S.A.,LINK,Av. Scalabrini Ortiz 381,Villa Crespo,Comuna 15,1,0-50 m,92.0,0.007841371226357887,11732.641822995492,11732.641822995492,1.0
11207,BANCO PIANO S.A.,LINK,Av. Scalabrini Ortiz 381,Villa Crespo,Comuna 15,2,50-100 m,42.0,0.023524113679051644,1785.4020165444633,11732.641822995492,0.15217391304362068
11207,BANCO PIANO S.A.,LINK,Av. Scalabrini Ortiz 381,Villa Crespo,Comuna 15,3,100-150 m,19.0,0.03920685613180504,484.60911877570794,11732.641822995492,0.04130434782607052
10970,BANCO DE LA CIUDAD DE BUENOS AIRES,LINK,Av. Segurola 1599,Floresta,Comuna 10,1,0-50 m,24.0,0.007841371226357887,3060.6891712162155,3060.6891712162155,1.0
10970,BANCO DE LA CIUDAD DE BUENOS AIRES,LINK,Av. Segurola 1599,Floresta,Comuna 10,2,50-100 m,23.0,0.023524113679051644,977.7201519172061,3060.6891712162155,0.3194444444447434
10970,BANCO DE LA CIUDAD DE BUENOS AIRES,LINK,Av. Segurola 1599,Floresta,Comuna 10,3,100-150 m,40.0,0.03920685613180504,1020.2297237383325,3060.6891712162155,0.3333333333332007
10972,BANCO DE LA CIUDAD DE BUENOS AIRES,LINK,Av. Segurola 1949,Monte Castro,Comuna 10,1,0-50 m,14.0,0.007841371226357887,1785.4020165427924,1785.4020165427924,1.0
10972,BANCO DE LA CIUDAD DE BUENOS AIRES,LINK,Av. Segurola 1949,Monte Castro,Comuna 10,2,50-100 m,40.0,0.023524113679051644,1700.3828728994888,1785.4020165427924,0.9523809523818437
10972,BANCO DE LA CIUDAD DE BUENOS AIRES,LINK,Av. Segurola 1949,Monte Castro,Comuna 10,3,100-150 m,28.0,0.03920685613180504,714.1608066168327,1785.4020165427924,0.3999999999998408
11511,BANCO DE LA CIUDAD DE BUENOS AIRES,LINK,Av. Suarez 2032,Barracas,Comuna 4,1,0-50 m,45.0,0.007841371226357887,5738.792196030404,5738.792196030404,1.0
11511,BANCO DE LA CIUDAD DE BUENOS AIRES,LINK,Av. Suarez 2032,Barracas,Comuna 4,2,50-100 m,49.0,0.023524113679051644,2082.9690193018737,5738.792196030404,0.36296296296330266
11511,BANCO DE LA CIUDAD DE BUENOS AIRES,LINK,Av. Suarez 2032,Barracas,Comuna 4,3,100-150 m,96.0,0.03920685613180504,2448.551336971998,5738.792196030404,0.4266666666664969
11227,CABAL COOP. LTDA.,LINK,Av. Triunvirato 3987,Villa Ortuzar,Comuna 15,1,0-50 m,39.0,0.007841371226357887,4973.61990322635,4973.61990322635,1.0
11227,CABAL COOP. LTDA.,LINK,Av. Triunvirato 3987,Villa Ortuzar,Comuna 15,2,50-100 m,44.0,0.023524113679051644,1870.4211601894378,4973.61990322635,0.37606837606872806
11227,CABAL COOP. LTDA.,LINK,Av. Triunvirato 3987,Villa Ortuzar,Comuna 15,3,100-150 m,52.0,0.03920685613180504,1326.2986408598322,4973.61990322635,0.2666666666665605
11095,BANCO PIANO S.A.,LINK,Av. Triunvirato 4127,Villa Urquiza,Comuna 12,1,0-50 m,60.0,0.007841371226357887,7651.722928040538,7651.722928040538,1.0
11095,BANCO PIANO S.A.,LINK,Av. Triunvirato 4127,Villa Urquiza,Comuna 12,2,50-100 m,12.0,0.023524113679051644,510.11486186984666,7651.722928040538,0.06666666666672906
11095,BANCO PIANO S.A.,LINK,Av. Triunvirato 4127,Villa Urquiza,Comuna 12,3,100-150 m,12.0,0.03920685613180504,306.06891712149974,7651.722928040538,0.03999999999998408
11102,BANCO HIPOTECARIO S.A.,LINK,Av. Triunvirato 4279,Villa Urquiza,Comuna 12,1,0-50 m,18.0,0.007841371226357887,2295.5168784121615,2295.5168784121615,1.0
11102,BANCO HIPOTECARIO S.A.,LINK,Av. Triunvirato 4279,Villa Urquiza,Comuna 12,2,50-100 m,1.0,0.023524113679051644,42.509571822487224,2295.5168784121615,0.01851851851853585
11102,BANCO HIPOTECARIO S.A.,LINK,Av. Triunvirato 4279,Villa Urquiza,Comuna 12,3,100-150 m,8.0,0.03920685613180504,204.04594474766648,2295.5168784121615,0.08888888888885352
11097,BANCO DE LA CIUDAD DE BUENOS AIRES,LINK,"Av. Triunvirato 4600, entre Blanco Encalada y Olaz",Villa Urquiza,Comuna 12,1,0-50 m,18.0,0.007841371226357887,2295.5168784121615,2295.5168784121615,1.0
11097,BANCO DE LA CIUDAD DE BUENOS AIRES,LINK,"Av. Triunvirato 4600, entre Blanco Encalada y Olaz",Villa Urquiza,Comuna 12,2,50-100 m,2.0,0.023524113679051644,85.01914364497445,2295.5168784121615,0.0370370370370717
11097,BANCO DE LA CIUDAD DE BUENOS AIRES,LINK,"Av. Triunvirato 4600, entre Blanco Encalada y Olaz",Villa Urquiza,Comuna 12,3,100-150 m,4.0,0.03920685613180504,102.02297237383324,2295.5168784121615,0.04444444444442676
11099,BANCO DE LA PROVINCIA DE BUENOS AIRES,LINK,Av. Triunvirato 4635,Villa Urquiza,Comuna 12,1,0-50 m,9.0,0.007841371226357887,1147.7584392060808,1147.7584392060808,1.0
11099,BANCO DE LA PROVINCIA DE BUENOS AIRES,LINK,Av. Triunvirato 4635,Villa Urquiza,Comuna 12,2,50-100 m,55.0,0.023524113679051644,2338.0264502367972,1147.7584392060808,2.0370370370389437
11099,BANCO DE LA PROVINCIA DE BUENOS AIRES,LINK,Av. Triunvirato 4635,Villa Urquiza,Comuna 12,3,100-150 m,3.0,0.03920685613180504,76.51722928037493,1147.7584392060808,0.06666666666664013
11096,BANCO DE LA NACION ARGENTINA,LINK,Av. Triunvirato 4802,Villa Urquiza,Comuna 12,1,0-50 m,187.0,0.007841371226357887,23847.869792393012,23847.869792393012,1.0
11096,BANCO DE LA NACION ARGENTINA,LINK,Av. Triunvirato 4802,Villa Urquiza,Comuna 12,2,50-100 m,60.0,0.023524113679051644,2550.5743093492333,23847.869792393012,0.10695187165785411
11096,BANCO DE LA NACION ARGENTINA,LINK,Av. Triunvirato 4802,Villa Urquiza,Comuna 12,3,100-150 m,120.0,0.03920685613180504,3060.6891712149973,23847.869792393012,0.12834224598925373
10984,BANCO DE LA CIUDAD DE BUENOS AIRES,LINK,"Av. Warnes 2650, entre Raulíes y Av De Los Constit",Paternal,Comuna 15,1,0-50 m,35.0,0.007841371226357887,4463.505041356981,4463.505041356981,1.0
10984,BANCO DE LA CIUDAD DE BUENOS AIRES,LINK,"Av. Warnes 2650, entre Raulíes y Av De Los Constit",Paternal,Comuna 15,2,50-100 m,8.0,0.023524113679051644,340.0765745798978,4463.505041356981,0.0761904761905475
10984,BANCO DE LA CIUDAD DE BUENOS AIRES,LINK,"Av. Warnes 2650, entre Raulíes y Av De Los Constit",Paternal,Comuna 15,3,100-150 m,11.0,0.03920685613180504,280.56317402804143,4463.505041356981,0.06285714285711784
11174,CABAL COOP. LTDA.,LINK,Azcuénaga 322,Balvanera,Comuna 3,1,0-50 m,115.0,0.007841371226357887,14665.802278744366,14665.802278744366,1.0
11174,CABAL COOP. LTDA.,LINK,Azcuénaga 322,Balvanera,Comuna 3,2,50-100 m,123.0,0.023524113679051644,5228.677334165928,14665.802278744366,0.35652173913076846
11174,CABAL COOP. LTDA.,LINK,Azcuénaga 322,Balvanera,Comuna 3,3,100-150 m,74.0,0.03920685613180504,1887.424988915915,14665.802278744366,0.12869565217386184
11176,BANCO DE LA PROVINCIA DE BUENOS AIRES,LINK,Azcuénaga 543,Balvanera,Comuna 3,1,0-50 m,21.0,0.007841371226357887,2678.1030248141883,2678.1030248141883,1.0
11176,BANCO DE LA PROVINCIA DE BUENOS AIRES,LINK,Azcuénaga 543,Balvanera,Comuna 3,2,50-100 m,228.0,0.023524113679051644,9692.182375527087,2678.1030248141883,3.6190476190510066
11176,BANCO DE LA PROVINCIA DE BUENOS AIRES,LINK,Azcuénaga 543,Balvanera,Comuna 3,3,100-150 m,131.0,0.03920685613180504,3341.2523452430387,2678.1030248141883,1.2476190476185511
11085,BANCO DE LA NACION ARGENTINA,LINK,Azopardo 1025,San Telmo,Comuna 1,1,0-50 m,31.0,0.007841371226357887,3953.3901794876115,3953.3901794876115,1.0
11085,BANCO DE LA NACION ARGENTINA,LINK,Azopardo 1025,San Telmo,Comuna 1,2,50-100 m,37.0,0.023524113679051644,1572.8541574320273,3953.3901794876115,0.39784946236596375
11085,BANCO DE LA NACION ARGENTINA,LINK,Azopardo 1025,San Telmo,Comuna 1,3,100-150 m,46.0,0.03920685613180504,1173.2641822990824,3953.3901794876115,0.296774193548269
11398,BANCO DE LA NACION ARGENTINA,LINK,Azopardo 250,,,1,0-50 m,3.0,0.007841371226357887,382.58614640202694,382.58614640202694,1.0
11398,BANCO DE LA NACION ARGENTINA,LINK,Azopardo 250,,,2,50-100 m,4.0,0.023524113679051644,170.0382872899489,382.58614640202694,0.4444444444448604
11398,BANCO DE LA NACION ARGENTINA,LINK,Azopardo 250,,,3,100-150 m,1.0,0.03920685613180504,25.50574309345831,382.58614640202694,0.06666666666664013
11379,BANCO DE LA NACION ARGENTINA,LINK,Azopardo 350,Monserrat,Comuna 1,1,0-50 m,15.0,0.007841371226357887,1912.9307320101345,1912.9307320101345,1.0
11379,BANCO DE LA NACION ARGENTINA,LINK,Azopardo 350,Monserrat,Comuna 1,2,50-100 m,49.0,0.023524113679051644,2082.9690193018737,1912.9307320101345,1.088888888889908
11379,BANCO DE LA NACION ARGENTINA,LINK,Azopardo 350,Monserrat,Comuna 1,3,100-150 m,15.0,0.03920685613180504,382.58614640187466,1912.9307320101345,0.1999999999999204
11087,BANCO DE LA NACION ARGENTINA,LINK,Azopardo 670,Monserrat,Comuna 1,1,0-50 m,9.0,0.007841371226357887,1147.7584392060808,1147.7584392060808,1.0
11087,BANCO DE LA NACION ARGENTINA,LINK,Azopardo 670,Monserrat,Comuna 1,2,50-100 m,6.0,0.023524113679051644,255.05743093492333,1147.7584392060808,0.2222222222224302
11087,BANCO DE LA NACION ARGENTINA,LINK,Azopardo 670,Monserrat,Comuna 1,3,100-150 m,2.0,0.03920685613180504,51.01148618691662,1147.7584392060808,0.04444444444442676
11078,BANCO DE LA NACION ARGENTINA,LINK,Balcarce 50,Monserrat,Comuna 1,1,0-50 m,30.0,0.007841371226357887,3825.861464020269,3825.861464020269,1.0
11078,BANCO DE LA NACION ARGENTINA,LINK,Balcarce 50,Monserrat,Comuna 1,2,50-100 m,40.0,0.023524113679051644,1700.3828728994888,3825.861464020269,0.4444444444448604
11078,BANCO DE LA NACION ARGENTINA,LINK,Balcarce 50,Monserrat,Comuna 1,3,100-150 m,0.0,0.03920685613180504,0.0,3825.861464020269,0.0
11082,BANCO SAENZ S.A.,LINK,Bartolomé Mitre 800 esquina Esmeralda piso planta,San Nicolas,Comuna 1,1,0-50 m,55.0,0.007841371226357887,7014.079350703827,7014.079350703827,1.0
11082,BANCO SAENZ S.A.,LINK,Bartolomé Mitre 800 esquina Esmeralda piso planta,San Nicolas,Comuna 1,2,50-100 m,21.0,0.023524113679051644,892.7010082722317,7014.079350703827,0.1272727272728464
11082,BANCO SAENZ S.A.,LINK,Bartolomé Mitre 800 esquina Esmeralda piso planta,San Nicolas,Comuna 1,3,100-150 m,2.0,0.03920685613180504,51.01148618691662,7014.079350703827,0.007272727272724378
11673,BANCO DE LA NACION ARGENTINA,LINK,Bernardo De Irigoyen 1000,Constitucion,Comuna 1,1,0-50 m,12.0,0.007841371226357887,1530.3445856081078,1530.3445856081078,1.0
11673,BANCO DE LA NACION ARGENTINA,LINK,Bernardo De Irigoyen 1000,Constitucion,Comuna 1,2,50-100 m,11.0,0.023524113679051644,467.60529004735946,1530.3445856081078,0.3055555555558415
11673,BANCO DE LA NACION ARGENTINA,LINK,Bernardo De Irigoyen 1000,Constitucion,Comuna 1,3,100-150 m,44.0,0.03920685613180504,1122.2526961121657,1530.3445856081078,0.7333333333330415
11384,BANCO DE LA CIUDAD DE BUENOS AIRES,LINK,"Bernardo De Irigoyen 312, entre Moreno y Av. Belgr",Monserrat,Comuna 1,1,0-50 m,13.0,0.007841371226357887,1657.87330107545,1657.87330107545,1.0
11384,BANCO DE LA CIUDAD DE BUENOS AIRES,LINK,"Bernardo De Irigoyen 312, entre Moreno y Av. Belgr",Monserrat,Comuna 1,2,50-100 m,15.0,0.023524113679051644,637.6435773373083,1657.87330107545,0.3846153846157446
11384,BANCO DE LA CIUDAD DE BUENOS AIRES,LINK,"Bernardo De Irigoyen 312, entre Moreno y Av. Belgr",Monserrat,Comuna 1,3,100-150 m,2.0,0.03920685613180504,51.01148618691662,1657.87330107545,0.030769230769218524
11064,BANCO DE LA NACION ARGENTINA,LINK,Bernardo De Irigoyen 474,Monserrat,Comuna 1,1,0-50 m,22.0,0.007841371226357887,2805.6317402815307,2805.6317402815307,1.0
11064,BANCO DE LA NACION ARGENTINA,LINK,Bernardo De Irigoyen 474,Monserrat,Comuna 1,2,50-100 m,24.0,0.023524113679051644,1020.2297237396933,2805.6317402815307,0.363636363636704
11064,BANCO DE LA NACION ARGENTINA,LINK,Bernardo De Irigoyen 474,Monserrat,Comuna 1,3,100-150 m,58.0,0.03920685613180504,1479.3330994205821,2805.6317402815307,0.5272727272725175
11674,BANCO DE LA PROVINCIA DE BUENOS AIRES,LINK,Bernardo De Irigoyen 986,Constitucion,Comuna 1,1,0-50 m,35.0,0.007841371226357887,4463.505041356981,4463.505041356981,1.0
11674,BANCO DE LA PROVINCIA DE BUENOS AIRES,LINK,Bernardo De Irigoyen 986,Constitucion,Comuna 1,2,50-100 m,72.0,0.023524113679051644,3060.68917121908,4463.505041356981,0.6857142857149275
11674,BANCO DE LA PROVINCIA DE BUENOS AIRES,LINK,Bernardo De Irigoyen 986,Constitucion,Comuna 1,3,100-150 m,97.0,0.03920685613180504,2474.0570800654564,4463.505041356981,0.5542857142854938
11796,BANCO DE LA CIUDAD DE BUENOS AIRES,LINK,Beruti 3325,Palermo,Comuna 14,1,0-50 m,23.0,0.007841371226357887,2933.160455748873,2933.160455748873,1.0
11796,BANCO DE LA CIUDAD DE BUENOS AIRES,LINK,Beruti 3325,Palermo,Comuna 14,2,50-100 m,83.0,0.023524113679051644,3528.2944612664396,2933.160455748873,1.2028985507257635
11796,BANCO DE LA CIUDAD DE BUENOS AIRES,LINK,Beruti 3325,Palermo,Comuna 14,3,100-150 m,38.0,0.03920685613180504,969.2182375514159,2933.160455748873,0.3304347826085642
11042,BANCO DE LA PROVINCIA DE BUENOS AIRES,LINK,Bmé. Mitre 201,San Nicolas,Comuna 1,1,0-50 m,10.0,0.007841371226357887,1275.2871546734232,1275.2871546734232,1.0
11042,BANCO DE LA PROVINCIA DE BUENOS AIRES,LINK,Bmé. Mitre 201,San Nicolas,Comuna 1,2,50-100 m,8.0,0.023524113679051644,340.0765745798978,1275.2871546734232,0.26666666666691624
11042,BANCO DE LA PROVINCIA DE BUENOS AIRES,LINK,Bmé. Mitre 201,San Nicolas,Comuna 1,3,100-150 m,4.0,0.03920685613180504,102.02297237383324,1275.2871546734232,0.07999999999996815
11012,BANCO DE LA NACION ARGENTINA,LINK,Bmé. Mitre 326,San Nicolas,Comuna 1,1,0-50 m,5.0,0.007841371226357887,637.6435773367116,637.6435773367116,1.0
11012,BANCO DE LA NACION ARGENTINA,LINK,Bmé. Mitre 326,San Nicolas,Comuna 1,2,50-100 m,0.0,0.023524113679051644,0.0,637.6435773367116,0.0
11012,BANCO DE LA NACION ARGENTINA,LINK,Bmé. Mitre 326,San Nicolas,Comuna 1,3,100-150 m,1.0,0.03920685613180504,25.50574309345831,637.6435773367116,0.039999999999984076
11043,BANCO DE LA PROVINCIA DE CORDOBA S.A.,LINK,Bme. Mitre 337,San Nicolas,Comuna 1,1,0-50 m,12.0,0.007841371226357887,1530.3445856081078,1530.3445856081078,1.0
11043,BANCO DE LA PROVINCIA DE CORDOBA S.A.,LINK,Bme. Mitre 337,San Nicolas,Comuna 1,2,50-100 m,0.0,0.023524113679051644,0.0,1530.3445856081078,0.0
11043,BANCO DE LA PROVINCIA DE CORDOBA S.A.,LINK,Bme. Mitre 337,San Nicolas,Comuna 1,3,100-150 m,0.0,0.03920685613180504,0.0,1530.3445856081078,0.0
11053,BANCO DE LA NACION ARGENTINA,LINK,Bmé. Mitre 343,San Nicolas,Comuna 1,1,0-50 m,25.0,0.007841371226357887,3188.217886683558,3188.217886683558,1.0
11053,BANCO DE LA NACION ARGENTINA,LINK,Bmé. Mitre 343,San Nicolas,Comuna 1,2,50-100 m,2.0,0.023524113679051644,85.01914364497445,3188.217886683558,0.026666666666691624
11053,BANCO DE LA NACION ARGENTINA,LINK,Bmé. Mitre 343,San Nicolas,Comuna 1,3,100-150 m,0.0,0.03920685613180504,0.0,3188.217886683558,0.0
11050,BANCO DE LA PROVINCIA DE BUENOS AIRES,LINK,Bmé. Mitre 457,San Nicolas,Comuna 1,1,0-50 m,4.0,0.007841371226357887,510.11486186936924,510.11486186936924,1.0
11050,BANCO DE LA PROVINCIA DE BUENOS AIRES,LINK,Bmé. Mitre 457,San Nicolas,Comuna 1,2,50-100 m,0.0,0.023524113679051644,0.0,510.11486186936924,0.0
11050,BANCO DE LA PROVINCIA DE BUENOS AIRES,LINK,Bmé. Mitre 457,San Nicolas,Comuna 1,3,100-150 m,0.0,0.03920685613180504,0.0,510.11486186936924,0.0
11400,BANCO DE LA CIUDAD DE BUENOS AIRES,LINK,Bolivar 177,Monserrat,Comuna 1,1,0-50 m,82.0,0.007841371226357887,10457.35466832207,10457.35466832207,1.0
11400,BANCO DE LA CIUDAD DE BUENOS AIRES,LINK,Bolivar 177,Monserrat,Comuna 1,2,50-100 m,49.0,0.023524113679051644,2082.9690193018737,10457.35466832207,0.19918699187010508
11400,BANCO DE LA CIUDAD DE BUENOS AIRES,LINK,Bolivar 177,Monserrat,Comuna 1,3,100-150 m,2.0,0.03920685613180504,51.01148618691662,10457.35466832207,0.004878048780485863
11721,BANCO DE LA NACION ARGENTINA,LINK,Bouchard 557 piso 5,,,1,0-50 m,1.0,0.007841371226357887,127.52871546734231,127.52871546734231,1.0
11721,BANCO DE LA NACION ARGENTINA,LINK,Bouchard 557 piso 5,,,2,50-100 m,1.0,0.023524113679051644,42.509571822487224,127.52871546734231,0.33333333333364534
11721,BANCO DE LA NACION ARGENTINA,LINK,Bouchard 557 piso 5,,,3,100-150 m,2.0,0.03920685613180504,51.01148618691662,127.52871546734231,0.3999999999998408
11504,BANCO DE LA CIUDAD DE BUENOS AIRES,LINK,Brandsen 2570,Barracas,Comuna 4,1,0-50 m,27.0,0.007841371226357887,3443.2753176182423,3443.2753176182423,1.0
11504,BANCO DE LA CIUDAD DE BUENOS AIRES,LINK,Brandsen 2570,Barracas,Comuna 4,2,50-100 m,16.0,0.023524113679051644,680.1531491597956,3443.2753176182423,0.19753086419771576
11504,BANCO DE LA CIUDAD DE BUENOS AIRES,LINK,Brandsen 2570,Barracas,Comuna 4,3,100-150 m,20.0,0.03920685613180504,510.11486186916625,3443.2753176182423,0.1481481481480892
11098,CABAL COOP. LTDA.,LINK,Bucarelli 2696,Villa Urquiza,Comuna 12,1,0-50 m,24.0,0.007841371226357887,3060.6891712162155,3060.6891712162155,1.0
11098,CABAL COOP. LTDA.,LINK,Bucarelli 2696,Villa Urquiza,Comuna 12,2,50-100 m,51.0,0.023524113679051644,2167.988162946848,3060.6891712162155,0.7083333333339962
11098,CABAL COOP. LTDA.,LINK,Bucarelli 2696,Villa Urquiza,Comuna 12,3,100-150 m,86.0,0.03920685613180504,2193.493906037415,3060.6891712162155,0.7166666666663815
11787,BANCO DE LA CIUDAD DE BUENOS AIRES,LINK,"Bulnes 1048, entre Tucumán y Lavalle",Almagro,Comuna 5,1,0-50 m,27.0,0.007841371226357887,3443.2753176182423,3443.2753176182423,1.0
11787,BANCO DE LA CIUDAD DE BUENOS AIRES,LINK,"Bulnes 1048, entre Tucumán y Lavalle",Almagro,Comuna 5,2,50-100 m,162.0,0.023524113679051644,6886.55063524293,3443.2753176182423,2.000000000001872
11787,BANCO DE LA CIUDAD DE BUENOS AIRES,LINK,"Bulnes 1048, entre Tucumán y Lavalle",Almagro,Comuna 5,3,100-150 m,171.0,0.03920685613180504,4361.482068981371,3443.2753176182423,1.2666666666661626
11789,BANCO DE LA CIUDAD DE BUENOS AIRES,LINK,Bulnes 2117 esquina Beruti,Palermo,Comuna 14,1,0-50 m,68.0,0.007841371226357887,8671.952651779276,8671.952651779276,1.0
11789,BANCO DE LA CIUDAD DE BUENOS AIRES,LINK,Bulnes 2117 esquina Beruti,Palermo,Comuna 14,2,50-100 m,144.0,0.023524113679051644,6121.37834243816,8671.952651779276,0.7058823529418372
11789,BANCO DE LA CIUDAD DE BUENOS AIRES,LINK,Bulnes 2117 esquina Beruti,Palermo,Comuna 14,3,100-150 m,64.0,0.03920685613180504,1632.3675579813319,8671.952651779276,0.18823529411757214
11777,BANCO DE LA CIUDAD DE BUENOS AIRES,LINK,Calderon De La Barca 1550,Monte Castro,Comuna 10,1,0-50 m,44.0,0.007841371226357887,5611.263480563061,5611.263480563061,1.0
11777,BANCO DE LA CIUDAD DE BUENOS AIRES,LINK,Calderon De La Barca 1550,Monte Castro,Comuna 10,2,50-100 m,39.0,0.023524113679051644,1657.8733010770018,5611.263480563061,0.295454545454822
11777,BANCO DE LA CIUDAD DE BUENOS AIRES,LINK,Calderon De La Barca 1550,Monte Castro,Comuna 10,3,100-150 m,36.0,0.03920685613180504,918.2067513644993,5611.263480563061,0.16363636363629852
11214,CABAL COOP. LTDA.,LINK,Camargo 544,Villa Crespo,Comuna 15,1,0-50 m,26.0,0.007841371226357887,3315.7466021509,3315.7466021509,1.0
11214,CABAL COOP. LTDA.,LINK,Camargo 544,Villa Crespo,Comuna 15,2,50-100 m,59.0,0.023524113679051644,2508.0647375267463,3315.7466021509,0.7564102564109645
11214,CABAL COOP. LTDA.,LINK,Camargo 544,Villa Crespo,Comuna 15,3,100-150 m,55.0,0.03920685613180504,1402.8158701402072,3315.7466021509,0.4230769230767547
11701,BANCO DE LA NACION ARGENTINA,LINK,Carlos Pellegrini 899,Retiro,Comuna 1,1,0-50 m,52.0,0.007841371226357887,6631.4932043018,6631.4932043018,1.0
11701,BANCO DE LA NACION ARGENTINA,LINK,Carlos Pellegrini 899,Retiro,Comuna 1,2,50-100 m,79.0,0.023524113679051644,3358.2561739764906,6631.4932043018,0.5064102564107305
11701,BANCO DE LA NACION ARGENTINA,LINK,Carlos Pellegrini 899,Retiro,Comuna 1,3,100-150 m,115.0,0.03920685613180504,2933.160455747706,6631.4932043018,0.4423076923075163
11025,BANCO DE LA PROVINCIA DE BUENOS AIRES,LINK,Carlos Pellegrini 91,San Nicolas,Comuna 1,1,0-50 m,93.0,0.007841371226357887,11860.170538462835,11860.170538462835,1.0
11025,BANCO DE LA PROVINCIA DE BUENOS AIRES,LINK,Carlos Pellegrini 91,San Nicolas,Comuna 1,2,50-100 m,130.0,0.023524113679051644,5526.244336923339,11860.170538462835,0.4659498207889666
11025,BANCO DE LA PROVINCIA DE BUENOS AIRES,LINK,Carlos Pellegrini 91,San Nicolas,Comuna 1,3,100-150 m,68.0,0.03920685613180504,1734.3905303551653,11860.170538462835,0.14623655913972675
11017,BANCO DE LA CIUDAD DE BUENOS AIRES,LINK,Carlos Pellegrini s/n esquina Av. Corrientes,,,1,0-50 m,266.0,0.007841371226357887,33922.63831431305,33922.63831431305,1.0
11017,BANCO DE LA CIUDAD DE BUENOS AIRES,LINK,Carlos Pellegrini s/n esquina Av. Corrientes,,,2,50-100 m,85.0,0.023524113679051644,3613.313604911414,33922.63831431305,0.10651629072691675
11017,BANCO DE LA CIUDAD DE BUENOS AIRES,LINK,Carlos Pellegrini s/n esquina Av. Corrientes,,,3,100-150 m,0.0,0.03920685613180504,0.0,33922.63831431305,0.0
11802,BANCO DE LA NACION ARGENTINA,LINK,Cavia 3302,Palermo,Comuna 14,1,0-50 m,5.0,0.007841371226357887,637.6435773367116,637.6435773367116,1.0
11802,BANCO DE LA NACION ARGENTINA,LINK,Cavia 3302,Palermo,Comuna 14,2,50-100 m,8.0,0.023524113679051644,340.0765745798978,637.6435773367116,0.5333333333338325
11802,BANCO DE LA NACION ARGENTINA,LINK,Cavia 3302,Palermo,Comuna 14,3,100-150 m,7.0,0.03920685613180504,178.54020165420818,637.6435773367116,0.27999999999988856
11049,BANCO DE LA NACION ARGENTINA,LINK,Cerrito 572,San Nicolas,Comuna 1,1,0-50 m,74.0,0.007841371226357887,9437.124944583331,9437.124944583331,1.0
11049,BANCO DE LA NACION ARGENTINA,LINK,Cerrito 572,San Nicolas,Comuna 1,2,50-100 m,153.0,0.023524113679051644,6503.964488840545,9437.124944583331,0.6891891891898342
11049,BANCO DE LA NACION ARGENTINA,LINK,Cerrito 572,San Nicolas,Comuna 1,3,100-150 m,1.0,0.03920685613180504,25.50574309345831,9437.124944583331,0.002702702702701627
11080,BANCO DE SAN JUAN S.A.,LINK,Cerrito 702,San Nicolas,Comuna 1,1,0-50 m,109.0,0.007841371226357887,13900.629985940312,13900.629985940312,1.0
11080,BANCO DE SAN JUAN S.A.,LINK,Cerrito 702,San Nicolas,Comuna 1,2,50-100 m,31.0,0.023524113679051644,1317.796726497104,13900.629985940312,0.09480122324167894
11080,BANCO DE SAN JUAN S.A.,LINK,Cerrito 702,San Nicolas,Comuna 1,3,100-150 m,2.0,0.03920685613180504,51.01148618691662,13900.629985940312,0.0036697247706407414
11061,NUEVO BANCO DE ENTRE RIOS S.A.,LINK,Cerrito 742,San Nicolas,Comuna 1,1,0-50 m,0.0,0.007841371226357887,0.0,0.0,
11061,NUEVO BANCO DE ENTRE RIOS S.A.,LINK,Cerrito 742,San Nicolas,Comuna 1,2,50-100 m,3.0,0.023524113679051644,127.52871546746167,0.0,
11061,NUEVO BANCO DE ENTRE RIOS S.A.,LINK,Cerrito 742,San Nicolas,Comuna 1,3,100-150 m,0.0,0.03920685613180504,0.0,0.0,
11062,NUEVO BANCO DE SANTA FE S.A.,LINK,Cerrito 746,San Nicolas,Comuna 1,1,0-50 m,1.0,0.007841371226357887,127.52871546734231,127.52871546734231,1.0
11062,NUEVO BANCO DE SANTA FE S.A.,LINK,Cerrito 746,San Nicolas,Comuna 1,2,50-100 m,19.0,0.023524113679051644,807.6818646272573,127.52871546734231,6.333333333339261
11062,NUEVO BANCO DE SANTA FE S.A.,LINK,Cerrito 746,San Nicolas,Comuna 1,3,100-150 m,0.0,0.03920685613180504,0.0,127.52871546734231,0.0
11715,BANCO DE LA CIUDAD DE BUENOS AIRES,LINK,"Cerrito 760, entre Av. Córdoba y Viamonte",San Nicolas,Comuna 1,1,0-50 m,11.0,0.007841371226357887,1402.8158701407654,1402.8158701407654,1.0
11715,BANCO DE LA CIUDAD DE BUENOS AIRES,LINK,"Cerrito 760, entre Av. Córdoba y Viamonte",San Nicolas,Comuna 1,2,50-100 m,126.0,0.023524113679051644,5356.20604963339,1402.8158701407654,3.8181818181853915
11715,BANCO DE LA CIUDAD DE BUENOS AIRES,LINK,"Cerrito 760, entre Av. Córdoba y Viamonte",San Nicolas,Comuna 1,3,100-150 m,23.0,0.03920685613180504,586.6320911495412,1402.8158701407654,0.41818181818165184
11785,BANCO DE LA CIUDAD DE BUENOS AIRES,LINK,Cerviño 3356,Palermo,Comuna 14,1,0-50 m,197.0,0.007841371226357887,25123.156947066436,25123.156947066436,1.0
11785,BANCO DE LA CIUDAD DE BUENOS AIRES,LINK,Cerviño 3356,Palermo,Comuna 14,2,50-100 m,116.0,0.023524113679051644,4931.110331408518,25123.156947066436,0.19627749577006523
11785,BANCO DE LA CIUDAD DE BUENOS AIRES,LINK,Cerviño 3356,Palermo,Comuna 14,3,100-150 m,105.0,0.03920685613180504,2678.103024813123,25123.156947066436,0.10659898477153118
11083,BANCO DE LA NACION ARGENTINA,LINK,Chacabuco 467,Monserrat,Comuna 1,1,0-50 m,25.0,0.007841371226357887,3188.217886683558,3188.217886683558,1.0
11083,BANCO DE LA NACION ARGENTINA,LINK,Chacabuco 467,Monserrat,Comuna 1,2,50-100 m,54.0,0.023524113679051644,2295.51687841431,3188.217886683558,0.7200000000006739
11083,BANCO DE LA NACION ARGENTINA,LINK,Chacabuco 467,Monserrat,Comuna 1,3,100-150 m,39.0,0.03920685613180504,994.7239806448741,3188.217886683558,0.3119999999998758
10937,BANCO DE LA NACION ARGENTINA,LINK,Col. Norte De Av. Gral. Paz 5445,,,1,0-50 m,0.0,0.007841371226357887,0.0,0.0,
10937,BANCO DE LA NACION ARGENTINA,LINK,Col. Norte De Av. Gral. Paz 5445,,,2,50-100 m,11.0,0.023524113679051644,467.60529004735946,0.0,
10937,BANCO DE LA NACION ARGENTINA,LINK,Col. Norte De Av. Gral. Paz 5445,,,3,100-150 m,4.0,0.03920685613180504,102.02297237383324,0.0,
11794,BANCO DE LA CIUDAD DE BUENOS AIRES,LINK,"Colombia 4300, entre J.F.Segui y Av. Libertador",,,1,0-50 m,2.0,0.007841371226357887,255.05743093468462,255.05743093468462,1.0
11794,BANCO DE LA CIUDAD DE BUENOS AIRES,LINK,"Colombia 4300, entre J.F.Segui y Av. Libertador",,,2,50-100 m,1.0,0.023524113679051644,42.509571822487224,255.05743093468462,0.16666666666682267
11794,BANCO DE LA CIUDAD DE BUENOS AIRES,LINK,"Colombia 4300, entre J.F.Segui y Av. Libertador",,,3,100-150 m,18.0,0.03920685613180504,459.10337568224963,255.05743093468462,1.7999999999992837
11690,BANCO DE LA CIUDAD DE BUENOS AIRES,LINK,Combate De Los Pozos 1881,Parque Patricios,Comuna 4,1,0-50 m,40.0,0.007841371226357887,5101.148618693693,5101.148618693693,1.0
11690,BANCO DE LA CIUDAD DE BUENOS AIRES,LINK,Combate De Los Pozos 1881,Parque Patricios,Comuna 4,2,50-100 m,90.0,0.023524113679051644,3825.86146402385,5101.148618693693,0.7500000000007019
11690,BANCO DE LA CIUDAD DE BUENOS AIRES,LINK,Combate De Los Pozos 1881,Parque Patricios,Comuna 4,3,100-150 m,115.0,0.03920685613180504,2933.160455747706,5101.148618693693,0.5749999999997711
11229,BANCO DE LA CIUDAD DE BUENOS AIRES,LINK,Combatientes De Malvinas 3062,Parque Chas,Comuna 15,1,0-50 m,0.0,0.007841371226357887,0.0,0.0,
11229,BANCO DE LA CIUDAD DE BUENOS AIRES,LINK,Combatientes De Malvinas 3062,Parque Chas,Comuna 15,2,50-100 m,16.0,0.023524113679051644,680.1531491597956,0.0,
11229,BANCO DE LA CIUDAD DE BUENOS AIRES,LINK,Combatientes De Malvinas 3062,Parque Chas,Comuna 15,3,100-150 m,55.0,0.03920685613180504,1402.8158701402072,0.0,
11093,BANCO DE LA NACION ARGENTINA,LINK,Corvalan 3698,Villa Lugano,Comuna 8,1,0-50 m,35.0,0.007841371226357887,4463.505041356981,4463.505041356981,1.0
11093,BANCO DE LA NACION ARGENTINA,LINK,Corvalan 3698,Villa Lugano,Comuna 8,2,50-100 m,71.0,0.023524113679051644,3018.179599396593,4463.505041356981,0.6761904761911092
11093,BANCO DE LA NACION ARGENTINA,LINK,Corvalan 3698,Villa Lugano,Comuna 8,3,100-150 m,50.0,0.03920685613180504,1275.2871546729157,4463.505041356981,0.28571428571417207
11425,BANCO DE LA PROVINCIA DE BUENOS AIRES,LINK,Cosquìn 61,Liniers,Comuna 9,1,0-50 m,24.0,0.007841371226357887,3060.6891712162155,3060.6891712162155,1.0
11425,BANCO DE LA PROVINCIA DE BUENOS AIRES,LINK,Cosquìn 61,Liniers,Comuna 9,2,50-100 m,17.0,0.023524113679051644,722.6627209822827,3060.6891712162155,0.23611111111133207
11425,BANCO DE LA PROVINCIA DE BUENOS AIRES,LINK,Cosquìn 61,Liniers,Comuna 9,3,100-150 m,4.0,0.03920685613180504,102.02297237383324,3060.6891712162155,0.033333333333320066
10891,BANCO DE LA PROVINCIA DE BUENOS AIRES,LINK,Cuenca 2755,Villa Del Parque,Comuna 11,1,0-50 m,29.0,0.007841371226357887,3698.332748552927,3698.332748552927,1.0
10891,BANCO DE LA PROVINCIA DE BUENOS AIRES,LINK,Cuenca 2755,Villa Del Parque,Comuna 11,2,50-100 m,36.0,0.023524113679051644,1530.34458560954,3698.332748552927,0.4137931034486631
10891,BANCO DE LA PROVINCIA DE BUENOS AIRES,LINK,Cuenca 2755,Villa Del Parque,Comuna 11,3,100-150 m,0.0,0.03920685613180504,0.0,3698.332748552927,0.0
10890,BANCO DE LA NACION ARGENTINA,LINK,Cuenca 2971,Villa Del Parque,Comuna 11,1,0-50 m,47.0,0.007841371226357887,5993.849626965089,5993.849626965089,1.0
10890,BANCO DE LA NACION ARGENTINA,LINK,Cuenca 2971,Villa Del Parque,Comuna 11,2,50-100 m,52.0,0.023524113679051644,2210.4977347693357,5993.849626965089,0.36879432624147995
10890,BANCO DE LA NACION ARGENTINA,LINK,Cuenca 2971,Villa Del Parque,Comuna 11,3,100-150 m,19.0,0.03920685613180504,484.60911877570794,5993.849626965089,0.08085106382975506
11210,CABAL COOP. LTDA.,LINK,Drago 440,Villa Crespo,Comuna 15,1,0-50 m,59.0,0.007841371226357887,7524.194212573197,7524.194212573197,1.0
11210,CABAL COOP. LTDA.,LINK,Drago 440,Villa Crespo,Comuna 15,2,50-100 m,33.0,0.023524113679051644,1402.8158701420784,7524.194212573197,0.1864406779662762
11210,CABAL COOP. LTDA.,LINK,Drago 440,Villa Crespo,Comuna 15,3,100-150 m,0.0,0.03920685613180504,0.0,7524.194212573197,0.0
11517,BANCO DE LA CIUDAD DE BUENOS AIRES,LINK,Dr. Juan F. Aranguren 2649,Flores,Comuna 7,1,0-50 m,2.0,0.007841371226357887,255.05743093468462,255.05743093468462,1.0
11517,BANCO DE LA CIUDAD DE BUENOS AIRES,LINK,Dr. Juan F. Aranguren 2649,Flores,Comuna 7,2,50-100 m,166.0,0.023524113679051644,7056.588922532879,255.05743093468462,27.666666666692564
11517,BANCO DE LA CIUDAD DE BUENOS AIRES,LINK,Dr. Juan F. Aranguren 2649,Flores,Comuna 7,3,100-150 m,60.0,0.03920685613180504,1530.3445856074986,255.05743093468462,5.999999999997612
11505,BANCO DE LA CIUDAD DE BUENOS AIRES,LINK,"Dr. Ramón Carrillo 375, entre Brandsen y Aristóbul",Barracas,Comuna 4,1,0-50 m,68.0,0.007841371226357887,8671.952651779276,8671.952651779276,1.0
11505,BANCO DE LA CIUDAD DE BUENOS AIRES,LINK,"Dr. Ramón Carrillo 375, entre Brandsen y Aristóbul",Barracas,Comuna 4,2,50-100 m,26.0,0.023524113679051644,1105.2488673846678,8671.952651779276,0.12745098039227618
11505,BANCO DE LA CIUDAD DE BUENOS AIRES,LINK,"Dr. Ramón Carrillo 375, entre Brandsen y Aristóbul",Barracas,Comuna 4,3,100-150 m,37.0,0.03920685613180504,943.7124944579575,8671.952651779276,0.10882352941172141
11700,BANCO DE LA NACION ARGENTINA,LINK,Eduardo Madero 235,Puerto Madero,Comuna 1,1,0-50 m,6.0,0.007841371226357887,765.1722928040539,765.1722928040539,1.0
11700,BANCO DE LA NACION ARGENTINA,LINK,Eduardo Madero 235,Puerto Madero,Comuna 1,2,50-100 m,5.0,0.023524113679051644,212.5478591124361,765.1722928040539,0.27777777777803775
11700,BANCO DE LA NACION ARGENTINA,LINK,Eduardo Madero 235,Puerto Madero,Comuna 1,3,100-150 m,13.0,0.03920685613180504,331.57466021495804,765.1722928040539,0.4333333333331609
11031,BANCO DE LA PROVINCIA DE BUENOS AIRES,LINK,Esmeralda 645,San Nicolas,Comuna 1,1,0-50 m,8.0,0.007841371226357887,1020.2297237387385,1020.2297237387385,1.0
11031,BANCO DE LA PROVINCIA DE BUENOS AIRES,LINK,Esmeralda 645,San Nicolas,Comuna 1,2,50-100 m,3.0,0.023524113679051644,127.52871546746167,1020.2297237387385,0.125000000000117
11031,BANCO DE LA PROVINCIA DE BUENOS AIRES,LINK,Esmeralda 645,San Nicolas,Comuna 1,3,100-150 m,2.0,0.03920685613180504,51.01148618691662,1020.2297237387385,0.0499999999999801
11048,BANCO DE LA CIUDAD DE BUENOS AIRES,LINK,"Esmeralda 660, entre Viamonte y Tucumán",San Nicolas,Comuna 1,1,0-50 m,37.0,0.007841371226357887,4718.5624722916655,4718.5624722916655,1.0
11048,BANCO DE LA CIUDAD DE BUENOS AIRES,LINK,"Esmeralda 660, entre Viamonte y Tucumán",San Nicolas,Comuna 1,2,50-100 m,88.0,0.023524113679051644,3740.8423203788757,4718.5624722916655,0.7927927927935348
11048,BANCO DE LA CIUDAD DE BUENOS AIRES,LINK,"Esmeralda 660, entre Viamonte y Tucumán",San Nicolas,Comuna 1,3,100-150 m,32.0,0.03920685613180504,816.1837789906659,4718.5624722916655,0.17297297297290412
10888,BANCO DE LA PROVINCIA DE BUENOS AIRES,LINK,Esquiú 991,Nueva Pompeya,Comuna 4,1,0-50 m,58.0,0.007841371226357887,7396.665497105854,7396.665497105854,1.0
10888,BANCO DE LA PROVINCIA DE BUENOS AIRES,LINK,Esquiú 991,Nueva Pompeya,Comuna 4,2,50-100 m,8.0,0.023524113679051644,340.0765745798978,7396.665497105854,0.04597701149429591
10888,BANCO DE LA PROVINCIA DE BUENOS AIRES,LINK,Esquiú 991,Nueva Pompeya,Comuna 4,3,100-150 m,6.0,0.03920685613180504,153.03445856074987,7396.665497105854,0.02068965517240556
11696,BANCO DE LA CIUDAD DE BUENOS AIRES,LINK,Esteban De Luca 2151,Parque Patricios,Comuna 4,1,0-50 m,61.0,0.007841371226357887,7779.2516435078805,7779.2516435078805,1.0
11696,BANCO DE LA CIUDAD DE BUENOS AIRES,LINK,Esteban De Luca 2151,Parque Patricios,Comuna 4,2,50-100 m,53.0,0.023524113679051644,2253.0073065918227,7779.2516435078805,0.28961748633906886
11696,BANCO DE LA CIUDAD DE BUENOS AIRES,LINK,Esteban De Luca 2151,Parque Patricios,Comuna 4,3,100-150 m,60.0,0.03920685613180504,1530.3445856074986,7779.2516435078805,0.19672131147533156
11088,BANCO DE LA CIUDAD DE BUENOS AIRES,LINK,Finochietto 435,Barracas,Comuna 4,1,0-50 m,52.0,0.007841371226357887,6631.4932043018,6631.4932043018,1.0
11088,BANCO DE LA CIUDAD DE BUENOS AIRES,LINK,Finochietto 435,Barracas,Comuna 4,2,50-100 m,88.0,0.023524113679051644,3740.8423203788757,6631.4932043018,0.5641025641030921
11088,BANCO DE LA CIUDAD DE BUENOS AIRES,LINK,Finochietto 435,Barracas,Comuna 4,3,100-150 m,100.0,0.03920685613180504,2550.5743093458314,6631.4932043018,0.3846153846152316
11060,BANCO DE LA NACION ARGENTINA,LINK,Florida 101,San Nicolas,Comuna 1,1,0-50 m,362.0,0.007841371226357887,46165.394999177915,46165.394999177915,1.0
11060,BANCO DE LA NACION ARGENTINA,LINK,Florida 101,San Nicolas,Comuna 1,2,50-100 m,22.0,0.023524113679051644,935.2105800947189,46165.394999177915,0.020257826887680103
11060,BANCO DE LA NACION ARGENTINA,LINK,Florida 101,San Nicolas,Comuna 1,3,100-150 m,0.0,0.03920685613180504,0.0,46165.394999177915,0.0
11070,BANCO DE LA NACION ARGENTINA,LINK,Florida 238,San Nicolas,Comuna 1,1,0-50 m,51.0,0.007841371226357887,6503.964488834457,6503.964488834457,1.0
11070,BANCO DE LA NACION ARGENTINA,LINK,Florida 238,San Nicolas,Comuna 1,2,50-100 m,1.0,0.023524113679051644,42.509571822487224,6503.964488834457,0.006535947712424418
11070,BANCO DE LA NACION ARGENTINA,LINK,Florida 238,San Nicolas,Comuna 1,3,100-150 m,0.0,0.03920685613180504,0.0,6503.964488834457,0.0
11406,BANCO DE LA CIUDAD DE BUENOS AIRES,LINK,Florida 302,San Nicolas,Comuna 1,1,0-50 m,117.0,0.007841371226357887,14920.85970967905,14920.85970967905,1.0
11406,BANCO DE LA CIUDAD DE BUENOS AIRES,LINK,Florida 302,San Nicolas,Comuna 1,2,50-100 m,18.0,0.023524113679051644,765.17229280477,14920.85970967905,0.05128205128209928
11406,BANCO DE LA CIUDAD DE BUENOS AIRES,LINK,Florida 302,San Nicolas,Comuna 1,3,100-150 m,0.0,0.03920685613180504,0.0,14920.85970967905,0.0
11726,BANCO DE LA NACION ARGENTINA,LINK,Florida 963,Retiro,Comuna 1,1,0-50 m,29.0,0.007841371226357887,3698.332748552927,3698.332748552927,1.0
11726,BANCO DE LA NACION ARGENTINA,LINK,Florida 963,Retiro,Comuna 1,2,50-100 m,15.0,0.023524113679051644,637.6435773373083,3698.332748552927,0.17241379310360963
11726,BANCO DE LA NACION ARGENTINA,LINK,Florida 963,Retiro,Comuna 1,3,100-150 m,2.0,0.03920685613180504,51.01148618691662,3698.332748552927,0.013793103448270371
11801,BANCO DE LA NACION ARGENTINA,LINK,Godoy Cruz 2320,Palermo,Comuna 14,1,0-50 m,40.0,0.007841371226357887,5101.148618693693,5101.148618693693,1.0
11801,BANCO DE LA NACION ARGENTINA,LINK,Godoy Cruz 2320,Palermo,Comuna 14,2,50-100 m,36.0,0.023524113679051644,1530.34458560954,5101.148618693693,0.30000000000028076
11801,BANCO DE LA NACION ARGENTINA,LINK,Godoy Cruz 2320,Palermo,Comuna 14,3,100-150 m,182.0,0.03920685613180504,4642.045243009413,5101.148618693693,0.9099999999996379
11201,BANCO DE LA CIUDAD DE BUENOS AIRES,LINK,Gral. Urquiza 609,Balvanera,Comuna 3,1,0-50 m,278.0,0.007841371226357887,35452.98289992116,35452.98289992116,1.0
11201,BANCO DE LA CIUDAD DE BUENOS AIRES,LINK,Gral. Urquiza 609,Balvanera,Comuna 3,2,50-100 m,119.0,0.023524113679051644,5058.639046875979,35452.98289992116,0.14268585131907838
11201,BANCO DE LA CIUDAD DE BUENOS AIRES,LINK,Gral. Urquiza 609,Balvanera,Comuna 3,3,100-150 m,146.0,0.03920685613180504,3723.8384916449136,35452.98289992116,0.1050359712229798
11499,BANCO DE LA PROVINCIA DE BUENOS AIRES,LINK,Guanahani 580 esquina A. Del Valle,Barracas,Comuna 4,1,0-50 m,2.0,0.007841371226357887,255.05743093468462,255.05743093468462,1.0
11499,BANCO DE LA PROVINCIA DE BUENOS AIRES,LINK,Guanahani 580 esquina A. Del Valle,Barracas,Comuna 4,2,50-100 m,8.0,0.023524113679051644,340.0765745798978,255.05743093468462,1.3333333333345814
11499,BANCO DE LA PROVINCIA DE BUENOS AIRES,LINK,Guanahani 580 esquina A. Del Valle,Barracas,Comuna 4,3,100-150 m,8.0,0.03920685613180504,204.04594474766648,255.05743093468462,0.7999999999996816
11387,BANCO DE LA NACION ARGENTINA,LINK,Hipólito Yrigoyen 1760,Monserrat,Comuna 1,1,0-50 m,23.0,0.007841371226357887,2933.160455748873,2933.160455748873,1.0
11387,BANCO DE LA NACION ARGENTINA,LINK,Hipólito Yrigoyen 1760,Monserrat,Comuna 1,2,50-100 m,53.0,0.023524113679051644,2253.0073065918227,2933.160455748873,0.7681159420297043
11387,BANCO DE LA NACION ARGENTINA,LINK,Hipólito Yrigoyen 1760,Monserrat,Comuna 1,3,100-150 m,73.0,0.03920685613180504,1861.9192458224568,2933.160455748873,0.6347826086953996
11185,BANCO DE LA NACION ARGENTINA,LINK,Hipólito Yrigoyen 1835,Balvanera,Comuna 3,1,0-50 m,56.0,0.007841371226357887,7141.608066171169,7141.608066171169,1.0
11185,BANCO DE LA NACION ARGENTINA,LINK,Hipólito Yrigoyen 1835,Balvanera,Comuna 3,2,50-100 m,54.0,0.023524113679051644,2295.51687841431,7141.608066171169,0.32142857142887227
11185,BANCO DE LA NACION ARGENTINA,LINK,Hipólito Yrigoyen 1835,Balvanera,Comuna 3,3,100-150 m,79.0,0.03920685613180504,2014.9537043832067,7141.608066171169,0.2821428571427449
11399,BANCO DE LA NACION ARGENTINA,LINK,Hipolito Yrigoyen 250,Monserrat,Comuna 1,1,0-50 m,18.0,0.007841371226357887,2295.5168784121615,2295.5168784121615,1.0
11399,BANCO DE LA NACION ARGENTINA,LINK,Hipolito Yrigoyen 250,Monserrat,Comuna 1,2,50-100 m,91.0,0.023524113679051644,3868.3710358463372,2295.5168784121615,1.6851851851867625
11399,BANCO DE LA NACION ARGENTINA,LINK,Hipolito Yrigoyen 250,Monserrat,Comuna 1,3,100-150 m,30.0,0.03920685613180504,765.1722928037493,2295.5168784121615,0.33333333333320064
11077,BANCO DE LA NACION ARGENTINA,LINK,Hipólito Yrigoyen 370,Monserrat,Comuna 1,1,0-50 m,37.0,0.007841371226357887,4718.5624722916655,4718.5624722916655,1.0
11077,BANCO DE LA NACION ARGENTINA,LINK,Hipólito Yrigoyen 370,Monserrat,Comuna 1,2,50-100 m,74.0,0.023524113679051644,3145.7083148640545,4718.5624722916655,0.6666666666672906
11077,BANCO DE LA NACION ARGENTINA,LINK,Hipólito Yrigoyen 370,Monserrat,Comuna 1,3,100-150 m,4.0,0.03920685613180504,102.02297237383324,4718.5624722916655,0.021621621621613015
11409,BANCO DE LA CIUDAD DE BUENOS AIRES,LINK,J. A. Roca 538,Monserrat,Comuna 1,1,0-50 m,84.0,0.007841371226357887,10712.412099256753,10712.412099256753,1.0
11409,BANCO DE LA CIUDAD DE BUENOS AIRES,LINK,J. A. Roca 538,Monserrat,Comuna 1,2,50-100 m,155.0,0.023524113679051644,6588.98363248552,10712.412099256753,0.6150793650799408
11409,BANCO DE LA CIUDAD DE BUENOS AIRES,LINK,J. A. Roca 538,Monserrat,Comuna 1,3,100-150 m,0.0,0.03920685613180504,0.0,10712.412099256753,0.0
11183,BANCO DE LA CIUDAD DE BUENOS AIRES,LINK,Jean Jaures 521 esquina Corrientes,Balvanera,Comuna 3,1,0-50 m,163.0,0.007841371226357887,20787.180621176798,20787.180621176798,1.0
11183,BANCO DE LA CIUDAD DE BUENOS AIRES,LINK,Jean Jaures 521 esquina Corrientes,Balvanera,Comuna 3,2,50-100 m,77.0,0.023524113679051644,3273.237030331516,20787.180621176798,0.15746421267908398
11183,BANCO DE LA CIUDAD DE BUENOS AIRES,LINK,Jean Jaures 521 esquina Corrientes,Balvanera,Comuna 3,3,100-150 m,265.0,0.03920685613180504,6759.021919766453,20787.180621176798,0.32515337423299945
11698,CABAL COOP. LTDA.,LINK,Juana Manso 1159 esquina Azucena Maizani,Puerto Madero,Comuna 1,1,0-50 m,1.0,0.007841371226357887,127.52871546734231,127.52871546734231,1.0
11698,CABAL COOP. LTDA.,LINK,Juana Manso 1159 esquina Azucena Maizani,Puerto Madero,Comuna 1,2,50-100 m,8.0,0.023524113679051644,340.0765745798978,127.52871546734231,2.6666666666691627
11698,CABAL COOP. LTDA.,LINK,Juana Manso 1159 esquina Azucena Maizani,Puerto Madero,Comuna 1,3,100-150 m,1.0,0.03920685613180504,25.50574309345831,127.52871546734231,0.1999999999999204
11670,BANCO DE LA CIUDAD DE BUENOS AIRES,LINK,Juan B. Ambrosetti 743 esquina Díaz Vélez,Caballito,Comuna 6,1,0-50 m,19.0,0.007841371226357887,2423.045593879504,2423.045593879504,1.0
11670,BANCO DE LA CIUDAD DE BUENOS AIRES,LINK,Juan B. Ambrosetti 743 esquina Díaz Vélez,Caballito,Comuna 6,2,50-100 m,81.0,0.023524113679051644,3443.275317621465,2423.045593879504,1.4210526315802774
11670,BANCO DE LA CIUDAD DE BUENOS AIRES,LINK,Juan B. Ambrosetti 743 esquina Díaz Vélez,Caballito,Comuna 6,3,100-150 m,75.0,0.03920685613180504,1912.9307320093733,2423.045593879504,0.7894736842102121
10994,BANCO DE LA CIUDAD DE BUENOS AIRES,LINK,Junín 1930 esquina Av. Quintana,Recoleta,Comuna 2,1,0-50 m,33.0,0.007841371226357887,4208.447610422296,4208.447610422296,1.0
10994,BANCO DE LA CIUDAD DE BUENOS AIRES,LINK,Junín 1930 esquina Av. Quintana,Recoleta,Comuna 2,2,50-100 m,70.0,0.023524113679051644,2975.6700275741055,4208.447610422296,0.7070707070713689
10994,BANCO DE LA CIUDAD DE BUENOS AIRES,LINK,Junín 1930 esquina Av. Quintana,Recoleta,Comuna 2,3,100-150 m,20.0,0.03920685613180504,510.11486186916625,4208.447610422296,0.12121212121207299
10962,BANCO DE LA CIUDAD DE BUENOS AIRES,LINK,Juramento 2527,Belgrano,Comuna 13,1,0-50 m,60.0,0.007841371226357887,7651.722928040538,7651.722928040538,1.0
10962,BANCO DE LA CIUDAD DE BUENOS AIRES,LINK,Juramento 2527,Belgrano,Comuna 13,2,50-100 m,25.0,0.023524113679051644,1062.7392955621806,7651.722928040538,0.1388888888890189
10962,BANCO DE LA CIUDAD DE BUENOS AIRES,LINK,Juramento 2527,Belgrano,Comuna 13,3,100-150 m,5.0,0.03920685613180504,127.52871546729156,7651.722928040538,0.016666666666660036
11092,BANCO DE LA CIUDAD DE BUENOS AIRES,LINK,Lacarra 3040,Villa Soldati,Comuna 8,1,0-50 m,13.0,0.007841371226357887,1657.87330107545,1657.87330107545,1.0
11092,BANCO DE LA CIUDAD DE BUENOS AIRES,LINK,Lacarra 3040,Villa Soldati,Comuna 8,2,50-100 m,27.0,0.023524113679051644,1147.758439207155,1657.87330107545,0.6923076923083403
11092,BANCO DE LA CIUDAD DE BUENOS AIRES,LINK,Lacarra 3040,Villa Soldati,Comuna 8,3,100-150 m,57.0,0.03920685613180504,1453.8273563271239,1657.87330107545,0.8769230769227281
10960,BANCO DE LA CIUDAD DE BUENOS AIRES,LINK,La Pampa 2475,Belgrano,Comuna 13,1,0-50 m,55.0,0.007841371226357887,7014.079350703827,7014.079350703827,1.0
10960,BANCO DE LA CIUDAD DE BUENOS AIRES,LINK,La Pampa 2475,Belgrano,Comuna 13,2,50-100 m,39.0,0.023524113679051644,1657.8733010770018,7014.079350703827,0.2363636363638576
10960,BANCO DE LA CIUDAD DE BUENOS AIRES,LINK,La Pampa 2475,Belgrano,Comuna 13,3,100-150 m,34.0,0.03920685613180504,867.1952651775827,7014.079350703827,0.12363636363631444
11172,BANCO DE LA CIUDAD DE BUENOS AIRES,LINK,Larrea 11,Balvanera,Comuna 3,1,0-50 m,158.0,0.007841371226357887,20149.537043840086,20149.537043840086,1.0
11172,BANCO DE LA CIUDAD DE BUENOS AIRES,LINK,Larrea 11,Balvanera,Comuna 3,2,50-100 m,13.0,0.023524113679051644,552.6244336923339,20149.537043840086,0.02742616033757841
11172,BANCO DE LA CIUDAD DE BUENOS AIRES,LINK,Larrea 11,Balvanera,Comuna 3,3,100-150 m,0.0,0.03920685613180504,0.0,20149.537043840086,0.0
11015,BANCO DE LA NACION ARGENTINA,LINK,Lavalle 1402,San Nicolas,Comuna 1,1,0-50 m,44.0,0.007841371226357887,5611.263480563061,5611.263480563061,1.0
11015,BANCO DE LA NACION ARGENTINA,LINK,Lavalle 1402,San Nicolas,Comuna 1,2,50-100 m,4.0,0.023524113679051644,170.0382872899489,5611.263480563061,0.030303030303058667
11015,BANCO DE LA NACION ARGENTINA,LINK,Lavalle 1402,San Nicolas,Comuna 1,3,100-150 m,4.0,0.03920685613180504,102.02297237383324,5611.263480563061,0.018181818181810947
11026,BANCO DE LA CIUDAD DE BUENOS AIRES,LINK,Lavalle 1428 esquina Uruguay,San Nicolas,Comuna 1,1,0-50 m,105.0,0.007841371226357887,13390.515124070942,13390.515124070942,1.0
11026,BANCO DE LA CIUDAD DE BUENOS AIRES,LINK,Lavalle 1428 esquina Uruguay,San Nicolas,Comuna 1,2,50-100 m,43.0,0.023524113679051644,1827.9115883669506,13390.515124070942,0.13650793650806428
11026,BANCO DE LA CIUDAD DE BUENOS AIRES,LINK,Lavalle 1428 esquina Uruguay,San Nicolas,Comuna 1,3,100-150 m,11.0,0.03920685613180504,280.56317402804143,13390.515124070942,0.020952380952372614
11023,BANCO DE LA NACION ARGENTINA,LINK,Lavalle 593,San Nicolas,Comuna 1,1,0-50 m,437.0,0.007841371226357887,55730.04865922859,55730.04865922859,1.0
11023,BANCO DE LA NACION ARGENTINA,LINK,Lavalle 593,San Nicolas,Comuna 1,2,50-100 m,68.0,0.023524113679051644,2890.650883929131,55730.04865922859,0.051868802440933365
11023,BANCO DE LA NACION ARGENTINA,LINK,Lavalle 593,San Nicolas,Comuna 1,3,100-150 m,4.0,0.03920685613180504,102.02297237383324,55730.04865922859,0.001830663615559912
11220,BANCO DE LA CIUDAD DE BUENOS AIRES,LINK,Llavallol 4307,Villa Devoto,Comuna 11,1,0-50 m,32.0,0.007841371226357887,4080.918894954954,4080.918894954954,1.0
11220,BANCO DE LA CIUDAD DE BUENOS AIRES,LINK,Llavallol 4307,Villa Devoto,Comuna 11,2,50-100 m,25.0,0.023524113679051644,1062.7392955621806,4080.918894954954,0.2604166666669104
11220,BANCO DE LA CIUDAD DE BUENOS AIRES,LINK,Llavallol 4307,Villa Devoto,Comuna 11,3,100-150 m,95.0,0.03920685613180504,2423.0455938785394,4080.918894954954,0.5937499999997636
11433,CAJERO EXPRESS,LINK,Lope De Vega 1502 esquina Miranda,Villa Luro,Comuna 10,1,0-50 m,20.0,0.007841371226357887,2550.5743093468463,2550.5743093468463,1.0
11433,CAJERO EXPRESS,LINK,Lope De Vega 1502 esquina Miranda,Villa Luro,Comuna 10,2,50-100 m,18.0,0.023524113679051644,765.17229280477,2550.5743093468463,0.30000000000028076
11433,CAJERO EXPRESS,LINK,Lope De Vega 1502 esquina Miranda,Villa Luro,Comuna 10,3,100-150 m,35.0,0.03920685613180504,892.7010082710409,2550.5743093468463,0.3499999999998607
11731,BANCO DE LA NACION ARGENTINA,LINK,Madariaga 6976,Villa Riachuelo,Comuna 8,1,0-50 m,11.0,0.007841371226357887,1402.8158701407654,1402.8158701407654,1.0
11731,BANCO DE LA NACION ARGENTINA,LINK,Madariaga 6976,Villa Riachuelo,Comuna 8,2,50-100 m,9.0,0.023524113679051644,382.586146402385,1402.8158701407654,0.272727272727528
11731,BANCO DE LA NACION ARGENTINA,LINK,Madariaga 6976,Villa Riachuelo,Comuna 8,3,100-150 m,29.0,0.03920685613180504,739.6665497102911,1402.8158701407654,0.5272727272725175
11028,BANCO DE LA PROVINCIA DEL NEUQUEN,LINK,"Maipú 50, entre Av. Rivadavia y Bmé. Mitre",San Nicolas,Comuna 1,1,0-50 m,6.0,0.007841371226357887,765.1722928040539,765.1722928040539,1.0
11028,BANCO DE LA PROVINCIA DEL NEUQUEN,LINK,"Maipú 50, entre Av. Rivadavia y Bmé. Mitre",San Nicolas,Comuna 1,2,50-100 m,0.0,0.023524113679051644,0.0,765.1722928040539,0.0
11028,BANCO DE LA PROVINCIA DEL NEUQUEN,LINK,"Maipú 50, entre Av. Rivadavia y Bmé. Mitre",San Nicolas,Comuna 1,3,100-150 m,0.0,0.03920685613180504,0.0,765.1722928040539,0.0
11041,CABAL COOP. LTDA.,LINK,"Maipú 72, entre Av. Rivadavia y Bmé. Mitre",San Nicolas,Comuna 1,1,0-50 m,16.0,0.007841371226357887,2040.459447477477,2040.459447477477,1.0
11041,CABAL COOP. LTDA.,LINK,"Maipú 72, entre Av. Rivadavia y Bmé. Mitre",San Nicolas,Comuna 1,2,50-100 m,2.0,0.023524113679051644,85.01914364497445,2040.459447477477,0.04166666666670567
11041,CABAL COOP. LTDA.,LINK,"Maipú 72, entre Av. Rivadavia y Bmé. Mitre",San Nicolas,Comuna 1,3,100-150 m,0.0,0.03920685613180504,0.0,2040.459447477477,0.0
11408,BANCO DE SANTA CRUZ S.A.,LINK,"Maipu 99, entre Bartolome Mitre y Rivadavia",San Nicolas,Comuna 1,1,0-50 m,84.0,0.007841371226357887,10712.412099256753,10712.412099256753,1.0
11408,BANCO DE SANTA CRUZ S.A.,LINK,"Maipu 99, entre Bartolome Mitre y Rivadavia",San Nicolas,Comuna 1,2,50-100 m,11.0,0.023524113679051644,467.60529004735946,10712.412099256753,0.04365079365083451
11408,BANCO DE SANTA CRUZ S.A.,LINK,"Maipu 99, entre Bartolome Mitre y Rivadavia",San Nicolas,Comuna 1,3,100-150 m,0.0,0.03920685613180504,0.0,10712.412099256753,0.0
11779,BANCO DE LA CIUDAD DE BUENOS AIRES,LINK,Mansilla 3640 esquina Bulnes,Palermo,Comuna 14,1,0-50 m,59.0,0.007841371226357887,7524.194212573197,7524.194212573197,1.0
11779,BANCO DE LA CIUDAD DE BUENOS AIRES,LINK,Mansilla 3640 esquina Bulnes,Palermo,Comuna 14,2,50-100 m,118.0,0.023524113679051644,5016.129475053493,7524.194212573197,0.6666666666672906
11779,BANCO DE LA CIUDAD DE BUENOS AIRES,LINK,Mansilla 3640 esquina Bulnes,Palermo,Comuna 14,3,100-150 m,288.0,0.03920685613180504,7345.654010915994,7524.194212573197,0.9762711864402894
10995,BANCO DE LA CIUDAD DE BUENOS AIRES,LINK,"Marcelo T. De Alvear 1840, entre Callao y Riobamba",Recoleta,Comuna 2,1,0-50 m,34.0,0.007841371226357887,4335.976325889638,4335.976325889638,1.0
10995,BANCO DE LA CIUDAD DE BUENOS AIRES,LINK,"Marcelo T. De Alvear 1840, entre Callao y Riobamba",Recoleta,Comuna 2,2,50-100 m,26.0,0.023524113679051644,1105.2488673846678,4335.976325889638,0.25490196078455235
10995,BANCO DE LA CIUDAD DE BUENOS AIRES,LINK,"Marcelo T. De Alvear 1840, entre Callao y Riobamba",Recoleta,Comuna 2,3,100-150 m,137.0,0.03920685613180504,3494.2868038037886,4335.976325889638,0.8058823529408558
10889,BANCO DE LA NACION ARGENTINA,LINK,Marcos Sastre 3202,Villa Del Parque,Comuna 11,1,0-50 m,32.0,0.007841371226357887,4080.918894954954,4080.918894954954,1.0
10889,BANCO DE LA NACION ARGENTINA,LINK,Marcos Sastre 3202,Villa Del Parque,Comuna 11,2,50-100 m,28.0,0.023524113679051644,1190.2680110296421,4080.918894954954,0.29166666666693963
10889,BANCO DE LA NACION ARGENTINA,LINK,Marcos Sastre 3202,Villa Del Parque,Comuna 11,3,100-150 m,24.0,0.03920685613180504,612.1378342429995,4080.918894954954,0.1499999999999403
11512,CABAL COOP. LTDA.,LINK,Martin Garcia 743,Barracas,Comuna 4,1,0-50 m,10.0,0.007841371226357887,1275.2871546734232,1275.2871546734232,1.0
11512,CABAL COOP. LTDA.,LINK,Martin Garcia 743,Barracas,Comuna 4,2,50-100 m,7.0,0.023524113679051644,297.56700275741053,1275.2871546734232,0.2333333333335517
11512,CABAL COOP. LTDA.,LINK,Martin Garcia 743,Barracas,Comuna 4,3,100-150 m,6.0,0.03920685613180504,153.03445856074987,1275.2871546734232,0.11999999999995224
11079,BANCO DE LA NACION ARGENTINA,LINK,Mexico 12,Monserrat,Comuna 1,1,0-50 m,10.0,0.007841371226357887,1275.2871546734232,1275.2871546734232,1.0
11079,BANCO DE LA NACION ARGENTINA,LINK,Mexico 12,Monserrat,Comuna 1,2,50-100 m,14.0,0.023524113679051644,595.1340055148211,1275.2871546734232,0.4666666666671034
11079,BANCO DE LA NACION ARGENTINA,LINK,Mexico 12,Monserrat,Comuna 1,3,100-150 m,7.0,0.03920685613180504,178.54020165420818,1275.2871546734232,0.13999999999994428
11030,CABAL COOP. LTDA.,LINK,Montevideo 431,San Nicolas,Comuna 1,1,0-50 m,131.0,0.007841371226357887,16706.26172622184,16706.26172622184,1.0
11030,CABAL COOP. LTDA.,LINK,Montevideo 431,San Nicolas,Comuna 1,2,50-100 m,103.0,0.023524113679051644,4378.485897716184,16706.26172622184,0.26208651399515626
11030,CABAL COOP. LTDA.,LINK,Montevideo 431,San Nicolas,Comuna 1,3,100-150 m,151.0,0.03920685613180504,3851.367207112205,16706.26172622184,0.23053435114494644
11730,BANCO DE LA NACION ARGENTINA,LINK,Murguiondo 4130,Villa Lugano,Comuna 8,1,0-50 m,67.0,0.007841371226357887,8544.423936311934,8544.423936311934,1.0
11730,BANCO DE LA NACION ARGENTINA,LINK,Murguiondo 4130,Villa Lugano,Comuna 8,2,50-100 m,25.0,0.023524113679051644,1062.7392955621806,8544.423936311934,0.12437810945285274
11730,BANCO DE LA NACION ARGENTINA,LINK,Murguiondo 4130,Villa Lugano,Comuna 8,3,100-150 m,51.0,0.03920685613180504,1300.792897766374,8544.423936311934,0.15223880597008868
11729,BANCO DE LA PROVINCIA DE BUENOS AIRES,LINK,Murguiondo 4349,Villa Lugano,Comuna 8,1,0-50 m,20.0,0.007841371226357887,2550.5743093468463,2550.5743093468463,1.0
11729,BANCO DE LA PROVINCIA DE BUENOS AIRES,LINK,Murguiondo 4349,Villa Lugano,Comuna 8,2,50-100 m,22.0,0.023524113679051644,935.2105800947189,2550.5743093468463,0.3666666666670098
11729,BANCO DE LA PROVINCIA DE BUENOS AIRES,LINK,Murguiondo 4349,Villa Lugano,Comuna 8,3,100-150 m,10.0,0.03920685613180504,255.05743093458312,2550.5743093468463,0.0999999999999602
10892,BANCO DE LA CIUDAD DE BUENOS AIRES,LINK,"Nogoya 3174, entre Helguera y Cuenca",Villa Del Parque,Comuna 11,1,0-50 m,47.0,0.007841371226357887,5993.849626965089,5993.849626965089,1.0
10892,BANCO DE LA CIUDAD DE BUENOS AIRES,LINK,"Nogoya 3174, entre Helguera y Cuenca",Villa Del Parque,Comuna 11,2,50-100 m,6.0,0.023524113679051644,255.05743093492333,5993.849626965089,0.04255319148940153
10892,BANCO DE LA CIUDAD DE BUENOS AIRES,LINK,"Nogoya 3174, entre Helguera y Cuenca",Villa Del Parque,Comuna 11,3,100-150 m,0.0,0.03920685613180504,0.0,5993.849626965089,0.0
11219,BANCO DE LA CIUDAD DE BUENOS AIRES,LINK,Nueva York 3952,Villa Devoto,Comuna 11,1,0-50 m,29.0,0.007841371226357887,3698.332748552927,3698.332748552927,1.0
11219,BANCO DE LA CIUDAD DE BUENOS AIRES,LINK,Nueva York 3952,Villa Devoto,Comuna 11,2,50-100 m,72.0,0.023524113679051644,3060.68917121908,3698.332748552927,0.8275862068973262
11219,BANCO DE LA CIUDAD DE BUENOS AIRES,LINK,Nueva York 3952,Villa Devoto,Comuna 11,3,100-150 m,26.0,0.03920685613180504,663.1493204299161,3698.332748552927,0.17931034482751484
11218,BANCO DE LA PROVINCIA DE BUENOS AIRES,LINK,Nueva York 4020,Villa Devoto,Comuna 11,1,0-50 m,48.0,0.007841371226357887,6121.378342432431,6121.378342432431,1.0
11218,BANCO DE LA PROVINCIA DE BUENOS AIRES,LINK,Nueva York 4020,Villa Devoto,Comuna 11,2,50-100 m,94.0,0.023524113679051644,3995.899751313799,6121.378342432431,0.6527777777783887
11218,BANCO DE LA PROVINCIA DE BUENOS AIRES,LINK,Nueva York 4020,Villa Devoto,Comuna 11,3,100-150 m,95.0,0.03920685613180504,2423.0455938785394,6121.378342432431,0.3958333333331758
10992,BANCO DE LA CIUDAD DE BUENOS AIRES,LINK,Paraguay 1536,Recoleta,Comuna 2,1,0-50 m,28.0,0.007841371226357887,3570.8040330855847,3570.8040330855847,1.0
10992,BANCO DE LA CIUDAD DE BUENOS AIRES,LINK,Paraguay 1536,Recoleta,Comuna 2,2,50-100 m,74.0,0.023524113679051644,3145.7083148640545,3570.8040330855847,0.8809523809532055
10992,BANCO DE LA CIUDAD DE BUENOS AIRES,LINK,Paraguay 1536,Recoleta,Comuna 2,3,100-150 m,48.0,0.03920685613180504,1224.275668485999,3570.8040330855847,0.3428571428570064
11790,BANCO DE LA CIUDAD DE BUENOS AIRES,LINK,Paraguay 4302 esquina Armenia,Palermo,Comuna 14,1,0-50 m,73.0,0.007841371226357887,9309.596229115989,9309.596229115989,1.0
11790,BANCO DE LA CIUDAD DE BUENOS AIRES,LINK,Paraguay 4302 esquina Armenia,Palermo,Comuna 14,2,50-100 m,82.0,0.023524113679051644,3485.784889443952,9309.596229115989,0.37442922374464266
11790,BANCO DE LA CIUDAD DE BUENOS AIRES,LINK,Paraguay 4302 esquina Armenia,Palermo,Comuna 14,3,100-150 m,94.0,0.03920685613180504,2397.5398507850814,9309.596229115989,0.25753424657524
11027,BANCO DE LA CIUDAD DE BUENOS AIRES,LINK,Paraná 744,San Nicolas,Comuna 1,1,0-50 m,41.0,0.007841371226357887,5228.677334161035,5228.677334161035,1.0
11027,BANCO DE LA CIUDAD DE BUENOS AIRES,LINK,Paraná 744,San Nicolas,Comuna 1,2,50-100 m,9.0,0.023524113679051644,382.586146402385,5228.677334161035,0.07317073170738556
11027,BANCO DE LA CIUDAD DE BUENOS AIRES,LINK,Paraná 744,San Nicolas,Comuna 1,3,100-150 m,0.0,0.03920685613180504,0.0,5228.677334161035,0.0
11528,BANCO DE LA NACION ARGENTINA,LINK,Paroissien 2443,Saavedra,Comuna 12,1,0-50 m,34.0,0.007841371226357887,4335.976325889638,4335.976325889638,1.0
11528,BANCO DE LA NACION ARGENTINA,LINK,Paroissien 2443,Saavedra,Comuna 12,2,50-100 m,81.0,0.023524113679051644,3443.275317621465,4335.976325889638,0.7941176470595669
11528,BANCO DE LA NACION ARGENTINA,LINK,Paroissien 2443,Saavedra,Comuna 12,3,100-150 m,83.0,0.03920685613180504,2116.97667675704,4335.976325889638,0.4882352941174528
11695,BANCO DE LA NACION ARGENTINA,LINK,Pedro Chutro 2780,Parque Patricios,Comuna 4,1,0-50 m,5.0,0.007841371226357887,637.6435773367116,637.6435773367116,1.0
11695,BANCO DE LA NACION ARGENTINA,LINK,Pedro Chutro 2780,Parque Patricios,Comuna 4,2,50-100 m,51.0,0.023524113679051644,2167.988162946848,637.6435773367116,3.400000000003182
11695,BANCO DE LA NACION ARGENTINA,LINK,Pedro Chutro 2780,Parque Patricios,Comuna 4,3,100-150 m,18.0,0.03920685613180504,459.10337568224963,637.6435773367116,0.7199999999997134
10986,BANCO DE LA CIUDAD DE BUENOS AIRES,LINK,Peña 3050 esquina Rodriguez Peña,Recoleta,Comuna 2,1,0-50 m,17.0,0.007841371226357887,2167.988162944819,2167.988162944819,1.0
10986,BANCO DE LA CIUDAD DE BUENOS AIRES,LINK,Peña 3050 esquina Rodriguez Peña,Recoleta,Comuna 2,2,50-100 m,70.0,0.023524113679051644,2975.6700275741055,2167.988162944819,1.3725490196091277
10986,BANCO DE LA CIUDAD DE BUENOS AIRES,LINK,Peña 3050 esquina Rodriguez Peña,Recoleta,Comuna 2,3,100-150 m,107.0,0.03920685613180504,2729.1145110000393,2167.988162944819,1.2588235294112637
11066,BANCO DE LA NACION ARGENTINA,LINK,Peru 103,Monserrat,Comuna 1,1,0-50 m,98.0,0.007841371226357887,12497.814115799547,12497.814115799547,1.0
11066,BANCO DE LA NACION ARGENTINA,LINK,Peru 103,Monserrat,Comuna 1,2,50-100 m,45.0,0.023524113679051644,1912.930732011925,12497.814115799547,0.15306122448993917
11066,BANCO DE LA NACION ARGENTINA,LINK,Peru 103,Monserrat,Comuna 1,3,100-150 m,0.0,0.03920685613180504,0.0,12497.814115799547,0.0
11389,BANCO DE LA CIUDAD DE BUENOS AIRES,LINK,Peru 146,Monserrat,Comuna 1,1,0-50 m,20.0,0.007841371226357887,2550.5743093468463,2550.5743093468463,1.0
11389,BANCO DE LA CIUDAD DE BUENOS AIRES,LINK,Peru 146,Monserrat,Comuna 1,2,50-100 m,13.0,0.023524113679051644,552.6244336923339,2550.5743093468463,0.21666666666686946
11389,BANCO DE LA CIUDAD DE BUENOS AIRES,LINK,Peru 146,Monserrat,Comuna 1,3,100-150 m,0.0,0.03920685613180504,0.0,2550.5743093468463,0.0
11395,BANCO DE LA NACION ARGENTINA,LINK,Perú 169,Monserrat,Comuna 1,1,0-50 m,37.0,0.007841371226357887,4718.5624722916655,4718.5624722916655,1.0
11395,BANCO DE LA NACION ARGENTINA,LINK,Perú 169,Monserrat,Comuna 1,2,50-100 m,55.0,0.023524113679051644,2338.0264502367972,4718.5624722916655,0.4954954954959592
11395,BANCO DE LA NACION ARGENTINA,LINK,Perú 169,Monserrat,Comuna 1,3,100-150 m,1.0,0.03920685613180504,25.50574309345831,4718.5624722916655,0.005405405405403254
11426,BANCO DE LA CIUDAD DE BUENOS AIRES,LINK,"Pilar 950, entre Acassuso y Patrón",Liniers,Comuna 9,1,0-50 m,102.0,0.007841371226357887,13007.928977668915,13007.928977668915,1.0
11426,BANCO DE LA CIUDAD DE BUENOS AIRES,LINK,"Pilar 950, entre Acassuso y Patrón",Liniers,Comuna 9,2,50-100 m,81.0,0.023524113679051644,3443.275317621465,13007.928977668915,0.2647058823531889
11426,BANCO DE LA CIUDAD DE BUENOS AIRES,LINK,"Pilar 950, entre Acassuso y Patrón",Liniers,Comuna 9,3,100-150 m,104.0,0.03920685613180504,2652.5972817196644,13007.928977668915,0.20392156862736985
11009,BANCO DE LA NACION ARGENTINA,LINK,Pizzurno 935,Recoleta,Comuna 2,1,0-50 m,17.0,0.007841371226357887,2167.988162944819,2167.988162944819,1.0
11009,BANCO DE LA NACION ARGENTINA,LINK,Pizzurno 935,Recoleta,Comuna 2,2,50-100 m,76.0,0.023524113679051644,3230.727458509029,2167.988162944819,1.4901960784327675
11009,BANCO DE LA NACION ARGENTINA,LINK,Pizzurno 935,Recoleta,Comuna 2,3,100-150 m,46.0,0.03920685613180504,1173.2641822990824,2167.988162944819,0.54117647058802
11403,BANCO DE LA NACION ARGENTINA,LINK,Presidentte Luis Saenz Peña 850,,,1,0-50 m,29.0,0.007841371226357887,3698.332748552927,3698.332748552927,1.0
11403,BANCO DE LA NACION ARGENTINA,LINK,Presidentte Luis Saenz Peña 850,,,2,50-100 m,162.0,0.023524113679051644,6886.55063524293,3698.332748552927,1.8620689655189842
11403,BANCO DE LA NACION ARGENTINA,LINK,Presidentte Luis Saenz Peña 850,,,3,100-150 m,106.0,0.03920685613180504,2703.608767906581,3698.332748552927,0.7310344827583297
11024,CABAL COOP. LTDA.,LINK,Pte. Perón 479,San Nicolas,Comuna 1,1,0-50 m,11.0,0.007841371226357887,1402.8158701407654,1402.8158701407654,1.0
11024,CABAL COOP. LTDA.,LINK,Pte. Perón 479,San Nicolas,Comuna 1,2,50-100 m,0.0,0.023524113679051644,0.0,1402.8158701407654,0.0
11024,CABAL COOP. LTDA.,LINK,Pte. Perón 479,San Nicolas,Comuna 1,3,100-150 m,0.0,0.03920685613180504,0.0,1402.8158701407654,0.0
11054,BANCO HIPOTECARIO S.A.,LINK,Pte. Perón 525,San Nicolas,Comuna 1,1,0-50 m,8.0,0.007841371226357887,1020.2297237387385,1020.2297237387385,1.0
11054,BANCO HIPOTECARIO S.A.,LINK,Pte. Perón 525,San Nicolas,Comuna 1,2,50-100 m,1.0,0.023524113679051644,42.509571822487224,1020.2297237387385,0.04166666666670567
11054,BANCO HIPOTECARIO S.A.,LINK,Pte. Perón 525,San Nicolas,Comuna 1,3,100-150 m,0.0,0.03920685613180504,0.0,1020.2297237387385,0.0
11076,BANCO DE LA CIUDAD DE BUENOS AIRES,LINK,Pte. Perón 566,San Nicolas,Comuna 1,1,0-50 m,3.0,0.007841371226357887,382.58614640202694,382.58614640202694,1.0
11076,BANCO DE LA CIUDAD DE BUENOS AIRES,LINK,Pte. Perón 566,San Nicolas,Comuna 1,2,50-100 m,1.0,0.023524113679051644,42.509571822487224,382.58614640202694,0.1111111111112151
11076,BANCO DE LA CIUDAD DE BUENOS AIRES,LINK,Pte. Perón 566,San Nicolas,Comuna 1,3,100-150 m,0.0,0.03920685613180504,0.0,382.58614640202694,0.0
11032,BANCO DE LA PROVINCIA DE BUENOS AIRES,LINK,Pte. Perón 739,San Nicolas,Comuna 1,1,0-50 m,57.0,0.007841371226357887,7269.136781638512,7269.136781638512,1.0
11032,BANCO DE LA PROVINCIA DE BUENOS AIRES,LINK,Pte. Perón 739,San Nicolas,Comuna 1,2,50-100 m,28.0,0.023524113679051644,1190.2680110296421,7269.136781638512,0.16374269005863276
11032,BANCO DE LA PROVINCIA DE BUENOS AIRES,LINK,Pte. Perón 739,San Nicolas,Comuna 1,3,100-150 m,0.0,0.03920685613180504,0.0,7269.136781638512,0.0
11771,BANCO DE LA NACION ARGENTINA,LINK,Punta Arenas 1201,Paternal,Comuna 15,1,0-50 m,4.0,0.007841371226357887,510.11486186936924,510.11486186936924,1.0
11771,BANCO DE LA NACION ARGENTINA,LINK,Punta Arenas 1201,Paternal,Comuna 15,2,50-100 m,7.0,0.023524113679051644,297.56700275741053,510.11486186936924,0.5833333333338793
11771,BANCO DE LA NACION ARGENTINA,LINK,Punta Arenas 1201,Paternal,Comuna 15,3,100-150 m,26.0,0.03920685613180504,663.1493204299161,510.11486186936924,1.2999999999994827
11526,BANCO HIPOTECARIO S.A.,LINK,Ramon Falcon 2452,Flores,Comuna 7,1,0-50 m,18.0,0.007841371226357887,2295.5168784121615,2295.5168784121615,1.0
11526,BANCO HIPOTECARIO S.A.,LINK,Ramon Falcon 2452,Flores,Comuna 7,2,50-100 m,60.0,0.023524113679051644,2550.5743093492333,2295.5168784121615,1.111111111112151
11526,BANCO HIPOTECARIO S.A.,LINK,Ramon Falcon 2452,Flores,Comuna 7,3,100-150 m,40.0,0.03920685613180504,1020.2297237383325,2295.5168784121615,0.4444444444442676
11423,CABAL COOP. LTDA.,LINK,Ramón L Falcón 6837,Liniers,Comuna 9,1,0-50 m,16.0,0.007841371226357887,2040.459447477477,2040.459447477477,1.0
11423,CABAL COOP. LTDA.,LINK,Ramón L Falcón 6837,Liniers,Comuna 9,2,50-100 m,113.0,0.023524113679051644,4803.581615941056,2040.459447477477,2.35416666666887
11423,CABAL COOP. LTDA.,LINK,Ramón L Falcón 6837,Liniers,Comuna 9,3,100-150 m,83.0,0.03920685613180504,2116.97667675704,2040.459447477477,1.037499999999587
11068,BANCO HIPOTECARIO S.A.,LINK,Reconquista 101 esquina Bartolomé Mitre,San Nicolas,Comuna 1,1,0-50 m,26.0,0.007841371226357887,3315.7466021509,3315.7466021509,1.0
11068,BANCO HIPOTECARIO S.A.,LINK,Reconquista 101 esquina Bartolomé Mitre,San Nicolas,Comuna 1,2,50-100 m,0.0,0.023524113679051644,0.0,3315.7466021509,0.0
11068,BANCO HIPOTECARIO S.A.,LINK,Reconquista 101 esquina Bartolomé Mitre,San Nicolas,Comuna 1,3,100-150 m,0.0,0.03920685613180504,0.0,3315.7466021509,0.0
11055,BANCO HIPOTECARIO S.A.,LINK,"Reconquista 151, entre Pte. Perón y Bmé. Mitre",San Nicolas,Comuna 1,1,0-50 m,8.0,0.007841371226357887,1020.2297237387385,1020.2297237387385,1.0
11055,BANCO HIPOTECARIO S.A.,LINK,"Reconquista 151, entre Pte. Perón y Bmé. Mitre",San Nicolas,Comuna 1,2,50-100 m,0.0,0.023524113679051644,0.0,1020.2297237387385,0.0
11055,BANCO HIPOTECARIO S.A.,LINK,"Reconquista 151, entre Pte. Perón y Bmé. Mitre",San Nicolas,Comuna 1,3,100-150 m,0.0,0.03920685613180504,0.0,1020.2297237387385,0.0
11056,BANCO DE LA NACION ARGENTINA,LINK,Reconquista 266,San Nicolas,Comuna 1,1,0-50 m,16.0,0.007841371226357887,2040.459447477477,2040.459447477477,1.0
11056,BANCO DE LA NACION ARGENTINA,LINK,Reconquista 266,San Nicolas,Comuna 1,2,50-100 m,1.0,0.023524113679051644,42.509571822487224,2040.459447477477,0.020833333333352834
11056,BANCO DE LA NACION ARGENTINA,LINK,Reconquista 266,San Nicolas,Comuna 1,3,100-150 m,0.0,0.03920685613180504,0.0,2040.459447477477,0.0
11038,BANCO DE LA PAMPA,LINK,Reconquista 319,San Nicolas,Comuna 1,1,0-50 m,5.0,0.007841371226357887,637.6435773367116,637.6435773367116,1.0
11038,BANCO DE LA PAMPA,LINK,Reconquista 319,San Nicolas,Comuna 1,2,50-100 m,1.0,0.023524113679051644,42.509571822487224,637.6435773367116,0.06666666666672906
11038,BANCO DE LA PAMPA,LINK,Reconquista 319,San Nicolas,Comuna 1,3,100-150 m,0.0,0.03920685613180504,0.0,637.6435773367116,0.0
11065,BANCO DE SANTIAGO DEL ESTERO S.A.,LINK,"Reconquista 353, entre Sarmiento y Corrientes",San Nicolas,Comuna 1,1,0-50 m,14.0,0.007841371226357887,1785.4020165427924,1785.4020165427924,1.0
11065,BANCO DE SANTIAGO DEL ESTERO S.A.,LINK,"Reconquista 353, entre Sarmiento y Corrientes",San Nicolas,Comuna 1,2,50-100 m,2.0,0.023524113679051644,85.01914364497445,1785.4020165427924,0.04761904761909219
11065,BANCO DE SANTIAGO DEL ESTERO S.A.,LINK,"Reconquista 353, entre Sarmiento y Corrientes",San Nicolas,Comuna 1,3,100-150 m,0.0,0.03920685613180504,0.0,1785.4020165427924,0.0
11034,CABAL COOP. LTDA.,LINK,Reconquista 480,San Nicolas,Comuna 1,1,0-50 m,57.0,0.007841371226357887,7269.136781638512,7269.136781638512,1.0
11034,CABAL COOP. LTDA.,LINK,Reconquista 480,San Nicolas,Comuna 1,2,50-100 m,33.0,0.023524113679051644,1402.8158701420784,7269.136781638512,0.1929824561405315
11034,CABAL COOP. LTDA.,LINK,Reconquista 480,San Nicolas,Comuna 1,3,100-150 m,4.0,0.03920685613180504,102.02297237383324,7269.136781638512,0.014035087719292658
11035,CABAL COOP. LTDA.,LINK,"Reconquista 480, entre Lavalle y Corrientes piso P",San Nicolas,Comuna 1,1,0-50 m,14.0,0.007841371226357887,1785.4020165427924,1785.4020165427924,1.0
11035,CABAL COOP. LTDA.,LINK,"Reconquista 480, entre Lavalle y Corrientes piso P",San Nicolas,Comuna 1,2,50-100 m,12.0,0.023524113679051644,510.11486186984666,1785.4020165427924,0.2857142857145531
11035,CABAL COOP. LTDA.,LINK,"Reconquista 480, entre Lavalle y Corrientes piso P",San Nicolas,Comuna 1,3,100-150 m,0.0,0.03920685613180504,0.0,1785.4020165427924,0.0
11181,BANCO DE LA NACION ARGENTINA,LINK,Riobamba 25,Balvanera,Comuna 3,1,0-50 m,181.0,0.007841371226357887,23082.697499588958,23082.697499588958,1.0
11181,BANCO DE LA NACION ARGENTINA,LINK,Riobamba 25,Balvanera,Comuna 3,2,50-100 m,111.0,0.023524113679051644,4718.562472296082,23082.697499588958,0.20441988950295376
11181,BANCO DE LA NACION ARGENTINA,LINK,Riobamba 25,Balvanera,Comuna 3,3,100-150 m,131.0,0.03920685613180504,3341.2523452430387,23082.697499588958,0.144751381215412
11521,CABAL COOP. LTDA.,LINK,Rivera Indarte 112,Flores,Comuna 7,1,0-50 m,73.0,0.007841371226357887,9309.596229115989,9309.596229115989,1.0
11521,CABAL COOP. LTDA.,LINK,Rivera Indarte 112,Flores,Comuna 7,2,50-100 m,28.0,0.023524113679051644,1190.2680110296421,9309.596229115989,0.12785388127865846
11521,CABAL COOP. LTDA.,LINK,Rivera Indarte 112,Flores,Comuna 7,3,100-150 m,34.0,0.03920685613180504,867.1952651775827,9309.596229115989,0.09315068493146979
11187,BANCO DE LA NACION ARGENTINA,LINK,Saavedra 87,Balvanera,Comuna 3,1,0-50 m,79.0,0.007841371226357887,10074.768521920043,10074.768521920043,1.0
11187,BANCO DE LA NACION ARGENTINA,LINK,Saavedra 87,Balvanera,Comuna 3,2,50-100 m,40.0,0.023524113679051644,1700.3828728994888,10074.768521920043,0.16877637130817483
11187,BANCO DE LA NACION ARGENTINA,LINK,Saavedra 87,Balvanera,Comuna 3,3,100-150 m,21.0,0.03920685613180504,535.6206049626245,10074.768521920043,0.05316455696200415
11780,BANCO DE LA CIUDAD DE BUENOS AIRES,LINK,"Salguero 2727, entre Cerviño y J F Segui",Palermo,Comuna 14,1,0-50 m,14.0,0.007841371226357887,1785.4020165427924,1785.4020165427924,1.0
11780,BANCO DE LA CIUDAD DE BUENOS AIRES,LINK,"Salguero 2727, entre Cerviño y J F Segui",Palermo,Comuna 14,2,50-100 m,36.0,0.023524113679051644,1530.34458560954,1785.4020165427924,0.8571428571436593
11780,BANCO DE LA CIUDAD DE BUENOS AIRES,LINK,"Salguero 2727, entre Cerviño y J F Segui",Palermo,Comuna 14,3,100-150 m,9.0,0.03920685613180504,229.55168784112482,1785.4020165427924,0.1285714285713774
11795,BANCO HIPOTECARIO S.A.,LINK,Salguero 3172,Palermo,Comuna 14,1,0-50 m,67.0,0.007841371226357887,8544.423936311934,8544.423936311934,1.0
11795,BANCO HIPOTECARIO S.A.,LINK,Salguero 3172,Palermo,Comuna 14,2,50-100 m,14.0,0.023524113679051644,595.1340055148211,8544.423936311934,0.06965174129359752
11795,BANCO HIPOTECARIO S.A.,LINK,Salguero 3172,Palermo,Comuna 14,3,100-150 m,60.0,0.03920685613180504,1530.3445856074986,8544.423936311934,0.17910447761186904
11221,CABAL COOP. LTDA.,LINK,Sanabria 2963,Villa Devoto,Comuna 11,1,0-50 m,29.0,0.007841371226357887,3698.332748552927,3698.332748552927,1.0
11221,CABAL COOP. LTDA.,LINK,Sanabria 2963,Villa Devoto,Comuna 11,2,50-100 m,36.0,0.023524113679051644,1530.34458560954,3698.332748552927,0.4137931034486631
11221,CABAL COOP. LTDA.,LINK,Sanabria 2963,Villa Devoto,Comuna 11,3,100-150 m,55.0,0.03920685613180504,1402.8158701402072,3698.332748552927,0.37931034482743525
11000,BANCO DE LA CIUDAD DE BUENOS AIRES,LINK,Sanchez De Bustamante 1399 esquina Paraguay,Recoleta,Comuna 2,1,0-50 m,50.0,0.007841371226357887,6376.435773367116,6376.435773367116,1.0
11000,BANCO DE LA CIUDAD DE BUENOS AIRES,LINK,Sanchez De Bustamante 1399 esquina Paraguay,Recoleta,Comuna 2,2,50-100 m,176.0,0.023524113679051644,7481.684640757751,6376.435773367116,1.1733333333344313
11000,BANCO DE LA CIUDAD DE BUENOS AIRES,LINK,Sanchez De Bustamante 1399 esquina Paraguay,Recoleta,Comuna 2,3,100-150 m,229.0,0.03920685613180504,5840.815168401953,6376.435773367116,0.9159999999996353
11720,BANCO DE LA NACION ARGENTINA,LINK,San Martín 1145,Retiro,Comuna 1,1,0-50 m,16.0,0.007841371226357887,2040.459447477477,2040.459447477477,1.0
11720,BANCO DE LA NACION ARGENTINA,LINK,San Martín 1145,Retiro,Comuna 1,2,50-100 m,2.0,0.023524113679051644,85.01914364497445,2040.459447477477,0.04166666666670567
11720,BANCO DE LA NACION ARGENTINA,LINK,San Martín 1145,Retiro,Comuna 1,3,100-150 m,0.0,0.03920685613180504,0.0,2040.459447477477,0.0
11706,BANCO DE LA NACION ARGENTINA,LINK,San Martín 1155,Retiro,Comuna 1,1,0-50 m,39.0,0.007841371226357887,4973.61990322635,4973.61990322635,1.0
11706,BANCO DE LA NACION ARGENTINA,LINK,San Martín 1155,Retiro,Comuna 1,2,50-100 m,59.0,0.023524113679051644,2508.0647375267463,4973.61990322635,0.5042735042739762
11706,BANCO DE LA NACION ARGENTINA,LINK,San Martín 1155,Retiro,Comuna 1,3,100-150 m,117.0,0.03920685613180504,2984.1719419346223,4973.61990322635,0.5999999999997612
11057,BANCO DE LA PROVINCIA DE BUENOS AIRES,LINK,San Martin 137,San Nicolas,Comuna 1,1,0-50 m,11.0,0.007841371226357887,1402.8158701407654,1402.8158701407654,1.0
11057,BANCO DE LA PROVINCIA DE BUENOS AIRES,LINK,San Martin 137,San Nicolas,Comuna 1,2,50-100 m,0.0,0.023524113679051644,0.0,1402.8158701407654,0.0
11057,BANCO DE LA PROVINCIA DE BUENOS AIRES,LINK,San Martin 137,San Nicolas,Comuna 1,3,100-150 m,0.0,0.03920685613180504,0.0,1402.8158701407654,0.0
11016,BANCO DE LA PROVINCIA DE BUENOS AIRES,LINK,San Martín 137,San Nicolas,Comuna 1,1,0-50 m,16.0,0.007841371226357887,2040.459447477477,2040.459447477477,1.0
11016,BANCO DE LA PROVINCIA DE BUENOS AIRES,LINK,San Martín 137,San Nicolas,Comuna 1,2,50-100 m,0.0,0.023524113679051644,0.0,2040.459447477477,0.0
11016,BANCO DE LA PROVINCIA DE BUENOS AIRES,LINK,San Martín 137,San Nicolas,Comuna 1,3,100-150 m,0.0,0.03920685613180504,0.0,2040.459447477477,0.0
11075,CABAL COOP. LTDA.,LINK,San Martin 215,San Nicolas,Comuna 1,1,0-50 m,5.0,0.007841371226357887,637.6435773367116,637.6435773367116,1.0
11075,CABAL COOP. LTDA.,LINK,San Martin 215,San Nicolas,Comuna 1,2,50-100 m,0.0,0.023524113679051644,0.0,637.6435773367116,0.0
11075,CABAL COOP. LTDA.,LINK,San Martin 215,San Nicolas,Comuna 1,3,100-150 m,0.0,0.03920685613180504,0.0,637.6435773367116,0.0
11040,NUEVO BCO. INDUSTRIAL DE AZUL S.A.,LINK,San Martín 298,San Nicolas,Comuna 1,1,0-50 m,23.0,0.007841371226357887,2933.160455748873,2933.160455748873,1.0
11040,NUEVO BCO. INDUSTRIAL DE AZUL S.A.,LINK,San Martín 298,San Nicolas,Comuna 1,2,50-100 m,1.0,0.023524113679051644,42.509571822487224,2933.160455748873,0.01449275362320197
11040,NUEVO BCO. INDUSTRIAL DE AZUL S.A.,LINK,San Martín 298,San Nicolas,Comuna 1,3,100-150 m,0.0,0.03920685613180504,0.0,2933.160455748873,0.0
11081,BANCO DE CORRIENTES S.A.,LINK,San Martín 333,San Nicolas,Comuna 1,1,0-50 m,2.0,0.007841371226357887,255.05743093468462,255.05743093468462,1.0
11081,BANCO DE CORRIENTES S.A.,LINK,San Martín 333,San Nicolas,Comuna 1,2,50-100 m,1.0,0.023524113679051644,42.509571822487224,255.05743093468462,0.16666666666682267
11081,BANCO DE CORRIENTES S.A.,LINK,San Martín 333,San Nicolas,Comuna 1,3,100-150 m,0.0,0.03920685613180504,0.0,255.05743093468462,0.0
11063,BANCO PIANO S.A.,LINK,San Martin 347,San Nicolas,Comuna 1,1,0-50 m,0.0,0.007841371226357887,0.0,0.0,
11063,BANCO PIANO S.A.,LINK,San Martin 347,San Nicolas,Comuna 1,2,50-100 m,2.0,0.023524113679051644,85.01914364497445,0.0,
11063,BANCO PIANO S.A.,LINK,San Martin 347,San Nicolas,Comuna 1,3,100-150 m,0.0,0.03920685613180504,0.0,0.0,
11707,BANCO DE LA NACION ARGENTINA,LINK,San Martín 913,Retiro,Comuna 1,1,0-50 m,91.0,0.007841371226357887,11605.11310752815,11605.11310752815,1.0
11707,BANCO DE LA NACION ARGENTINA,LINK,San Martín 913,Retiro,Comuna 1,2,50-100 m,96.0,0.023524113679051644,4080.9188949587733,11605.11310752815,0.35164835164868075
11707,BANCO DE LA NACION ARGENTINA,LINK,San Martín 913,Retiro,Comuna 1,3,100-150 m,5.0,0.03920685613180504,127.52871546729156,11605.11310752815,0.010989010989006617
11094,BANCO DE LA CIUDAD DE BUENOS AIRES,LINK,Santiago De Compostela 3801 esquina Fernandez,Parque Avellaneda,Comuna 9,1,0-50 m,11.0,0.007841371226357887,1402.8158701407654,1402.8158701407654,1.0
11094,BANCO DE LA CIUDAD DE BUENOS AIRES,LINK,Santiago De Compostela 3801 esquina Fernandez,Parque Avellaneda,Comuna 9,2,50-100 m,12.0,0.023524113679051644,510.11486186984666,1402.8158701407654,0.363636363636704
11094,BANCO DE LA CIUDAD DE BUENOS AIRES,LINK,Santiago De Compostela 3801 esquina Fernandez,Parque Avellaneda,Comuna 9,3,100-150 m,20.0,0.03920685613180504,510.11486186916625,1402.8158701407654,0.36363636363621893
11058,BANCO DE LA CIUDAD DE BUENOS AIRES,LINK,"Sarmiento 1531/51, entre Paraná y Montevideo",San Nicolas,Comuna 1,1,0-50 m,110.0,0.007841371226357887,14028.158701407654,14028.158701407654,1.0
11058,BANCO DE LA CIUDAD DE BUENOS AIRES,LINK,"Sarmiento 1531/51, entre Paraná y Montevideo",San Nicolas,Comuna 1,2,50-100 m,45.0,0.023524113679051644,1912.930732011925,14028.158701407654,0.136363636363764
11058,BANCO DE LA CIUDAD DE BUENOS AIRES,LINK,"Sarmiento 1531/51, entre Paraná y Montevideo",San Nicolas,Comuna 1,3,100-150 m,72.0,0.03920685613180504,1836.4135027289985,14028.158701407654,0.13090909090903882
11071,NUEVO BCO. INDUSTRIAL DE AZUL S.A.,LINK,Sarmiento 532,San Nicolas,Comuna 1,1,0-50 m,44.0,0.007841371226357887,5611.263480563061,5611.263480563061,1.0
11071,NUEVO BCO. INDUSTRIAL DE AZUL S.A.,LINK,Sarmiento 532,San Nicolas,Comuna 1,2,50-100 m,1.0,0.023524113679051644,42.509571822487224,5611.263480563061,0.007575757575764667
11071,NUEVO BCO. INDUSTRIAL DE AZUL S.A.,LINK,Sarmiento 532,San Nicolas,Comuna 1,3,100-150 m,0.0,0.03920685613180504,0.0,5611.263480563061,0.0
11051,BANCO DE LA CIUDAD DE BUENOS AIRES,LINK,"Sarmiento 630, entre Florida y Maipú",San Nicolas,Comuna 1,1,0-50 m,168.0,0.007841371226357887,21424.824198513506,21424.824198513506,1.0
11051,BANCO DE LA CIUDAD DE BUENOS AIRES,LINK,"Sarmiento 630, entre Florida y Maipú",San Nicolas,Comuna 1,2,50-100 m,18.0,0.023524113679051644,765.17229280477,21424.824198513506,0.035714285714319144
11051,BANCO DE LA CIUDAD DE BUENOS AIRES,LINK,"Sarmiento 630, entre Florida y Maipú",San Nicolas,Comuna 1,3,100-150 m,0.0,0.03920685613180504,0.0,21424.824198513506,0.0
11074,BANCO FINANSUR S.A.,LINK,Sarmiento 700 esquina Maipu,San Nicolas,Comuna 1,1,0-50 m,55.0,0.007841371226357887,7014.079350703827,7014.079350703827,1.0
11074,BANCO FINANSUR S.A.,LINK,Sarmiento 700 esquina Maipu,San Nicolas,Comuna 1,2,50-100 m,1.0,0.023524113679051644,42.509571822487224,7014.079350703827,0.006060606060611733
11074,BANCO FINANSUR S.A.,LINK,Sarmiento 700 esquina Maipu,San Nicolas,Comuna 1,3,100-150 m,0.0,0.03920685613180504,0.0,7014.079350703827,0.0
11011,BANCO PCIA. DE TIERRA DEL FUEGO,LINK,"Sarmiento 741, entre Esmeralda y Maipú",San Nicolas,Comuna 1,1,0-50 m,7.0,0.007841371226357887,892.7010082713962,892.7010082713962,1.0
11011,BANCO PCIA. DE TIERRA DEL FUEGO,LINK,"Sarmiento 741, entre Esmeralda y Maipú",San Nicolas,Comuna 1,2,50-100 m,1.0,0.023524113679051644,42.509571822487224,892.7010082713962,0.04761904761909219
11011,BANCO PCIA. DE TIERRA DEL FUEGO,LINK,"Sarmiento 741, entre Esmeralda y Maipú",San Nicolas,Comuna 1,3,100-150 m,0.0,0.03920685613180504,0.0,892.7010082713962,0.0
11019,NUEVO BANCO DEL CHACO S.A.,LINK,Sarmiento 779 esquina Esmeralda,San Nicolas,Comuna 1,1,0-50 m,61.0,0.007841371226357887,7779.2516435078805,7779.2516435078805,1.0
11019,NUEVO BANCO DEL CHACO S.A.,LINK,Sarmiento 779 esquina Esmeralda,San Nicolas,Comuna 1,2,50-100 m,19.0,0.023524113679051644,807.6818646272573,7779.2516435078805,0.10382513661211903
11019,NUEVO BANCO DEL CHACO S.A.,LINK,Sarmiento 779 esquina Esmeralda,San Nicolas,Comuna 1,3,100-150 m,0.0,0.03920685613180504,0.0,7779.2516435078805,0.0
11728,BANCO DE LA CIUDAD DE BUENOS AIRES,LINK,Soldado De La Frontera 5290,Villa Lugano,Comuna 8,1,0-50 m,42.0,0.007841371226357887,5356.206049628377,5356.206049628377,1.0
11728,BANCO DE LA CIUDAD DE BUENOS AIRES,LINK,Soldado De La Frontera 5290,Villa Lugano,Comuna 8,2,50-100 m,206.0,0.023524113679051644,8756.971795432368,5356.206049628377,1.6349206349221652
11728,BANCO DE LA CIUDAD DE BUENOS AIRES,LINK,Soldado De La Frontera 5290,Villa Lugano,Comuna 8,3,100-150 m,268.0,0.03920685613180504,6835.539149046827,5356.206049628377,1.2761904761899683
11072,BANCO DE LA CIUDAD DE BUENOS AIRES,LINK,Talcahuano 459,San Nicolas,Comuna 1,1,0-50 m,44.0,0.007841371226357887,5611.263480563061,5611.263480563061,1.0
11072,BANCO DE LA CIUDAD DE BUENOS AIRES,LINK,Talcahuano 459,San Nicolas,Comuna 1,2,50-100 m,389.0,0.023524113679051644,16536.22343894753,5611.263480563061,2.9469696969724555
11072,BANCO DE LA CIUDAD DE BUENOS AIRES,LINK,Talcahuano 459,San Nicolas,Comuna 1,3,100-150 m,124.0,0.03920685613180504,3162.7121435888307,5611.263480563061,0.5636363636361393
11021,BANCO DE LA CIUDAD DE BUENOS AIRES,LINK,"Talcahuano S/N, entre Lavalle y Tucuman",,,1,0-50 m,36.0,0.007841371226357887,4591.033756824323,4591.033756824323,1.0
11021,BANCO DE LA CIUDAD DE BUENOS AIRES,LINK,"Talcahuano S/N, entre Lavalle y Tucuman",,,2,50-100 m,272.0,0.023524113679051644,11562.603535716524,4591.033756824323,2.5185185185208754
11021,BANCO DE LA CIUDAD DE BUENOS AIRES,LINK,"Talcahuano S/N, entre Lavalle y Tucuman",,,3,100-150 m,93.0,0.03920685613180504,2372.034107691623,4591.033756824323,0.516666666666461
11428,CABAL COOP. LTDA.,LINK,Timoteo Gordillo 57,Liniers,Comuna 9,1,0-50 m,18.0,0.007841371226357887,2295.5168784121615,2295.5168784121615,1.0
11428,CABAL COOP. LTDA.,LINK,Timoteo Gordillo 57,Liniers,Comuna 9,2,50-100 m,24.0,0.023524113679051644,1020.2297237396933,2295.5168784121615,0.4444444444448604
11428,CABAL COOP. LTDA.,LINK,Timoteo Gordillo 57,Liniers,Comuna 9,3,100-150 m,10.0,0.03920685613180504,255.05743093458312,2295.5168784121615,0.1111111111110669
11230,BANCO DE LA CIUDAD DE BUENOS AIRES,LINK,Tronador 801,Villa Ortuzar,Comuna 15,1,0-50 m,118.0,0.007841371226357887,15048.388425146393,15048.388425146393,1.0
11230,BANCO DE LA CIUDAD DE BUENOS AIRES,LINK,Tronador 801,Villa Ortuzar,Comuna 15,2,50-100 m,55.0,0.023524113679051644,2338.0264502367972,15048.388425146393,0.15536723163856347
11230,BANCO DE LA CIUDAD DE BUENOS AIRES,LINK,Tronador 801,Villa Ortuzar,Comuna 15,3,100-150 m,61.0,0.03920685613180504,1555.850328700957,15048.388425146393,0.10338983050843344
11182,BANCO DE LA CIUDAD DE BUENOS AIRES,LINK,Tte. Gral. Juan D. Peron 2941,Balvanera,Comuna 3,1,0-50 m,47.0,0.007841371226357887,5993.849626965089,5993.849626965089,1.0
11182,BANCO DE LA CIUDAD DE BUENOS AIRES,LINK,Tte. Gral. Juan D. Peron 2941,Balvanera,Comuna 3,2,50-100 m,65.0,0.023524113679051644,2763.1221684616694,5993.849626965089,0.46099290780184987
11182,BANCO DE LA CIUDAD DE BUENOS AIRES,LINK,Tte. Gral. Juan D. Peron 2941,Balvanera,Comuna 3,3,100-150 m,157.0,0.03920685613180504,4004.401665672955,5993.849626965089,0.6680851063827129
11044,CABAL COOP. LTDA.,LINK,Tucuman 661,San Nicolas,Comuna 1,1,0-50 m,37.0,0.007841371226357887,4718.5624722916655,4718.5624722916655,1.0
11044,CABAL COOP. LTDA.,LINK,Tucuman 661,San Nicolas,Comuna 1,2,50-100 m,382.0,0.023524113679051644,16238.656436190118,4718.5624722916655,3.4414414414446624
11044,CABAL COOP. LTDA.,LINK,Tucuman 661,San Nicolas,Comuna 1,3,100-150 m,10.0,0.03920685613180504,255.05743093458312,4718.5624722916655,0.054054054054032546
11067,BANCO MERIDIAN S.A.,LINK,"Tucumán 821, entre Esmeralda y Suipacha piso PB",San Nicolas,Comuna 1,1,0-50 m,84.0,0.007841371226357887,10712.412099256753,10712.412099256753,1.0
11067,BANCO MERIDIAN S.A.,LINK,"Tucumán 821, entre Esmeralda y Suipacha piso PB",San Nicolas,Comuna 1,2,50-100 m,61.0,0.023524113679051644,2593.083881171721,10712.412099256753,0.24206349206371866
11067,BANCO MERIDIAN S.A.,LINK,"Tucumán 821, entre Esmeralda y Suipacha piso PB",San Nicolas,Comuna 1,3,100-150 m,13.0,0.03920685613180504,331.57466021495804,10712.412099256753,0.030952380952368637
11692,BANCO DE LA CIUDAD DE BUENOS AIRES,LINK,Uspallata 2272,Parque Patricios,Comuna 4,1,0-50 m,49.0,0.007841371226357887,6248.9070578997735,6248.9070578997735,1.0
11692,BANCO DE LA CIUDAD DE BUENOS AIRES,LINK,Uspallata 2272,Parque Patricios,Comuna 4,2,50-100 m,80.0,0.023524113679051644,3400.7657457989776,6248.9070578997735,0.5442176870753392
11692,BANCO DE LA CIUDAD DE BUENOS AIRES,LINK,Uspallata 2272,Parque Patricios,Comuna 4,3,100-150 m,36.0,0.03920685613180504,918.2067513644993,6248.9070578997735,0.14693877551014561
11694,BANCO DE LA CIUDAD DE BUENOS AIRES,LINK,Uspallata 3150,Parque Patricios,Comuna 4,1,0-50 m,9.0,0.007841371226357887,1147.7584392060808,1147.7584392060808,1.0
11694,BANCO DE LA CIUDAD DE BUENOS AIRES,LINK,Uspallata 3150,Parque Patricios,Comuna 4,2,50-100 m,44.0,0.023524113679051644,1870.4211601894378,1147.7584392060808,1.629629629631155
11694,BANCO DE LA CIUDAD DE BUENOS AIRES,LINK,Uspallata 3150,Parque Patricios,Comuna 4,3,100-150 m,7.0,0.03920685613180504,178.54020165420818,1147.7584392060808,0.15555555555549364
11693,BANCO DE LA NACION ARGENTINA,LINK,Uspallata 3400,Parque Patricios,Comuna 4,1,0-50 m,0.0,0.007841371226357887,0.0,0.0,
11693,BANCO DE LA NACION ARGENTINA,LINK,Uspallata 3400,Parque Patricios,Comuna 4,2,50-100 m,15.0,0.023524113679051644,637.6435773373083,0.0,
11693,BANCO DE LA NACION ARGENTINA,LINK,Uspallata 3400,Parque Patricios,Comuna 4,3,100-150 m,7.0,0.03920685613180504,178.54020165420818,0.0,
11516,BANCO DE LA PROVINCIA DE BUENOS AIRES,LINK,Varela 1122,Flores,Comuna 7,1,0-50 m,14.0,0.007841371226357887,1785.4020165427924,1785.4020165427924,1.0
11516,BANCO DE LA PROVINCIA DE BUENOS AIRES,LINK,Varela 1122,Flores,Comuna 7,2,50-100 m,11.0,0.023524113679051644,467.60529004735946,1785.4020165427924,0.26190476190500706
11516,BANCO DE LA PROVINCIA DE BUENOS AIRES,LINK,Varela 1122,Flores,Comuna 7,3,100-150 m,8.0,0.03920685613180504,204.04594474766648,1785.4020165427924,0.11428571428566879
11524,BANCO DE LA CIUDAD DE BUENOS AIRES,LINK,Varela 1307,Flores,Comuna 7,1,0-50 m,62.0,0.007841371226357887,7906.780358975223,7906.780358975223,1.0
11524,BANCO DE LA CIUDAD DE BUENOS AIRES,LINK,Varela 1307,Flores,Comuna 7,2,50-100 m,179.0,0.023524113679051644,7609.213356225213,7906.780358975223,0.9623655913987502
11524,BANCO DE LA CIUDAD DE BUENOS AIRES,LINK,Varela 1307,Flores,Comuna 7,3,100-150 m,124.0,0.03920685613180504,3162.7121435888307,7906.780358975223,0.3999999999998408
11531,BANCO HIPOTECARIO S.A.,LINK,Vedia 3626,Saavedra,Comuna 12,1,0-50 m,251.0,0.007841371226357887,32009.70758230292,32009.70758230292,1.0
11531,BANCO HIPOTECARIO S.A.,LINK,Vedia 3626,Saavedra,Comuna 12,2,50-100 m,62.0,0.023524113679051644,2635.593452994208,32009.70758230292,0.08233731739715541
11531,BANCO HIPOTECARIO S.A.,LINK,Vedia 3626,Saavedra,Comuna 12,3,100-150 m,227.0,0.03920685613180504,5789.803682215037,32009.70758230292,0.1808764940238324
11018,BANCO DE LA CIUDAD DE BUENOS AIRES,LINK,Viamonte 1155 esquina Libertad,San Nicolas,Comuna 1,1,0-50 m,24.0,0.007841371226357887,3060.6891712162155,3060.6891712162155,1.0
11018,BANCO DE LA CIUDAD DE BUENOS AIRES,LINK,Viamonte 1155 esquina Libertad,San Nicolas,Comuna 1,2,50-100 m,111.0,0.023524113679051644,4718.562472296082,3060.6891712162155,1.5416666666681096
11018,BANCO DE LA CIUDAD DE BUENOS AIRES,LINK,Viamonte 1155 esquina Libertad,San Nicolas,Comuna 1,3,100-150 m,34.0,0.03920685613180504,867.1952651775827,3060.6891712162155,0.2833333333332206
11036,BANCO DE LA CIUDAD DE BUENOS AIRES,LINK,"Viamonte 900, entre Suipacha y Esmeralda",San Nicolas,Comuna 1,1,0-50 m,75.0,0.007841371226357887,9564.653660050673,9564.653660050673,1.0
11036,BANCO DE LA CIUDAD DE BUENOS AIRES,LINK,"Viamonte 900, entre Suipacha y Esmeralda",San Nicolas,Comuna 1,2,50-100 m,20.0,0.023524113679051644,850.1914364497444,9564.653660050673,0.08888888888897208
11036,BANCO DE LA CIUDAD DE BUENOS AIRES,LINK,"Viamonte 900, entre Suipacha y Esmeralda",San Nicolas,Comuna 1,3,100-150 m,0.0,0.03920685613180504,0.0,9564.653660050673,0.0
11013,CABAL COOP. LTDA.,LINK,Viamonte 930,San Nicolas,Comuna 1,1,0-50 m,85.0,0.007841371226357887,10839.940814724096,10839.940814724096,1.0
11013,CABAL COOP. LTDA.,LINK,Viamonte 930,San Nicolas,Comuna 1,2,50-100 m,39.0,0.023524113679051644,1657.8733010770018,10839.940814724096,0.15294117647073138
11013,CABAL COOP. LTDA.,LINK,Viamonte 930,San Nicolas,Comuna 1,3,100-150 m,1.0,0.03920685613180504,25.50574309345831,10839.940814724096,0.0023529411764696517
11211,BANCO DE LA NACION ARGENTINA,LINK,Warnes 1354,Villa Crespo,Comuna 15,1,0-50 m,4.0,0.007841371226357887,510.11486186936924,510.11486186936924,1.0
11211,BANCO DE LA NACION ARGENTINA,LINK,Warnes 1354,Villa Crespo,Comuna 15,2,50-100 m,49.0,0.023524113679051644,2082.9690193018737,510.11486186936924,4.083333333337155
11211,BANCO DE LA NACION ARGENTINA,LINK,Warnes 1354,Villa Crespo,Comuna 15,3,100-150 m,42.0,0.03920685613180504,1071.241209925249,510.11486186936924,2.0999999999991643
41100,HSBC Bank Argentina,BANELCO,,,,1,0-50 m,2.0,0.007841371226357887,255.05743093468462,255.05743093468462,1.0
41100,HSBC Bank Argentina,BANELCO,,,,2,50-100 m,16.0,0.023524113679051644,680.1531491597956,255.05743093468462,2.6666666666691627
41100,HSBC Bank Argentina,BANELCO,,,,3,100-150 m,31.0,0.03920685613180504,790.6780358972077,255.05743093468462,3.0999999999987664
40720,BBVA Banco Francés,BANELCO,,,,1,0-50 m,17.0,0.007841371226357887,2167.988162944819,2167.988162944819,1.0
40720,BBVA Banco Francés,BANELCO,,,,2,50-100 m,4.0,0.023524113679051644,170.0382872899489,2167.988162944819,0.07843137254909302
40720,BBVA Banco Francés,BANELCO,,,,3,100-150 m,11.0,0.03920685613180504,280.56317402804143,2167.988162944819,0.12941176470583085
40860,Banco Galicia,BANELCO,100 - Colectora General Paz Y D11 - Colectora General José María Paz,Liniers,Comuna 9,1,0-50 m,6.0,0.007841371226357887,765.1722928040539,765.1722928040539,1.0
40860,Banco Galicia,BANELCO,100 - Colectora General Paz Y D11 - Colectora General José María Paz,Liniers,Comuna 9,2,50-100 m,2.0,0.023524113679051644,85.01914364497445,765.1722928040539,0.1111111111112151
40860,Banco Galicia,BANELCO,100 - Colectora General Paz Y D11 - Colectora General José María Paz,Liniers,Comuna 9,3,100-150 m,34.0,0.03920685613180504,867.1952651775827,765.1722928040539,1.1333333333328823
40430,Banco Supervielle,BANELCO,12 DE OCTUBRE Y SAN MARTIN AV.,Paternal,Comuna 15,1,0-50 m,52.0,0.007841371226357887,6631.4932043018,6631.4932043018,1.0
40430,Banco Supervielle,BANELCO,12 DE OCTUBRE Y SAN MARTIN AV.,Paternal,Comuna 15,2,50-100 m,36.0,0.023524113679051644,1530.34458560954,6631.4932043018,0.23076923076944675
40430,Banco Supervielle,BANELCO,12 DE OCTUBRE Y SAN MARTIN AV.,Paternal,Comuna 15,3,100-150 m,116.0,0.03920685613180504,2958.6661988411643,6631.4932043018,0.44615384615366865
40776,Banco Galicia,BANELCO,24 DE NOVIEMBRE 791,Balvanera,Comuna 3,1,0-50 m,57.0,0.007841371226357887,7269.136781638512,7269.136781638512,1.0
40776,Banco Galicia,BANELCO,24 DE NOVIEMBRE 791,Balvanera,Comuna 3,2,50-100 m,62.0,0.023524113679051644,2635.593452994208,7269.136781638512,0.362573099415544
40776,Banco Galicia,BANELCO,24 DE NOVIEMBRE 791,Balvanera,Comuna 3,3,100-150 m,71.0,0.03920685613180504,1810.90775963554,7269.136781638512,0.24912280701744471
40117,Banco Santander Río,BANELCO,25 DE MAYO 140,San Nicolas,Comuna 1,1,0-50 m,13.0,0.007841371226357887,1657.87330107545,1657.87330107545,1.0
40117,Banco Santander Río,BANELCO,25 DE MAYO 140,San Nicolas,Comuna 1,2,50-100 m,4.0,0.023524113679051644,170.0382872899489,1657.87330107545,0.10256410256419857
40117,Banco Santander Río,BANELCO,25 DE MAYO 140,San Nicolas,Comuna 1,3,100-150 m,3.0,0.03920685613180504,76.51722928037493,1657.87330107545,0.04615384615382779
41184,HSBC Bank Argentina,BANELCO,25 DE MAYO 299,San Nicolas,Comuna 1,1,0-50 m,11.0,0.007841371226357887,1402.8158701407654,1402.8158701407654,1.0
41184,HSBC Bank Argentina,BANELCO,25 DE MAYO 299,San Nicolas,Comuna 1,2,50-100 m,6.0,0.023524113679051644,255.05743093492333,1402.8158701407654,0.181818181818352
41184,HSBC Bank Argentina,BANELCO,25 DE MAYO 299,San Nicolas,Comuna 1,3,100-150 m,1.0,0.03920685613180504,25.50574309345831,1402.8158701407654,0.018181818181810947
40692,BBVA Banco Francés,BANELCO,ARIAS Y GRECIA,Nuñez,Comuna 13,1,0-50 m,3.0,0.007841371226357887,382.58614640202694,382.58614640202694,1.0
40692,BBVA Banco Francés,BANELCO,ARIAS Y GRECIA,Nuñez,Comuna 13,2,50-100 m,24.0,0.023524113679051644,1020.2297237396933,382.58614640202694,2.6666666666691623
40692,BBVA Banco Francés,BANELCO,ARIAS Y GRECIA,Nuñez,Comuna 13,3,100-150 m,49.0,0.03920685613180504,1249.7814115794572,382.58614640202694,3.2666666666653663
40686,BBVA Banco Francés,BANELCO,9 DE JULIO AV. Y POSADAS,Retiro,Comuna 1,1,0-50 m,39.0,0.007841371226357887,4973.61990322635,4973.61990322635,1.0
40686,BBVA Banco Francés,BANELCO,9 DE JULIO AV. Y POSADAS,Retiro,Comuna 1,2,50-100 m,29.0,0.023524113679051644,1232.7775828521294,4973.61990322635,0.24786324786347982
40686,BBVA Banco Francés,BANELCO,9 DE JULIO AV. Y POSADAS,Retiro,Comuna 1,3,100-150 m,21.0,0.03920685613180504,535.6206049626245,4973.61990322635,0.10769230769226482
41169,HSBC Bank Argentina,BANELCO,"ACOSTA, MARIANO Y CASTAÑARES AV.",Villa Soldati,Comuna 8,1,0-50 m,267.0,0.007841371226357887,34050.167029780394,34050.167029780394,1.0
41169,HSBC Bank Argentina,BANELCO,"ACOSTA, MARIANO Y CASTAÑARES AV.",Villa Soldati,Comuna 8,2,50-100 m,98.0,0.023524113679051644,4165.938038603747,34050.167029780394,0.12234706616740539
41169,HSBC Bank Argentina,BANELCO,"ACOSTA, MARIANO Y CASTAÑARES AV.",Villa Soldati,Comuna 8,3,100-150 m,24.0,0.03920685613180504,612.1378342429995,34050.167029780394,0.017977528089880488
40618,BBVA Banco Francés,BANELCO,"ACOYTE Y DAVEL, DESIDERIO FERNANDO, DR.",Caballito,Comuna 6,1,0-50 m,22.0,0.007841371226357887,2805.6317402815307,2805.6317402815307,1.0
40618,BBVA Banco Francés,BANELCO,"ACOYTE Y DAVEL, DESIDERIO FERNANDO, DR.",Caballito,Comuna 6,2,50-100 m,104.0,0.023524113679051644,4420.995469538671,2805.6317402815307,1.5757575757590507
40618,BBVA Banco Francés,BANELCO,"ACOYTE Y DAVEL, DESIDERIO FERNANDO, DR.",Caballito,Comuna 6,3,100-150 m,79.0,0.03920685613180504,2014.9537043832067,2805.6317402815307,0.7181818181815325
40549,BBVA Banco Francés,BANELCO,"ACUÑA DE FIGUEROA, FRANCISCO Y CORDOBA AV.",Palermo,Comuna 14,1,0-50 m,79.0,0.007841371226357887,10074.768521920043,10074.768521920043,1.0
40549,BBVA Banco Francés,BANELCO,"ACUÑA DE FIGUEROA, FRANCISCO Y CORDOBA AV.",Palermo,Comuna 14,2,50-100 m,231.0,0.023524113679051644,9819.711090994548,10074.768521920043,0.9746835443047096
40549,BBVA Banco Francés,BANELCO,"ACUÑA DE FIGUEROA, FRANCISCO Y CORDOBA AV.",Palermo,Comuna 14,3,100-150 m,256.0,0.03920685613180504,6529.470231925327,10074.768521920043,0.6481012658225268
40590,BBVA Banco Francés,BANELCO,"AGOTE, LUIS DR. Y GELLY Y OBES, GRAL. AV.",Recoleta,Comuna 2,1,0-50 m,25.0,0.007841371226357887,3188.217886683558,3188.217886683558,1.0
40590,BBVA Banco Francés,BANELCO,"AGOTE, LUIS DR. Y GELLY Y OBES, GRAL. AV.",Recoleta,Comuna 2,2,50-100 m,36.0,0.023524113679051644,1530.34458560954,3188.217886683558,0.48000000000044923
40590,BBVA Banco Francés,BANELCO,"AGOTE, LUIS DR. Y GELLY Y OBES, GRAL. AV.",Recoleta,Comuna 2,3,100-150 m,35.0,0.03920685613180504,892.7010082710409,3188.217886683558,0.27999999999988856
41056,CitiBank,BANELCO,"AGOTE, LUIS DR. Y GELLY Y OBES, GRAL. AV.",Recoleta,Comuna 2,1,0-50 m,60.0,0.007841371226357887,7651.722928040538,7651.722928040538,1.0
41056,CitiBank,BANELCO,"AGOTE, LUIS DR. Y GELLY Y OBES, GRAL. AV.",Recoleta,Comuna 2,2,50-100 m,20.0,0.023524113679051644,850.1914364497444,7651.722928040538,0.1111111111112151
41056,CitiBank,BANELCO,"AGOTE, LUIS DR. Y GELLY Y OBES, GRAL. AV.",Recoleta,Comuna 2,3,100-150 m,32.0,0.03920685613180504,816.1837789906659,7651.722928040538,0.10666666666662422
41158,HSBC Bank Argentina,BANELCO,AGUERO 628,Balvanera,Comuna 3,1,0-50 m,178.0,0.007841371226357887,22700.11135318693,22700.11135318693,1.0
41158,HSBC Bank Argentina,BANELCO,AGUERO 628,Balvanera,Comuna 3,2,50-100 m,329.0,0.023524113679051644,13985.649129598296,22700.11135318693,0.6161048689144343
41158,HSBC Bank Argentina,BANELCO,AGUERO 628,Balvanera,Comuna 3,3,100-150 m,268.0,0.03920685613180504,6835.539149046827,22700.11135318693,0.30112359550549817
40594,BBVA Banco Francés,BANELCO,AGUIRRE Y FITZ ROY,Chacarita,Comuna 15,1,0-50 m,1.0,0.007841371226357887,127.52871546734231,127.52871546734231,1.0
40594,BBVA Banco Francés,BANELCO,AGUIRRE Y FITZ ROY,Chacarita,Comuna 15,2,50-100 m,42.0,0.023524113679051644,1785.4020165444633,127.52871546734231,14.000000000013102
40594,BBVA Banco Francés,BANELCO,AGUIRRE Y FITZ ROY,Chacarita,Comuna 15,3,100-150 m,35.0,0.03920685613180504,892.7010082710409,127.52871546734231,6.999999999997215
40246,Banco Santander Río,BANELCO,"ALBERDI, JUAN BAUTISTA AV. Y LACARRA",Parque Avellaneda,Comuna 9,1,0-50 m,79.0,0.007841371226357887,10074.768521920043,10074.768521920043,1.0
40246,Banco Santander Río,BANELCO,"ALBERDI, JUAN BAUTISTA AV. Y LACARRA",Parque Avellaneda,Comuna 9,2,50-100 m,65.0,0.023524113679051644,2763.1221684616694,10074.768521920043,0.2742616033757841
40246,Banco Santander Río,BANELCO,"ALBERDI, JUAN BAUTISTA AV. Y LACARRA",Parque Avellaneda,Comuna 9,3,100-150 m,113.0,0.03920685613180504,2882.1489695607893,10074.768521920043,0.2860759493669748
39913,Banco Macro,BANELCO,"ALBERDI, JUAN BAUTISTA AV. Y PIERES",Mataderos,Comuna 9,1,0-50 m,4.0,0.007841371226357887,510.11486186936924,510.11486186936924,1.0
39913,Banco Macro,BANELCO,"ALBERDI, JUAN BAUTISTA AV. Y PIERES",Mataderos,Comuna 9,2,50-100 m,11.0,0.023524113679051644,467.60529004735946,510.11486186936924,0.9166666666675246
39913,Banco Macro,BANELCO,"ALBERDI, JUAN BAUTISTA AV. Y PIERES",Mataderos,Comuna 9,3,100-150 m,1.0,0.03920685613180504,25.50574309345831,510.11486186936924,0.0499999999999801
40349,Banco Santander Río,BANELCO,"ALBERDI, JUAN BAUTISTA AV. Y PILAR",Mataderos,Comuna 9,1,0-50 m,11.0,0.007841371226357887,1402.8158701407654,1402.8158701407654,1.0
40349,Banco Santander Río,BANELCO,"ALBERDI, JUAN BAUTISTA AV. Y PILAR",Mataderos,Comuna 9,2,50-100 m,17.0,0.023524113679051644,722.6627209822827,1402.8158701407654,0.5151515151519973
40349,Banco Santander Río,BANELCO,"ALBERDI, JUAN BAUTISTA AV. Y PILAR",Mataderos,Comuna 9,3,100-150 m,87.0,0.03920685613180504,2218.999649130873,1402.8158701407654,1.5818181818175523
40096,Banco Santander Río,BANELCO,"ALBERDI, JUAN BAUTISTA AV. Y PILAR",Mataderos,Comuna 9,1,0-50 m,70.0,0.007841371226357887,8927.010082713961,8927.010082713961,1.0
40096,Banco Santander Río,BANELCO,"ALBERDI, JUAN BAUTISTA AV. Y PILAR",Mataderos,Comuna 9,2,50-100 m,36.0,0.023524113679051644,1530.34458560954,8927.010082713961,0.17142857142873189
40096,Banco Santander Río,BANELCO,"ALBERDI, JUAN BAUTISTA AV. Y PILAR",Mataderos,Comuna 9,3,100-150 m,21.0,0.03920685613180504,535.6206049626245,8927.010082713961,0.05999999999997612
41195,HSBC Bank Argentina,BANELCO,"ALBERDI, JUAN BAUTISTA AV. Y SUAREZ, JOSE LEON",Mataderos,Comuna 9,1,0-50 m,14.0,0.007841371226357887,1785.4020165427924,1785.4020165427924,1.0
41195,HSBC Bank Argentina,BANELCO,"ALBERDI, JUAN BAUTISTA AV. Y SUAREZ, JOSE LEON",Mataderos,Comuna 9,2,50-100 m,6.0,0.023524113679051644,255.05743093492333,1785.4020165427924,0.14285714285727655
41195,HSBC Bank Argentina,BANELCO,"ALBERDI, JUAN BAUTISTA AV. Y SUAREZ, JOSE LEON",Mataderos,Comuna 9,3,100-150 m,7.0,0.03920685613180504,178.54020165420818,1785.4020165427924,0.0999999999999602
39966,Banco Macro,BANELCO,"ALBERTI Y YRIGOYEN, HIPOLITO",Balvanera,Comuna 3,1,0-50 m,19.0,0.007841371226357887,2423.045593879504,2423.045593879504,1.0
39966,Banco Macro,BANELCO,"ALBERTI Y YRIGOYEN, HIPOLITO",Balvanera,Comuna 3,2,50-100 m,75.0,0.023524113679051644,3188.2178866865415,2423.045593879504,1.3157894736854419
39966,Banco Macro,BANELCO,"ALBERTI Y YRIGOYEN, HIPOLITO",Balvanera,Comuna 3,3,100-150 m,37.0,0.03920685613180504,943.7124944579575,2423.045593879504,0.3894736842103713
39766,Banco Comafi,BANELCO,"ALCORTA, AMANCIO AV. Y ANCASTE",Nueva Pompeya,Comuna 4,1,0-50 m,38.0,0.007841371226357887,4846.091187759008,4846.091187759008,1.0
39766,Banco Comafi,BANELCO,"ALCORTA, AMANCIO AV. Y ANCASTE",Nueva Pompeya,Comuna 4,2,50-100 m,150.0,0.023524113679051644,6376.435773373083,4846.091187759008,1.3157894736854419
39766,Banco Comafi,BANELCO,"ALCORTA, AMANCIO AV. Y ANCASTE",Nueva Pompeya,Comuna 4,3,100-150 m,22.0,0.03920685613180504,561.1263480560829,4846.091187759008,0.11578947368416445
40643,BBVA Banco Francés,BANELCO,"ALEM, LEANDRO N. AV. Y BUTTY, E., ING.",Retiro,Comuna 1,1,0-50 m,77.0,0.007841371226357887,9819.711090985358,9819.711090985358,1.0
40643,BBVA Banco Francés,BANELCO,"ALEM, LEANDRO N. AV. Y BUTTY, E., ING.",Retiro,Comuna 1,2,50-100 m,2.0,0.023524113679051644,85.01914364497445,9819.711090985358,0.008658008658016761
40643,BBVA Banco Francés,BANELCO,"ALEM, LEANDRO N. AV. Y BUTTY, E., ING.",Retiro,Comuna 1,3,100-150 m,0.0,0.03920685613180504,0.0,9819.711090985358,0.0
40732,BBVA Banco Francés,BANELCO,"ALEM, LEANDRO N. AV. Y BUTTY, E., ING.",Retiro,Comuna 1,1,0-50 m,5.0,0.007841371226357887,637.6435773367116,637.6435773367116,1.0
40732,BBVA Banco Francés,BANELCO,"ALEM, LEANDRO N. AV. Y BUTTY, E., ING.",Retiro,Comuna 1,2,50-100 m,0.0,0.023524113679051644,0.0,637.6435773367116,0.0
40732,BBVA Banco Francés,BANELCO,"ALEM, LEANDRO N. AV. Y BUTTY, E., ING.",Retiro,Comuna 1,3,100-150 m,0.0,0.03920685613180504,0.0,637.6435773367116,0.0
40319,Banco Santander Río,BANELCO,"ALEM, LEANDRO N. AV. Y CORDOBA AV.",Retiro,Comuna 1,1,0-50 m,28.0,0.007841371226357887,3570.8040330855847,3570.8040330855847,1.0
40319,Banco Santander Río,BANELCO,"ALEM, LEANDRO N. AV. Y CORDOBA AV.",Retiro,Comuna 1,2,50-100 m,3.0,0.023524113679051644,127.52871546746167,3570.8040330855847,0.03571428571431914
40319,Banco Santander Río,BANELCO,"ALEM, LEANDRO N. AV. Y CORDOBA AV.",Retiro,Comuna 1,3,100-150 m,2.0,0.03920685613180504,51.01148618691662,3570.8040330855847,0.014285714285708599
40942,Banco Galicia,BANELCO,"ALEM, LEANDRO N. AV. Y DELLA PAOLERA, CARLOS M.",Retiro,Comuna 1,1,0-50 m,14.0,0.007841371226357887,1785.4020165427924,1785.4020165427924,1.0
40942,Banco Galicia,BANELCO,"ALEM, LEANDRO N. AV. Y DELLA PAOLERA, CARLOS M.",Retiro,Comuna 1,2,50-100 m,0.0,0.023524113679051644,0.0,1785.4020165427924,0.0
40942,Banco Galicia,BANELCO,"ALEM, LEANDRO N. AV. Y DELLA PAOLERA, CARLOS M.",Retiro,Comuna 1,3,100-150 m,0.0,0.03920685613180504,0.0,1785.4020165427924,0.0
41171,HSBC Bank Argentina,BANELCO,"ALEM, LEANDRO N. AV. Y DELLA PAOLERA, CARLOS M.",Retiro,Comuna 1,1,0-50 m,1.0,0.007841371226357887,127.52871546734231,127.52871546734231,1.0
41171,HSBC Bank Argentina,BANELCO,"ALEM, LEANDRO N. AV. Y DELLA PAOLERA, CARLOS M.",Retiro,Comuna 1,2,50-100 m,0.0,0.023524113679051644,0.0,127.52871546734231,0.0
41171,HSBC Bank Argentina,BANELCO,"ALEM, LEANDRO N. AV. Y DELLA PAOLERA, CARLOS M.",Retiro,Comuna 1,3,100-150 m,4.0,0.03920685613180504,102.02297237383324,127.52871546734231,0.7999999999996816
41071,CitiBank,BANELCO,"ALEM, LEANDRO N. AV. Y DEL LIBERTADOR AV.",Retiro,Comuna 1,1,0-50 m,7.0,0.007841371226357887,892.7010082713962,892.7010082713962,1.0
41071,CitiBank,BANELCO,"ALEM, LEANDRO N. AV. Y DEL LIBERTADOR AV.",Retiro,Comuna 1,2,50-100 m,1.0,0.023524113679051644,42.509571822487224,892.7010082713962,0.04761904761909219
41071,CitiBank,BANELCO,"ALEM, LEANDRO N. AV. Y DEL LIBERTADOR AV.",Retiro,Comuna 1,3,100-150 m,0.0,0.03920685613180504,0.0,892.7010082713962,0.0
40876,Banco Galicia,BANELCO,"ALEM, LEANDRO N. AV. Y DEL LIBERTADOR AV.",Retiro,Comuna 1,1,0-50 m,134.0,0.007841371226357887,17088.847872623868,17088.847872623868,1.0
40876,Banco Galicia,BANELCO,"ALEM, LEANDRO N. AV. Y DEL LIBERTADOR AV.",Retiro,Comuna 1,2,50-100 m,3.0,0.023524113679051644,127.52871546746167,17088.847872623868,0.007462686567171164
40876,Banco Galicia,BANELCO,"ALEM, LEANDRO N. AV. Y DEL LIBERTADOR AV.",Retiro,Comuna 1,3,100-150 m,9.0,0.03920685613180504,229.55168784112482,17088.847872623868,0.013432835820890178
41096,HSBC Bank Argentina,BANELCO,"ALEM, LEANDRO N. AV. Y LAVALLE",San Nicolas,Comuna 1,1,0-50 m,66.0,0.007841371226357887,8416.895220844592,8416.895220844592,1.0
41096,HSBC Bank Argentina,BANELCO,"ALEM, LEANDRO N. AV. Y LAVALLE",San Nicolas,Comuna 1,2,50-100 m,56.0,0.023524113679051644,2380.5360220592843,8416.895220844592,0.28282828282854755
41096,HSBC Bank Argentina,BANELCO,"ALEM, LEANDRO N. AV. Y LAVALLE",San Nicolas,Comuna 1,3,100-150 m,23.0,0.03920685613180504,586.6320911495412,8416.895220844592,0.06969696969694197
40528,BBVA Banco Francés,BANELCO,"ALEM, LEANDRO N. AV. Y MITRE, BARTOLOME",San Nicolas,Comuna 1,1,0-50 m,24.0,0.007841371226357887,3060.6891712162155,3060.6891712162155,1.0
40528,BBVA Banco Francés,BANELCO,"ALEM, LEANDRO N. AV. Y MITRE, BARTOLOME",San Nicolas,Comuna 1,2,50-100 m,1.0,0.023524113679051644,42.509571822487224,3060.6891712162155,0.013888888888901888
40528,BBVA Banco Francés,BANELCO,"ALEM, LEANDRO N. AV. Y MITRE, BARTOLOME",San Nicolas,Comuna 1,3,100-150 m,2.0,0.03920685613180504,51.01148618691662,3060.6891712162155,0.016666666666660033
41358,ICBC,BANELCO,"ALEM, LEANDRO N. AV. Y PARAGUAY",Retiro,Comuna 1,1,0-50 m,14.0,0.007841371226357887,1785.4020165427924,1785.4020165427924,1.0
41358,ICBC,BANELCO,"ALEM, LEANDRO N. AV. Y PARAGUAY",Retiro,Comuna 1,2,50-100 m,7.0,0.023524113679051644,297.56700275741053,1785.4020165427924,0.16666666666682264
41358,ICBC,BANELCO,"ALEM, LEANDRO N. AV. Y PARAGUAY",Retiro,Comuna 1,3,100-150 m,0.0,0.03920685613180504,0.0,1785.4020165427924,0.0
39916,Banco Macro,BANELCO,"ALEM, LEANDRO N. AV. Y RECONQUISTA",Retiro,Comuna 1,1,0-50 m,27.0,0.007841371226357887,3443.2753176182423,3443.2753176182423,1.0
39916,Banco Macro,BANELCO,"ALEM, LEANDRO N. AV. Y RECONQUISTA",Retiro,Comuna 1,2,50-100 m,0.0,0.023524113679051644,0.0,3443.2753176182423,0.0
39916,Banco Macro,BANELCO,"ALEM, LEANDRO N. AV. Y RECONQUISTA",Retiro,Comuna 1,3,100-150 m,0.0,0.03920685613180504,0.0,3443.2753176182423,0.0
41176,HSBC Bank Argentina,BANELCO,"ALEM, LEANDRO N. AV. Y ROJAS, RICARDO, DR.",Retiro,Comuna 1,1,0-50 m,13.0,0.007841371226357887,1657.87330107545,1657.87330107545,1.0
41176,HSBC Bank Argentina,BANELCO,"ALEM, LEANDRO N. AV. Y ROJAS, RICARDO, DR.",Retiro,Comuna 1,2,50-100 m,10.0,0.023524113679051644,425.0957182248722,1657.87330107545,0.25641025641049636
41176,HSBC Bank Argentina,BANELCO,"ALEM, LEANDRO N. AV. Y ROJAS, RICARDO, DR.",Retiro,Comuna 1,3,100-150 m,0.0,0.03920685613180504,0.0,1657.87330107545,0.0
39815,Banco Itaú,BANELCO,"ALEM, LEANDRO N. AV. Y TRES SARGENTOS",Retiro,Comuna 1,1,0-50 m,39.0,0.007841371226357887,4973.61990322635,4973.61990322635,1.0
39815,Banco Itaú,BANELCO,"ALEM, LEANDRO N. AV. Y TRES SARGENTOS",Retiro,Comuna 1,2,50-100 m,19.0,0.023524113679051644,807.6818646272573,4973.61990322635,0.1623931623933144
39815,Banco Itaú,BANELCO,"ALEM, LEANDRO N. AV. Y TRES SARGENTOS",Retiro,Comuna 1,3,100-150 m,0.0,0.03920685613180504,0.0,4973.61990322635,0.0
40225,Banco Santander Río,BANELCO,ALICIA M. DE JUSTO 1370,Puerto Madero,Comuna 1,1,0-50 m,4.0,0.007841371226357887,510.11486186936924,510.11486186936924,1.0
40225,Banco Santander Río,BANELCO,ALICIA M. DE JUSTO 1370,Puerto Madero,Comuna 1,2,50-100 m,4.0,0.023524113679051644,170.0382872899489,510.11486186936924,0.33333333333364534
40225,Banco Santander Río,BANELCO,ALICIA M. DE JUSTO 1370,Puerto Madero,Comuna 1,3,100-150 m,7.0,0.03920685613180504,178.54020165420818,510.11486186936924,0.3499999999998607
40066,Banco Patagonia,BANELCO,ALMAFUERTE AV. Y USPALLATA,Parque Patricios,Comuna 4,1,0-50 m,104.0,0.007841371226357887,13262.9864086036,13262.9864086036,1.0
40066,Banco Patagonia,BANELCO,ALMAFUERTE AV. Y USPALLATA,Parque Patricios,Comuna 4,2,50-100 m,43.0,0.023524113679051644,1827.9115883669506,13262.9864086036,0.1378205128206418
40066,Banco Patagonia,BANELCO,ALMAFUERTE AV. Y USPALLATA,Parque Patricios,Comuna 4,3,100-150 m,31.0,0.03920685613180504,790.6780358972077,13262.9864086036,0.059615384615360895
40234,Banco Santander Río,BANELCO,ALSINA 1338,Monserrat,Comuna 1,1,0-50 m,11.0,0.007841371226357887,1402.8158701407654,1402.8158701407654,1.0
40234,Banco Santander Río,BANELCO,ALSINA 1338,Monserrat,Comuna 1,2,50-100 m,57.0,0.023524113679051644,2423.0455938817718,1402.8158701407654,1.727272727274344
40234,Banco Santander Río,BANELCO,ALSINA 1338,Monserrat,Comuna 1,3,100-150 m,57.0,0.03920685613180504,1453.8273563271239,1402.8158701407654,1.036363636363224
41273,ICBC,BANELCO,"ALSINA, ADOLFO Y PICHINCHA",Balvanera,Comuna 3,1,0-50 m,71.0,0.007841371226357887,9054.538798181304,9054.538798181304,1.0
41273,ICBC,BANELCO,"ALSINA, ADOLFO Y PICHINCHA",Balvanera,Comuna 3,2,50-100 m,53.0,0.023524113679051644,2253.0073065918227,9054.538798181304,0.2488262910800451
41273,ICBC,BANELCO,"ALSINA, ADOLFO Y PICHINCHA",Balvanera,Comuna 3,3,100-150 m,103.0,0.03920685613180504,2627.0915386262063,9054.538798181304,0.29014084507030713
40937,Banco Galicia,BANELCO,"ALVAREZ, DONATO, TTE. GRAL. AV. Y SAN BLAS",Villa Gral. Mitre,Comuna 11,1,0-50 m,42.0,0.007841371226357887,5356.206049628377,5356.206049628377,1.0
40937,Banco Galicia,BANELCO,"ALVAREZ, DONATO, TTE. GRAL. AV. Y SAN BLAS",Villa Gral. Mitre,Comuna 11,2,50-100 m,21.0,0.023524113679051644,892.7010082722317,5356.206049628377,0.16666666666682267
40937,Banco Galicia,BANELCO,"ALVAREZ, DONATO, TTE. GRAL. AV. Y SAN BLAS",Villa Gral. Mitre,Comuna 11,3,100-150 m,45.0,0.03920685613180504,1147.758439205624,5356.206049628377,0.214285714285629
41290,ICBC,BANELCO,ARIAS Y DEL LIBERTADOR AV.,Nuñez,Comuna 13,1,0-50 m,3.0,0.007841371226357887,382.58614640202694,382.58614640202694,1.0
41290,ICBC,BANELCO,ARIAS Y DEL LIBERTADOR AV.,Nuñez,Comuna 13,2,50-100 m,1.0,0.023524113679051644,42.509571822487224,382.58614640202694,0.1111111111112151
41290,ICBC,BANELCO,ARIAS Y DEL LIBERTADOR AV.,Nuñez,Comuna 13,3,100-150 m,3.0,0.03920685613180504,76.51722928037493,382.58614640202694,0.1999999999999204
41124,HSBC Bank Argentina,BANELCO,"ALVAREZ, DONATO, TTE. GRAL. AV. Y SAN MARTIN AV.",Paternal,Comuna 15,1,0-50 m,62.0,0.007841371226357887,7906.780358975223,7906.780358975223,1.0
41124,HSBC Bank Argentina,BANELCO,"ALVAREZ, DONATO, TTE. GRAL. AV. Y SAN MARTIN AV.",Paternal,Comuna 15,2,50-100 m,49.0,0.023524113679051644,2082.9690193018737,7906.780358975223,0.26344086021530033
41124,HSBC Bank Argentina,BANELCO,"ALVAREZ, DONATO, TTE. GRAL. AV. Y SAN MARTIN AV.",Paternal,Comuna 15,3,100-150 m,28.0,0.03920685613180504,714.1608066168327,7906.780358975223,0.09032258064512534
40956,Banco Galicia,BANELCO,"ALVAREZ JONTE AV. Y JUSTO, JUAN B. AV.",Versalles,Comuna 10,1,0-50 m,59.0,0.007841371226357887,7524.194212573197,7524.194212573197,1.0
40956,Banco Galicia,BANELCO,"ALVAREZ JONTE AV. Y JUSTO, JUAN B. AV.",Versalles,Comuna 10,2,50-100 m,154.0,0.023524113679051644,6546.474060663032,7524.194212573197,0.8700564971759555
40956,Banco Galicia,BANELCO,"ALVAREZ JONTE AV. Y JUSTO, JUAN B. AV.",Versalles,Comuna 10,3,100-150 m,61.0,0.03920685613180504,1555.850328700957,7524.194212573197,0.20677966101686687
40142,Banco Santander Río,BANELCO,"ALVAREZ JONTE Y LAMAS, ANDRES",Villa Gral. Mitre,Comuna 11,1,0-50 m,23.0,0.007841371226357887,2933.160455748873,2933.160455748873,1.0
40142,Banco Santander Río,BANELCO,"ALVAREZ JONTE Y LAMAS, ANDRES",Villa Gral. Mitre,Comuna 11,2,50-100 m,57.0,0.023524113679051644,2423.0455938817718,2933.160455748873,0.8260869565225123
40142,Banco Santander Río,BANELCO,"ALVAREZ JONTE Y LAMAS, ANDRES",Villa Gral. Mitre,Comuna 11,3,100-150 m,154.0,0.03920685613180504,3927.88443639258,2933.160455748873,1.3391304347820758
40525,BBVA Banco Francés,BANELCO,ALVAREZ THOMAS AV. Y MAURE,Chacarita,Comuna 15,1,0-50 m,41.0,0.007841371226357887,5228.677334161035,5228.677334161035,1.0
40525,BBVA Banco Francés,BANELCO,ALVAREZ THOMAS AV. Y MAURE,Chacarita,Comuna 15,2,50-100 m,75.0,0.023524113679051644,3188.2178866865415,5228.677334161035,0.6097560975615463
40525,BBVA Banco Francés,BANELCO,ALVAREZ THOMAS AV. Y MAURE,Chacarita,Comuna 15,3,100-150 m,107.0,0.03920685613180504,2729.1145110000393,5228.677334161035,0.5219512195119873
40198,Banco Santander Río,BANELCO,ALVEAR 1301,Retiro,Comuna 1,1,0-50 m,18.0,0.007841371226357887,2295.5168784121615,2295.5168784121615,1.0
40198,Banco Santander Río,BANELCO,ALVEAR 1301,Retiro,Comuna 1,2,50-100 m,5.0,0.023524113679051644,212.5478591124361,2295.5168784121615,0.09259259259267925
40198,Banco Santander Río,BANELCO,ALVEAR 1301,Retiro,Comuna 1,3,100-150 m,0.0,0.03920685613180504,0.0,2295.5168784121615,0.0
40386,Banco Santander Río,BANELCO,ALVEAR AV. Y POSADAS,Recoleta,Comuna 2,1,0-50 m,27.0,0.007841371226357887,3443.2753176182423,3443.2753176182423,1.0
40386,Banco Santander Río,BANELCO,ALVEAR AV. Y POSADAS,Recoleta,Comuna 2,2,50-100 m,16.0,0.023524113679051644,680.1531491597956,3443.2753176182423,0.19753086419771576
40386,Banco Santander Río,BANELCO,ALVEAR AV. Y POSADAS,Recoleta,Comuna 2,3,100-150 m,78.0,0.03920685613180504,1989.4479612897483,3443.2753176182423,0.5777777777775478
40873,Banco Galicia,BANELCO,"ALVEAR, MARCELO T. DE Y AZCUENAGA",Recoleta,Comuna 2,1,0-50 m,81.0,0.007841371226357887,10329.825952854728,10329.825952854728,1.0
40873,Banco Galicia,BANELCO,"ALVEAR, MARCELO T. DE Y AZCUENAGA",Recoleta,Comuna 2,2,50-100 m,213.0,0.023524113679051644,9054.538798189778,10329.825952854728,0.8765432098773636
40873,Banco Galicia,BANELCO,"ALVEAR, MARCELO T. DE Y AZCUENAGA",Recoleta,Comuna 2,3,100-150 m,120.0,0.03920685613180504,3060.6891712149973,10329.825952854728,0.2962962962961784
41041,CitiBank,BANELCO,"ALVEAR, MARCELO T. DE Y RECONQUISTA",Retiro,Comuna 1,1,0-50 m,52.0,0.007841371226357887,6631.4932043018,6631.4932043018,1.0
41041,CitiBank,BANELCO,"ALVEAR, MARCELO T. DE Y RECONQUISTA",Retiro,Comuna 1,2,50-100 m,172.0,0.023524113679051644,7311.646353467802,6631.4932043018,1.1025641025651345
41041,CitiBank,BANELCO,"ALVEAR, MARCELO T. DE Y RECONQUISTA",Retiro,Comuna 1,3,100-150 m,2.0,0.03920685613180504,51.01148618691662,6631.4932043018,0.007692307692304631
41049,CitiBank,BANELCO,ALVEAR Y CALLAO AV.,Recoleta,Comuna 2,1,0-50 m,48.0,0.007841371226357887,6121.378342432431,6121.378342432431,1.0
41049,CitiBank,BANELCO,ALVEAR Y CALLAO AV.,Recoleta,Comuna 2,2,50-100 m,22.0,0.023524113679051644,935.2105800947189,6121.378342432431,0.15277777777792076
41049,CitiBank,BANELCO,ALVEAR Y CALLAO AV.,Recoleta,Comuna 2,3,100-150 m,2.0,0.03920685613180504,51.01148618691662,6121.378342432431,0.008333333333330016
41146,HSBC Bank Argentina,BANELCO,ALVEAR Y MONTEVIDEO,Recoleta,Comuna 2,1,0-50 m,11.0,0.007841371226357887,1402.8158701407654,1402.8158701407654,1.0
41146,HSBC Bank Argentina,BANELCO,ALVEAR Y MONTEVIDEO,Recoleta,Comuna 2,2,50-100 m,53.0,0.023524113679051644,2253.0073065918227,1402.8158701407654,1.6060606060621092
41146,HSBC Bank Argentina,BANELCO,ALVEAR Y MONTEVIDEO,Recoleta,Comuna 2,3,100-150 m,12.0,0.03920685613180504,306.06891712149974,1402.8158701407654,0.21818181818173135
40016,Banco Patagonia,BANELCO,"ANCHORENA, TOMAS MANUEL DE, DR. Y CORRIENTES AV.",Balvanera,Comuna 3,1,0-50 m,507.0,0.007841371226357887,64657.05874194255,64657.05874194255,1.0
40016,Banco Patagonia,BANELCO,"ANCHORENA, TOMAS MANUEL DE, DR. Y CORRIENTES AV.",Balvanera,Comuna 3,2,50-100 m,10.0,0.023524113679051644,425.0957182248722,64657.05874194255,0.006574621959243497
40016,Banco Patagonia,BANELCO,"ANCHORENA, TOMAS MANUEL DE, DR. Y CORRIENTES AV.",Balvanera,Comuna 3,3,100-150 m,6.0,0.03920685613180504,153.03445856074987,64657.05874194255,0.002366863905324502
41168,HSBC Bank Argentina,BANELCO,"ANCHORENA, TOMAS MANUEL DE, DR. Y GARDEL, CARLOS",Balvanera,Comuna 3,1,0-50 m,129.0,0.007841371226357887,16451.204295287156,16451.204295287156,1.0
41168,HSBC Bank Argentina,BANELCO,"ANCHORENA, TOMAS MANUEL DE, DR. Y GARDEL, CARLOS",Balvanera,Comuna 3,2,50-100 m,278.0,0.023524113679051644,11817.660966651449,16451.204295287156,0.7183462532306466
41168,HSBC Bank Argentina,BANELCO,"ANCHORENA, TOMAS MANUEL DE, DR. Y GARDEL, CARLOS",Balvanera,Comuna 3,3,100-150 m,134.0,0.03920685613180504,3417.7695745234137,16451.204295287156,0.20775193798441347
40372,Banco Santander Río,BANELCO,"ANDALGALA Y CASTRO, EMILIO AV.",Liniers,Comuna 9,1,0-50 m,20.0,0.007841371226357887,2550.5743093468463,2550.5743093468463,1.0
40372,Banco Santander Río,BANELCO,"ANDALGALA Y CASTRO, EMILIO AV.",Liniers,Comuna 9,2,50-100 m,37.0,0.023524113679051644,1572.8541574320273,2550.5743093468463,0.6166666666672438
40372,Banco Santander Río,BANELCO,"ANDALGALA Y CASTRO, EMILIO AV.",Liniers,Comuna 9,3,100-150 m,57.0,0.03920685613180504,1453.8273563271239,2550.5743093468463,0.5699999999997731
41312,ICBC,BANELCO,"ANTARTIDA ARGENTINA AV. Y GRIERSON, CECILIA",Puerto Madero,Comuna 1,1,0-50 m,10.0,0.007841371226357887,1275.2871546734232,1275.2871546734232,1.0
41312,ICBC,BANELCO,"ANTARTIDA ARGENTINA AV. Y GRIERSON, CECILIA",Puerto Madero,Comuna 1,2,50-100 m,4.0,0.023524113679051644,170.0382872899489,1275.2871546734232,0.13333333333345812
41312,ICBC,BANELCO,"ANTARTIDA ARGENTINA AV. Y GRIERSON, CECILIA",Puerto Madero,Comuna 1,3,100-150 m,9.0,0.03920685613180504,229.55168784112482,1275.2871546734232,0.17999999999992836
41141,HSBC Bank Argentina,BANELCO,"ANTARTIDA ARGENTINA AV. Y GRIERSON, CECILIA",Retiro,Comuna 1,1,0-50 m,14.0,0.007841371226357887,1785.4020165427924,1785.4020165427924,1.0
41141,HSBC Bank Argentina,BANELCO,"ANTARTIDA ARGENTINA AV. Y GRIERSON, CECILIA",Retiro,Comuna 1,2,50-100 m,20.0,0.023524113679051644,850.1914364497444,1785.4020165427924,0.47619047619092186
41141,HSBC Bank Argentina,BANELCO,"ANTARTIDA ARGENTINA AV. Y GRIERSON, CECILIA",Retiro,Comuna 1,3,100-150 m,1.0,0.03920685613180504,25.50574309345831,1785.4020165427924,0.014285714285708599
40976,Banco Galicia,BANELCO,"ANTARTIDA ARGENTINA AV. Y RAMOS MEJIA, JOSE MARIA, DR. AV.",Retiro,Comuna 1,1,0-50 m,27.0,0.007841371226357887,3443.2753176182423,3443.2753176182423,1.0
40976,Banco Galicia,BANELCO,"ANTARTIDA ARGENTINA AV. Y RAMOS MEJIA, JOSE MARIA, DR. AV.",Retiro,Comuna 1,2,50-100 m,18.0,0.023524113679051644,765.17229280477,3443.2753176182423,0.2222222222224302
40976,Banco Galicia,BANELCO,"ANTARTIDA ARGENTINA AV. Y RAMOS MEJIA, JOSE MARIA, DR. AV.",Retiro,Comuna 1,3,100-150 m,180.0,0.03920685613180504,4591.033756822496,3443.2753176182423,1.3333333333328026
41193,HSBC Bank Argentina,BANELCO,"ARAOZ DE LAMADRID, GREGORIO, GRAL. Y ISABEL LA CATOLICA",Barracas,Comuna 4,1,0-50 m,13.0,0.007841371226357887,1657.87330107545,1657.87330107545,1.0
41193,HSBC Bank Argentina,BANELCO,"ARAOZ DE LAMADRID, GREGORIO, GRAL. Y ISABEL LA CATOLICA",Barracas,Comuna 4,2,50-100 m,91.0,0.023524113679051644,3868.3710358463372,1657.87330107545,2.333333333335517
41193,HSBC Bank Argentina,BANELCO,"ARAOZ DE LAMADRID, GREGORIO, GRAL. Y ISABEL LA CATOLICA",Barracas,Comuna 4,3,100-150 m,51.0,0.03920685613180504,1300.792897766374,1657.87330107545,0.7846153846150724
40098,Banco Santander Río,BANELCO,ARAUJO Y ECHENAGUCIA,Villa Luro,Comuna 10,1,0-50 m,31.0,0.007841371226357887,3953.3901794876115,3953.3901794876115,1.0
40098,Banco Santander Río,BANELCO,ARAUJO Y ECHENAGUCIA,Villa Luro,Comuna 10,2,50-100 m,46.0,0.023524113679051644,1955.4403038344121,3953.3901794876115,0.4946236559144414
40098,Banco Santander Río,BANELCO,ARAUJO Y ECHENAGUCIA,Villa Luro,Comuna 10,3,100-150 m,76.0,0.03920685613180504,1938.4364751028318,3953.3901794876115,0.4903225806449662
40124,Banco Santander Río,BANELCO,ARCE 940,Palermo,Comuna 14,1,0-50 m,21.0,0.007841371226357887,2678.1030248141883,2678.1030248141883,1.0
40124,Banco Santander Río,BANELCO,ARCE 940,Palermo,Comuna 14,2,50-100 m,128.0,0.023524113679051644,5441.225193278365,2678.1030248141883,2.0317460317479337
40124,Banco Santander Río,BANELCO,ARCE 940,Palermo,Comuna 14,3,100-150 m,144.0,0.03920685613180504,3672.827005457997,2678.1030248141883,1.3714285714280259
40287,Banco Santander Río,BANELCO,"ARENAL, CONCEPCION Y CORDOBA AV.",Chacarita,Comuna 15,1,0-50 m,74.0,0.007841371226357887,9437.124944583331,9437.124944583331,1.0
40287,Banco Santander Río,BANELCO,"ARENAL, CONCEPCION Y CORDOBA AV.",Chacarita,Comuna 15,2,50-100 m,40.0,0.023524113679051644,1700.3828728994888,9437.124944583331,0.18018018018034881
40287,Banco Santander Río,BANELCO,"ARENAL, CONCEPCION Y CORDOBA AV.",Chacarita,Comuna 15,3,100-150 m,38.0,0.03920685613180504,969.2182375514159,9437.124944583331,0.10270270270266184
40366,Banco Santander Río,BANELCO,"ARENAL, CONCEPCION Y GUZMAN",Chacarita,Comuna 15,1,0-50 m,33.0,0.007841371226357887,4208.447610422296,4208.447610422296,1.0
40366,Banco Santander Río,BANELCO,"ARENAL, CONCEPCION Y GUZMAN",Chacarita,Comuna 15,2,50-100 m,10.0,0.023524113679051644,425.0957182248722,4208.447610422296,0.10101010101019556
40366,Banco Santander Río,BANELCO,"ARENAL, CONCEPCION Y GUZMAN",Chacarita,Comuna 15,3,100-150 m,126.0,0.03920685613180504,3213.723629775747,4208.447610422296,0.7636363636360598
40733,BBVA Banco Francés,BANELCO,ARENGREEN Y HIDALGO,Caballito,Comuna 6,1,0-50 m,35.0,0.007841371226357887,4463.505041356981,4463.505041356981,1.0
40733,BBVA Banco Francés,BANELCO,ARENGREEN Y HIDALGO,Caballito,Comuna 6,2,50-100 m,72.0,0.023524113679051644,3060.68917121908,4463.505041356981,0.6857142857149275
40733,BBVA Banco Francés,BANELCO,ARENGREEN Y HIDALGO,Caballito,Comuna 6,3,100-150 m,131.0,0.03920685613180504,3341.2523452430387,4463.505041356981,0.7485714285711307
41211,HSBC Bank Argentina,BANELCO,"ARGENTINA AV. Y DE LA ROSA, JOSE I., DR.",Villa Lugano,Comuna 8,1,0-50 m,6.0,0.007841371226357887,765.1722928040539,765.1722928040539,1.0
41211,HSBC Bank Argentina,BANELCO,"ARGENTINA AV. Y DE LA ROSA, JOSE I., DR.",Villa Lugano,Comuna 8,2,50-100 m,2.0,0.023524113679051644,85.01914364497445,765.1722928040539,0.1111111111112151
41211,HSBC Bank Argentina,BANELCO,"ARGENTINA AV. Y DE LA ROSA, JOSE I., DR.",Villa Lugano,Comuna 8,3,100-150 m,22.0,0.03920685613180504,561.1263480560829,765.1722928040539,0.7333333333330415
40118,Banco Santander Río,BANELCO,ARIAS Y DEL LIBERTADOR AV.,Nuñez,Comuna 13,1,0-50 m,3.0,0.007841371226357887,382.58614640202694,382.58614640202694,1.0
40118,Banco Santander Río,BANELCO,ARIAS Y DEL LIBERTADOR AV.,Nuñez,Comuna 13,2,50-100 m,0.0,0.023524113679051644,0.0,382.58614640202694,0.0
40118,Banco Santander Río,BANELCO,ARIAS Y DEL LIBERTADOR AV.,Nuñez,Comuna 13,3,100-150 m,1.0,0.03920685613180504,25.50574309345831,382.58614640202694,0.06666666666664013
41105,HSBC Bank Argentina,BANELCO,ARIAS Y DEL LIBERTADOR AV.,Nuñez,Comuna 13,1,0-50 m,23.0,0.007841371226357887,2933.160455748873,2933.160455748873,1.0
41105,HSBC Bank Argentina,BANELCO,ARIAS Y DEL LIBERTADOR AV.,Nuñez,Comuna 13,2,50-100 m,24.0,0.023524113679051644,1020.2297237396933,2933.160455748873,0.3478260869568473
41105,HSBC Bank Argentina,BANELCO,ARIAS Y DEL LIBERTADOR AV.,Nuñez,Comuna 13,3,100-150 m,32.0,0.03920685613180504,816.1837789906659,2933.160455748873,0.27826086956510665
40222,Banco Santander Río,BANELCO,ARIAS Y MELIAN AV.,Saavedra,Comuna 12,1,0-50 m,12.0,0.007841371226357887,1530.3445856081078,1530.3445856081078,1.0
40222,Banco Santander Río,BANELCO,ARIAS Y MELIAN AV.,Saavedra,Comuna 12,2,50-100 m,1.0,0.023524113679051644,42.509571822487224,1530.3445856081078,0.027777777777803776
40222,Banco Santander Río,BANELCO,ARIAS Y MELIAN AV.,Saavedra,Comuna 12,3,100-150 m,2.0,0.03920685613180504,51.01148618691662,1530.3445856081078,0.033333333333320066
40511,Banco Supervielle,BANELCO,ARIAS Y SUPERI,Saavedra,Comuna 12,1,0-50 m,6.0,0.007841371226357887,765.1722928040539,765.1722928040539,1.0
40511,Banco Supervielle,BANELCO,ARIAS Y SUPERI,Saavedra,Comuna 12,2,50-100 m,32.0,0.023524113679051644,1360.3062983195912,765.1722928040539,1.7777777777794417
40511,Banco Supervielle,BANELCO,ARIAS Y SUPERI,Saavedra,Comuna 12,3,100-150 m,65.0,0.03920685613180504,1657.8733010747903,765.1722928040539,2.1666666666658045
40762,Banco Galicia,BANELCO,ARRIOLA Y CASEROS AV.,Parque Patricios,Comuna 4,1,0-50 m,31.0,0.007841371226357887,3953.3901794876115,3953.3901794876115,1.0
40762,Banco Galicia,BANELCO,ARRIOLA Y CASEROS AV.,Parque Patricios,Comuna 4,2,50-100 m,44.0,0.023524113679051644,1870.4211601894378,3953.3901794876115,0.4731182795703353
40762,Banco Galicia,BANELCO,ARRIOLA Y CASEROS AV.,Parque Patricios,Comuna 4,3,100-150 m,50.0,0.03920685613180504,1275.2871546729157,3953.3901794876115,0.32258064516116197
40663,BBVA Banco Francés,BANELCO,"ARROTEA Y PERON, EVA AV.",Flores,Comuna 7,1,0-50 m,5.0,0.007841371226357887,637.6435773367116,637.6435773367116,1.0
40663,BBVA Banco Francés,BANELCO,"ARROTEA Y PERON, EVA AV.",Flores,Comuna 7,2,50-100 m,6.0,0.023524113679051644,255.05743093492333,637.6435773367116,0.40000000000037433
40663,BBVA Banco Francés,BANELCO,"ARROTEA Y PERON, EVA AV.",Flores,Comuna 7,3,100-150 m,4.0,0.03920685613180504,102.02297237383324,637.6435773367116,0.1599999999999363
39763,Banco Comafi,BANELCO,"ARROTEA Y PERON, EVA AV.",Flores,Comuna 7,1,0-50 m,9.0,0.007841371226357887,1147.7584392060808,1147.7584392060808,1.0
39763,Banco Comafi,BANELCO,"ARROTEA Y PERON, EVA AV.",Flores,Comuna 7,2,50-100 m,31.0,0.023524113679051644,1317.796726497104,1147.7584392060808,1.1481481481492228
39763,Banco Comafi,BANELCO,"ARROTEA Y PERON, EVA AV.",Flores,Comuna 7,3,100-150 m,1.0,0.03920685613180504,25.50574309345831,1147.7584392060808,0.02222222222221338
39742,Banco Comafi,BANELCO,"ASAMBLEA AV. Y MITRE, EMILIO",Parque Chacabuco,Comuna 7,1,0-50 m,44.0,0.007841371226357887,5611.263480563061,5611.263480563061,1.0
39742,Banco Comafi,BANELCO,"ASAMBLEA AV. Y MITRE, EMILIO",Parque Chacabuco,Comuna 7,2,50-100 m,138.0,0.023524113679051644,5866.320911503237,5611.263480563061,1.045454545455524
39742,Banco Comafi,BANELCO,"ASAMBLEA AV. Y MITRE, EMILIO",Parque Chacabuco,Comuna 7,3,100-150 m,57.0,0.03920685613180504,1453.8273563271239,5611.263480563061,0.259090909090806
40200,Banco Santander Río,BANELCO,ASUNCION 4193,Villa Devoto,Comuna 11,1,0-50 m,36.0,0.007841371226357887,4591.033756824323,4591.033756824323,1.0
40200,Banco Santander Río,BANELCO,ASUNCION 4193,Villa Devoto,Comuna 11,2,50-100 m,60.0,0.023524113679051644,2550.5743093492333,4591.033756824323,0.5555555555560755
40200,Banco Santander Río,BANELCO,ASUNCION 4193,Villa Devoto,Comuna 11,3,100-150 m,68.0,0.03920685613180504,1734.3905303551653,4591.033756824323,0.37777777777762744
40199,Banco Santander Río,BANELCO,AV. ALVAREZ JONTE 4502,Monte Castro,Comuna 10,1,0-50 m,56.0,0.007841371226357887,7141.608066171169,7141.608066171169,1.0
40199,Banco Santander Río,BANELCO,AV. ALVAREZ JONTE 4502,Monte Castro,Comuna 10,2,50-100 m,49.0,0.023524113679051644,2082.9690193018737,7141.608066171169,0.29166666666693963
40199,Banco Santander Río,BANELCO,AV. ALVAREZ JONTE 4502,Monte Castro,Comuna 10,3,100-150 m,58.0,0.03920685613180504,1479.3330994205821,7141.608066171169,0.20714285714277472
40083,Banco Patagonia,BANELCO,AV. ALVAREZ JONTE 4740,Monte Castro,Comuna 10,1,0-50 m,7.0,0.007841371226357887,892.7010082713962,892.7010082713962,1.0
40083,Banco Patagonia,BANELCO,AV. ALVAREZ JONTE 4740,Monte Castro,Comuna 10,2,50-100 m,38.0,0.023524113679051644,1615.3637292545145,892.7010082713962,1.809523809525503
40083,Banco Patagonia,BANELCO,AV. ALVAREZ JONTE 4740,Monte Castro,Comuna 10,3,100-150 m,66.0,0.03920685613180504,1683.3790441682486,892.7010082713962,1.8857142857135352
40557,BBVA Banco Francés,BANELCO,AV. ALVAREZ JONTE 5255,Monte Castro,Comuna 10,1,0-50 m,15.0,0.007841371226357887,1912.9307320101345,1912.9307320101345,1.0
40557,BBVA Banco Francés,BANELCO,AV. ALVAREZ JONTE 5255,Monte Castro,Comuna 10,2,50-100 m,24.0,0.023524113679051644,1020.2297237396933,1912.9307320101345,0.5333333333338325
40557,BBVA Banco Francés,BANELCO,AV. ALVAREZ JONTE 5255,Monte Castro,Comuna 10,3,100-150 m,50.0,0.03920685613180504,1275.2871546729157,1912.9307320101345,0.6666666666664014
40963,Banco Galicia,BANELCO,AV. ALVEAR 1331,Retiro,Comuna 1,1,0-50 m,15.0,0.007841371226357887,1912.9307320101345,1912.9307320101345,1.0
40963,Banco Galicia,BANELCO,AV. ALVEAR 1331,Retiro,Comuna 1,2,50-100 m,23.0,0.023524113679051644,977.7201519172061,1912.9307320101345,0.5111111111115895
40963,Banco Galicia,BANELCO,AV. ALVEAR 1331,Retiro,Comuna 1,3,100-150 m,14.0,0.03920685613180504,357.08040330841635,1912.9307320101345,0.18666666666659237
40615,BBVA Banco Francés,BANELCO,AV. ALVEAR 1528,Retiro,Comuna 1,1,0-50 m,19.0,0.007841371226357887,2423.045593879504,2423.045593879504,1.0
40615,BBVA Banco Francés,BANELCO,AV. ALVEAR 1528,Retiro,Comuna 1,2,50-100 m,23.0,0.023524113679051644,977.7201519172061,2423.045593879504,0.4035087719302022
40615,BBVA Banco Francés,BANELCO,AV. ALVEAR 1528,Retiro,Comuna 1,3,100-150 m,15.0,0.03920685613180504,382.58614640187466,2423.045593879504,0.15789473684204242
40548,BBVA Banco Francés,BANELCO,AV ASAMBLEA 695,Parque Chacabuco,Comuna 7,1,0-50 m,48.0,0.007841371226357887,6121.378342432431,6121.378342432431,1.0
40548,BBVA Banco Francés,BANELCO,AV ASAMBLEA 695,Parque Chacabuco,Comuna 7,2,50-100 m,46.0,0.023524113679051644,1955.4403038344121,6121.378342432431,0.3194444444447434
40548,BBVA Banco Francés,BANELCO,AV ASAMBLEA 695,Parque Chacabuco,Comuna 7,3,100-150 m,38.0,0.03920685613180504,969.2182375514159,6121.378342432431,0.15833333333327032
39941,Banco Macro,BANELCO,AV. BELGRANO 1358,Monserrat,Comuna 1,1,0-50 m,31.0,0.007841371226357887,3953.3901794876115,3953.3901794876115,1.0
39941,Banco Macro,BANELCO,AV. BELGRANO 1358,Monserrat,Comuna 1,2,50-100 m,66.0,0.023524113679051644,2805.631740284157,3953.3901794876115,0.709677419355503
39941,Banco Macro,BANELCO,AV. BELGRANO 1358,Monserrat,Comuna 1,3,100-150 m,55.0,0.03920685613180504,1402.8158701402072,3953.3901794876115,0.35483870967727815
40402,Banco Supervielle,BANELCO,AV. BELGRANO 1783,Monserrat,Comuna 1,1,0-50 m,188.0,0.007841371226357887,23975.398507860355,23975.398507860355,1.0
40402,Banco Supervielle,BANELCO,AV. BELGRANO 1783,Monserrat,Comuna 1,2,50-100 m,103.0,0.023524113679051644,4378.485897716184,23975.398507860355,0.18262411347534824
40402,Banco Supervielle,BANELCO,AV. BELGRANO 1783,Monserrat,Comuna 1,3,100-150 m,119.0,0.03920685613180504,3035.1834281215392,23975.398507860355,0.12659574468080068
40634,BBVA Banco Francés,BANELCO,AV. BELGRANO 698,Monserrat,Comuna 1,1,0-50 m,80.0,0.007841371226357887,10202.297237387385,10202.297237387385,1.0
40634,BBVA Banco Francés,BANELCO,AV. BELGRANO 698,Monserrat,Comuna 1,2,50-100 m,38.0,0.023524113679051644,1615.3637292545145,10202.297237387385,0.1583333333334815
40634,BBVA Banco Francés,BANELCO,AV. BELGRANO 698,Monserrat,Comuna 1,3,100-150 m,88.0,0.03920685613180504,2244.5053922243314,10202.297237387385,0.21999999999991243
40108,Banco Santander Río,BANELCO,AV. BELGRANO 980,Monserrat,Comuna 1,1,0-50 m,13.0,0.007841371226357887,1657.87330107545,1657.87330107545,1.0
40108,Banco Santander Río,BANELCO,AV. BELGRANO 980,Monserrat,Comuna 1,2,50-100 m,15.0,0.023524113679051644,637.6435773373083,1657.87330107545,0.3846153846157446
40108,Banco Santander Río,BANELCO,AV. BELGRANO 980,Monserrat,Comuna 1,3,100-150 m,6.0,0.03920685613180504,153.03445856074987,1657.87330107545,0.09230769230765558
40755,Banco Galicia,BANELCO,AV. BELGRANO 992,Monserrat,Comuna 1,1,0-50 m,12.0,0.007841371226357887,1530.3445856081078,1530.3445856081078,1.0
40755,Banco Galicia,BANELCO,AV. BELGRANO 992,Monserrat,Comuna 1,2,50-100 m,18.0,0.023524113679051644,765.17229280477,1530.3445856081078,0.500000000000468
40755,Banco Galicia,BANELCO,AV. BELGRANO 992,Monserrat,Comuna 1,3,100-150 m,4.0,0.03920685613180504,102.02297237383324,1530.3445856081078,0.06666666666664013
40407,Banco Supervielle,BANELCO,AV. BOEDO 729,Boedo,Comuna 5,1,0-50 m,23.0,0.007841371226357887,2933.160455748873,2933.160455748873,1.0
40407,Banco Supervielle,BANELCO,AV. BOEDO 729,Boedo,Comuna 5,2,50-100 m,20.0,0.023524113679051644,850.1914364497444,2933.160455748873,0.2898550724640394
40407,Banco Supervielle,BANELCO,AV. BOEDO 729,Boedo,Comuna 5,3,100-150 m,7.0,0.03920685613180504,178.54020165420818,2933.160455748873,0.060869565217367076
40097,Banco Santander Río,BANELCO,AV. BOEDO 802,Boedo,Comuna 5,1,0-50 m,57.0,0.007841371226357887,7269.136781638512,7269.136781638512,1.0
40097,Banco Santander Río,BANELCO,AV. BOEDO 802,Boedo,Comuna 5,2,50-100 m,38.0,0.023524113679051644,1615.3637292545145,7269.136781638512,0.2222222222224302
40097,Banco Santander Río,BANELCO,AV. BOEDO 802,Boedo,Comuna 5,3,100-150 m,86.0,0.03920685613180504,2193.493906037415,7269.136781638512,0.3017543859647922
41202,HSBC Bank Argentina,BANELCO,AV. BRASIL 1199,Constitucion,Comuna 1,1,0-50 m,549.0,0.007841371226357887,70013.26479157092,70013.26479157092,1.0
41202,HSBC Bank Argentina,BANELCO,AV. BRASIL 1199,Constitucion,Comuna 1,2,50-100 m,525.0,0.023524113679051644,22317.525206805793,70013.26479157092,0.3187613843354532
41202,HSBC Bank Argentina,BANELCO,AV. BRASIL 1199,Constitucion,Comuna 1,3,100-150 m,1125.0,0.03920685613180504,28693.9609801406,70013.26479157092,0.4098360655736074
39798,Banco Itaú,BANELCO,AV. CABILDO 1000,Colegiales,Comuna 13,1,0-50 m,18.0,0.007841371226357887,2295.5168784121615,2295.5168784121615,1.0
39798,Banco Itaú,BANELCO,AV. CABILDO 1000,Colegiales,Comuna 13,2,50-100 m,9.0,0.023524113679051644,382.586146402385,2295.5168784121615,0.16666666666682264
39798,Banco Itaú,BANELCO,AV. CABILDO 1000,Colegiales,Comuna 13,3,100-150 m,7.0,0.03920685613180504,178.54020165420818,2295.5168784121615,0.07777777777774682
40306,Banco Santander Río,BANELCO,AV. CABILDO 1021,Palermo,Comuna 14,1,0-50 m,22.0,0.007841371226357887,2805.6317402815307,2805.6317402815307,1.0
40306,Banco Santander Río,BANELCO,AV. CABILDO 1021,Palermo,Comuna 14,2,50-100 m,11.0,0.023524113679051644,467.60529004735946,2805.6317402815307,0.16666666666682267
40306,Banco Santander Río,BANELCO,AV. CABILDO 1021,Palermo,Comuna 14,3,100-150 m,8.0,0.03920685613180504,204.04594474766648,2805.6317402815307,0.07272727272724379
39990,Banco Patagonia,BANELCO,AV. CABILDO 1159,Palermo,Comuna 14,1,0-50 m,30.0,0.007841371226357887,3825.861464020269,3825.861464020269,1.0
39990,Banco Patagonia,BANELCO,AV. CABILDO 1159,Palermo,Comuna 14,2,50-100 m,36.0,0.023524113679051644,1530.34458560954,3825.861464020269,0.4000000000003744
39990,Banco Patagonia,BANELCO,AV. CABILDO 1159,Palermo,Comuna 14,3,100-150 m,47.0,0.03920685613180504,1198.7699253925407,3825.861464020269,0.3133333333332087
40187,Banco Santander Río,BANELCO,AV. CABILDO 1741,Belgrano,Comuna 13,1,0-50 m,14.0,0.007841371226357887,1785.4020165427924,1785.4020165427924,1.0
40187,Banco Santander Río,BANELCO,AV. CABILDO 1741,Belgrano,Comuna 13,2,50-100 m,20.0,0.023524113679051644,850.1914364497444,1785.4020165427924,0.47619047619092186
40187,Banco Santander Río,BANELCO,AV. CABILDO 1741,Belgrano,Comuna 13,3,100-150 m,14.0,0.03920685613180504,357.08040330841635,1785.4020165427924,0.1999999999999204
41177,HSBC Bank Argentina,BANELCO,AV. CABILDO 1802,Belgrano,Comuna 13,1,0-50 m,105.0,0.007841371226357887,13390.515124070942,13390.515124070942,1.0
41177,HSBC Bank Argentina,BANELCO,AV. CABILDO 1802,Belgrano,Comuna 13,2,50-100 m,37.0,0.023524113679051644,1572.8541574320273,13390.515124070942,0.1174603174604274
41177,HSBC Bank Argentina,BANELCO,AV. CABILDO 1802,Belgrano,Comuna 13,3,100-150 m,9.0,0.03920685613180504,229.55168784112482,13390.515124070942,0.017142857142850323
40011,Banco Patagonia,BANELCO,AV. CABILDO 1939,Belgrano,Comuna 13,1,0-50 m,27.0,0.007841371226357887,3443.2753176182423,3443.2753176182423,1.0
40011,Banco Patagonia,BANELCO,AV. CABILDO 1939,Belgrano,Comuna 13,2,50-100 m,15.0,0.023524113679051644,637.6435773373083,3443.2753176182423,0.1851851851853585
40011,Banco Patagonia,BANELCO,AV. CABILDO 1939,Belgrano,Comuna 13,3,100-150 m,5.0,0.03920685613180504,127.52871546729156,3443.2753176182423,0.0370370370370223
39843,Banco Itaú,BANELCO,AV. CABILDO 2215,Belgrano,Comuna 13,1,0-50 m,176.0,0.007841371226357887,22445.053922252246,22445.053922252246,1.0
39843,Banco Itaú,BANELCO,AV. CABILDO 2215,Belgrano,Comuna 13,2,50-100 m,133.0,0.023524113679051644,5653.7730523908,22445.053922252246,0.25189393939417515
39843,Banco Itaú,BANELCO,AV. CABILDO 2215,Belgrano,Comuna 13,3,100-150 m,129.0,0.03920685613180504,3290.240859056122,22445.053922252246,0.14659090909085076
41135,HSBC Bank Argentina,BANELCO,AV CABILDO 2453,Belgrano,Comuna 13,1,0-50 m,66.0,0.007841371226357887,8416.895220844592,8416.895220844592,1.0
41135,HSBC Bank Argentina,BANELCO,AV CABILDO 2453,Belgrano,Comuna 13,2,50-100 m,19.0,0.023524113679051644,807.6818646272573,8416.895220844592,0.09595959595968578
41135,HSBC Bank Argentina,BANELCO,AV CABILDO 2453,Belgrano,Comuna 13,3,100-150 m,4.0,0.03920685613180504,102.02297237383324,8416.895220844592,0.012121212121207299
40360,Banco Santander Río,BANELCO,AV. CABILDO 2491,Belgrano,Comuna 13,1,0-50 m,159.0,0.007841371226357887,20277.06575930743,20277.06575930743,1.0
40360,Banco Santander Río,BANELCO,AV. CABILDO 2491,Belgrano,Comuna 13,2,50-100 m,65.0,0.023524113679051644,2763.1221684616694,20277.06575930743,0.13626834381564115
40360,Banco Santander Río,BANELCO,AV. CABILDO 2491,Belgrano,Comuna 13,3,100-150 m,228.0,0.03920685613180504,5815.3094253084955,20277.06575930743,0.28679245283007454
40262,Banco Santander Río,BANELCO,AV. CABILDO 2754,Belgrano,Comuna 13,1,0-50 m,49.0,0.007841371226357887,6248.9070578997735,6248.9070578997735,1.0
40262,Banco Santander Río,BANELCO,AV. CABILDO 2754,Belgrano,Comuna 13,2,50-100 m,26.0,0.023524113679051644,1105.2488673846678,6248.9070578997735,0.17687074829948526
40262,Banco Santander Río,BANELCO,AV. CABILDO 2754,Belgrano,Comuna 13,3,100-150 m,23.0,0.03920685613180504,586.6320911495412,6248.9070578997735,0.0938775510203708
41347,ICBC,BANELCO,Av. Cabildo 3223,Nuñez,Comuna 13,1,0-50 m,60.0,0.007841371226357887,7651.722928040538,7651.722928040538,1.0
41347,ICBC,BANELCO,Av. Cabildo 3223,Nuñez,Comuna 13,2,50-100 m,67.0,0.023524113679051644,2848.141312106644,7651.722928040538,0.3722222222225706
41347,ICBC,BANELCO,Av. Cabildo 3223,Nuñez,Comuna 13,3,100-150 m,34.0,0.03920685613180504,867.1952651775827,7651.722928040538,0.11333333333328824
40296,Banco Santander Río,BANELCO,AV. CABILDO 3349,Nuñez,Comuna 13,1,0-50 m,75.0,0.007841371226357887,9564.653660050673,9564.653660050673,1.0
40296,Banco Santander Río,BANELCO,AV. CABILDO 3349,Nuñez,Comuna 13,2,50-100 m,137.0,0.023524113679051644,5823.811339680749,9564.653660050673,0.6088888888894587
40296,Banco Santander Río,BANELCO,AV. CABILDO 3349,Nuñez,Comuna 13,3,100-150 m,86.0,0.03920685613180504,2193.493906037415,9564.653660050673,0.22933333333324207
40520,BBVA Banco Francés,BANELCO,AV.CABILDO 3622,Nuñez,Comuna 13,1,0-50 m,26.0,0.007841371226357887,3315.7466021509,3315.7466021509,1.0
40520,BBVA Banco Francés,BANELCO,AV.CABILDO 3622,Nuñez,Comuna 13,2,50-100 m,7.0,0.023524113679051644,297.56700275741053,3315.7466021509,0.08974358974367373
40520,BBVA Banco Francés,BANELCO,AV.CABILDO 3622,Nuñez,Comuna 13,3,100-150 m,31.0,0.03920685613180504,790.6780358972077,3315.7466021509,0.23846153846144358
39892,Banco Itaú,BANELCO,AV. CABILDO 3702,Saavedra,Comuna 12,1,0-50 m,17.0,0.007841371226357887,2167.988162944819,2167.988162944819,1.0
39892,Banco Itaú,BANELCO,AV. CABILDO 3702,Saavedra,Comuna 12,2,50-100 m,9.0,0.023524113679051644,382.586146402385,2167.988162944819,0.1764705882354593
39892,Banco Itaú,BANELCO,AV. CABILDO 3702,Saavedra,Comuna 12,3,100-150 m,69.0,0.03920685613180504,1759.8962734486236,2167.988162944819,0.81176470588203
40153,Banco Santander Río,BANELCO,AV. CABILDO 4664,Saavedra,Comuna 12,1,0-50 m,63.0,0.007841371226357887,8034.309074442565,8034.309074442565,1.0
40153,Banco Santander Río,BANELCO,AV. CABILDO 4664,Saavedra,Comuna 12,2,50-100 m,176.0,0.023524113679051644,7481.684640757751,8034.309074442565,0.9312169312178028
40153,Banco Santander Río,BANELCO,AV. CABILDO 4664,Saavedra,Comuna 12,3,100-150 m,94.0,0.03920685613180504,2397.5398507850814,8034.309074442565,0.29841269841257967
41228,ICBC,BANELCO,AV. CABILDO 745,Palermo,Comuna 14,1,0-50 m,76.0,0.007841371226357887,9692.182375518016,9692.182375518016,1.0
41228,ICBC,BANELCO,AV. CABILDO 745,Palermo,Comuna 14,2,50-100 m,6.0,0.023524113679051644,255.05743093492333,9692.182375518016,0.02631578947370884
41228,ICBC,BANELCO,AV. CABILDO 745,Palermo,Comuna 14,3,100-150 m,2.0,0.03920685613180504,51.01148618691662,9692.182375518016,0.005263157894734747
40370,Banco Santander Río,BANELCO,AV. CABILDO 769,Palermo,Comuna 14,1,0-50 m,288.0,0.007841371226357887,36728.270054594585,36728.270054594585,1.0
40370,Banco Santander Río,BANELCO,AV. CABILDO 769,Palermo,Comuna 14,2,50-100 m,28.0,0.023524113679051644,1190.2680110296421,36728.270054594585,0.032407407407437736
40370,Banco Santander Río,BANELCO,AV. CABILDO 769,Palermo,Comuna 14,3,100-150 m,14.0,0.03920685613180504,357.08040330841635,36728.270054594585,0.009722222222218352
41199,HSBC Bank Argentina,BANELCO,AV. CABILDO 867,Palermo,Comuna 14,1,0-50 m,56.0,0.007841371226357887,7141.608066171169,7141.608066171169,1.0
41199,HSBC Bank Argentina,BANELCO,AV. CABILDO 867,Palermo,Comuna 14,2,50-100 m,11.0,0.023524113679051644,467.60529004735946,7141.608066171169,0.06547619047625176
41199,HSBC Bank Argentina,BANELCO,AV. CABILDO 867,Palermo,Comuna 14,3,100-150 m,2.0,0.03920685613180504,51.01148618691662,7141.608066171169,0.007142857142854299
40792,Banco Galicia,BANELCO,AV. CABILDO 935,Palermo,Comuna 14,1,0-50 m,52.0,0.007841371226357887,6631.4932043018,6631.4932043018,1.0
40792,Banco Galicia,BANELCO,AV. CABILDO 935,Palermo,Comuna 14,2,50-100 m,13.0,0.023524113679051644,552.6244336923339,6631.4932043018,0.08333333333341134
40792,Banco Galicia,BANELCO,AV. CABILDO 935,Palermo,Comuna 14,3,100-150 m,6.0,0.03920685613180504,153.03445856074987,6631.4932043018,0.023076923076913895
40447,Banco Supervielle,BANELCO,AV. CALLAO 1021,Recoleta,Comuna 2,1,0-50 m,128.0,0.007841371226357887,16323.675579819816,16323.675579819816,1.0
40447,Banco Supervielle,BANELCO,AV. CALLAO 1021,Recoleta,Comuna 2,2,50-100 m,83.0,0.023524113679051644,3528.2944612664396,16323.675579819816,0.21614583333353565
40447,Banco Supervielle,BANELCO,AV. CALLAO 1021,Recoleta,Comuna 2,3,100-150 m,13.0,0.03920685613180504,331.57466021495804,16323.675579819816,0.020312499999991917
40029,Banco Patagonia,BANELCO,AV. CALLAO 1165,Recoleta,Comuna 2,1,0-50 m,8.0,0.007841371226357887,1020.2297237387385,1020.2297237387385,1.0
40029,Banco Patagonia,BANELCO,AV. CALLAO 1165,Recoleta,Comuna 2,2,50-100 m,367.0,0.023524113679051644,15601.012858852811,1020.2297237387385,15.29166666668098
40029,Banco Patagonia,BANELCO,AV. CALLAO 1165,Recoleta,Comuna 2,3,100-150 m,9.0,0.03920685613180504,229.55168784112482,1020.2297237387385,0.22499999999991047
40923,Banco Galicia,BANELCO,AV. CALLAO 1171,Recoleta,Comuna 2,1,0-50 m,74.0,0.007841371226357887,9437.124944583331,9437.124944583331,1.0
40923,Banco Galicia,BANELCO,AV. CALLAO 1171,Recoleta,Comuna 2,2,50-100 m,265.0,0.023524113679051644,11265.036532959113,9437.124944583331,1.1936936936948108
40923,Banco Galicia,BANELCO,AV. CALLAO 1171,Recoleta,Comuna 2,3,100-150 m,63.0,0.03920685613180504,1606.8618148878736,9437.124944583331,0.1702702702702025
39840,Banco Itaú,BANELCO,AV. CALLAO 1270,Recoleta,Comuna 2,1,0-50 m,15.0,0.007841371226357887,1912.9307320101345,1912.9307320101345,1.0
39840,Banco Itaú,BANELCO,AV. CALLAO 1270,Recoleta,Comuna 2,2,50-100 m,0.0,0.023524113679051644,0.0,1912.9307320101345,0.0
39840,Banco Itaú,BANELCO,AV. CALLAO 1270,Recoleta,Comuna 2,3,100-150 m,1.0,0.03920685613180504,25.50574309345831,1912.9307320101345,0.013333333333328028
39788,Banco Itaú,BANELCO,AV. CALLAO 1270,Recoleta,Comuna 2,1,0-50 m,32.0,0.007841371226357887,4080.918894954954,4080.918894954954,1.0
39788,Banco Itaú,BANELCO,AV. CALLAO 1270,Recoleta,Comuna 2,2,50-100 m,26.0,0.023524113679051644,1105.2488673846678,4080.918894954954,0.27083333333358683
39788,Banco Itaú,BANELCO,AV. CALLAO 1270,Recoleta,Comuna 2,3,100-150 m,53.0,0.03920685613180504,1351.8043839532904,4080.918894954954,0.33124999999986815
39778,Banco Comafi,BANELCO,AV. CALLAO 1279,Recoleta,Comuna 2,1,0-50 m,104.0,0.007841371226357887,13262.9864086036,13262.9864086036,1.0
39778,Banco Comafi,BANELCO,AV. CALLAO 1279,Recoleta,Comuna 2,2,50-100 m,106.0,0.023524113679051644,4506.014613183645,13262.9864086036,0.3397435897439077
39778,Banco Comafi,BANELCO,AV. CALLAO 1279,Recoleta,Comuna 2,3,100-150 m,66.0,0.03920685613180504,1683.3790441682486,13262.9864086036,0.12692307692302643
40844,Banco Galicia,BANELCO,AV. CALLAO 141,San Nicolas,Comuna 1,1,0-50 m,42.0,0.007841371226357887,5356.206049628377,5356.206049628377,1.0
40844,Banco Galicia,BANELCO,AV. CALLAO 141,San Nicolas,Comuna 1,2,50-100 m,94.0,0.023524113679051644,3995.899751313799,5356.206049628377,0.7460317460324443
40844,Banco Galicia,BANELCO,AV. CALLAO 141,San Nicolas,Comuna 1,3,100-150 m,62.0,0.03920685613180504,1581.3560717944154,5356.206049628377,0.2952380952379778
40518,BBVA Banco Francés,BANELCO,AV. CALLAO 1499,Recoleta,Comuna 2,1,0-50 m,172.0,0.007841371226357887,21934.939060382876,21934.939060382876,1.0
40518,BBVA Banco Francés,BANELCO,AV. CALLAO 1499,Recoleta,Comuna 2,2,50-100 m,30.0,0.023524113679051644,1275.2871546746167,21934.939060382876,0.058139534883775344
40518,BBVA Banco Francés,BANELCO,AV. CALLAO 1499,Recoleta,Comuna 2,3,100-150 m,84.0,0.03920685613180504,2142.482419850498,21934.939060382876,0.09767441860461229
41121,HSBC Bank Argentina,BANELCO,AV. CALLAO 1631,Recoleta,Comuna 2,1,0-50 m,17.0,0.007841371226357887,2167.988162944819,2167.988162944819,1.0
41121,HSBC Bank Argentina,BANELCO,AV. CALLAO 1631,Recoleta,Comuna 2,2,50-100 m,22.0,0.023524113679051644,935.2105800947189,2167.988162944819,0.4313725490200116
41121,HSBC Bank Argentina,BANELCO,AV. CALLAO 1631,Recoleta,Comuna 2,3,100-150 m,47.0,0.03920685613180504,1198.7699253925407,2167.988162944819,0.5529411764703682
41345,ICBC,BANELCO,AV. CALLAO 1661,Recoleta,Comuna 2,1,0-50 m,6.0,0.007841371226357887,765.1722928040539,765.1722928040539,1.0
41345,ICBC,BANELCO,AV. CALLAO 1661,Recoleta,Comuna 2,2,50-100 m,11.0,0.023524113679051644,467.60529004735946,765.1722928040539,0.611111111111683
41345,ICBC,BANELCO,AV. CALLAO 1661,Recoleta,Comuna 2,3,100-150 m,35.0,0.03920685613180504,892.7010082710409,765.1722928040539,1.1666666666662024
39735,Banco Comafi,BANELCO,AV. CALLAO 169,San Nicolas,Comuna 1,1,0-50 m,61.0,0.007841371226357887,7779.2516435078805,7779.2516435078805,1.0
39735,Banco Comafi,BANELCO,AV. CALLAO 169,San Nicolas,Comuna 1,2,50-100 m,61.0,0.023524113679051644,2593.083881171721,7779.2516435078805,0.33333333333364534
39735,Banco Comafi,BANELCO,AV. CALLAO 169,San Nicolas,Comuna 1,3,100-150 m,98.0,0.03920685613180504,2499.5628231589144,7779.2516435078805,0.32131147540970817
40209,Banco Santander Río,BANELCO,AV CALLAO 1690,Recoleta,Comuna 2,1,0-50 m,65.0,0.007841371226357887,8289.36650537725,8289.36650537725,1.0
40209,Banco Santander Río,BANELCO,AV CALLAO 1690,Recoleta,Comuna 2,2,50-100 m,53.0,0.023524113679051644,2253.0073065918227,8289.36650537725,0.2717948717951262
40209,Banco Santander Río,BANELCO,AV CALLAO 1690,Recoleta,Comuna 2,3,100-150 m,40.0,0.03920685613180504,1020.2297237383325,8289.36650537725,0.12307692307687411
40202,Banco Santander Río,BANELCO,AV. CALLAO 1833,Recoleta,Comuna 2,1,0-50 m,7.0,0.007841371226357887,892.7010082713962,892.7010082713962,1.0
40202,Banco Santander Río,BANELCO,AV. CALLAO 1833,Recoleta,Comuna 2,2,50-100 m,28.0,0.023524113679051644,1190.2680110296421,892.7010082713962,1.3333333333345811
40202,Banco Santander Río,BANELCO,AV. CALLAO 1833,Recoleta,Comuna 2,3,100-150 m,44.0,0.03920685613180504,1122.2526961121657,892.7010082713962,1.2571428571423569
40404,Banco Supervielle,BANELCO,AV. CALLAO 1991,Recoleta,Comuna 2,1,0-50 m,57.0,0.007841371226357887,7269.136781638512,7269.136781638512,1.0
40404,Banco Supervielle,BANELCO,AV. CALLAO 1991,Recoleta,Comuna 2,2,50-100 m,41.0,0.023524113679051644,1742.892444721976,7269.136781638512,0.23976608187156942
40404,Banco Supervielle,BANELCO,AV. CALLAO 1991,Recoleta,Comuna 2,3,100-150 m,77.0,0.03920685613180504,1963.94221819629,7269.136781638512,0.2701754385963837
40556,BBVA Banco Francés,BANELCO,AV.CALLAO 257,San Nicolas,Comuna 1,1,0-50 m,11.0,0.007841371226357887,1402.8158701407654,1402.8158701407654,1.0
40556,BBVA Banco Francés,BANELCO,AV.CALLAO 257,San Nicolas,Comuna 1,2,50-100 m,8.0,0.023524113679051644,340.0765745798978,1402.8158701407654,0.24242424242446933
40556,BBVA Banco Francés,BANELCO,AV.CALLAO 257,San Nicolas,Comuna 1,3,100-150 m,12.0,0.03920685613180504,306.06891712149974,1402.8158701407654,0.21818181818173135
39919,Banco Macro,BANELCO,AV. CALLAO 264,Balvanera,Comuna 3,1,0-50 m,19.0,0.007841371226357887,2423.045593879504,2423.045593879504,1.0
39919,Banco Macro,BANELCO,AV. CALLAO 264,Balvanera,Comuna 3,2,50-100 m,8.0,0.023524113679051644,340.0765745798978,2423.045593879504,0.14035087719311382
39919,Banco Macro,BANELCO,AV. CALLAO 264,Balvanera,Comuna 3,3,100-150 m,3.0,0.03920685613180504,76.51722928037493,2423.045593879504,0.03157894736840849
40036,Banco Patagonia,BANELCO,AV. CALLAO 273,San Nicolas,Comuna 1,1,0-50 m,31.0,0.007841371226357887,3953.3901794876115,3953.3901794876115,1.0
40036,Banco Patagonia,BANELCO,AV. CALLAO 273,San Nicolas,Comuna 1,2,50-100 m,67.0,0.023524113679051644,2848.141312106644,3953.3901794876115,0.720430107527556
40036,Banco Patagonia,BANELCO,AV. CALLAO 273,San Nicolas,Comuna 1,3,100-150 m,109.0,0.03920685613180504,2780.125997186956,3953.3901794876115,0.703225806451333
40276,Banco Santander Río,BANELCO,AV. CALLAO 349,San Nicolas,Comuna 1,1,0-50 m,112.0,0.007841371226357887,14283.216132342339,14283.216132342339,1.0
40276,Banco Santander Río,BANELCO,AV. CALLAO 349,San Nicolas,Comuna 1,2,50-100 m,17.0,0.023524113679051644,722.6627209822827,14283.216132342339,0.05059523809528545
40276,Banco Santander Río,BANELCO,AV. CALLAO 349,San Nicolas,Comuna 1,3,100-150 m,58.0,0.03920685613180504,1479.3330994205821,14283.216132342339,0.10357142857138736
40335,Banco Santander Río,BANELCO,AV. CASEROS 2795,Parque Patricios,Comuna 4,1,0-50 m,91.0,0.007841371226357887,11605.11310752815,11605.11310752815,1.0
40335,Banco Santander Río,BANELCO,AV. CASEROS 2795,Parque Patricios,Comuna 4,2,50-100 m,61.0,0.023524113679051644,2593.083881171721,11605.11310752815,0.2234432234434326
40335,Banco Santander Río,BANELCO,AV. CASEROS 2795,Parque Patricios,Comuna 4,3,100-150 m,18.0,0.03920685613180504,459.10337568224963,11605.11310752815,0.03956043956042382
40874,Banco Galicia,BANELCO,AV. CENTENERA 2933,Nueva Pompeya,Comuna 4,1,0-50 m,22.0,0.007841371226357887,2805.6317402815307,2805.6317402815307,1.0
40874,Banco Galicia,BANELCO,AV. CENTENERA 2933,Nueva Pompeya,Comuna 4,2,50-100 m,25.0,0.023524113679051644,1062.7392955621806,2805.6317402815307,0.37878787878823333
40874,Banco Galicia,BANELCO,AV. CENTENERA 2933,Nueva Pompeya,Comuna 4,3,100-150 m,95.0,0.03920685613180504,2423.0455938785394,2805.6317402815307,0.8636363636360199
40184,Banco Santander Río,BANELCO,AV. CONSTITUYENTES 5847,Villa Urquiza,Comuna 12,1,0-50 m,5.0,0.007841371226357887,637.6435773367116,637.6435773367116,1.0
40184,Banco Santander Río,BANELCO,AV. CONSTITUYENTES 5847,Villa Urquiza,Comuna 12,2,50-100 m,8.0,0.023524113679051644,340.0765745798978,637.6435773367116,0.5333333333338325
40184,Banco Santander Río,BANELCO,AV. CONSTITUYENTES 5847,Villa Urquiza,Comuna 12,3,100-150 m,2.0,0.03920685613180504,51.01148618691662,637.6435773367116,0.07999999999996815
40300,Banco Santander Río,BANELCO,AV. CONSTITUYENTES 5847,Villa Urquiza,Comuna 12,1,0-50 m,8.0,0.007841371226357887,1020.2297237387385,1020.2297237387385,1.0
40300,Banco Santander Río,BANELCO,AV. CONSTITUYENTES 5847,Villa Urquiza,Comuna 12,2,50-100 m,72.0,0.023524113679051644,3060.68917121908,1020.2297237387385,3.000000000002808
40300,Banco Santander Río,BANELCO,AV. CONSTITUYENTES 5847,Villa Urquiza,Comuna 12,3,100-150 m,44.0,0.03920685613180504,1122.2526961121657,1020.2297237387385,1.0999999999995622
40176,Banco Santander Río,BANELCO,AV. CORDOBA 1299,Retiro,Comuna 1,1,0-50 m,27.0,0.007841371226357887,3443.2753176182423,3443.2753176182423,1.0
40176,Banco Santander Río,BANELCO,AV. CORDOBA 1299,Retiro,Comuna 1,2,50-100 m,22.0,0.023524113679051644,935.2105800947189,3443.2753176182423,0.27160493827185916
40176,Banco Santander Río,BANELCO,AV. CORDOBA 1299,Retiro,Comuna 1,3,100-150 m,87.0,0.03920685613180504,2218.999649130873,3443.2753176182423,0.6444444444441879
39950,Banco Macro,BANELCO,AV. CORDOBA 1315,Retiro,Comuna 1,1,0-50 m,145.0,0.007841371226357887,18491.663742764635,18491.663742764635,1.0
39950,Banco Macro,BANELCO,AV. CORDOBA 1315,Retiro,Comuna 1,2,50-100 m,36.0,0.023524113679051644,1530.34458560954,18491.663742764635,0.08275862068973262
39950,Banco Macro,BANELCO,AV. CORDOBA 1315,Retiro,Comuna 1,3,100-150 m,83.0,0.03920685613180504,2116.97667675704,18491.663742764635,0.1144827586206441
40774,Banco Galicia,BANELCO,AV. CORDOBA 1428,San Nicolas,Comuna 1,1,0-50 m,101.0,0.007841371226357887,12880.400262201572,12880.400262201572,1.0
40774,Banco Galicia,BANELCO,AV. CORDOBA 1428,San Nicolas,Comuna 1,2,50-100 m,149.0,0.023524113679051644,6333.9262015505965,12880.400262201572,0.49174917491795206
40774,Banco Galicia,BANELCO,AV. CORDOBA 1428,San Nicolas,Comuna 1,3,100-150 m,22.0,0.03920685613180504,561.1263480560829,12880.400262201572,0.04356435643562623
39938,Banco Macro,BANELCO,AV. CORDOBA 1674,San Nicolas,Comuna 1,1,0-50 m,32.0,0.007841371226357887,4080.918894954954,4080.918894954954,1.0
39938,Banco Macro,BANELCO,AV. CORDOBA 1674,San Nicolas,Comuna 1,2,50-100 m,148.0,0.023524113679051644,6291.416629728109,4080.918894954954,1.5416666666681096
39938,Banco Macro,BANELCO,AV. CORDOBA 1674,San Nicolas,Comuna 1,3,100-150 m,20.0,0.03920685613180504,510.11486186916625,4080.918894954954,0.12499999999995026
40761,Banco Galicia,BANELCO,AV. CORDOBA 2090,Balvanera,Comuna 3,1,0-50 m,323.0,0.007841371226357887,41191.77509595157,41191.77509595157,1.0
40761,Banco Galicia,BANELCO,AV. CORDOBA 2090,Balvanera,Comuna 3,2,50-100 m,75.0,0.023524113679051644,3188.2178866865415,41191.77509595157,0.077399380805026
40761,Banco Galicia,BANELCO,AV. CORDOBA 2090,Balvanera,Comuna 3,3,100-150 m,27.0,0.03920685613180504,688.6550635233745,41191.77509595157,0.016718266253863315
40012,Banco Patagonia,BANELCO,AV. CORDOBA 2240,Balvanera,Comuna 3,1,0-50 m,45.0,0.007841371226357887,5738.792196030404,5738.792196030404,1.0
40012,Banco Patagonia,BANELCO,AV. CORDOBA 2240,Balvanera,Comuna 3,2,50-100 m,225.0,0.023524113679051644,9564.653660059625,5738.792196030404,1.6666666666682266
40012,Banco Patagonia,BANELCO,AV. CORDOBA 2240,Balvanera,Comuna 3,3,100-150 m,3.0,0.03920685613180504,76.51722928037493,5738.792196030404,0.013333333333328028
40217,Banco Santander Río,BANELCO,AV. CORDOBA  2282,Balvanera,Comuna 3,1,0-50 m,65.0,0.007841371226357887,8289.36650537725,8289.36650537725,1.0
40217,Banco Santander Río,BANELCO,AV. CORDOBA  2282,Balvanera,Comuna 3,2,50-100 m,17.0,0.023524113679051644,722.6627209822827,8289.36650537725,0.08717948717956878
40217,Banco Santander Río,BANELCO,AV. CORDOBA  2282,Balvanera,Comuna 3,3,100-150 m,12.0,0.03920685613180504,306.06891712149974,8289.36650537725,0.03692307692306223
39954,Banco Macro,BANELCO,AV. CORDOBA 2571/81,Recoleta,Comuna 2,1,0-50 m,40.0,0.007841371226357887,5101.148618693693,5101.148618693693,1.0
39954,Banco Macro,BANELCO,AV. CORDOBA 2571/81,Recoleta,Comuna 2,2,50-100 m,17.0,0.023524113679051644,722.6627209822827,5101.148618693693,0.14166666666679925
39954,Banco Macro,BANELCO,AV. CORDOBA 2571/81,Recoleta,Comuna 2,3,100-150 m,3.0,0.03920685613180504,76.51722928037493,5101.148618693693,0.01499999999999403
40862,Banco Galicia,BANELCO,AV. CORDOBA 3227,Recoleta,Comuna 2,1,0-50 m,172.0,0.007841371226357887,21934.939060382876,21934.939060382876,1.0
40862,Banco Galicia,BANELCO,AV. CORDOBA 3227,Recoleta,Comuna 2,2,50-100 m,91.0,0.023524113679051644,3868.3710358463372,21934.939060382876,0.1763565891474519
40862,Banco Galicia,BANELCO,AV. CORDOBA 3227,Recoleta,Comuna 2,3,100-150 m,328.0,0.03920685613180504,8365.883734654326,21934.939060382876,0.38139534883705756
40466,Banco Supervielle,BANELCO,AV. CORDOBA 331,Retiro,Comuna 1,1,0-50 m,35.0,0.007841371226357887,4463.505041356981,4463.505041356981,1.0
40466,Banco Supervielle,BANELCO,AV. CORDOBA 331,Retiro,Comuna 1,2,50-100 m,290.0,0.023524113679051644,12327.775828521295,4463.505041356981,2.761904761907347
40466,Banco Supervielle,BANELCO,AV. CORDOBA 331,Retiro,Comuna 1,3,100-150 m,39.0,0.03920685613180504,994.7239806448741,4463.505041356981,0.22285714285705419
40930,Banco Galicia,BANELCO,AV. CORDOBA 3710,Almagro,Comuna 5,1,0-50 m,236.0,0.007841371226357887,30096.776850292787,30096.776850292787,1.0
40930,Banco Galicia,BANELCO,AV. CORDOBA 3710,Almagro,Comuna 5,2,50-100 m,197.0,0.023524113679051644,8374.385649029982,30096.776850292787,0.27824858757088183
40930,Banco Galicia,BANELCO,AV. CORDOBA 3710,Almagro,Comuna 5,3,100-150 m,364.0,0.03920685613180504,9284.090486018826,30096.776850292787,0.30847457627106367
40554,BBVA Banco Francés,BANELCO,AV. CORDOBA 4675,Palermo,Comuna 14,1,0-50 m,134.0,0.007841371226357887,17088.847872623868,17088.847872623868,1.0
40554,BBVA Banco Francés,BANELCO,AV. CORDOBA 4675,Palermo,Comuna 14,2,50-100 m,101.0,0.023524113679051644,4293.46675407121,17088.847872623868,0.25124378109476253
40554,BBVA Banco Francés,BANELCO,AV. CORDOBA 4675,Palermo,Comuna 14,3,100-150 m,479.0,0.03920685613180504,12217.250941766531,17088.847872623868,0.7149253731340439
40321,Banco Santander Río,BANELCO,AV. CORDOBA 5030,Villa Crespo,Comuna 15,1,0-50 m,90.0,0.007841371226357887,11477.584392060808,11477.584392060808,1.0
40321,Banco Santander Río,BANELCO,AV. CORDOBA 5030,Villa Crespo,Comuna 15,2,50-100 m,116.0,0.023524113679051644,4931.110331408518,11477.584392060808,0.4296296296300317
40321,Banco Santander Río,BANELCO,AV. CORDOBA 5030,Villa Crespo,Comuna 15,3,100-150 m,134.0,0.03920685613180504,3417.7695745234137,11477.584392060808,0.2977777777776593
41205,HSBC Bank Argentina,BANELCO,AV. CORDOBA 544,San Nicolas,Comuna 1,1,0-50 m,127.0,0.007841371226357887,16196.146864352473,16196.146864352473,1.0
41205,HSBC Bank Argentina,BANELCO,AV. CORDOBA 544,San Nicolas,Comuna 1,2,50-100 m,190.0,0.023524113679051644,8076.818646272573,16196.146864352473,0.4986876640424615
41205,HSBC Bank Argentina,BANELCO,AV. CORDOBA 544,San Nicolas,Comuna 1,3,100-150 m,9.0,0.03920685613180504,229.55168784112482,16196.146864352473,0.014173228346451053
41337,ICBC,BANELCO,AV. CORDOBA 633,Retiro,Comuna 1,1,0-50 m,29.0,0.007841371226357887,3698.332748552927,3698.332748552927,1.0
41337,ICBC,BANELCO,AV. CORDOBA 633,Retiro,Comuna 1,2,50-100 m,3.0,0.023524113679051644,127.52871546746167,3698.332748552927,0.03448275862072193
41337,ICBC,BANELCO,AV. CORDOBA 633,Retiro,Comuna 1,3,100-150 m,1.0,0.03920685613180504,25.50574309345831,3698.332748552927,0.006896551724135186
39756,Banco Comafi,BANELCO,AV.CORDOBA 669,Retiro,Comuna 1,1,0-50 m,22.0,0.007841371226357887,2805.6317402815307,2805.6317402815307,1.0
39756,Banco Comafi,BANELCO,AV.CORDOBA 669,Retiro,Comuna 1,2,50-100 m,1.0,0.023524113679051644,42.509571822487224,2805.6317402815307,0.015151515151529333
39756,Banco Comafi,BANELCO,AV.CORDOBA 669,Retiro,Comuna 1,3,100-150 m,0.0,0.03920685613180504,0.0,2805.6317402815307,0.0
40757,Banco Galicia,BANELCO,AV. CORDOBA 699,Retiro,Comuna 1,1,0-50 m,135.0,0.007841371226357887,17216.37658809121,17216.37658809121,1.0
40757,Banco Galicia,BANELCO,AV. CORDOBA 699,Retiro,Comuna 1,2,50-100 m,22.0,0.023524113679051644,935.2105800947189,17216.37658809121,0.054320987654371836
40757,Banco Galicia,BANELCO,AV. CORDOBA 699,Retiro,Comuna 1,3,100-150 m,32.0,0.03920685613180504,816.1837789906659,17216.37658809121,0.047407407407388545
41134,HSBC Bank Argentina,BANELCO,AV. CORDOBA 899,Retiro,Comuna 1,1,0-50 m,114.0,0.007841371226357887,14538.273563277024,14538.273563277024,1.0
41134,HSBC Bank Argentina,BANELCO,AV. CORDOBA 899,Retiro,Comuna 1,2,50-100 m,78.0,0.023524113679051644,3315.7466021540035,14538.273563277024,0.22807017543880995
41134,HSBC Bank Argentina,BANELCO,AV. CORDOBA 899,Retiro,Comuna 1,3,100-150 m,117.0,0.03920685613180504,2984.1719419346223,14538.273563277024,0.20526315789465513
40909,Banco Galicia,BANELCO,AV. CORONEL DIAZ 1854,Palermo,Comuna 14,1,0-50 m,19.0,0.007841371226357887,2423.045593879504,2423.045593879504,1.0
40909,Banco Galicia,BANELCO,AV. CORONEL DIAZ 1854,Palermo,Comuna 14,2,50-100 m,12.0,0.023524113679051644,510.11486186984666,2423.045593879504,0.2105263157896707
40909,Banco Galicia,BANELCO,AV. CORONEL DIAZ 1854,Palermo,Comuna 14,3,100-150 m,134.0,0.03920685613180504,3417.7695745234137,2423.045593879504,1.4105263157889123
40677,BBVA Banco Francés,BANELCO,AV. CORONEL DIAZ 2257,Recoleta,Comuna 2,1,0-50 m,13.0,0.007841371226357887,1657.87330107545,1657.87330107545,1.0
40677,BBVA Banco Francés,BANELCO,AV. CORONEL DIAZ 2257,Recoleta,Comuna 2,2,50-100 m,148.0,0.023524113679051644,6291.416629728109,1657.87330107545,3.794871794875347
40677,BBVA Banco Francés,BANELCO,AV. CORONEL DIAZ 2257,Recoleta,Comuna 2,3,100-150 m,142.0,0.03920685613180504,3621.81551927108,1657.87330107545,2.1846153846145153
40569,BBVA Banco Francés,BANELCO,AV. CORRIENTES 1102,San Nicolas,Comuna 1,1,0-50 m,102.0,0.007841371226357887,13007.928977668915,13007.928977668915,1.0
40569,BBVA Banco Francés,BANELCO,AV. CORRIENTES 1102,San Nicolas,Comuna 1,2,50-100 m,32.0,0.023524113679051644,1360.3062983195912,13007.928977668915,0.1045751633987907
40569,BBVA Banco Francés,BANELCO,AV. CORRIENTES 1102,San Nicolas,Comuna 1,3,100-150 m,51.0,0.03920685613180504,1300.792897766374,13007.928977668915,0.09999999999996022
40290,Banco Santander Río,BANELCO,AV. CORRIENTES 1118,San Nicolas,Comuna 1,1,0-50 m,214.0,0.007841371226357887,27291.145110011254,27291.145110011254,1.0
40290,Banco Santander Río,BANELCO,AV. CORRIENTES 1118,San Nicolas,Comuna 1,2,50-100 m,242.0,0.023524113679051644,10287.316381041908,27291.145110011254,0.3769470404987952
40290,Banco Santander Río,BANELCO,AV. CORRIENTES 1118,San Nicolas,Comuna 1,3,100-150 m,188.0,0.03920685613180504,4795.079701570163,27291.145110011254,0.17570093457936933
40295,Banco Santander Río,BANELCO,AV. CORRIENTES 1427,San Nicolas,Comuna 1,1,0-50 m,217.0,0.007841371226357887,27673.73125641328,27673.73125641328,1.0
40295,Banco Santander Río,BANELCO,AV. CORRIENTES 1427,San Nicolas,Comuna 1,2,50-100 m,8.0,0.023524113679051644,340.0765745798978,27673.73125641328,0.012288786482346372
40295,Banco Santander Río,BANELCO,AV. CORRIENTES 1427,San Nicolas,Comuna 1,3,100-150 m,0.0,0.03920685613180504,0.0,27673.73125641328,0.0
40060,Banco Patagonia,BANELCO,AV. CORRIENTES 1556,San Nicolas,Comuna 1,1,0-50 m,76.0,0.007841371226357887,9692.182375518016,9692.182375518016,1.0
40060,Banco Patagonia,BANELCO,AV. CORRIENTES 1556,San Nicolas,Comuna 1,2,50-100 m,68.0,0.023524113679051644,2890.650883929131,9692.182375518016,0.2982456140353668
40060,Banco Patagonia,BANELCO,AV. CORRIENTES 1556,San Nicolas,Comuna 1,3,100-150 m,23.0,0.03920685613180504,586.6320911495412,9692.182375518016,0.0605263157894496
39998,Banco Patagonia,BANELCO,AV. CORRIENTES 2171,Balvanera,Comuna 3,1,0-50 m,45.0,0.007841371226357887,5738.792196030404,5738.792196030404,1.0
39998,Banco Patagonia,BANELCO,AV. CORRIENTES 2171,Balvanera,Comuna 3,2,50-100 m,37.0,0.023524113679051644,1572.8541574320273,5738.792196030404,0.2740740740743306
39998,Banco Patagonia,BANELCO,AV. CORRIENTES 2171,Balvanera,Comuna 3,3,100-150 m,64.0,0.03920685613180504,1632.3675579813319,5738.792196030404,0.28444444444433126
40988,Banco Galicia,BANELCO,AV. CORRIENTES 2202,Balvanera,Comuna 3,1,0-50 m,153.0,0.007841371226357887,19511.893466503374,19511.893466503374,1.0
40988,Banco Galicia,BANELCO,AV. CORRIENTES 2202,Balvanera,Comuna 3,2,50-100 m,9.0,0.023524113679051644,382.586146402385,19511.893466503374,0.01960784313727325
40988,Banco Galicia,BANELCO,AV. CORRIENTES 2202,Balvanera,Comuna 3,3,100-150 m,16.0,0.03920685613180504,408.09188949533296,19511.893466503374,0.020915032679730237
40662,BBVA Banco Francés,BANELCO,AV. CORRIENTES 2249/51,Balvanera,Comuna 3,1,0-50 m,15.0,0.007841371226357887,1912.9307320101345,1912.9307320101345,1.0
40662,BBVA Banco Francés,BANELCO,AV. CORRIENTES 2249/51,Balvanera,Comuna 3,2,50-100 m,11.0,0.023524113679051644,467.60529004735946,1912.9307320101345,0.24444444444467325
40662,BBVA Banco Francés,BANELCO,AV. CORRIENTES 2249/51,Balvanera,Comuna 3,3,100-150 m,11.0,0.03920685613180504,280.56317402804143,1912.9307320101345,0.1466666666666083
41355,ICBC,BANELCO,AV. CORRIENTES 2267,Balvanera,Comuna 3,1,0-50 m,141.0,0.007841371226357887,17981.548880895265,17981.548880895265,1.0
41355,ICBC,BANELCO,AV. CORRIENTES 2267,Balvanera,Comuna 3,2,50-100 m,44.0,0.023524113679051644,1870.4211601894378,17981.548880895265,0.10401891252964819
41355,ICBC,BANELCO,AV. CORRIENTES 2267,Balvanera,Comuna 3,3,100-150 m,83.0,0.03920685613180504,2116.97667675704,17981.548880895265,0.11773049645385386
40297,Banco Santander Río,BANELCO,AV. CORRIENTES 2426,Balvanera,Comuna 3,1,0-50 m,220.0,0.007841371226357887,28056.317402815308,28056.317402815308,1.0
40297,Banco Santander Río,BANELCO,AV. CORRIENTES 2426,Balvanera,Comuna 3,2,50-100 m,280.0,0.023524113679051644,11902.680110296422,28056.317402815308,0.42424242424282127
40297,Banco Santander Río,BANELCO,AV. CORRIENTES 2426,Balvanera,Comuna 3,3,100-150 m,49.0,0.03920685613180504,1249.7814115794572,28056.317402815308,0.04454545454543682
40788,Banco Galicia,BANELCO,AV. CORRIENTES 3148,Balvanera,Comuna 3,1,0-50 m,8.0,0.007841371226357887,1020.2297237387385,1020.2297237387385,1.0
40788,Banco Galicia,BANELCO,AV. CORRIENTES 3148,Balvanera,Comuna 3,2,50-100 m,11.0,0.023524113679051644,467.60529004735946,1020.2297237387385,0.4583333333337623
40788,Banco Galicia,BANELCO,AV. CORRIENTES 3148,Balvanera,Comuna 3,3,100-150 m,37.0,0.03920685613180504,943.7124944579575,1020.2297237387385,0.9249999999996319
41183,HSBC Bank Argentina,BANELCO,AV. CORRIENTES 3158,Balvanera,Comuna 3,1,0-50 m,117.0,0.007841371226357887,14920.85970967905,14920.85970967905,1.0
41183,HSBC Bank Argentina,BANELCO,AV. CORRIENTES 3158,Balvanera,Comuna 3,2,50-100 m,110.0,0.023524113679051644,4676.0529004735945,14920.85970967905,0.3133903133906067
41183,HSBC Bank Argentina,BANELCO,AV. CORRIENTES 3158,Balvanera,Comuna 3,3,100-150 m,240.0,0.03920685613180504,6121.3783424299945,14920.85970967905,0.41025641025624693
40646,BBVA Banco Francés,BANELCO,AV. CORRIENTES 3399,Balvanera,Comuna 3,1,0-50 m,324.0,0.007841371226357887,41319.30381141891,41319.30381141891,1.0
40646,BBVA Banco Francés,BANELCO,AV. CORRIENTES 3399,Balvanera,Comuna 3,2,50-100 m,316.0,0.023524113679051644,13433.024695905962,41319.30381141891,0.3251028806587405
40646,BBVA Banco Francés,BANELCO,AV. CORRIENTES 3399,Balvanera,Comuna 3,3,100-150 m,304.0,0.03920685613180504,7753.745900411327,41319.30381141891,0.18765432098757964
41240,ICBC,BANELCO,AV. CORRIENTES 366,San Nicolas,Comuna 1,1,0-50 m,26.0,0.007841371226357887,3315.7466021509,3315.7466021509,1.0
41240,ICBC,BANELCO,AV. CORRIENTES 366,San Nicolas,Comuna 1,2,50-100 m,1.0,0.023524113679051644,42.509571822487224,3315.7466021509,0.012820512820524821
41240,ICBC,BANELCO,AV. CORRIENTES 366,San Nicolas,Comuna 1,3,100-150 m,0.0,0.03920685613180504,0.0,3315.7466021509,0.0
39824,Banco Itaú,BANELCO,AV. CORRIENTES 3684,Almagro,Comuna 5,1,0-50 m,134.0,0.007841371226357887,17088.847872623868,17088.847872623868,1.0
39824,Banco Itaú,BANELCO,AV. CORRIENTES 3684,Almagro,Comuna 5,2,50-100 m,94.0,0.023524113679051644,3995.899751313799,17088.847872623868,0.23383084577136315
39824,Banco Itaú,BANELCO,AV. CORRIENTES 3684,Almagro,Comuna 5,3,100-150 m,262.0,0.03920685613180504,6682.504690486077,17088.847872623868,0.3910447761192474
41315,ICBC,BANELCO,AV. CORRIENTES 3829,Almagro,Comuna 5,1,0-50 m,73.0,0.007841371226357887,9309.596229115989,9309.596229115989,1.0
41315,ICBC,BANELCO,AV. CORRIENTES 3829,Almagro,Comuna 5,2,50-100 m,90.0,0.023524113679051644,3825.86146402385,9309.596229115989,0.4109589041099737
41315,ICBC,BANELCO,AV. CORRIENTES 3829,Almagro,Comuna 5,3,100-150 m,306.0,0.03920685613180504,7804.757386598243,9309.596229115989,0.838356164383228
39987,Banco Patagonia,BANELCO,AV. CORRIENTES 400,San Nicolas,Comuna 1,1,0-50 m,180.0,0.007841371226357887,22955.168784121615,22955.168784121615,1.0
39987,Banco Patagonia,BANELCO,AV. CORRIENTES 400,San Nicolas,Comuna 1,2,50-100 m,3.0,0.023524113679051644,127.52871546746167,22955.168784121615,0.005555555555560756
39987,Banco Patagonia,BANELCO,AV. CORRIENTES 400,San Nicolas,Comuna 1,3,100-150 m,0.0,0.03920685613180504,0.0,22955.168784121615,0.0
40298,Banco Santander Río,BANELCO,AV. CORRIENTES 4136,Almagro,Comuna 5,1,0-50 m,4.0,0.007841371226357887,510.11486186936924,510.11486186936924,1.0
40298,Banco Santander Río,BANELCO,AV. CORRIENTES 4136,Almagro,Comuna 5,2,50-100 m,13.0,0.023524113679051644,552.6244336923339,510.11486186936924,1.0833333333343473
40298,Banco Santander Río,BANELCO,AV. CORRIENTES 4136,Almagro,Comuna 5,3,100-150 m,7.0,0.03920685613180504,178.54020165420818,510.11486186936924,0.3499999999998607
40890,Banco Galicia,BANELCO,AV. CORRIENTES 4152,Almagro,Comuna 5,1,0-50 m,18.0,0.007841371226357887,2295.5168784121615,2295.5168784121615,1.0
40890,Banco Galicia,BANELCO,AV. CORRIENTES 4152,Almagro,Comuna 5,2,50-100 m,22.0,0.023524113679051644,935.2105800947189,2295.5168784121615,0.40740740740778875
40890,Banco Galicia,BANELCO,AV. CORRIENTES 4152,Almagro,Comuna 5,3,100-150 m,3.0,0.03920685613180504,76.51722928037493,2295.5168784121615,0.033333333333320066
39980,Banco Macro,BANELCO,AV. CORRIENTES 4222,Almagro,Comuna 5,1,0-50 m,148.0,0.007841371226357887,18874.249889166662,18874.249889166662,1.0
39980,Banco Macro,BANELCO,AV. CORRIENTES 4222,Almagro,Comuna 5,2,50-100 m,67.0,0.023524113679051644,2848.141312106644,18874.249889166662,0.15090090090104213
39980,Banco Macro,BANELCO,AV. CORRIENTES 4222,Almagro,Comuna 5,3,100-150 m,41.0,0.03920685613180504,1045.7354668317907,18874.249889166662,0.05540540540538336
40112,Banco Santander Río,BANELCO,AV. CORRIENTES 4626,Almagro,Comuna 5,1,0-50 m,14.0,0.007841371226357887,1785.4020165427924,1785.4020165427924,1.0
40112,Banco Santander Río,BANELCO,AV. CORRIENTES 4626,Almagro,Comuna 5,2,50-100 m,25.0,0.023524113679051644,1062.7392955621806,1785.4020165427924,0.5952380952386523
40112,Banco Santander Río,BANELCO,AV. CORRIENTES 4626,Almagro,Comuna 5,3,100-150 m,15.0,0.03920685613180504,382.58614640187466,1785.4020165427924,0.214285714285629
41175,HSBC Bank Argentina,BANELCO,AV. CORRIENTES 500,San Nicolas,Comuna 1,1,0-50 m,138.0,0.007841371226357887,17598.962734493238,17598.962734493238,1.0
41175,HSBC Bank Argentina,BANELCO,AV. CORRIENTES 500,San Nicolas,Comuna 1,2,50-100 m,1.0,0.023524113679051644,42.509571822487224,17598.962734493238,0.0024154589372003287
41175,HSBC Bank Argentina,BANELCO,AV. CORRIENTES 500,San Nicolas,Comuna 1,3,100-150 m,0.0,0.03920685613180504,0.0,17598.962734493238,0.0
40113,Banco Santander Río,BANELCO,AV. CORRIENTES 5100,Villa Crespo,Comuna 15,1,0-50 m,36.0,0.007841371226357887,4591.033756824323,4591.033756824323,1.0
40113,Banco Santander Río,BANELCO,AV. CORRIENTES 5100,Villa Crespo,Comuna 15,2,50-100 m,26.0,0.023524113679051644,1105.2488673846678,4591.033756824323,0.24074074074096607
40113,Banco Santander Río,BANELCO,AV. CORRIENTES 5100,Villa Crespo,Comuna 15,3,100-150 m,43.0,0.03920685613180504,1096.7469530187075,4591.033756824323,0.23888888888879384
40694,BBVA Banco Francés,BANELCO,AV. CORRIENTES 5117,Villa Crespo,Comuna 15,1,0-50 m,40.0,0.007841371226357887,5101.148618693693,5101.148618693693,1.0
40694,BBVA Banco Francés,BANELCO,AV. CORRIENTES 5117,Villa Crespo,Comuna 15,2,50-100 m,60.0,0.023524113679051644,2550.5743093492333,5101.148618693693,0.500000000000468
40694,BBVA Banco Francés,BANELCO,AV. CORRIENTES 5117,Villa Crespo,Comuna 15,3,100-150 m,10.0,0.03920685613180504,255.05743093458312,5101.148618693693,0.0499999999999801
40777,Banco Galicia,BANELCO,AV. CORRIENTES 5253,Villa Crespo,Comuna 15,1,0-50 m,141.0,0.007841371226357887,17981.548880895265,17981.548880895265,1.0
40777,Banco Galicia,BANELCO,AV. CORRIENTES 5253,Villa Crespo,Comuna 15,2,50-100 m,61.0,0.023524113679051644,2593.083881171721,17981.548880895265,0.1442080378251941
40777,Banco Galicia,BANELCO,AV. CORRIENTES 5253,Villa Crespo,Comuna 15,3,100-150 m,25.0,0.03920685613180504,637.6435773364578,17981.548880895265,0.03546099290778731
41102,HSBC Bank Argentina,BANELCO,AV. CORRIENTES 5322,Villa Crespo,Comuna 15,1,0-50 m,394.0,0.007841371226357887,50246.31389413287,50246.31389413287,1.0
41102,HSBC Bank Argentina,BANELCO,AV. CORRIENTES 5322,Villa Crespo,Comuna 15,2,50-100 m,26.0,0.023524113679051644,1105.2488673846678,50246.31389413287,0.021996615905265936
41102,HSBC Bank Argentina,BANELCO,AV. CORRIENTES 5322,Villa Crespo,Comuna 15,3,100-150 m,34.0,0.03920685613180504,867.1952651775827,50246.31389413287,0.017258883248724096
40040,Banco Patagonia,BANELCO,AV. CORRIENTES 5376,Villa Crespo,Comuna 15,1,0-50 m,18.0,0.007841371226357887,2295.5168784121615,2295.5168784121615,1.0
40040,Banco Patagonia,BANELCO,AV. CORRIENTES 5376,Villa Crespo,Comuna 15,2,50-100 m,1.0,0.023524113679051644,42.509571822487224,2295.5168784121615,0.01851851851853585
40040,Banco Patagonia,BANELCO,AV. CORRIENTES 5376,Villa Crespo,Comuna 15,3,100-150 m,1.0,0.03920685613180504,25.50574309345831,2295.5168784121615,0.01111111111110669
41241,ICBC,BANELCO,AV. CORRIENTES 5386,Villa Crespo,Comuna 15,1,0-50 m,136.0,0.007841371226357887,17343.905303558553,17343.905303558553,1.0
41241,ICBC,BANELCO,AV. CORRIENTES 5386,Villa Crespo,Comuna 15,2,50-100 m,24.0,0.023524113679051644,1020.2297237396933,17343.905303558553,0.058823529411819765
41241,ICBC,BANELCO,AV. CORRIENTES 5386,Villa Crespo,Comuna 15,3,100-150 m,44.0,0.03920685613180504,1122.2526961121657,17343.905303558553,0.06470588235291543
39847,Banco Itaú,BANELCO,AV. CORRIENTES 555,San Nicolas,Comuna 1,1,0-50 m,141.0,0.007841371226357887,17981.548880895265,17981.548880895265,1.0
39847,Banco Itaú,BANELCO,AV. CORRIENTES 555,San Nicolas,Comuna 1,2,50-100 m,1021.0,0.023524113679051644,43402.27283075945,17981.548880895265,2.413711583926609
39847,Banco Itaú,BANELCO,AV. CORRIENTES 555,San Nicolas,Comuna 1,3,100-150 m,22.0,0.03920685613180504,561.1263480560829,17981.548880895265,0.03120567375885283
40559,BBVA Banco Francés,BANELCO,AV. CORRIENTES 942,San Nicolas,Comuna 1,1,0-50 m,150.0,0.007841371226357887,19129.307320101347,19129.307320101347,1.0
40559,BBVA Banco Francés,BANELCO,AV. CORRIENTES 942,San Nicolas,Comuna 1,2,50-100 m,200.0,0.023524113679051644,8501.914364497445,19129.307320101347,0.4444444444448604
40559,BBVA Banco Francés,BANELCO,AV. CORRIENTES 942,San Nicolas,Comuna 1,3,100-150 m,0.0,0.03920685613180504,0.0,19129.307320101347,0.0
40479,Banco Supervielle,BANELCO,AV. CRAMER 1710,Belgrano,Comuna 13,1,0-50 m,19.0,0.007841371226357887,2423.045593879504,2423.045593879504,1.0
40479,Banco Supervielle,BANELCO,AV. CRAMER 1710,Belgrano,Comuna 13,2,50-100 m,60.0,0.023524113679051644,2550.5743093492333,2423.045593879504,1.0526315789483536
40479,Banco Supervielle,BANELCO,AV. CRAMER 1710,Belgrano,Comuna 13,3,100-150 m,99.0,0.03920685613180504,2525.068566252373,2423.045593879504,1.04210526315748
40071,Banco Patagonia,BANELCO,AV. CRAMER 2060,Belgrano,Comuna 13,1,0-50 m,32.0,0.007841371226357887,4080.918894954954,4080.918894954954,1.0
40071,Banco Patagonia,BANELCO,AV. CRAMER 2060,Belgrano,Comuna 13,2,50-100 m,57.0,0.023524113679051644,2423.0455938817718,4080.918894954954,0.5937500000005558
40071,Banco Patagonia,BANELCO,AV. CRAMER 2060,Belgrano,Comuna 13,3,100-150 m,53.0,0.03920685613180504,1351.8043839532904,4080.918894954954,0.33124999999986815
39862,Banco Itaú,BANELCO,AV. DEL LIBERTADOR 5769,Belgrano,Comuna 13,1,0-50 m,15.0,0.007841371226357887,1912.9307320101345,1912.9307320101345,1.0
39862,Banco Itaú,BANELCO,AV. DEL LIBERTADOR 5769,Belgrano,Comuna 13,2,50-100 m,103.0,0.023524113679051644,4378.485897716184,1912.9307320101345,2.288888888891031
39862,Banco Itaú,BANELCO,AV. DEL LIBERTADOR 5769,Belgrano,Comuna 13,3,100-150 m,177.0,0.03920685613180504,4514.516527542121,1912.9307320101345,2.359999999999061
40587,BBVA Banco Francés,BANELCO,AV.DEL LIBERTADOR 6220,Belgrano,Comuna 13,1,0-50 m,84.0,0.007841371226357887,10712.412099256753,10712.412099256753,1.0
40587,BBVA Banco Francés,BANELCO,AV.DEL LIBERTADOR 6220,Belgrano,Comuna 13,2,50-100 m,32.0,0.023524113679051644,1360.3062983195912,10712.412099256753,0.12698412698424585
40587,BBVA Banco Francés,BANELCO,AV.DEL LIBERTADOR 6220,Belgrano,Comuna 13,3,100-150 m,40.0,0.03920685613180504,1020.2297237383325,10712.412099256753,0.09523809523805735
41284,ICBC,BANELCO,AV DEL LIBERTADOR 7468,Nuñez,Comuna 13,1,0-50 m,69.0,0.007841371226357887,8799.481367246619,8799.481367246619,1.0
41284,ICBC,BANELCO,AV DEL LIBERTADOR 7468,Nuñez,Comuna 13,2,50-100 m,159.0,0.023524113679051644,6759.021919775469,8799.481367246619,0.7681159420297045
41284,ICBC,BANELCO,AV DEL LIBERTADOR 7468,Nuñez,Comuna 13,3,100-150 m,97.0,0.03920685613180504,2474.0570800654564,8799.481367246619,0.2811594202897432
40065,Banco Patagonia,BANELCO,AV. DEL LIBERTADOR 8108,Nuñez,Comuna 13,1,0-50 m,54.0,0.007841371226357887,6886.550635236485,6886.550635236485,1.0
40065,Banco Patagonia,BANELCO,AV. DEL LIBERTADOR 8108,Nuñez,Comuna 13,2,50-100 m,62.0,0.023524113679051644,2635.593452994208,6886.550635236485,0.38271604938307424
40065,Banco Patagonia,BANELCO,AV. DEL LIBERTADOR 8108,Nuñez,Comuna 13,3,100-150 m,103.0,0.03920685613180504,2627.0915386262063,6886.550635236485,0.3814814814813297
40849,Banco Galicia,BANELCO,AV. DE LOS CONSTITUYENTES 5668,Villa Pueyrredon,Comuna 12,1,0-50 m,22.0,0.007841371226357887,2805.6317402815307,2805.6317402815307,1.0
40849,Banco Galicia,BANELCO,AV. DE LOS CONSTITUYENTES 5668,Villa Pueyrredon,Comuna 12,2,50-100 m,33.0,0.023524113679051644,1402.8158701420784,2805.6317402815307,0.5000000000004681
40849,Banco Galicia,BANELCO,AV. DE LOS CONSTITUYENTES 5668,Villa Pueyrredon,Comuna 12,3,100-150 m,37.0,0.03920685613180504,943.7124944579575,2805.6317402815307,0.3363636363635025
39926,Banco Macro,BANELCO,AV. DE LOS INCAS 4138,Villa Ortuzar,Comuna 15,1,0-50 m,15.0,0.007841371226357887,1912.9307320101345,1912.9307320101345,1.0
39926,Banco Macro,BANELCO,AV. DE LOS INCAS 4138,Villa Ortuzar,Comuna 15,2,50-100 m,18.0,0.023524113679051644,765.17229280477,1912.9307320101345,0.4000000000003744
39926,Banco Macro,BANELCO,AV. DE LOS INCAS 4138,Villa Ortuzar,Comuna 15,3,100-150 m,36.0,0.03920685613180504,918.2067513644993,1912.9307320101345,0.479999999999809
40985,Banco Galicia,BANELCO,AV. DE LOS INCAS  4763,Parque Chas,Comuna 15,1,0-50 m,9.0,0.007841371226357887,1147.7584392060808,1147.7584392060808,1.0
40985,Banco Galicia,BANELCO,AV. DE LOS INCAS  4763,Parque Chas,Comuna 15,2,50-100 m,47.0,0.023524113679051644,1997.9498756568994,1147.7584392060808,1.7407407407423698
40985,Banco Galicia,BANELCO,AV. DE LOS INCAS  4763,Parque Chas,Comuna 15,3,100-150 m,96.0,0.03920685613180504,2448.551336971998,1147.7584392060808,2.133333333332484
40619,BBVA Banco Francés,BANELCO,AV. DE MAYO 1165,Monserrat,Comuna 1,1,0-50 m,59.0,0.007841371226357887,7524.194212573197,7524.194212573197,1.0
40619,BBVA Banco Francés,BANELCO,AV. DE MAYO 1165,Monserrat,Comuna 1,2,50-100 m,188.0,0.023524113679051644,7991.799502627598,7524.194212573197,1.0621468926563613
40619,BBVA Banco Francés,BANELCO,AV. DE MAYO 1165,Monserrat,Comuna 1,3,100-150 m,195.0,0.03920685613180504,4973.619903224371,7524.194212573197,0.6610169491522794
41229,ICBC,BANELCO,Av. De Mayo 1202,Monserrat,Comuna 1,1,0-50 m,40.0,0.007841371226357887,5101.148618693693,5101.148618693693,1.0
41229,ICBC,BANELCO,Av. De Mayo 1202,Monserrat,Comuna 1,2,50-100 m,65.0,0.023524113679051644,2763.1221684616694,5101.148618693693,0.5416666666671736
41229,ICBC,BANELCO,Av. De Mayo 1202,Monserrat,Comuna 1,3,100-150 m,22.0,0.03920685613180504,561.1263480560829,5101.148618693693,0.10999999999995622
40897,Banco Galicia,BANELCO,AV. DE MAYO 1225,Monserrat,Comuna 1,1,0-50 m,151.0,0.007841371226357887,19256.83603556869,19256.83603556869,1.0
40897,Banco Galicia,BANELCO,AV. DE MAYO 1225,Monserrat,Comuna 1,2,50-100 m,95.0,0.023524113679051644,4038.4093231362863,19256.83603556869,0.20971302428275698
40897,Banco Galicia,BANELCO,AV. DE MAYO 1225,Monserrat,Comuna 1,3,100-150 m,190.0,0.03920685613180504,4846.091187757079,19256.83603556869,0.25165562913897266
40032,Banco Patagonia,BANELCO,AV. DE MAYO 1441,Monserrat,Comuna 1,1,0-50 m,109.0,0.007841371226357887,13900.629985940312,13900.629985940312,1.0
40032,Banco Patagonia,BANELCO,AV. DE MAYO 1441,Monserrat,Comuna 1,2,50-100 m,213.0,0.023524113679051644,9054.538798189778,13900.629985940312,0.6513761467896004
40032,Banco Patagonia,BANELCO,AV. DE MAYO 1441,Monserrat,Comuna 1,3,100-150 m,99.0,0.03920685613180504,2525.068566252373,13900.629985940312,0.1816513761467167
40621,BBVA Banco Francés,BANELCO,AV. DE MAYO 782,Monserrat,Comuna 1,1,0-50 m,148.0,0.007841371226357887,18874.249889166662,18874.249889166662,1.0
40621,BBVA Banco Francés,BANELCO,AV. DE MAYO 782,Monserrat,Comuna 1,2,50-100 m,79.0,0.023524113679051644,3358.2561739764906,18874.249889166662,0.17792792792809445
40621,BBVA Banco Francés,BANELCO,AV. DE MAYO 782,Monserrat,Comuna 1,3,100-150 m,26.0,0.03920685613180504,663.1493204299161,18874.249889166662,0.035135135135121155
40472,Banco Supervielle,BANELCO,AV. DIAZ VELEZ 3916,Almagro,Comuna 5,1,0-50 m,132.0,0.007841371226357887,16833.790441689183,16833.790441689183,1.0
40472,Banco Supervielle,BANELCO,AV. DIAZ VELEZ 3916,Almagro,Comuna 5,2,50-100 m,120.0,0.023524113679051644,5101.148618698467,16833.790441689183,0.30303030303058665
40472,Banco Supervielle,BANELCO,AV. DIAZ VELEZ 3916,Almagro,Comuna 5,3,100-150 m,134.0,0.03920685613180504,3417.7695745234137,16833.790441689183,0.20303030303022224
40192,Banco Santander Río,BANELCO,AV. DIAZ VELEZ 4101,Almagro,Comuna 5,1,0-50 m,102.0,0.007841371226357887,13007.928977668915,13007.928977668915,1.0
40192,Banco Santander Río,BANELCO,AV. DIAZ VELEZ 4101,Almagro,Comuna 5,2,50-100 m,71.0,0.023524113679051644,3018.179599396593,13007.928977668915,0.23202614379106687
40192,Banco Santander Río,BANELCO,AV. DIAZ VELEZ 4101,Almagro,Comuna 5,3,100-150 m,59.0,0.03920685613180504,1504.8388425140404,13007.928977668915,0.1156862745097579
40047,Banco Patagonia,BANELCO,AV. DIAZ VELEZ 4363,Almagro,Comuna 5,1,0-50 m,39.0,0.007841371226357887,4973.61990322635,4973.61990322635,1.0
40047,Banco Patagonia,BANELCO,AV. DIAZ VELEZ 4363,Almagro,Comuna 5,2,50-100 m,105.0,0.023524113679051644,4463.505041361158,4973.61990322635,0.8974358974367372
40047,Banco Patagonia,BANELCO,AV. DIAZ VELEZ 4363,Almagro,Comuna 5,3,100-150 m,169.0,0.03920685613180504,4310.4705827944545,4973.61990322635,0.8666666666663216
40560,BBVA Banco Francés,BANELCO,AV. DIAZ VELEZ 5253,Caballito,Comuna 6,1,0-50 m,39.0,0.007841371226357887,4973.61990322635,4973.61990322635,1.0
40560,BBVA Banco Francés,BANELCO,AV. DIAZ VELEZ 5253,Caballito,Comuna 6,2,50-100 m,201.0,0.023524113679051644,8544.423936319932,4973.61990322635,1.7179487179503259
40560,BBVA Banco Francés,BANELCO,AV. DIAZ VELEZ 5253,Caballito,Comuna 6,3,100-150 m,142.0,0.03920685613180504,3621.81551927108,4973.61990322635,0.7282051282048384
40120,Banco Santander Río,BANELCO,AV.DIRECTORIO 1950,Flores,Comuna 7,1,0-50 m,19.0,0.007841371226357887,2423.045593879504,2423.045593879504,1.0
40120,Banco Santander Río,BANELCO,AV.DIRECTORIO 1950,Flores,Comuna 7,2,50-100 m,185.0,0.023524113679051644,7864.270787160136,2423.045593879504,3.2456140350907567
40120,Banco Santander Río,BANELCO,AV.DIRECTORIO 1950,Flores,Comuna 7,3,100-150 m,182.0,0.03920685613180504,4642.045243009413,2423.045593879504,1.9157894736834482
39991,Banco Patagonia,BANELCO,AV E CASTRO 7325,Liniers,Comuna 9,1,0-50 m,21.0,0.007841371226357887,2678.1030248141883,2678.1030248141883,1.0
39991,Banco Patagonia,BANELCO,AV E CASTRO 7325,Liniers,Comuna 9,2,50-100 m,16.0,0.023524113679051644,680.1531491597956,2678.1030248141883,0.2539682539684917
39991,Banco Patagonia,BANELCO,AV E CASTRO 7325,Liniers,Comuna 9,3,100-150 m,68.0,0.03920685613180504,1734.3905303551653,2678.1030248141883,0.64761904761879
39876,Banco Itaú,BANELCO,AV. EL CANO 3034,Colegiales,Comuna 13,1,0-50 m,0.0,0.007841371226357887,0.0,0.0,
39876,Banco Itaú,BANELCO,AV. EL CANO 3034,Colegiales,Comuna 13,2,50-100 m,3.0,0.023524113679051644,127.52871546746167,0.0,
39876,Banco Itaú,BANELCO,AV. EL CANO 3034,Colegiales,Comuna 13,3,100-150 m,3.0,0.03920685613180504,76.51722928037493,0.0,
39800,Banco Itaú,BANELCO,AV. EL CANO 3034,Colegiales,Comuna 13,1,0-50 m,20.0,0.007841371226357887,2550.5743093468463,2550.5743093468463,1.0
39800,Banco Itaú,BANELCO,AV. EL CANO 3034,Colegiales,Comuna 13,2,50-100 m,42.0,0.023524113679051644,1785.4020165444633,2550.5743093468463,0.7000000000006551
39800,Banco Itaú,BANELCO,AV. EL CANO 3034,Colegiales,Comuna 13,3,100-150 m,48.0,0.03920685613180504,1224.275668485999,2550.5743093468463,0.47999999999980897
40727,BBVA Banco Francés,BANELCO,AV. ELCANO 3107,Colegiales,Comuna 13,1,0-50 m,53.0,0.007841371226357887,6759.021919769142,6759.021919769142,1.0
40727,BBVA Banco Francés,BANELCO,AV. ELCANO 3107,Colegiales,Comuna 13,2,50-100 m,29.0,0.023524113679051644,1232.7775828521294,6759.021919769142,0.18238993710708895
40727,BBVA Banco Francés,BANELCO,AV. ELCANO 3107,Colegiales,Comuna 13,3,100-150 m,29.0,0.03920685613180504,739.6665497102911,6759.021919769142,0.1094339622641074
40275,Banco Santander Río,BANELCO,Avenida Brigadier General Juan Manuel de Rosas Y Avenida General Paz,Mataderos,Comuna 9,1,0-50 m,65.0,0.007841371226357887,8289.36650537725,8289.36650537725,1.0
40275,Banco Santander Río,BANELCO,Avenida Brigadier General Juan Manuel de Rosas Y Avenida General Paz,Mataderos,Comuna 9,2,50-100 m,15.0,0.023524113679051644,637.6435773373083,8289.36650537725,0.07692307692314893
40275,Banco Santander Río,BANELCO,Avenida Brigadier General Juan Manuel de Rosas Y Avenida General Paz,Mataderos,Comuna 9,3,100-150 m,266.0,0.03920685613180504,6784.527662859911,8289.36650537725,0.8184615384612128
40797,Banco Galicia,BANELCO,AV. ENTRE RIOS 1145,San Cristobal,Comuna 3,1,0-50 m,35.0,0.007841371226357887,4463.505041356981,4463.505041356981,1.0
40797,Banco Galicia,BANELCO,AV. ENTRE RIOS 1145,San Cristobal,Comuna 3,2,50-100 m,18.0,0.023524113679051644,765.17229280477,4463.505041356981,0.17142857142873189
40797,Banco Galicia,BANELCO,AV. ENTRE RIOS 1145,San Cristobal,Comuna 3,3,100-150 m,54.0,0.03920685613180504,1377.310127046749,4463.505041356981,0.3085714285713058
41111,HSBC Bank Argentina,BANELCO,AV. ENTRE RIOS 1150,Constitucion,Comuna 1,1,0-50 m,32.0,0.007841371226357887,4080.918894954954,4080.918894954954,1.0
41111,HSBC Bank Argentina,BANELCO,AV. ENTRE RIOS 1150,Constitucion,Comuna 1,2,50-100 m,179.0,0.023524113679051644,7609.213356225213,4080.918894954954,1.8645833333350785
41111,HSBC Bank Argentina,BANELCO,AV. ENTRE RIOS 1150,Constitucion,Comuna 1,3,100-150 m,37.0,0.03920685613180504,943.7124944579575,4080.918894954954,0.23124999999990797
40031,Banco Patagonia,BANELCO,AV. ENTRE RIOS 555,Balvanera,Comuna 3,1,0-50 m,52.0,0.007841371226357887,6631.4932043018,6631.4932043018,1.0
40031,Banco Patagonia,BANELCO,AV. ENTRE RIOS 555,Balvanera,Comuna 3,2,50-100 m,107.0,0.023524113679051644,4548.524185006133,6631.4932043018,0.685897435898078
40031,Banco Patagonia,BANELCO,AV. ENTRE RIOS 555,Balvanera,Comuna 3,3,100-150 m,115.0,0.03920685613180504,2933.160455747706,6631.4932043018,0.4423076923075163
40015,Banco Patagonia,BANELCO,AV. EVA PERON 4902,Villa Lugano,Comuna 8,1,0-50 m,43.0,0.007841371226357887,5483.734765095719,5483.734765095719,1.0
40015,Banco Patagonia,BANELCO,AV. EVA PERON 4902,Villa Lugano,Comuna 8,2,50-100 m,47.0,0.023524113679051644,1997.9498756568994,5483.734765095719,0.3643410852716588
40015,Banco Patagonia,BANELCO,AV. EVA PERON 4902,Villa Lugano,Comuna 8,3,100-150 m,35.0,0.03920685613180504,892.7010082710409,5483.734765095719,0.16279069767435383
40687,BBVA Banco Francés,BANELCO,AV. EVA PERON 4941,Mataderos,Comuna 9,1,0-50 m,107.0,0.007841371226357887,13645.572555005627,13645.572555005627,1.0
40687,BBVA Banco Francés,BANELCO,AV. EVA PERON 4941,Mataderos,Comuna 9,2,50-100 m,53.0,0.023524113679051644,2253.0073065918227,13645.572555005627,0.1651090342680673
40687,BBVA Banco Francés,BANELCO,AV. EVA PERON 4941,Mataderos,Comuna 9,3,100-150 m,67.0,0.03920685613180504,1708.8847872617068,13645.572555005627,0.12523364485976324
40041,Banco Patagonia,BANELCO,AV. F. BEIRO 5491,Villa Real,Comuna 10,1,0-50 m,38.0,0.007841371226357887,4846.091187759008,4846.091187759008,1.0
40041,Banco Patagonia,BANELCO,AV. F. BEIRO 5491,Villa Real,Comuna 10,2,50-100 m,37.0,0.023524113679051644,1572.8541574320273,4846.091187759008,0.3245614035090757
40041,Banco Patagonia,BANELCO,AV. F. BEIRO 5491,Villa Real,Comuna 10,3,100-150 m,29.0,0.03920685613180504,739.6665497102911,4846.091187759008,0.1526315789473077
39949,Banco Macro,BANELCO,AV. FCO. BEIRO 3599,Villa Devoto,Comuna 11,1,0-50 m,48.0,0.007841371226357887,6121.378342432431,6121.378342432431,1.0
39949,Banco Macro,BANELCO,AV. FCO. BEIRO 3599,Villa Devoto,Comuna 11,2,50-100 m,44.0,0.023524113679051644,1870.4211601894378,6121.378342432431,0.3055555555558415
39949,Banco Macro,BANELCO,AV. FCO. BEIRO 3599,Villa Devoto,Comuna 11,3,100-150 m,53.0,0.03920685613180504,1351.8043839532904,6121.378342432431,0.22083333333324542
41002,Banco Galicia,BANELCO,AV. FCO. BEIRO 4229,Villa Devoto,Comuna 11,1,0-50 m,16.0,0.007841371226357887,2040.459447477477,2040.459447477477,1.0
41002,Banco Galicia,BANELCO,AV. FCO. BEIRO 4229,Villa Devoto,Comuna 11,2,50-100 m,48.0,0.023524113679051644,2040.4594474793867,2040.459447477477,1.000000000000936
41002,Banco Galicia,BANELCO,AV. FCO. BEIRO 4229,Villa Devoto,Comuna 11,3,100-150 m,34.0,0.03920685613180504,867.1952651775827,2040.459447477477,0.4249999999998309
40388,Banco Santander Río,BANELCO,AV. FCO. BEIRO 5248,Villa Devoto,Comuna 11,1,0-50 m,15.0,0.007841371226357887,1912.9307320101345,1912.9307320101345,1.0
40388,Banco Santander Río,BANELCO,AV. FCO. BEIRO 5248,Villa Devoto,Comuna 11,2,50-100 m,24.0,0.023524113679051644,1020.2297237396933,1912.9307320101345,0.5333333333338325
40388,Banco Santander Río,BANELCO,AV. FCO. BEIRO 5248,Villa Devoto,Comuna 11,3,100-150 m,72.0,0.03920685613180504,1836.4135027289985,1912.9307320101345,0.959999999999618
39753,Banco Comafi,BANELCO,AV. FCO. BEIRO 5265,Villa Devoto,Comuna 11,1,0-50 m,20.0,0.007841371226357887,2550.5743093468463,2550.5743093468463,1.0
39753,Banco Comafi,BANELCO,AV. FCO. BEIRO 5265,Villa Devoto,Comuna 11,2,50-100 m,16.0,0.023524113679051644,680.1531491597956,2550.5743093468463,0.26666666666691624
39753,Banco Comafi,BANELCO,AV. FCO. BEIRO 5265,Villa Devoto,Comuna 11,3,100-150 m,15.0,0.03920685613180504,382.58614640187466,2550.5743093468463,0.1499999999999403
40867,Banco Galicia,BANELCO,AV. FCO. BEIRO 5289,Villa Devoto,Comuna 11,1,0-50 m,80.0,0.007841371226357887,10202.297237387385,10202.297237387385,1.0
40867,Banco Galicia,BANELCO,AV. FCO. BEIRO 5289,Villa Devoto,Comuna 11,2,50-100 m,60.0,0.023524113679051644,2550.5743093492333,10202.297237387385,0.250000000000234
40867,Banco Galicia,BANELCO,AV. FCO. BEIRO 5289,Villa Devoto,Comuna 11,3,100-150 m,33.0,0.03920685613180504,841.6895220841243,10202.297237387385,0.08249999999996717
40368,Banco Santander Río,BANELCO,AV. F DE LA CRUZ 6212,Villa Riachuelo,Comuna 8,1,0-50 m,31.0,0.007841371226357887,3953.3901794876115,3953.3901794876115,1.0
40368,Banco Santander Río,BANELCO,AV. F DE LA CRUZ 6212,Villa Riachuelo,Comuna 8,2,50-100 m,23.0,0.023524113679051644,977.7201519172061,3953.3901794876115,0.2473118279572207
40368,Banco Santander Río,BANELCO,AV. F DE LA CRUZ 6212,Villa Riachuelo,Comuna 8,3,100-150 m,81.0,0.03920685613180504,2065.9651905701235,3953.3901794876115,0.5225806451610824
40183,Banco Santander Río,BANELCO,AV. F. DE LA CRUZ 809,Nueva Pompeya,Comuna 4,1,0-50 m,30.0,0.007841371226357887,3825.861464020269,3825.861464020269,1.0
40183,Banco Santander Río,BANELCO,AV. F. DE LA CRUZ 809,Nueva Pompeya,Comuna 4,2,50-100 m,10.0,0.023524113679051644,425.0957182248722,3825.861464020269,0.1111111111112151
40183,Banco Santander Río,BANELCO,AV. F. DE LA CRUZ 809,Nueva Pompeya,Comuna 4,3,100-150 m,63.0,0.03920685613180504,1606.8618148878736,3825.861464020269,0.4199999999998329
40553,BBVA Banco Francés,BANELCO,AV. FEDERICO LACROZE 2451,Colegiales,Comuna 13,1,0-50 m,38.0,0.007841371226357887,4846.091187759008,4846.091187759008,1.0
40553,BBVA Banco Francés,BANELCO,AV. FEDERICO LACROZE 2451,Colegiales,Comuna 13,2,50-100 m,48.0,0.023524113679051644,2040.4594474793867,4846.091187759008,0.4210526315793414
40553,BBVA Banco Francés,BANELCO,AV. FEDERICO LACROZE 2451,Colegiales,Comuna 13,3,100-150 m,136.0,0.03920685613180504,3468.7810607103306,4846.091187759008,0.7157894736839256
40863,Banco Galicia,BANELCO,AV. FEDERICO LACROZE 3101,Colegiales,Comuna 13,1,0-50 m,48.0,0.007841371226357887,6121.378342432431,6121.378342432431,1.0
40863,Banco Galicia,BANELCO,AV. FEDERICO LACROZE 3101,Colegiales,Comuna 13,2,50-100 m,70.0,0.023524113679051644,2975.6700275741055,6121.378342432431,0.486111111111566
40863,Banco Galicia,BANELCO,AV. FEDERICO LACROZE 3101,Colegiales,Comuna 13,3,100-150 m,206.0,0.03920685613180504,5254.183077252413,6121.378342432431,0.8583333333329918
40507,Banco Supervielle,BANELCO,AV. F.F.DE LA CRUZ 6545,Villa Riachuelo,Comuna 8,1,0-50 m,2.0,0.007841371226357887,255.05743093468462,255.05743093468462,1.0
40507,Banco Supervielle,BANELCO,AV. F.F.DE LA CRUZ 6545,Villa Riachuelo,Comuna 8,2,50-100 m,113.0,0.023524113679051644,4803.581615941056,255.05743093468462,18.83333333335096
40507,Banco Supervielle,BANELCO,AV. F.F.DE LA CRUZ 6545,Villa Riachuelo,Comuna 8,3,100-150 m,37.0,0.03920685613180504,943.7124944579575,255.05743093468462,3.6999999999985276
40215,Banco Santander Río,BANELCO,AV. FIGUEROA ALCORTA 2263,Recoleta,Comuna 2,1,0-50 m,35.0,0.007841371226357887,4463.505041356981,4463.505041356981,1.0
40215,Banco Santander Río,BANELCO,AV. FIGUEROA ALCORTA 2263,Recoleta,Comuna 2,2,50-100 m,107.0,0.023524113679051644,4548.524185006133,4463.505041356981,1.0190476190485729
40215,Banco Santander Río,BANELCO,AV. FIGUEROA ALCORTA 2263,Recoleta,Comuna 2,3,100-150 m,160.0,0.03920685613180504,4080.91889495333,4463.505041356981,0.9142857142853505
39912,Banco Macro,BANELCO,AV F. LACROZE 3825,Chacarita,Comuna 15,1,0-50 m,71.0,0.007841371226357887,9054.538798181304,9054.538798181304,1.0
39912,Banco Macro,BANELCO,AV F. LACROZE 3825,Chacarita,Comuna 15,2,50-100 m,35.0,0.023524113679051644,1487.8350137870527,9054.538798181304,0.16431924882644486
39912,Banco Macro,BANELCO,AV F. LACROZE 3825,Chacarita,Comuna 15,3,100-150 m,62.0,0.03920685613180504,1581.3560717944154,9054.538798181304,0.17464788732387418
40317,Banco Santander Río,BANELCO,AV. FOREST 1187,Chacarita,Comuna 15,1,0-50 m,50.0,0.007841371226357887,6376.435773367116,6376.435773367116,1.0
40317,Banco Santander Río,BANELCO,AV. FOREST 1187,Chacarita,Comuna 15,2,50-100 m,75.0,0.023524113679051644,3188.2178866865415,6376.435773367116,0.500000000000468
40317,Banco Santander Río,BANELCO,AV. FOREST 1187,Chacarita,Comuna 15,3,100-150 m,105.0,0.03920685613180504,2678.103024813123,6376.435773367116,0.41999999999983284
40467,Banco Supervielle,BANELCO,AV. FRANCISCO BEIRO 3180,Villa Del Parque,Comuna 11,1,0-50 m,10.0,0.007841371226357887,1275.2871546734232,1275.2871546734232,1.0
40467,Banco Supervielle,BANELCO,AV. FRANCISCO BEIRO 3180,Villa Del Parque,Comuna 11,2,50-100 m,1.0,0.023524113679051644,42.509571822487224,1275.2871546734232,0.03333333333336453
40467,Banco Supervielle,BANELCO,AV. FRANCISCO BEIRO 3180,Villa Del Parque,Comuna 11,3,100-150 m,7.0,0.03920685613180504,178.54020165420818,1275.2871546734232,0.13999999999994428
40667,BBVA Banco Francés,BANELCO,AV. FRANCISCO BEIRO 4359,Villa Devoto,Comuna 11,1,0-50 m,9.0,0.007841371226357887,1147.7584392060808,1147.7584392060808,1.0
40667,BBVA Banco Francés,BANELCO,AV. FRANCISCO BEIRO 4359,Villa Devoto,Comuna 11,2,50-100 m,51.0,0.023524113679051644,2167.988162946848,1147.7584392060808,1.8888888888906568
40667,BBVA Banco Francés,BANELCO,AV. FRANCISCO BEIRO 4359,Villa Devoto,Comuna 11,3,100-150 m,14.0,0.03920685613180504,357.08040330841635,1147.7584392060808,0.31111111111098727
40617,BBVA Banco Francés,BANELCO,AV. GAONA 2508,Flores,Comuna 7,1,0-50 m,61.0,0.007841371226357887,7779.2516435078805,7779.2516435078805,1.0
40617,BBVA Banco Francés,BANELCO,AV. GAONA 2508,Flores,Comuna 7,2,50-100 m,74.0,0.023524113679051644,3145.7083148640545,7779.2516435078805,0.40437158469983203
40617,BBVA Banco Francés,BANELCO,AV. GAONA 2508,Flores,Comuna 7,3,100-150 m,119.0,0.03920685613180504,3035.1834281215392,7779.2516435078805,0.3901639344260743
40806,Banco Galicia,BANELCO,AV GAONA 3496,Flores,Comuna 7,1,0-50 m,127.0,0.007841371226357887,16196.146864352473,16196.146864352473,1.0
40806,Banco Galicia,BANELCO,AV GAONA 3496,Flores,Comuna 7,2,50-100 m,56.0,0.023524113679051644,2380.5360220592843,16196.146864352473,0.14698162729672548
40806,Banco Galicia,BANELCO,AV GAONA 3496,Flores,Comuna 7,3,100-150 m,31.0,0.03920685613180504,790.6780358972077,16196.146864352473,0.048818897637775846
40591,BBVA Banco Francés,BANELCO,AV. GAONA 3720,Flores,Comuna 7,1,0-50 m,19.0,0.007841371226357887,2423.045593879504,2423.045593879504,1.0
40591,BBVA Banco Francés,BANELCO,AV. GAONA 3720,Flores,Comuna 7,2,50-100 m,19.0,0.023524113679051644,807.6818646272573,2423.045593879504,0.3333333333336453
40591,BBVA Banco Francés,BANELCO,AV. GAONA 3720,Flores,Comuna 7,3,100-150 m,40.0,0.03920685613180504,1020.2297237383325,2423.045593879504,0.4210526315787798
40640,BBVA Banco Francés,BANELCO,AV GRAL MOSCONI 2816,Villa Pueyrredon,Comuna 12,1,0-50 m,41.0,0.007841371226357887,5228.677334161035,5228.677334161035,1.0
40640,BBVA Banco Francés,BANELCO,AV GRAL MOSCONI 2816,Villa Pueyrredon,Comuna 12,2,50-100 m,26.0,0.023524113679051644,1105.2488673846678,5228.677334161035,0.21138211382133604
40640,BBVA Banco Francés,BANELCO,AV GRAL MOSCONI 2816,Villa Pueyrredon,Comuna 12,3,100-150 m,104.0,0.03920685613180504,2652.5972817196644,5228.677334161035,0.5073170731705298
40997,Banco Galicia,BANELCO,AV.INDEPENDENCIA 3691,Almagro,Comuna 5,1,0-50 m,71.0,0.007841371226357887,9054.538798181304,9054.538798181304,1.0
40997,Banco Galicia,BANELCO,AV.INDEPENDENCIA 3691,Almagro,Comuna 5,2,50-100 m,73.0,0.023524113679051644,3103.1987430415675,9054.538798181304,0.3427230046951565
40997,Banco Galicia,BANELCO,AV.INDEPENDENCIA 3691,Almagro,Comuna 5,3,100-150 m,91.0,0.03920685613180504,2321.0226215047064,9054.538798181304,0.2563380281689121
41316,ICBC,BANELCO,AV. J. B. ALBERDI 5754,Mataderos,Comuna 9,1,0-50 m,15.0,0.007841371226357887,1912.9307320101345,1912.9307320101345,1.0
41316,ICBC,BANELCO,AV. J. B. ALBERDI 5754,Mataderos,Comuna 9,2,50-100 m,69.0,0.023524113679051644,2933.1604557516184,1912.9307320101345,1.5333333333347685
41316,ICBC,BANELCO,AV. J. B. ALBERDI 5754,Mataderos,Comuna 9,3,100-150 m,27.0,0.03920685613180504,688.6550635233745,1912.9307320101345,0.35999999999985677
39816,Banco Itaú,BANELCO,AV. J. B. ALBERDI 5977,Mataderos,Comuna 9,1,0-50 m,4.0,0.007841371226357887,510.11486186936924,510.11486186936924,1.0
39816,Banco Itaú,BANELCO,AV. J. B. ALBERDI 5977,Mataderos,Comuna 9,2,50-100 m,1.0,0.023524113679051644,42.509571822487224,510.11486186936924,0.08333333333341134
39816,Banco Itaú,BANELCO,AV. J. B. ALBERDI 5977,Mataderos,Comuna 9,3,100-150 m,4.0,0.03920685613180504,102.02297237383324,510.11486186936924,0.1999999999999204
39852,Banco Itaú,BANELCO,AV. J. B. ALBERDI 5977,Mataderos,Comuna 9,1,0-50 m,33.0,0.007841371226357887,4208.447610422296,4208.447610422296,1.0
39852,Banco Itaú,BANELCO,AV. J. B. ALBERDI 5977,Mataderos,Comuna 9,2,50-100 m,33.0,0.023524113679051644,1402.8158701420784,4208.447610422296,0.33333333333364534
39852,Banco Itaú,BANELCO,AV. J. B. ALBERDI 5977,Mataderos,Comuna 9,3,100-150 m,68.0,0.03920685613180504,1734.3905303551653,4208.447610422296,0.4121212121210482
39906,Banco Itaú,BANELCO,AV. J.B. ALBERDI 7283,Mataderos,Comuna 9,1,0-50 m,22.0,0.007841371226357887,2805.6317402815307,2805.6317402815307,1.0
39906,Banco Itaú,BANELCO,AV. J.B. ALBERDI 7283,Mataderos,Comuna 9,2,50-100 m,36.0,0.023524113679051644,1530.34458560954,2805.6317402815307,0.545454545455056
39906,Banco Itaú,BANELCO,AV. J.B. ALBERDI 7283,Mataderos,Comuna 9,3,100-150 m,51.0,0.03920685613180504,1300.792897766374,2805.6317402815307,0.46363636363617916
40852,Banco Galicia,BANELCO,AV. J.B. JUSTO 6629,Floresta,Comuna 10,1,0-50 m,11.0,0.007841371226357887,1402.8158701407654,1402.8158701407654,1.0
40852,Banco Galicia,BANELCO,AV. J.B. JUSTO 6629,Floresta,Comuna 10,2,50-100 m,37.0,0.023524113679051644,1572.8541574320273,1402.8158701407654,1.1212121212131707
40852,Banco Galicia,BANELCO,AV. J.B. JUSTO 6629,Floresta,Comuna 10,3,100-150 m,63.0,0.03920685613180504,1606.8618148878736,1402.8158701407654,1.1454545454540896
40439,Banco Supervielle,BANELCO,AV. JOSE M. MORENO 230,Caballito,Comuna 6,1,0-50 m,59.0,0.007841371226357887,7524.194212573197,7524.194212573197,1.0
40439,Banco Supervielle,BANELCO,AV. JOSE M. MORENO 230,Caballito,Comuna 6,2,50-100 m,91.0,0.023524113679051644,3868.3710358463372,7524.194212573197,0.5141242937857919
40439,Banco Supervielle,BANELCO,AV. JOSE M. MORENO 230,Caballito,Comuna 6,3,100-150 m,115.0,0.03920685613180504,2933.160455747706,7524.194212573197,0.38983050847442113
40181,Banco Santander Río,BANELCO,AV. JUAN B. ALBERDI 1617,Caballito,Comuna 6,1,0-50 m,35.0,0.007841371226357887,4463.505041356981,4463.505041356981,1.0
40181,Banco Santander Río,BANELCO,AV. JUAN B. ALBERDI 1617,Caballito,Comuna 6,2,50-100 m,119.0,0.023524113679051644,5058.639046875979,4463.505041356981,1.133333333334394
40181,Banco Santander Río,BANELCO,AV. JUAN B. ALBERDI 1617,Caballito,Comuna 6,3,100-150 m,111.0,0.03920685613180504,2831.137483373873,4463.505041356981,0.634285714285462
40033,Banco Patagonia,BANELCO,AV. JUAN B. ALBERDI 5002,Mataderos,Comuna 9,1,0-50 m,43.0,0.007841371226357887,5483.734765095719,5483.734765095719,1.0
40033,Banco Patagonia,BANELCO,AV. JUAN B. ALBERDI 5002,Mataderos,Comuna 9,2,50-100 m,21.0,0.023524113679051644,892.7010082722317,5483.734765095719,0.16279069767457097
40033,Banco Patagonia,BANELCO,AV. JUAN B. ALBERDI 5002,Mataderos,Comuna 9,3,100-150 m,86.0,0.03920685613180504,2193.493906037415,5483.734765095719,0.39999999999984087
40885,Banco Galicia,BANELCO,AV. JUAN B. ALBERDI 5859,Mataderos,Comuna 9,1,0-50 m,13.0,0.007841371226357887,1657.87330107545,1657.87330107545,1.0
40885,Banco Galicia,BANELCO,AV. JUAN B. ALBERDI 5859,Mataderos,Comuna 9,2,50-100 m,117.0,0.023524113679051644,4973.619903231005,1657.87330107545,3.000000000002808
40885,Banco Galicia,BANELCO,AV. JUAN B. ALBERDI 5859,Mataderos,Comuna 9,3,100-150 m,44.0,0.03920685613180504,1122.2526961121657,1657.87330107545,0.6769230769228076
40865,Banco Galicia,BANELCO,AV. JUAN B. JUSTO 4802,Villa Gral. Mitre,Comuna 11,1,0-50 m,33.0,0.007841371226357887,4208.447610422296,4208.447610422296,1.0
40865,Banco Galicia,BANELCO,AV. JUAN B. JUSTO 4802,Villa Gral. Mitre,Comuna 11,2,50-100 m,27.0,0.023524113679051644,1147.758439207155,4208.447610422296,0.272727272727528
40865,Banco Galicia,BANELCO,AV. JUAN B. JUSTO 4802,Villa Gral. Mitre,Comuna 11,3,100-150 m,44.0,0.03920685613180504,1122.2526961121657,4208.447610422296,0.2666666666665606
40522,BBVA Banco Francés,BANELCO,AV. JUAN B. JUSTO 7132,Velez Sarsfield,Comuna 10,1,0-50 m,76.0,0.007841371226357887,9692.182375518016,9692.182375518016,1.0
40522,BBVA Banco Francés,BANELCO,AV. JUAN B. JUSTO 7132,Velez Sarsfield,Comuna 10,2,50-100 m,98.0,0.023524113679051644,4165.938038603747,9692.182375518016,0.429824561403911
40522,BBVA Banco Francés,BANELCO,AV. JUAN B. JUSTO 7132,Velez Sarsfield,Comuna 10,3,100-150 m,112.0,0.03920685613180504,2856.643226467331,9692.182375518016,0.29473684210514584
39873,Banco Itaú,BANELCO,AV. JURAMENTO 2013,Belgrano,Comuna 13,1,0-50 m,75.0,0.007841371226357887,9564.653660050673,9564.653660050673,1.0
39873,Banco Itaú,BANELCO,AV. JURAMENTO 2013,Belgrano,Comuna 13,2,50-100 m,11.0,0.023524113679051644,467.60529004735946,9564.653660050673,0.048888888888934647
39873,Banco Itaú,BANELCO,AV. JURAMENTO 2013,Belgrano,Comuna 13,3,100-150 m,13.0,0.03920685613180504,331.57466021495804,9564.653660050673,0.03466666666665287
40911,Banco Galicia,BANELCO,AV.JURAMENTO 2095,Belgrano,Comuna 13,1,0-50 m,88.0,0.007841371226357887,11222.526961126123,11222.526961126123,1.0
40911,Banco Galicia,BANELCO,AV.JURAMENTO 2095,Belgrano,Comuna 13,2,50-100 m,71.0,0.023524113679051644,3018.179599396593,11222.526961126123,0.26893939393964567
40911,Banco Galicia,BANELCO,AV.JURAMENTO 2095,Belgrano,Comuna 13,3,100-150 m,122.0,0.03920685613180504,3111.700657401914,11222.526961126123,0.277272727272617
40104,Banco Santander Río,BANELCO,AV. LA PLATA 1031,Parque Chacabuco,Comuna 7,1,0-50 m,23.0,0.007841371226357887,2933.160455748873,2933.160455748873,1.0
40104,Banco Santander Río,BANELCO,AV. LA PLATA 1031,Parque Chacabuco,Comuna 7,2,50-100 m,280.0,0.023524113679051644,11902.680110296422,2933.160455748873,4.057971014496552
40104,Banco Santander Río,BANELCO,AV. LA PLATA 1031,Parque Chacabuco,Comuna 7,3,100-150 m,229.0,0.03920685613180504,5840.815168401953,2933.160455748873,1.9913043478252943
40094,Banco Santander Río,BANELCO,AV. LA PLATA 140,Almagro,Comuna 5,1,0-50 m,54.0,0.007841371226357887,6886.550635236485,6886.550635236485,1.0
40094,Banco Santander Río,BANELCO,AV. LA PLATA 140,Almagro,Comuna 5,2,50-100 m,133.0,0.023524113679051644,5653.7730523908,6886.550635236485,0.820987654321756
40094,Banco Santander Río,BANELCO,AV. LA PLATA 140,Almagro,Comuna 5,3,100-150 m,95.0,0.03920685613180504,2423.0455938785394,6886.550635236485,0.3518518518517118
40837,Banco Galicia,BANELCO,AV. LA PLATA 293,Caballito,Comuna 6,1,0-50 m,126.0,0.007841371226357887,16068.61814888513,16068.61814888513,1.0
40837,Banco Galicia,BANELCO,AV. LA PLATA 293,Caballito,Comuna 6,2,50-100 m,60.0,0.023524113679051644,2550.5743093492333,16068.61814888513,0.1587301587303073
40837,Banco Galicia,BANELCO,AV. LA PLATA 293,Caballito,Comuna 6,3,100-150 m,112.0,0.03920685613180504,2856.643226467331,16068.61814888513,0.17777777777770704
40644,BBVA Banco Francés,BANELCO,AV. LA PLATA 510,Almagro,Comuna 5,1,0-50 m,61.0,0.007841371226357887,7779.2516435078805,7779.2516435078805,1.0
40644,BBVA Banco Francés,BANELCO,AV. LA PLATA 510,Almagro,Comuna 5,2,50-100 m,21.0,0.023524113679051644,892.7010082722317,7779.2516435078805,0.11475409836076314
40644,BBVA Banco Francés,BANELCO,AV. LA PLATA 510,Almagro,Comuna 5,3,100-150 m,87.0,0.03920685613180504,2218.999649130873,7779.2516435078805,0.28524590163923075
40506,Banco Supervielle,BANELCO,AV. LA PLATA 537,Caballito,Comuna 6,1,0-50 m,24.0,0.007841371226357887,3060.6891712162155,3060.6891712162155,1.0
40506,Banco Supervielle,BANELCO,AV. LA PLATA 537,Caballito,Comuna 6,2,50-100 m,71.0,0.023524113679051644,3018.179599396593,3060.6891712162155,0.9861111111120341
40506,Banco Supervielle,BANELCO,AV. LA PLATA 537,Caballito,Comuna 6,3,100-150 m,198.0,0.03920685613180504,5050.137132504746,3060.6891712162155,1.6499999999993433
40311,Banco Santander Río,BANELCO,AV. LAS HERAS 1602,Recoleta,Comuna 2,1,0-50 m,35.0,0.007841371226357887,4463.505041356981,4463.505041356981,1.0
40311,Banco Santander Río,BANELCO,AV. LAS HERAS 1602,Recoleta,Comuna 2,2,50-100 m,59.0,0.023524113679051644,2508.0647375267463,4463.505041356981,0.5619047619052878
40311,Banco Santander Río,BANELCO,AV. LAS HERAS 1602,Recoleta,Comuna 2,3,100-150 m,133.0,0.03920685613180504,3392.2638314299556,4463.505041356981,0.7599999999996976
40446,Banco Supervielle,BANELCO,AV. LAS HERAS 2401,Recoleta,Comuna 2,1,0-50 m,74.0,0.007841371226357887,9437.124944583331,9437.124944583331,1.0
40446,Banco Supervielle,BANELCO,AV. LAS HERAS 2401,Recoleta,Comuna 2,2,50-100 m,28.0,0.023524113679051644,1190.2680110296421,9437.124944583331,0.12612612612624416
40446,Banco Supervielle,BANELCO,AV. LAS HERAS 2401,Recoleta,Comuna 2,3,100-150 m,105.0,0.03920685613180504,2678.103024813123,9437.124944583331,0.28378378378367086
41161,HSBC Bank Argentina,BANELCO,AV. LAS HERAS 2958,Recoleta,Comuna 2,1,0-50 m,30.0,0.007841371226357887,3825.861464020269,3825.861464020269,1.0
41161,HSBC Bank Argentina,BANELCO,AV. LAS HERAS 2958,Recoleta,Comuna 2,2,50-100 m,50.0,0.023524113679051644,2125.478591124361,3825.861464020269,0.5555555555560756
41161,HSBC Bank Argentina,BANELCO,AV. LAS HERAS 2958,Recoleta,Comuna 2,3,100-150 m,149.0,0.03920685613180504,3800.3557209252886,3825.861464020269,0.9933333333329382
41365,ICBC,BANELCO,AV. LAS HERAS 3001,Palermo,Comuna 14,1,0-50 m,16.0,0.007841371226357887,2040.459447477477,2040.459447477477,1.0
41365,ICBC,BANELCO,AV. LAS HERAS 3001,Palermo,Comuna 14,2,50-100 m,3.0,0.023524113679051644,127.52871546746167,2040.459447477477,0.0625000000000585
41365,ICBC,BANELCO,AV. LAS HERAS 3001,Palermo,Comuna 14,3,100-150 m,5.0,0.03920685613180504,127.52871546729156,2040.459447477477,0.06249999999997513
39898,Banco Itaú,BANELCO,AV. LAS HERAS 3015,Palermo,Comuna 14,1,0-50 m,98.0,0.007841371226357887,12497.814115799547,12497.814115799547,1.0
39898,Banco Itaú,BANELCO,AV. LAS HERAS 3015,Palermo,Comuna 14,2,50-100 m,82.0,0.023524113679051644,3485.784889443952,12497.814115799547,0.2789115646261114
39898,Banco Itaú,BANELCO,AV. LAS HERAS 3015,Palermo,Comuna 14,3,100-150 m,38.0,0.03920685613180504,969.2182375514159,12497.814115799547,0.0775510204081324
40211,Banco Santander Río,BANELCO,AV. LAS HERAS 3201,Palermo,Comuna 14,1,0-50 m,216.0,0.007841371226357887,27546.20254094594,27546.20254094594,1.0
40211,Banco Santander Río,BANELCO,AV. LAS HERAS 3201,Palermo,Comuna 14,2,50-100 m,127.0,0.023524113679051644,5398.715621455877,27546.20254094594,0.1959876543211711
40211,Banco Santander Río,BANELCO,AV. LAS HERAS 3201,Palermo,Comuna 14,3,100-150 m,222.0,0.03920685613180504,5662.274966747746,27546.20254094594,0.20555555555547378
39948,Banco Macro,BANELCO,AV. LAS HERAS 3701,Palermo,Comuna 14,1,0-50 m,122.0,0.007841371226357887,15558.503287015761,15558.503287015761,1.0
39948,Banco Macro,BANELCO,AV. LAS HERAS 3701,Palermo,Comuna 14,2,50-100 m,55.0,0.023524113679051644,2338.0264502367972,15558.503287015761,0.1502732240438565
39948,Banco Macro,BANELCO,AV. LAS HERAS 3701,Palermo,Comuna 14,3,100-150 m,19.0,0.03920685613180504,484.60911877570794,15558.503287015761,0.031147540983594166
40013,Banco Patagonia,BANELCO,AV. LEANDRO N ALEM 1064,Retiro,Comuna 1,1,0-50 m,20.0,0.007841371226357887,2550.5743093468463,2550.5743093468463,1.0
40013,Banco Patagonia,BANELCO,AV. LEANDRO N ALEM 1064,Retiro,Comuna 1,2,50-100 m,7.0,0.023524113679051644,297.56700275741053,2550.5743093468463,0.11666666666677585
40013,Banco Patagonia,BANELCO,AV. LEANDRO N ALEM 1064,Retiro,Comuna 1,3,100-150 m,0.0,0.03920685613180504,0.0,2550.5743093468463,0.0
41110,HSBC Bank Argentina,BANELCO,AV.LIBERTADOR 6350,Belgrano,Comuna 13,1,0-50 m,11.0,0.007841371226357887,1402.8158701407654,1402.8158701407654,1.0
41110,HSBC Bank Argentina,BANELCO,AV.LIBERTADOR 6350,Belgrano,Comuna 13,2,50-100 m,53.0,0.023524113679051644,2253.0073065918227,1402.8158701407654,1.6060606060621092
41110,HSBC Bank Argentina,BANELCO,AV.LIBERTADOR 6350,Belgrano,Comuna 13,3,100-150 m,15.0,0.03920685613180504,382.58614640187466,1402.8158701407654,0.2727272727271642
40736,Banco Galicia,BANELCO,AV. LIBERTADOR 6876,Nuñez,Comuna 13,1,0-50 m,93.0,0.007841371226357887,11860.170538462835,11860.170538462835,1.0
40736,Banco Galicia,BANELCO,AV. LIBERTADOR 6876,Nuñez,Comuna 13,2,50-100 m,33.0,0.023524113679051644,1402.8158701420784,11860.170538462835,0.11827956989258383
40736,Banco Galicia,BANELCO,AV. LIBERTADOR 6876,Nuñez,Comuna 13,3,100-150 m,118.0,0.03920685613180504,3009.6776850280808,11860.170538462835,0.25376344086011404
40786,Banco Galicia,BANELCO,AV LISANDRO DE LA TORRE 2406,Mataderos,Comuna 9,1,0-50 m,43.0,0.007841371226357887,5483.734765095719,5483.734765095719,1.0
40786,Banco Galicia,BANELCO,AV LISANDRO DE LA TORRE 2406,Mataderos,Comuna 9,2,50-100 m,6.0,0.023524113679051644,255.05743093492333,5483.734765095719,0.04651162790702028
40786,Banco Galicia,BANELCO,AV LISANDRO DE LA TORRE 2406,Mataderos,Comuna 9,3,100-150 m,53.0,0.03920685613180504,1351.8043839532904,5483.734765095719,0.24651162790687864
40172,Banco Santander Río,BANELCO,AV. L.N.ALEM 456,San Nicolas,Comuna 1,1,0-50 m,31.0,0.007841371226357887,3953.3901794876115,3953.3901794876115,1.0
40172,Banco Santander Río,BANELCO,AV. L.N.ALEM 456,San Nicolas,Comuna 1,2,50-100 m,95.0,0.023524113679051644,4038.4093231362863,3953.3901794876115,1.0215053763450421
40172,Banco Santander Río,BANELCO,AV. L.N.ALEM 456,San Nicolas,Comuna 1,3,100-150 m,12.0,0.03920685613180504,306.06891712149974,3953.3901794876115,0.07741935483867887
40768,Banco Galicia,BANELCO,AV. L.N. ALEM 651,San Nicolas,Comuna 1,1,0-50 m,7.0,0.007841371226357887,892.7010082713962,892.7010082713962,1.0
40768,Banco Galicia,BANELCO,AV. L.N. ALEM 651,San Nicolas,Comuna 1,2,50-100 m,30.0,0.023524113679051644,1275.2871546746167,892.7010082713962,1.4285714285727655
40768,Banco Galicia,BANELCO,AV. L.N. ALEM 651,San Nicolas,Comuna 1,3,100-150 m,5.0,0.03920685613180504,127.52871546729156,892.7010082713962,0.142857142857086
41092,HSBC Bank Argentina,BANELCO,AV. L. N. ALEM 653,San Nicolas,Comuna 1,1,0-50 m,23.0,0.007841371226357887,2933.160455748873,2933.160455748873,1.0
41092,HSBC Bank Argentina,BANELCO,AV. L. N. ALEM 653,San Nicolas,Comuna 1,2,50-100 m,205.0,0.023524113679051644,8714.46222360988,2933.160455748873,2.971014492756404
41092,HSBC Bank Argentina,BANELCO,AV. L. N. ALEM 653,San Nicolas,Comuna 1,3,100-150 m,176.0,0.03920685613180504,4489.010784448663,2933.160455748873,1.5304347826080866
40898,Banco Galicia,BANELCO,AV. L.N. ALEM 910,Retiro,Comuna 1,1,0-50 m,91.0,0.007841371226357887,11605.11310752815,11605.11310752815,1.0
40898,Banco Galicia,BANELCO,AV. L.N. ALEM 910,Retiro,Comuna 1,2,50-100 m,89.0,0.023524113679051644,3783.3518922013627,11605.11310752815,0.3260073260076311
40898,Banco Galicia,BANELCO,AV. L.N. ALEM 910,Retiro,Comuna 1,3,100-150 m,0.0,0.03920685613180504,0.0,11605.11310752815,0.0
39883,Banco Itaú,BANELCO,AV. LUIS MARÍA CAMPOS 1407,Belgrano,Comuna 13,1,0-50 m,10.0,0.007841371226357887,1275.2871546734232,1275.2871546734232,1.0
39883,Banco Itaú,BANELCO,AV. LUIS MARÍA CAMPOS 1407,Belgrano,Comuna 13,2,50-100 m,2.0,0.023524113679051644,85.01914364497445,1275.2871546734232,0.06666666666672906
39883,Banco Itaú,BANELCO,AV. LUIS MARÍA CAMPOS 1407,Belgrano,Comuna 13,3,100-150 m,2.0,0.03920685613180504,51.01148618691662,1275.2871546734232,0.039999999999984076
39911,Banco Itaú,BANELCO,AV. LUIS MARÍA CAMPOS 1407,Belgrano,Comuna 13,1,0-50 m,32.0,0.007841371226357887,4080.918894954954,4080.918894954954,1.0
39911,Banco Itaú,BANELCO,AV. LUIS MARÍA CAMPOS 1407,Belgrano,Comuna 13,2,50-100 m,31.0,0.023524113679051644,1317.796726497104,4080.918894954954,0.3229166666669689
39911,Banco Itaú,BANELCO,AV. LUIS MARÍA CAMPOS 1407,Belgrano,Comuna 13,3,100-150 m,60.0,0.03920685613180504,1530.3445856074986,4080.918894954954,0.37499999999985073
39970,Banco Macro,BANELCO,AV. LUIS M. CAMPOS 1029,Palermo,Comuna 14,1,0-50 m,32.0,0.007841371226357887,4080.918894954954,4080.918894954954,1.0
39970,Banco Macro,BANELCO,AV. LUIS M. CAMPOS 1029,Palermo,Comuna 14,2,50-100 m,86.0,0.023524113679051644,3655.823176733901,4080.918894954954,0.8958333333341718
39970,Banco Macro,BANELCO,AV. LUIS M. CAMPOS 1029,Palermo,Comuna 14,3,100-150 m,12.0,0.03920685613180504,306.06891712149974,4080.918894954954,0.07499999999997015
40089,Banco Santander Río,BANELCO,AV. LUIS M. CAMPOS 1175,Palermo,Comuna 14,1,0-50 m,33.0,0.007841371226357887,4208.447610422296,4208.447610422296,1.0
40089,Banco Santander Río,BANELCO,AV. LUIS M. CAMPOS 1175,Palermo,Comuna 14,2,50-100 m,17.0,0.023524113679051644,722.6627209822827,4208.447610422296,0.17171717171733245
40089,Banco Santander Río,BANELCO,AV. LUIS M. CAMPOS 1175,Palermo,Comuna 14,3,100-150 m,80.0,0.03920685613180504,2040.459447476665,4208.447610422296,0.48484848484829196
40405,Banco Supervielle,BANELCO,AV. LUIS M. CAMPOS 1201,Palermo,Comuna 14,1,0-50 m,91.0,0.007841371226357887,11605.11310752815,11605.11310752815,1.0
40405,Banco Supervielle,BANELCO,AV. LUIS M. CAMPOS 1201,Palermo,Comuna 14,2,50-100 m,57.0,0.023524113679051644,2423.0455938817718,11605.11310752815,0.20879120879140423
40405,Banco Supervielle,BANELCO,AV. LUIS M. CAMPOS 1201,Palermo,Comuna 14,3,100-150 m,68.0,0.03920685613180504,1734.3905303551653,11605.11310752815,0.14945054945049
40934,Banco Galicia,BANELCO,AV. LUIS M. CAMPOS 1349,Palermo,Comuna 14,1,0-50 m,19.0,0.007841371226357887,2423.045593879504,2423.045593879504,1.0
40934,Banco Galicia,BANELCO,AV. LUIS M. CAMPOS 1349,Palermo,Comuna 14,2,50-100 m,48.0,0.023524113679051644,2040.4594474793867,2423.045593879504,0.8421052631586828
40934,Banco Galicia,BANELCO,AV. LUIS M. CAMPOS 1349,Palermo,Comuna 14,3,100-150 m,45.0,0.03920685613180504,1147.758439205624,2423.045593879504,0.47368421052612725
40705,BBVA Banco Francés,BANELCO,AV. LUIS M. CAMPOS 1383,Palermo,Comuna 14,1,0-50 m,38.0,0.007841371226357887,4846.091187759008,4846.091187759008,1.0
40705,BBVA Banco Francés,BANELCO,AV. LUIS M. CAMPOS 1383,Palermo,Comuna 14,2,50-100 m,19.0,0.023524113679051644,807.6818646272573,4846.091187759008,0.16666666666682264
40705,BBVA Banco Francés,BANELCO,AV. LUIS M. CAMPOS 1383,Palermo,Comuna 14,3,100-150 m,14.0,0.03920685613180504,357.08040330841635,4846.091187759008,0.07368421052628646
39884,Banco Itaú,BANELCO,AV MANUEL MONTES DE OCA 1022,Barracas,Comuna 4,1,0-50 m,33.0,0.007841371226357887,4208.447610422296,4208.447610422296,1.0
39884,Banco Itaú,BANELCO,AV MANUEL MONTES DE OCA 1022,Barracas,Comuna 4,2,50-100 m,30.0,0.023524113679051644,1275.2871546746167,4208.447610422296,0.30303030303058665
39884,Banco Itaú,BANELCO,AV MANUEL MONTES DE OCA 1022,Barracas,Comuna 4,3,100-150 m,40.0,0.03920685613180504,1020.2297237383325,4208.447610422296,0.24242424242414598
40593,BBVA Banco Francés,BANELCO,AV. MARTIN GARCIA 702,Barracas,Comuna 4,1,0-50 m,34.0,0.007841371226357887,4335.976325889638,4335.976325889638,1.0
40593,BBVA Banco Francés,BANELCO,AV. MARTIN GARCIA 702,Barracas,Comuna 4,2,50-100 m,11.0,0.023524113679051644,467.60529004735946,4335.976325889638,0.1078431372550029
40593,BBVA Banco Francés,BANELCO,AV. MARTIN GARCIA 702,Barracas,Comuna 4,3,100-150 m,13.0,0.03920685613180504,331.57466021495804,4335.976325889638,0.07647058823526369
40532,BBVA Banco Francés,BANELCO,AV.MONROE 3099,Belgrano,Comuna 13,1,0-50 m,75.0,0.007841371226357887,9564.653660050673,9564.653660050673,1.0
40532,BBVA Banco Francés,BANELCO,AV.MONROE 3099,Belgrano,Comuna 13,2,50-100 m,98.0,0.023524113679051644,4165.938038603747,9564.653660050673,0.43555555555596315
40532,BBVA Banco Francés,BANELCO,AV.MONROE 3099,Belgrano,Comuna 13,3,100-150 m,123.0,0.03920685613180504,3137.2064004953722,9564.653660050673,0.32799999999986945
40600,BBVA Banco Francés,BANELCO,AV. MONTES DE OCA 1107,Barracas,Comuna 4,1,0-50 m,59.0,0.007841371226357887,7524.194212573197,7524.194212573197,1.0
40600,BBVA Banco Francés,BANELCO,AV. MONTES DE OCA 1107,Barracas,Comuna 4,2,50-100 m,75.0,0.023524113679051644,3188.2178866865415,7524.194212573197,0.4237288135597186
40600,BBVA Banco Francés,BANELCO,AV. MONTES DE OCA 1107,Barracas,Comuna 4,3,100-150 m,113.0,0.03920685613180504,2882.1489695607893,7524.194212573197,0.3830508474574747
40996,Banco Galicia,BANELCO,AV. MONTES DE OCA 650,Barracas,Comuna 4,1,0-50 m,18.0,0.007841371226357887,2295.5168784121615,2295.5168784121615,1.0
40996,Banco Galicia,BANELCO,AV. MONTES DE OCA 650,Barracas,Comuna 4,2,50-100 m,59.0,0.023524113679051644,2508.0647375267463,2295.5168784121615,1.0925925925936153
40996,Banco Galicia,BANELCO,AV. MONTES DE OCA 650,Barracas,Comuna 4,3,100-150 m,46.0,0.03920685613180504,1173.2641822990824,2295.5168784121615,0.5111111111109078
40050,Banco Patagonia,BANELCO,AV. MONTES DE OCA 701,Barracas,Comuna 4,1,0-50 m,68.0,0.007841371226357887,8671.952651779276,8671.952651779276,1.0
40050,Banco Patagonia,BANELCO,AV. MONTES DE OCA 701,Barracas,Comuna 4,2,50-100 m,28.0,0.023524113679051644,1190.2680110296421,8671.952651779276,0.13725490196091278
40050,Banco Patagonia,BANELCO,AV. MONTES DE OCA 701,Barracas,Comuna 4,3,100-150 m,1.0,0.03920685613180504,25.50574309345831,8671.952651779276,0.0029411764705870647
40424,Banco Supervielle,BANELCO,AV. MONTES DE OCA 736,Barracas,Comuna 4,1,0-50 m,30.0,0.007841371226357887,3825.861464020269,3825.861464020269,1.0
40424,Banco Supervielle,BANELCO,AV. MONTES DE OCA 736,Barracas,Comuna 4,2,50-100 m,80.0,0.023524113679051644,3400.7657457989776,3825.861464020269,0.8888888888897208
40424,Banco Supervielle,BANELCO,AV. MONTES DE OCA 736,Barracas,Comuna 4,3,100-150 m,116.0,0.03920685613180504,2958.6661988411643,3825.861464020269,0.7733333333330257
40379,Banco Santander Río,BANELCO,AV.MONTES DE OCA 895,Barracas,Comuna 4,1,0-50 m,119.0,0.007841371226357887,15175.917140613734,15175.917140613734,1.0
40379,Banco Santander Río,BANELCO,AV.MONTES DE OCA 895,Barracas,Comuna 4,2,50-100 m,40.0,0.023524113679051644,1700.3828728994888,15175.917140613734,0.11204481792727573
40379,Banco Santander Río,BANELCO,AV.MONTES DE OCA 895,Barracas,Comuna 4,3,100-150 m,30.0,0.03920685613180504,765.1722928037493,15175.917140613734,0.050420168067206825
41215,HSBC Bank Argentina,BANELCO,AV. MOSCONI 3525,Villa Devoto,Comuna 11,1,0-50 m,4.0,0.007841371226357887,510.11486186936924,510.11486186936924,1.0
41215,HSBC Bank Argentina,BANELCO,AV. MOSCONI 3525,Villa Devoto,Comuna 11,2,50-100 m,33.0,0.023524113679051644,1402.8158701420784,510.11486186936924,2.750000000002574
41215,HSBC Bank Argentina,BANELCO,AV. MOSCONI 3525,Villa Devoto,Comuna 11,3,100-150 m,24.0,0.03920685613180504,612.1378342429995,510.11486186936924,1.1999999999995223
40648,BBVA Banco Francés,BANELCO,AV. NAZCA 1922,Villa Santa Rita,Comuna 11,1,0-50 m,43.0,0.007841371226357887,5483.734765095719,5483.734765095719,1.0
40648,BBVA Banco Francés,BANELCO,AV. NAZCA 1922,Villa Santa Rita,Comuna 11,2,50-100 m,27.0,0.023524113679051644,1147.758439207155,5483.734765095719,0.20930232558159126
40648,BBVA Banco Francés,BANELCO,AV. NAZCA 1922,Villa Santa Rita,Comuna 11,3,100-150 m,72.0,0.03920685613180504,1836.4135027289985,5483.734765095719,0.3348837209300993
40910,Banco Galicia,BANELCO,AV. NAZCA 2330,Villa Del Parque,Comuna 11,1,0-50 m,22.0,0.007841371226357887,2805.6317402815307,2805.6317402815307,1.0
40910,Banco Galicia,BANELCO,AV. NAZCA 2330,Villa Del Parque,Comuna 11,2,50-100 m,81.0,0.023524113679051644,3443.275317621465,2805.6317402815307,1.227272727273876
40910,Banco Galicia,BANELCO,AV. NAZCA 2330,Villa Del Parque,Comuna 11,3,100-150 m,95.0,0.03920685613180504,2423.0455938785394,2805.6317402815307,0.8636363636360199
40602,BBVA Banco Francés,BANELCO,AV. PASEO COLON 505,Monserrat,Comuna 1,1,0-50 m,7.0,0.007841371226357887,892.7010082713962,892.7010082713962,1.0
40602,BBVA Banco Francés,BANELCO,AV. PASEO COLON 505,Monserrat,Comuna 1,2,50-100 m,4.0,0.023524113679051644,170.0382872899489,892.7010082713962,0.19047619047636877
40602,BBVA Banco Francés,BANELCO,AV. PASEO COLON 505,Monserrat,Comuna 1,3,100-150 m,11.0,0.03920685613180504,280.56317402804143,892.7010082713962,0.3142857142855892
40067,Banco Patagonia,BANELCO,AV. PASEO COLON 515,Monserrat,Comuna 1,1,0-50 m,1.0,0.007841371226357887,127.52871546734231,127.52871546734231,1.0
40067,Banco Patagonia,BANELCO,AV. PASEO COLON 515,Monserrat,Comuna 1,2,50-100 m,20.0,0.023524113679051644,850.1914364497444,127.52871546734231,6.6666666666729055
40067,Banco Patagonia,BANELCO,AV. PASEO COLON 515,Monserrat,Comuna 1,3,100-150 m,1.0,0.03920685613180504,25.50574309345831,127.52871546734231,0.1999999999999204
40843,Banco Galicia,BANELCO,AV. PASEO COLON 793,San Telmo,Comuna 1,1,0-50 m,137.0,0.007841371226357887,17471.434019025895,17471.434019025895,1.0
40843,Banco Galicia,BANELCO,AV. PASEO COLON 793,San Telmo,Comuna 1,2,50-100 m,68.0,0.023524113679051644,2890.650883929131,17471.434019025895,0.16545012165465606
40843,Banco Galicia,BANELCO,AV. PASEO COLON 793,San Telmo,Comuna 1,3,100-150 m,20.0,0.03920685613180504,510.11486186916625,17471.434019025895,0.029197080291959186
40652,BBVA Banco Francés,BANELCO,AV. PEDRO GOYENA 1192,Caballito,Comuna 6,1,0-50 m,37.0,0.007841371226357887,4718.5624722916655,4718.5624722916655,1.0
40652,BBVA Banco Francés,BANELCO,AV. PEDRO GOYENA 1192,Caballito,Comuna 6,2,50-100 m,11.0,0.023524113679051644,467.60529004735946,4718.5624722916655,0.09909909909919185
40652,BBVA Banco Francés,BANELCO,AV. PEDRO GOYENA 1192,Caballito,Comuna 6,3,100-150 m,18.0,0.03920685613180504,459.10337568224963,4718.5624722916655,0.09729729729725858
40508,Banco Supervielle,BANELCO,AV. PEDRO GOYENA 1291,Caballito,Comuna 6,1,0-50 m,48.0,0.007841371226357887,6121.378342432431,6121.378342432431,1.0
40508,Banco Supervielle,BANELCO,AV. PEDRO GOYENA 1291,Caballito,Comuna 6,2,50-100 m,50.0,0.023524113679051644,2125.478591124361,6121.378342432431,0.34722222222254717
40508,Banco Supervielle,BANELCO,AV. PEDRO GOYENA 1291,Caballito,Comuna 6,3,100-150 m,54.0,0.03920685613180504,1377.310127046749,6121.378342432431,0.22499999999991047
40896,Banco Galicia,BANELCO,AV. PEDRO GOYENA 1642,Caballito,Comuna 6,1,0-50 m,25.0,0.007841371226357887,3188.217886683558,3188.217886683558,1.0
40896,Banco Galicia,BANELCO,AV. PEDRO GOYENA 1642,Caballito,Comuna 6,2,50-100 m,42.0,0.023524113679051644,1785.4020165444633,3188.217886683558,0.5600000000005241
40896,Banco Galicia,BANELCO,AV. PEDRO GOYENA 1642,Caballito,Comuna 6,3,100-150 m,188.0,0.03920685613180504,4795.079701570163,3188.217886683558,1.5039999999994014
40657,BBVA Banco Francés,BANELCO,AV. PUEYRREDON 1001,Recoleta,Comuna 2,1,0-50 m,327.0,0.007841371226357887,41701.88995782094,41701.88995782094,1.0
40657,BBVA Banco Francés,BANELCO,AV. PUEYRREDON 1001,Recoleta,Comuna 2,2,50-100 m,34.0,0.023524113679051644,1445.3254419645655,41701.88995782094,0.03465851172276434
40657,BBVA Banco Francés,BANELCO,AV. PUEYRREDON 1001,Recoleta,Comuna 2,3,100-150 m,56.0,0.03920685613180504,1428.3216132336654,41701.88995782094,0.03425076452598025
40191,Banco Santander Río,BANELCO,AV. PUEYRREDON 1055,Recoleta,Comuna 2,1,0-50 m,41.0,0.007841371226357887,5228.677334161035,5228.677334161035,1.0
40191,Banco Santander Río,BANELCO,AV. PUEYRREDON 1055,Recoleta,Comuna 2,2,50-100 m,142.0,0.023524113679051644,6036.359198793186,5228.677334161035,1.1544715447165277
40191,Banco Santander Río,BANELCO,AV. PUEYRREDON 1055,Recoleta,Comuna 2,3,100-150 m,226.0,0.03920685613180504,5764.297939121579,5228.677334161035,1.102439024389805
41268,ICBC,BANELCO,AV. PUEYRREDON 1657,Recoleta,Comuna 2,1,0-50 m,19.0,0.007841371226357887,2423.045593879504,2423.045593879504,1.0
41268,ICBC,BANELCO,AV. PUEYRREDON 1657,Recoleta,Comuna 2,2,50-100 m,62.0,0.023524113679051644,2635.593452994208,2423.045593879504,1.0877192982466322
41268,ICBC,BANELCO,AV. PUEYRREDON 1657,Recoleta,Comuna 2,3,100-150 m,114.0,0.03920685613180504,2907.6547126542478,2423.045593879504,1.1999999999995226
39831,Banco Itaú,BANELCO,AV. PUEYRREDON 1855,Recoleta,Comuna 2,1,0-50 m,12.0,0.007841371226357887,1530.3445856081078,1530.3445856081078,1.0
39831,Banco Itaú,BANELCO,AV. PUEYRREDON 1855,Recoleta,Comuna 2,2,50-100 m,24.0,0.023524113679051644,1020.2297237396933,1530.3445856081078,0.6666666666672906
39831,Banco Itaú,BANELCO,AV. PUEYRREDON 1855,Recoleta,Comuna 2,3,100-150 m,49.0,0.03920685613180504,1249.7814115794572,1530.3445856081078,0.8166666666663416
40338,Banco Santander Río,BANELCO,AV. PUEYRREDON 1914,Recoleta,Comuna 2,1,0-50 m,76.0,0.007841371226357887,9692.182375518016,9692.182375518016,1.0
40338,Banco Santander Río,BANELCO,AV. PUEYRREDON 1914,Recoleta,Comuna 2,2,50-100 m,90.0,0.023524113679051644,3825.86146402385,9692.182375518016,0.3947368421056326
40338,Banco Santander Río,BANELCO,AV. PUEYRREDON 1914,Recoleta,Comuna 2,3,100-150 m,166.0,0.03920685613180504,4233.95335351408,9692.182375518016,0.43684210526298406
41165,HSBC Bank Argentina,BANELCO,AV. PUEYRREDON 2325,Recoleta,Comuna 2,1,0-50 m,43.0,0.007841371226357887,5483.734765095719,5483.734765095719,1.0
41165,HSBC Bank Argentina,BANELCO,AV. PUEYRREDON 2325,Recoleta,Comuna 2,2,50-100 m,55.0,0.023524113679051644,2338.0264502367972,5483.734765095719,0.42635658914768587
41165,HSBC Bank Argentina,BANELCO,AV. PUEYRREDON 2325,Recoleta,Comuna 2,3,100-150 m,132.0,0.03920685613180504,3366.758088336497,5483.734765095719,0.6139534883718487
40767,Banco Galicia,BANELCO,AV. QUINTANA 101,Retiro,Comuna 1,1,0-50 m,9.0,0.007841371226357887,1147.7584392060808,1147.7584392060808,1.0
40767,Banco Galicia,BANELCO,AV. QUINTANA 101,Retiro,Comuna 1,2,50-100 m,21.0,0.023524113679051644,892.7010082722317,1147.7584392060808,0.7777777777785058
40767,Banco Galicia,BANELCO,AV. QUINTANA 101,Retiro,Comuna 1,3,100-150 m,41.0,0.03920685613180504,1045.7354668317907,1147.7584392060808,0.9111111111107485
40827,Banco Galicia,BANELCO,AV. QUINTANA 401,Recoleta,Comuna 2,1,0-50 m,69.0,0.007841371226357887,8799.481367246619,8799.481367246619,1.0
40827,Banco Galicia,BANELCO,AV. QUINTANA 401,Recoleta,Comuna 2,2,50-100 m,24.0,0.023524113679051644,1020.2297237396933,8799.481367246619,0.11594202898561576
40827,Banco Galicia,BANELCO,AV. QUINTANA 401,Recoleta,Comuna 2,3,100-150 m,13.0,0.03920685613180504,331.57466021495804,8799.481367246619,0.03768115942027486
39765,Banco Comafi,BANELCO,AV. QUINTANA 439,Recoleta,Comuna 2,1,0-50 m,39.0,0.007841371226357887,4973.61990322635,4973.61990322635,1.0
39765,Banco Comafi,BANELCO,AV. QUINTANA 439,Recoleta,Comuna 2,2,50-100 m,61.0,0.023524113679051644,2593.083881171721,4973.61990322635,0.5213675213680093
39765,Banco Comafi,BANELCO,AV. QUINTANA 439,Recoleta,Comuna 2,3,100-150 m,5.0,0.03920685613180504,127.52871546729156,4973.61990322635,0.025641025641015436
39905,Banco Itaú,BANELCO,AV. QUINTANA 587,Recoleta,Comuna 2,1,0-50 m,87.0,0.007841371226357887,11094.99824565878,11094.99824565878,1.0
39905,Banco Itaú,BANELCO,AV. QUINTANA 587,Recoleta,Comuna 2,2,50-100 m,44.0,0.023524113679051644,1870.4211601894378,11094.99824565878,0.168582375479085
39905,Banco Itaú,BANELCO,AV. QUINTANA 587,Recoleta,Comuna 2,3,100-150 m,26.0,0.03920685613180504,663.1493204299161,11094.99824565878,0.05977011494250495
39942,Banco Macro,BANELCO,AV. QUINTANA 99,Retiro,Comuna 1,1,0-50 m,25.0,0.007841371226357887,3188.217886683558,3188.217886683558,1.0
39942,Banco Macro,BANELCO,AV. QUINTANA 99,Retiro,Comuna 1,2,50-100 m,19.0,0.023524113679051644,807.6818646272573,3188.217886683558,0.25333333333357044
39942,Banco Macro,BANELCO,AV. QUINTANA 99,Retiro,Comuna 1,3,100-150 m,31.0,0.03920685613180504,790.6780358972077,3188.217886683558,0.2479999999999013
41000,Banco Galicia,BANELCO,AV. RICARDO BALBIN 3899,Saavedra,Comuna 12,1,0-50 m,40.0,0.007841371226357887,5101.148618693693,5101.148618693693,1.0
41000,Banco Galicia,BANELCO,AV. RICARDO BALBIN 3899,Saavedra,Comuna 12,2,50-100 m,14.0,0.023524113679051644,595.1340055148211,5101.148618693693,0.11666666666677585
41000,Banco Galicia,BANELCO,AV. RICARDO BALBIN 3899,Saavedra,Comuna 12,3,100-150 m,0.0,0.03920685613180504,0.0,5101.148618693693,0.0
41108,HSBC Bank Argentina,BANELCO,AV. RICARDO BALBIN 4027,Saavedra,Comuna 12,1,0-50 m,66.0,0.007841371226357887,8416.895220844592,8416.895220844592,1.0
41108,HSBC Bank Argentina,BANELCO,AV. RICARDO BALBIN 4027,Saavedra,Comuna 12,2,50-100 m,60.0,0.023524113679051644,2550.5743093492333,8416.895220844592,0.30303030303058665
41108,HSBC Bank Argentina,BANELCO,AV. RICARDO BALBIN 4027,Saavedra,Comuna 12,3,100-150 m,23.0,0.03920685613180504,586.6320911495412,8416.895220844592,0.06969696969694197
40832,Banco Galicia,BANELCO,AV. RIVADAVIA 11102,Liniers,Comuna 9,1,0-50 m,4.0,0.007841371226357887,510.11486186936924,510.11486186936924,1.0
40832,Banco Galicia,BANELCO,AV. RIVADAVIA 11102,Liniers,Comuna 9,2,50-100 m,5.0,0.023524113679051644,212.5478591124361,510.11486186936924,0.4166666666670566
40832,Banco Galicia,BANELCO,AV. RIVADAVIA 11102,Liniers,Comuna 9,3,100-150 m,1.0,0.03920685613180504,25.50574309345831,510.11486186936924,0.0499999999999801
40177,Banco Santander Río,BANELCO,AV. RIVADAVIA 11120,Liniers,Comuna 9,1,0-50 m,62.0,0.007841371226357887,7906.780358975223,7906.780358975223,1.0
40177,Banco Santander Río,BANELCO,AV. RIVADAVIA 11120,Liniers,Comuna 9,2,50-100 m,18.0,0.023524113679051644,765.17229280477,7906.780358975223,0.09677419354847767
40177,Banco Santander Río,BANELCO,AV. RIVADAVIA 11120,Liniers,Comuna 9,3,100-150 m,2.0,0.03920685613180504,51.01148618691662,7906.780358975223,0.006451612903223239
39915,Banco Macro,BANELCO,AV. RIVADAVIA 11178,Liniers,Comuna 9,1,0-50 m,13.0,0.007841371226357887,1657.87330107545,1657.87330107545,1.0
39915,Banco Macro,BANELCO,AV. RIVADAVIA 11178,Liniers,Comuna 9,2,50-100 m,1.0,0.023524113679051644,42.509571822487224,1657.87330107545,0.025641025641049642
39915,Banco Macro,BANELCO,AV. RIVADAVIA 11178,Liniers,Comuna 9,3,100-150 m,1.0,0.03920685613180504,25.50574309345831,1657.87330107545,0.015384615384609262
41181,HSBC Bank Argentina,BANELCO,AV. RIVADAVIA  11200,Liniers,Comuna 9,1,0-50 m,19.0,0.007841371226357887,2423.045593879504,2423.045593879504,1.0
41181,HSBC Bank Argentina,BANELCO,AV. RIVADAVIA  11200,Liniers,Comuna 9,2,50-100 m,3.0,0.023524113679051644,127.52871546746167,2423.045593879504,0.05263157894741768
41181,HSBC Bank Argentina,BANELCO,AV. RIVADAVIA  11200,Liniers,Comuna 9,3,100-150 m,3.0,0.03920685613180504,76.51722928037493,2423.045593879504,0.03157894736840849
40001,Banco Patagonia,BANELCO,AV. RIVADAVIA 11334,Liniers,Comuna 9,1,0-50 m,4.0,0.007841371226357887,510.11486186936924,510.11486186936924,1.0
40001,Banco Patagonia,BANELCO,AV. RIVADAVIA 11334,Liniers,Comuna 9,2,50-100 m,36.0,0.023524113679051644,1530.34458560954,510.11486186936924,3.000000000002808
40001,Banco Patagonia,BANELCO,AV. RIVADAVIA 11334,Liniers,Comuna 9,3,100-150 m,11.0,0.03920685613180504,280.56317402804143,510.11486186936924,0.5499999999997811
40471,Banco Supervielle,BANELCO,AV. RIVADAVIA 11494,Liniers,Comuna 9,1,0-50 m,310.0,0.007841371226357887,39533.90179487612,39533.90179487612,1.0
40471,Banco Supervielle,BANELCO,AV. RIVADAVIA 11494,Liniers,Comuna 9,2,50-100 m,75.0,0.023524113679051644,3188.2178866865415,39533.90179487612,0.08064516129039805
40471,Banco Supervielle,BANELCO,AV. RIVADAVIA 11494,Liniers,Comuna 9,3,100-150 m,127.0,0.03920685613180504,3239.2293728692057,39533.90179487612,0.08193548387093513
40875,Banco Galicia,BANELCO,AV. RIVADAVIA 2330,Balvanera,Comuna 3,1,0-50 m,29.0,0.007841371226357887,3698.332748552927,3698.332748552927,1.0
40875,Banco Galicia,BANELCO,AV. RIVADAVIA 2330,Balvanera,Comuna 3,2,50-100 m,42.0,0.023524113679051644,1785.4020165444633,3698.332748552927,0.482758620690107
40875,Banco Galicia,BANELCO,AV. RIVADAVIA 2330,Balvanera,Comuna 3,3,100-150 m,108.0,0.03920685613180504,2754.620254093498,3698.332748552927,0.7448275862066002
39797,Banco Itaú,BANELCO,AV. RIVADAVIA 2556,Balvanera,Comuna 3,1,0-50 m,4.0,0.007841371226357887,510.11486186936924,510.11486186936924,1.0
39797,Banco Itaú,BANELCO,AV. RIVADAVIA 2556,Balvanera,Comuna 3,2,50-100 m,1.0,0.023524113679051644,42.509571822487224,510.11486186936924,0.08333333333341134
39797,Banco Itaú,BANELCO,AV. RIVADAVIA 2556,Balvanera,Comuna 3,3,100-150 m,0.0,0.03920685613180504,0.0,510.11486186936924,0.0
39790,Banco Itaú,BANELCO,AV. RIVADAVIA 2556,Balvanera,Comuna 3,1,0-50 m,12.0,0.007841371226357887,1530.3445856081078,1530.3445856081078,1.0
39790,Banco Itaú,BANELCO,AV. RIVADAVIA 2556,Balvanera,Comuna 3,2,50-100 m,14.0,0.023524113679051644,595.1340055148211,1530.3445856081078,0.3888888888892528
39790,Banco Itaú,BANELCO,AV. RIVADAVIA 2556,Balvanera,Comuna 3,3,100-150 m,5.0,0.03920685613180504,127.52871546729156,1530.3445856081078,0.08333333333330017
40638,BBVA Banco Francés,BANELCO,AV.RIVADAVIA 2577,Balvanera,Comuna 3,1,0-50 m,124.0,0.007841371226357887,15813.560717950446,15813.560717950446,1.0
40638,BBVA Banco Francés,BANELCO,AV.RIVADAVIA 2577,Balvanera,Comuna 3,2,50-100 m,53.0,0.023524113679051644,2253.0073065918227,15813.560717950446,0.14247311827970324
40638,BBVA Banco Francés,BANELCO,AV.RIVADAVIA 2577,Balvanera,Comuna 3,3,100-150 m,2.0,0.03920685613180504,51.01148618691662,15813.560717950446,0.0032258064516116195
39974,Banco Macro,BANELCO,AV. RIVADAVIA 3202,Balvanera,Comuna 3,1,0-50 m,195.0,0.007841371226357887,24868.09951613175,24868.09951613175,1.0
39974,Banco Macro,BANELCO,AV. RIVADAVIA 3202,Balvanera,Comuna 3,2,50-100 m,103.0,0.023524113679051644,4378.485897716184,24868.09951613175,0.17606837606854084
39974,Banco Macro,BANELCO,AV. RIVADAVIA 3202,Balvanera,Comuna 3,3,100-150 m,262.0,0.03920685613180504,6682.504690486077,24868.09951613175,0.26871794871784177
40141,Banco Santander Río,BANELCO,AV. RIVADAVIA 3681,Almagro,Comuna 5,1,0-50 m,24.0,0.007841371226357887,3060.6891712162155,3060.6891712162155,1.0
40141,Banco Santander Río,BANELCO,AV. RIVADAVIA 3681,Almagro,Comuna 5,2,50-100 m,75.0,0.023524113679051644,3188.2178866865415,3060.6891712162155,1.0416666666676415
40141,Banco Santander Río,BANELCO,AV. RIVADAVIA 3681,Almagro,Comuna 5,3,100-150 m,72.0,0.03920685613180504,1836.4135027289985,3060.6891712162155,0.5999999999997613
40866,Banco Galicia,BANELCO,AV. RIVADAVIA 3702,Almagro,Comuna 5,1,0-50 m,103.0,0.007841371226357887,13135.457693136257,13135.457693136257,1.0
40866,Banco Galicia,BANELCO,AV. RIVADAVIA 3702,Almagro,Comuna 5,2,50-100 m,53.0,0.023524113679051644,2253.0073065918227,13135.457693136257,0.17152103559886603
40866,Banco Galicia,BANELCO,AV. RIVADAVIA 3702,Almagro,Comuna 5,3,100-150 m,188.0,0.03920685613180504,4795.079701570163,13135.457693136257,0.36504854368917516
41216,HSBC Bank Argentina,BANELCO,AV. RIVADAVIA 3977,Almagro,Comuna 5,1,0-50 m,69.0,0.007841371226357887,8799.481367246619,8799.481367246619,1.0
41216,HSBC Bank Argentina,BANELCO,AV. RIVADAVIA 3977,Almagro,Comuna 5,2,50-100 m,48.0,0.023524113679051644,2040.4594474793867,8799.481367246619,0.23188405797123152
41216,HSBC Bank Argentina,BANELCO,AV. RIVADAVIA 3977,Almagro,Comuna 5,3,100-150 m,303.0,0.03920685613180504,7728.240157317869,8799.481367246619,0.8782608695648679
40626,BBVA Banco Francés,BANELCO,AV. RIVADAVIA 4059,Almagro,Comuna 5,1,0-50 m,22.0,0.007841371226357887,2805.6317402815307,2805.6317402815307,1.0
40626,BBVA Banco Francés,BANELCO,AV. RIVADAVIA 4059,Almagro,Comuna 5,2,50-100 m,81.0,0.023524113679051644,3443.275317621465,2805.6317402815307,1.227272727273876
40626,BBVA Banco Francés,BANELCO,AV. RIVADAVIA 4059,Almagro,Comuna 5,3,100-150 m,36.0,0.03920685613180504,918.2067513644993,2805.6317402815307,0.32727272727259704
40048,Banco Patagonia,BANELCO,AV. RIVADAVIA 4100,Almagro,Comuna 5,1,0-50 m,105.0,0.007841371226357887,13390.515124070942,13390.515124070942,1.0
40048,Banco Patagonia,BANELCO,AV. RIVADAVIA 4100,Almagro,Comuna 5,2,50-100 m,56.0,0.023524113679051644,2380.5360220592843,13390.515124070942,0.17777777777794415
40048,Banco Patagonia,BANELCO,AV. RIVADAVIA 4100,Almagro,Comuna 5,3,100-150 m,111.0,0.03920685613180504,2831.137483373873,13390.515124070942,0.2114285714284873
40312,Banco Santander Río,BANELCO,AV. RIVADAVIA 4364,Almagro,Comuna 5,1,0-50 m,49.0,0.007841371226357887,6248.9070578997735,6248.9070578997735,1.0
40312,Banco Santander Río,BANELCO,AV. RIVADAVIA 4364,Almagro,Comuna 5,2,50-100 m,152.0,0.023524113679051644,6461.454917018058,6248.9070578997735,1.0340136054431446
40312,Banco Santander Río,BANELCO,AV. RIVADAVIA 4364,Almagro,Comuna 5,3,100-150 m,262.0,0.03920685613180504,6682.504690486077,6248.9070578997735,1.069387755101615
39859,Banco Itaú,BANELCO,AV. RIVADAVIA 4715,Caballito,Comuna 6,1,0-50 m,83.0,0.007841371226357887,10584.88338378941,10584.88338378941,1.0
39859,Banco Itaú,BANELCO,AV. RIVADAVIA 4715,Caballito,Comuna 6,2,50-100 m,116.0,0.023524113679051644,4931.110331408518,10584.88338378941,0.4658634538156971
39859,Banco Itaú,BANELCO,AV. RIVADAVIA 4715,Caballito,Comuna 6,3,100-150 m,157.0,0.03920685613180504,4004.401665672955,10584.88338378941,0.37831325301189767
41190,HSBC Bank Argentina,BANELCO,AV. RIVADAVIA 5075,Caballito,Comuna 6,1,0-50 m,178.0,0.007841371226357887,22700.11135318693,22700.11135318693,1.0
41190,HSBC Bank Argentina,BANELCO,AV. RIVADAVIA 5075,Caballito,Comuna 6,2,50-100 m,18.0,0.023524113679051644,765.17229280477,22700.11135318693,0.033707865168570876
41190,HSBC Bank Argentina,BANELCO,AV. RIVADAVIA 5075,Caballito,Comuna 6,3,100-150 m,14.0,0.03920685613180504,357.08040330841635,22700.11135318693,0.015730337078645424
40133,Banco Santander Río,BANELCO,AV. RIVADAVIA 5173,Caballito,Comuna 6,1,0-50 m,36.0,0.007841371226357887,4591.033756824323,4591.033756824323,1.0
40133,Banco Santander Río,BANELCO,AV. RIVADAVIA 5173,Caballito,Comuna 6,2,50-100 m,1.0,0.023524113679051644,42.509571822487224,4591.033756824323,0.009259259259267925
40133,Banco Santander Río,BANELCO,AV. RIVADAVIA 5173,Caballito,Comuna 6,3,100-150 m,7.0,0.03920685613180504,178.54020165420818,4591.033756824323,0.03888888888887341
41094,HSBC Bank Argentina,BANELCO,AV. RIVADAVIA 5201,Caballito,Comuna 6,1,0-50 m,97.0,0.007841371226357887,12370.285400332205,12370.285400332205,1.0
41094,HSBC Bank Argentina,BANELCO,AV. RIVADAVIA 5201,Caballito,Comuna 6,2,50-100 m,15.0,0.023524113679051644,637.6435773373083,12370.285400332205,0.05154639175262556
41094,HSBC Bank Argentina,BANELCO,AV. RIVADAVIA 5201,Caballito,Comuna 6,3,100-150 m,17.0,0.03920685613180504,433.5976325887913,12370.285400332205,0.03505154639173863
41346,ICBC,BANELCO,Av. Rivadavia 5234,Caballito,Comuna 6,1,0-50 m,4.0,0.007841371226357887,510.11486186936924,510.11486186936924,1.0
41346,ICBC,BANELCO,Av. Rivadavia 5234,Caballito,Comuna 6,2,50-100 m,4.0,0.023524113679051644,170.0382872899489,510.11486186936924,0.33333333333364534
41346,ICBC,BANELCO,Av. Rivadavia 5234,Caballito,Comuna 6,3,100-150 m,1.0,0.03920685613180504,25.50574309345831,510.11486186936924,0.0499999999999801
41305,ICBC,BANELCO,Av. Rivadavia 5234,Caballito,Comuna 6,1,0-50 m,42.0,0.007841371226357887,5356.206049628377,5356.206049628377,1.0
41305,ICBC,BANELCO,Av. Rivadavia 5234,Caballito,Comuna 6,2,50-100 m,54.0,0.023524113679051644,2295.51687841431,5356.206049628377,0.4285714285718297
41305,ICBC,BANELCO,Av. Rivadavia 5234,Caballito,Comuna 6,3,100-150 m,13.0,0.03920685613180504,331.57466021495804,5356.206049628377,0.061904761904737274
39931,Banco Macro,BANELCO,AV. RIVADAVIA 5273,Caballito,Comuna 6,1,0-50 m,14.0,0.007841371226357887,1785.4020165427924,1785.4020165427924,1.0
39931,Banco Macro,BANELCO,AV. RIVADAVIA 5273,Caballito,Comuna 6,2,50-100 m,17.0,0.023524113679051644,722.6627209822827,1785.4020165427924,0.4047619047622836
39931,Banco Macro,BANELCO,AV. RIVADAVIA 5273,Caballito,Comuna 6,3,100-150 m,7.0,0.03920685613180504,178.54020165420818,1785.4020165427924,0.0999999999999602
39780,Banco Comafi,BANELCO,AV. RIVADAVIA 5288,Caballito,Comuna 6,1,0-50 m,26.0,0.007841371226357887,3315.7466021509,3315.7466021509,1.0
39780,Banco Comafi,BANELCO,AV. RIVADAVIA 5288,Caballito,Comuna 6,2,50-100 m,2.0,0.023524113679051644,85.01914364497445,3315.7466021509,0.025641025641049642
39780,Banco Comafi,BANELCO,AV. RIVADAVIA 5288,Caballito,Comuna 6,3,100-150 m,0.0,0.03920685613180504,0.0,3315.7466021509,0.0
40661,BBVA Banco Francés,BANELCO,AV. RIVADAVIA 5300,Caballito,Comuna 6,1,0-50 m,11.0,0.007841371226357887,1402.8158701407654,1402.8158701407654,1.0
40661,BBVA Banco Francés,BANELCO,AV. RIVADAVIA 5300,Caballito,Comuna 6,2,50-100 m,3.0,0.023524113679051644,127.52871546746167,1402.8158701407654,0.090909090909176
40661,BBVA Banco Francés,BANELCO,AV. RIVADAVIA 5300,Caballito,Comuna 6,3,100-150 m,0.0,0.03920685613180504,0.0,1402.8158701407654,0.0
40884,Banco Galicia,BANELCO,AV. RIVADAVIA 5306,Caballito,Comuna 6,1,0-50 m,22.0,0.007841371226357887,2805.6317402815307,2805.6317402815307,1.0
40884,Banco Galicia,BANELCO,AV. RIVADAVIA 5306,Caballito,Comuna 6,2,50-100 m,3.0,0.023524113679051644,127.52871546746167,2805.6317402815307,0.045454545454588
40884,Banco Galicia,BANELCO,AV. RIVADAVIA 5306,Caballito,Comuna 6,3,100-150 m,0.0,0.03920685613180504,0.0,2805.6317402815307,0.0
39899,Banco Itaú,BANELCO,AV. RIVADAVIA 5315,Caballito,Comuna 6,1,0-50 m,76.0,0.007841371226357887,9692.182375518016,9692.182375518016,1.0
39899,Banco Itaú,BANELCO,AV. RIVADAVIA 5315,Caballito,Comuna 6,2,50-100 m,26.0,0.023524113679051644,1105.2488673846678,9692.182375518016,0.11403508771940497
39899,Banco Itaú,BANELCO,AV. RIVADAVIA 5315,Caballito,Comuna 6,3,100-150 m,16.0,0.03920685613180504,408.09188949533296,9692.182375518016,0.04210526315787798
39935,Banco Macro,BANELCO,AV. RIVADAVIA 6245,Flores,Comuna 7,1,0-50 m,62.0,0.007841371226357887,7906.780358975223,7906.780358975223,1.0
39935,Banco Macro,BANELCO,AV. RIVADAVIA 6245,Flores,Comuna 7,2,50-100 m,182.0,0.023524113679051644,7736.7420716926745,7906.780358975223,0.9784946236568298
39935,Banco Macro,BANELCO,AV. RIVADAVIA 6245,Flores,Comuna 7,3,100-150 m,93.0,0.03920685613180504,2372.034107691623,7906.780358975223,0.29999999999988064
41247,ICBC,BANELCO,AV. RIVADAVIA 6312,Flores,Comuna 7,1,0-50 m,119.0,0.007841371226357887,15175.917140613734,15175.917140613734,1.0
41247,ICBC,BANELCO,AV. RIVADAVIA 6312,Flores,Comuna 7,2,50-100 m,49.0,0.023524113679051644,2082.9690193018737,15175.917140613734,0.13725490196091278
41247,ICBC,BANELCO,AV. RIVADAVIA 6312,Flores,Comuna 7,3,100-150 m,29.0,0.03920685613180504,739.6665497102911,15175.917140613734,0.048739495798299934
40487,Banco Supervielle,BANELCO,AV. RIVADAVIA 6411,Flores,Comuna 7,1,0-50 m,45.0,0.007841371226357887,5738.792196030404,5738.792196030404,1.0
40487,Banco Supervielle,BANELCO,AV. RIVADAVIA 6411,Flores,Comuna 7,2,50-100 m,2.0,0.023524113679051644,85.01914364497445,5738.792196030404,0.014814814814828681
40487,Banco Supervielle,BANELCO,AV. RIVADAVIA 6411,Flores,Comuna 7,3,100-150 m,3.0,0.03920685613180504,76.51722928037493,5738.792196030404,0.013333333333328028
40415,Banco Supervielle,BANELCO,AV. RIVADAVIA 6411,Flores,Comuna 7,1,0-50 m,70.0,0.007841371226357887,8927.010082713961,8927.010082713961,1.0
40415,Banco Supervielle,BANELCO,AV. RIVADAVIA 6411,Flores,Comuna 7,2,50-100 m,11.0,0.023524113679051644,467.60529004735946,8927.010082713961,0.05238095238100141
40415,Banco Supervielle,BANELCO,AV. RIVADAVIA 6411,Flores,Comuna 7,3,100-150 m,12.0,0.03920685613180504,306.06891712149974,8927.010082713961,0.034285714285700646
40613,BBVA Banco Francés,BANELCO,AV RIVADAVIA 6483,Flores,Comuna 7,1,0-50 m,108.0,0.007841371226357887,13773.10127047297,13773.10127047297,1.0
40613,BBVA Banco Francés,BANELCO,AV RIVADAVIA 6483,Flores,Comuna 7,2,50-100 m,67.0,0.023524113679051644,2848.141312106644,13773.10127047297,0.20679012345698367
40613,BBVA Banco Francés,BANELCO,AV RIVADAVIA 6483,Flores,Comuna 7,3,100-150 m,60.0,0.03920685613180504,1530.3445856074986,13773.10127047297,0.11111111111106689
41107,HSBC Bank Argentina,BANELCO,AV. RIVADAVIA 6626,Flores,Comuna 7,1,0-50 m,126.0,0.007841371226357887,16068.61814888513,16068.61814888513,1.0
41107,HSBC Bank Argentina,BANELCO,AV. RIVADAVIA 6626,Flores,Comuna 7,2,50-100 m,65.0,0.023524113679051644,2763.1221684616694,16068.61814888513,0.1719576719578329
41107,HSBC Bank Argentina,BANELCO,AV. RIVADAVIA 6626,Flores,Comuna 7,3,100-150 m,58.0,0.03920685613180504,1479.3330994205821,16068.61814888513,0.09206349206345543
39758,Banco Comafi,BANELCO,AV. RIVADAVIA 6770,Flores,Comuna 7,1,0-50 m,25.0,0.007841371226357887,3188.217886683558,3188.217886683558,1.0
39758,Banco Comafi,BANELCO,AV. RIVADAVIA 6770,Flores,Comuna 7,2,50-100 m,26.0,0.023524113679051644,1105.2488673846678,3188.217886683558,0.34666666666699114
39758,Banco Comafi,BANELCO,AV. RIVADAVIA 6770,Flores,Comuna 7,3,100-150 m,18.0,0.03920685613180504,459.10337568224963,3188.217886683558,0.1439999999999427
40244,Banco Santander Río,BANELCO,AV. RIVADAVIA 6902,Flores,Comuna 7,1,0-50 m,261.0,0.007841371226357887,33284.99473697634,33284.99473697634,1.0
40244,Banco Santander Río,BANELCO,AV. RIVADAVIA 6902,Flores,Comuna 7,2,50-100 m,36.0,0.023524113679051644,1530.34458560954,33284.99473697634,0.04597701149429591
40244,Banco Santander Río,BANELCO,AV. RIVADAVIA 6902,Flores,Comuna 7,3,100-150 m,0.0,0.03920685613180504,0.0,33284.99473697634,0.0
39851,Banco Itaú,BANELCO,AV RIVADAVIA 7060,Flores,Comuna 7,1,0-50 m,49.0,0.007841371226357887,6248.9070578997735,6248.9070578997735,1.0
39851,Banco Itaú,BANELCO,AV RIVADAVIA 7060,Flores,Comuna 7,2,50-100 m,53.0,0.023524113679051644,2253.0073065918227,6248.9070578997735,0.36054421768741224
39851,Banco Itaú,BANELCO,AV RIVADAVIA 7060,Flores,Comuna 7,3,100-150 m,27.0,0.03920685613180504,688.6550635233745,6248.9070578997735,0.11020408163260921
40812,Banco Galicia,BANELCO,AV. RIVADAVIA 7121,Flores,Comuna 7,1,0-50 m,146.0,0.007841371226357887,18619.192458231977,18619.192458231977,1.0
40812,Banco Galicia,BANELCO,AV. RIVADAVIA 7121,Flores,Comuna 7,2,50-100 m,79.0,0.023524113679051644,3358.2561739764906,18619.192458231977,0.18036529680382177
40812,Banco Galicia,BANELCO,AV. RIVADAVIA 7121,Flores,Comuna 7,3,100-150 m,41.0,0.03920685613180504,1045.7354668317907,18619.192458231977,0.056164383561621484
40442,Banco Supervielle,BANELCO,AV. RIVADAVIA 7275,Flores,Comuna 7,1,0-50 m,33.0,0.007841371226357887,4208.447610422296,4208.447610422296,1.0
40442,Banco Supervielle,BANELCO,AV. RIVADAVIA 7275,Flores,Comuna 7,2,50-100 m,202.0,0.023524113679051644,8586.93350814242,4208.447610422296,2.0404040404059502
40442,Banco Supervielle,BANELCO,AV. RIVADAVIA 7275,Flores,Comuna 7,3,100-150 m,116.0,0.03920685613180504,2958.6661988411643,4208.447610422296,0.7030303030300233
40805,Banco Galicia,BANELCO,AV. RIVADAVIA 7530,Flores,Comuna 7,1,0-50 m,165.0,0.007841371226357887,21042.23805211148,21042.23805211148,1.0
40805,Banco Galicia,BANELCO,AV. RIVADAVIA 7530,Flores,Comuna 7,2,50-100 m,101.0,0.023524113679051644,4293.46675407121,21042.23805211148,0.20404040404059504
40805,Banco Galicia,BANELCO,AV. RIVADAVIA 7530,Flores,Comuna 7,3,100-150 m,205.0,0.03920685613180504,5228.677334158954,21042.23805211148,0.24848484848474964
40241,Banco Santander Río,BANELCO,AV. RIVADAVIA 8799,Velez Sarsfield,Comuna 10,1,0-50 m,135.0,0.007841371226357887,17216.37658809121,17216.37658809121,1.0
40241,Banco Santander Río,BANELCO,AV. RIVADAVIA 8799,Velez Sarsfield,Comuna 10,2,50-100 m,86.0,0.023524113679051644,3655.823176733901,17216.37658809121,0.21234567901254445
40241,Banco Santander Río,BANELCO,AV. RIVADAVIA 8799,Velez Sarsfield,Comuna 10,3,100-150 m,93.0,0.03920685613180504,2372.034107691623,17216.37658809121,0.13777777777772296
40277,Banco Santander Río,BANELCO,AV. RIVADAVIA 9711,Villa Luro,Comuna 10,1,0-50 m,48.0,0.007841371226357887,6121.378342432431,6121.378342432431,1.0
40277,Banco Santander Río,BANELCO,AV. RIVADAVIA 9711,Villa Luro,Comuna 10,2,50-100 m,43.0,0.023524113679051644,1827.9115883669506,6121.378342432431,0.2986111111113906
40277,Banco Santander Río,BANELCO,AV. RIVADAVIA 9711,Villa Luro,Comuna 10,3,100-150 m,129.0,0.03920685613180504,3290.240859056122,6121.378342432431,0.537499999999786
40829,Banco Galicia,BANELCO,AV. ROCA 6883,Villa Riachuelo,Comuna 8,1,0-50 m,23.0,0.007841371226357887,2933.160455748873,2933.160455748873,1.0
40829,Banco Galicia,BANELCO,AV. ROCA 6883,Villa Riachuelo,Comuna 8,2,50-100 m,41.0,0.023524113679051644,1742.892444721976,2933.160455748873,0.5942028985512807
40829,Banco Galicia,BANELCO,AV. ROCA 6883,Villa Riachuelo,Comuna 8,3,100-150 m,82.0,0.03920685613180504,2091.4709336635815,2933.160455748873,0.7130434782605858
40228,Banco Santander Río,BANELCO,AV. ROMULO S. NAON 1802,Villa Urquiza,Comuna 12,1,0-50 m,7.0,0.007841371226357887,892.7010082713962,892.7010082713962,1.0
40228,Banco Santander Río,BANELCO,AV. ROMULO S. NAON 1802,Villa Urquiza,Comuna 12,2,50-100 m,9.0,0.023524113679051644,382.586146402385,892.7010082713962,0.42857142857182967
40228,Banco Santander Río,BANELCO,AV. ROMULO S. NAON 1802,Villa Urquiza,Comuna 12,3,100-150 m,18.0,0.03920685613180504,459.10337568224963,892.7010082713962,0.5142857142855096
41231,ICBC,BANELCO,AV. R. SAENZ PENA 567,San Nicolas,Comuna 1,1,0-50 m,46.0,0.007841371226357887,5866.320911497746,5866.320911497746,1.0
41231,ICBC,BANELCO,AV. R. SAENZ PENA 567,San Nicolas,Comuna 1,2,50-100 m,13.0,0.023524113679051644,552.6244336923339,5866.320911497746,0.0942028985508128
41231,ICBC,BANELCO,AV. R. SAENZ PENA 567,San Nicolas,Comuna 1,3,100-150 m,0.0,0.03920685613180504,0.0,5866.320911497746,0.0
39740,Banco Comafi,BANELCO,AV. R. SAENZ PENA 660,San Nicolas,Comuna 1,1,0-50 m,76.0,0.007841371226357887,9692.182375518016,9692.182375518016,1.0
39740,Banco Comafi,BANELCO,AV. R. SAENZ PENA 660,San Nicolas,Comuna 1,2,50-100 m,123.0,0.023524113679051644,5228.677334165928,9692.182375518016,0.5394736842110311
39740,Banco Comafi,BANELCO,AV. R. SAENZ PENA 660,San Nicolas,Comuna 1,3,100-150 m,0.0,0.03920685613180504,0.0,9692.182375518016,0.0
40206,Banco Santander Río,BANELCO,AV. R. SAENZ PENA 844,San Nicolas,Comuna 1,1,0-50 m,38.0,0.007841371226357887,4846.091187759008,4846.091187759008,1.0
40206,Banco Santander Río,BANELCO,AV. R. SAENZ PENA 844,San Nicolas,Comuna 1,2,50-100 m,46.0,0.023524113679051644,1955.4403038344121,4846.091187759008,0.4035087719302022
40206,Banco Santander Río,BANELCO,AV. R. SAENZ PENA 844,San Nicolas,Comuna 1,3,100-150 m,11.0,0.03920685613180504,280.56317402804143,4846.091187759008,0.057894736842082226
40770,Banco Galicia,BANELCO,AV. R. SAENZ PENA 865,San Nicolas,Comuna 1,1,0-50 m,74.0,0.007841371226357887,9437.124944583331,9437.124944583331,1.0
40770,Banco Galicia,BANELCO,AV. R. SAENZ PENA 865,San Nicolas,Comuna 1,2,50-100 m,309.0,0.023524113679051644,13135.457693148552,9437.124944583331,1.3918918918931946
40770,Banco Galicia,BANELCO,AV. R. SAENZ PENA 865,San Nicolas,Comuna 1,3,100-150 m,2.0,0.03920685613180504,51.01148618691662,9437.124944583331,0.005405405405403254
39964,Banco Macro,BANELCO,AV R.V.PENALOZA 507/497,Puerto Madero,Comuna 1,1,0-50 m,4.0,0.007841371226357887,510.11486186936924,510.11486186936924,1.0
39964,Banco Macro,BANELCO,AV R.V.PENALOZA 507/497,Puerto Madero,Comuna 1,2,50-100 m,10.0,0.023524113679051644,425.0957182248722,510.11486186936924,0.8333333333341132
39964,Banco Macro,BANELCO,AV R.V.PENALOZA 507/497,Puerto Madero,Comuna 1,3,100-150 m,31.0,0.03920685613180504,790.6780358972077,510.11486186936924,1.5499999999993832
39785,Banco Itaú,BANELCO,AV SACALABRINI ORTIZ 2524,Palermo,Comuna 14,1,0-50 m,13.0,0.007841371226357887,1657.87330107545,1657.87330107545,1.0
39785,Banco Itaú,BANELCO,AV SACALABRINI ORTIZ 2524,Palermo,Comuna 14,2,50-100 m,7.0,0.023524113679051644,297.56700275741053,1657.87330107545,0.17948717948734746
39785,Banco Itaú,BANELCO,AV SACALABRINI ORTIZ 2524,Palermo,Comuna 14,3,100-150 m,0.0,0.03920685613180504,0.0,1657.87330107545,0.0
39792,Banco Itaú,BANELCO,AV SACALABRINI ORTIZ 2524,Palermo,Comuna 14,1,0-50 m,13.0,0.007841371226357887,1657.87330107545,1657.87330107545,1.0
39792,Banco Itaú,BANELCO,AV SACALABRINI ORTIZ 2524,Palermo,Comuna 14,2,50-100 m,35.0,0.023524113679051644,1487.8350137870527,1657.87330107545,0.8974358974367374
39792,Banco Itaú,BANELCO,AV SACALABRINI ORTIZ 2524,Palermo,Comuna 14,3,100-150 m,5.0,0.03920685613180504,127.52871546729156,1657.87330107545,0.07692307692304631
40637,BBVA Banco Francés,BANELCO,AV. SAN JUAN 2654,San Cristobal,Comuna 3,1,0-50 m,50.0,0.007841371226357887,6376.435773367116,6376.435773367116,1.0
40637,BBVA Banco Francés,BANELCO,AV. SAN JUAN 2654,San Cristobal,Comuna 3,2,50-100 m,261.0,0.023524113679051644,11094.998245669165,6376.435773367116,1.7400000000016285
40637,BBVA Banco Francés,BANELCO,AV. SAN JUAN 2654,San Cristobal,Comuna 3,3,100-150 m,150.0,0.03920685613180504,3825.8614640187466,6376.435773367116,0.5999999999997612
40138,Banco Santander Río,BANELCO,AV. SAN JUAN 2812,San Cristobal,Comuna 3,1,0-50 m,129.0,0.007841371226357887,16451.204295287156,16451.204295287156,1.0
40138,Banco Santander Río,BANELCO,AV. SAN JUAN 2812,San Cristobal,Comuna 3,2,50-100 m,59.0,0.023524113679051644,2508.0647375267463,16451.204295287156,0.15245478036189983
40138,Banco Santander Río,BANELCO,AV. SAN JUAN 2812,San Cristobal,Comuna 3,3,100-150 m,35.0,0.03920685613180504,892.7010082710409,16451.204295287156,0.05426356589145128
40752,Banco Galicia,BANELCO,AV. SAN JUAN 3101,San Cristobal,Comuna 3,1,0-50 m,96.0,0.007841371226357887,12242.756684864862,12242.756684864862,1.0
40752,Banco Galicia,BANELCO,AV. SAN JUAN 3101,San Cristobal,Comuna 3,2,50-100 m,124.0,0.023524113679051644,5271.186905988416,12242.756684864862,0.43055555555595854
40752,Banco Galicia,BANELCO,AV. SAN JUAN 3101,San Cristobal,Comuna 3,3,100-150 m,141.0,0.03920685613180504,3596.309776177622,12242.756684864862,0.2937499999998831
40611,BBVA Banco Francés,BANELCO,AV. SAN JUAN 3599,Boedo,Comuna 5,1,0-50 m,186.0,0.007841371226357887,23720.34107692567,23720.34107692567,1.0
40611,BBVA Banco Francés,BANELCO,AV. SAN JUAN 3599,Boedo,Comuna 5,2,50-100 m,107.0,0.023524113679051644,4548.524185006133,23720.34107692567,0.19175627240161316
40611,BBVA Banco Francés,BANELCO,AV. SAN JUAN 3599,Boedo,Comuna 5,3,100-150 m,144.0,0.03920685613180504,3672.827005457997,23720.34107692567,0.15483870967735774
40058,Banco Patagonia,BANELCO,AV. SAN JUAN 4300,Boedo,Comuna 5,1,0-50 m,111.0,0.007841371226357887,14155.687416874996,14155.687416874996,1.0
40058,Banco Patagonia,BANELCO,AV. SAN JUAN 4300,Boedo,Comuna 5,2,50-100 m,90.0,0.023524113679051644,3825.86146402385,14155.687416874996,0.27027027027052325
40058,Banco Patagonia,BANELCO,AV. SAN JUAN 4300,Boedo,Comuna 5,3,100-150 m,171.0,0.03920685613180504,4361.482068981371,14155.687416874996,0.3081081081079855
40539,BBVA Banco Francés,BANELCO,AV. SAN MARTIN 2349,Paternal,Comuna 15,1,0-50 m,26.0,0.007841371226357887,3315.7466021509,3315.7466021509,1.0
40539,BBVA Banco Francés,BANELCO,AV. SAN MARTIN 2349,Paternal,Comuna 15,2,50-100 m,57.0,0.023524113679051644,2423.0455938817718,3315.7466021509,0.7307692307699147
40539,BBVA Banco Francés,BANELCO,AV. SAN MARTIN 2349,Paternal,Comuna 15,3,100-150 m,40.0,0.03920685613180504,1020.2297237383325,3315.7466021509,0.30769230769218525
39828,Banco Itaú,BANELCO,AV. SAN MARTÍN 2941,Paternal,Comuna 15,1,0-50 m,24.0,0.007841371226357887,3060.6891712162155,3060.6891712162155,1.0
39828,Banco Itaú,BANELCO,AV. SAN MARTÍN 2941,Paternal,Comuna 15,2,50-100 m,118.0,0.023524113679051644,5016.129475053493,3060.6891712162155,1.6388888888904227
39828,Banco Itaú,BANELCO,AV. SAN MARTÍN 2941,Paternal,Comuna 15,3,100-150 m,82.0,0.03920685613180504,2091.4709336635815,3060.6891712162155,0.6833333333330613
40077,Banco Patagonia,BANELCO,AV. SAN MARTIN 6931,Villa Devoto,Comuna 11,1,0-50 m,1.0,0.007841371226357887,127.52871546734231,127.52871546734231,1.0
40077,Banco Patagonia,BANELCO,AV. SAN MARTIN 6931,Villa Devoto,Comuna 11,2,50-100 m,0.0,0.023524113679051644,0.0,127.52871546734231,0.0
40077,Banco Patagonia,BANELCO,AV. SAN MARTIN 6931,Villa Devoto,Comuna 11,3,100-150 m,0.0,0.03920685613180504,0.0,127.52871546734231,0.0
40069,Banco Patagonia,BANELCO,AV. SAN MARTIN 6931,Villa Devoto,Comuna 11,1,0-50 m,14.0,0.007841371226357887,1785.4020165427924,1785.4020165427924,1.0
40069,Banco Patagonia,BANELCO,AV. SAN MARTIN 6931,Villa Devoto,Comuna 11,2,50-100 m,21.0,0.023524113679051644,892.7010082722317,1785.4020165427924,0.500000000000468
40069,Banco Patagonia,BANELCO,AV. SAN MARTIN 6931,Villa Devoto,Comuna 11,3,100-150 m,26.0,0.03920685613180504,663.1493204299161,1785.4020165427924,0.3714285714284236
39885,Banco Itaú,BANELCO,AV SAN MARTÍN 7187,Villa Devoto,Comuna 11,1,0-50 m,2.0,0.007841371226357887,255.05743093468462,255.05743093468462,1.0
39885,Banco Itaú,BANELCO,AV SAN MARTÍN 7187,Villa Devoto,Comuna 11,2,50-100 m,1.0,0.023524113679051644,42.509571822487224,255.05743093468462,0.16666666666682267
39885,Banco Itaú,BANELCO,AV SAN MARTÍN 7187,Villa Devoto,Comuna 11,3,100-150 m,3.0,0.03920685613180504,76.51722928037493,255.05743093468462,0.2999999999998806
39844,Banco Itaú,BANELCO,AV SAN MARTÍN 7187,Villa Devoto,Comuna 11,1,0-50 m,19.0,0.007841371226357887,2423.045593879504,2423.045593879504,1.0
39844,Banco Itaú,BANELCO,AV SAN MARTÍN 7187,Villa Devoto,Comuna 11,2,50-100 m,15.0,0.023524113679051644,637.6435773373083,2423.045593879504,0.2631578947370884
39844,Banco Itaú,BANELCO,AV SAN MARTÍN 7187,Villa Devoto,Comuna 11,3,100-150 m,11.0,0.03920685613180504,280.56317402804143,2423.045593879504,0.11578947368416445
39803,Banco Itaú,BANELCO,AV. SANTA FE 1166,Retiro,Comuna 1,1,0-50 m,43.0,0.007841371226357887,5483.734765095719,5483.734765095719,1.0
39803,Banco Itaú,BANELCO,AV. SANTA FE 1166,Retiro,Comuna 1,2,50-100 m,63.0,0.023524113679051644,2678.103024816695,5483.734765095719,0.48837209302371287
39803,Banco Itaú,BANELCO,AV. SANTA FE 1166,Retiro,Comuna 1,3,100-150 m,35.0,0.03920685613180504,892.7010082710409,5483.734765095719,0.16279069767435383
39927,Banco Macro,BANELCO,AV. SANTA FE 1288,Retiro,Comuna 1,1,0-50 m,44.0,0.007841371226357887,5611.263480563061,5611.263480563061,1.0
39927,Banco Macro,BANELCO,AV. SANTA FE 1288,Retiro,Comuna 1,2,50-100 m,58.0,0.023524113679051644,2465.555165704259,5611.263480563061,0.4393939393943506
39927,Banco Macro,BANELCO,AV. SANTA FE 1288,Retiro,Comuna 1,3,100-150 m,16.0,0.03920685613180504,408.09188949533296,5611.263480563061,0.07272727272724379
40917,Banco Galicia,BANELCO,AV. SANTA FE 1301,Retiro,Comuna 1,1,0-50 m,153.0,0.007841371226357887,19511.893466503374,19511.893466503374,1.0
40917,Banco Galicia,BANELCO,AV. SANTA FE 1301,Retiro,Comuna 1,2,50-100 m,33.0,0.023524113679051644,1402.8158701420784,19511.893466503374,0.0718954248366686
40917,Banco Galicia,BANELCO,AV. SANTA FE 1301,Retiro,Comuna 1,3,100-150 m,40.0,0.03920685613180504,1020.2297237383325,19511.893466503374,0.0522875816993256
40281,Banco Santander Río,BANELCO,AV. SANTA FE 1450,Recoleta,Comuna 2,1,0-50 m,59.0,0.007841371226357887,7524.194212573197,7524.194212573197,1.0
40281,Banco Santander Río,BANELCO,AV. SANTA FE 1450,Recoleta,Comuna 2,2,50-100 m,125.0,0.023524113679051644,5313.696477810903,7524.194212573197,0.7062146892661977
40281,Banco Santander Río,BANELCO,AV. SANTA FE 1450,Recoleta,Comuna 2,3,100-150 m,79.0,0.03920685613180504,2014.9537043832067,7524.194212573197,0.26779661016938494
40708,BBVA Banco Francés,BANELCO,AV. SANTA FE 1630,Recoleta,Comuna 2,1,0-50 m,12.0,0.007841371226357887,1530.3445856081078,1530.3445856081078,1.0
40708,BBVA Banco Francés,BANELCO,AV. SANTA FE 1630,Recoleta,Comuna 2,2,50-100 m,24.0,0.023524113679051644,1020.2297237396933,1530.3445856081078,0.6666666666672906
40708,BBVA Banco Francés,BANELCO,AV. SANTA FE 1630,Recoleta,Comuna 2,3,100-150 m,13.0,0.03920685613180504,331.57466021495804,1530.3445856081078,0.21666666666658044
40622,BBVA Banco Francés,BANELCO,AV. SANTA FE 2121,Recoleta,Comuna 2,1,0-50 m,51.0,0.007841371226357887,6503.964488834457,6503.964488834457,1.0
40622,BBVA Banco Francés,BANELCO,AV. SANTA FE 2121,Recoleta,Comuna 2,2,50-100 m,11.0,0.023524113679051644,467.60529004735946,6503.964488834457,0.07189542483666861
40622,BBVA Banco Francés,BANELCO,AV. SANTA FE 2121,Recoleta,Comuna 2,3,100-150 m,13.0,0.03920685613180504,331.57466021495804,6503.964488834457,0.05098039215684246
40144,Banco Santander Río,BANELCO,AV. SANTA FE 2201,Recoleta,Comuna 2,1,0-50 m,58.0,0.007841371226357887,7396.665497105854,7396.665497105854,1.0
40144,Banco Santander Río,BANELCO,AV. SANTA FE 2201,Recoleta,Comuna 2,2,50-100 m,24.0,0.023524113679051644,1020.2297237396933,7396.665497105854,0.1379310344828877
40144,Banco Santander Río,BANELCO,AV. SANTA FE 2201,Recoleta,Comuna 2,3,100-150 m,47.0,0.03920685613180504,1198.7699253925407,7396.665497105854,0.1620689655171769
39945,Banco Macro,BANELCO,AV. SANTA FE 2220,Recoleta,Comuna 2,1,0-50 m,140.0,0.007841371226357887,17854.020165427923,17854.020165427923,1.0
39945,Banco Macro,BANELCO,AV. SANTA FE 2220,Recoleta,Comuna 2,2,50-100 m,68.0,0.023524113679051644,2890.650883929131,17854.020165427923,0.16190476190491343
39945,Banco Macro,BANELCO,AV. SANTA FE 2220,Recoleta,Comuna 2,3,100-150 m,31.0,0.03920685613180504,790.6780358972077,17854.020165427923,0.044285714285696665
40672,BBVA Banco Francés,BANELCO,AV. SANTA FE 2699,Recoleta,Comuna 2,1,0-50 m,253.0,0.007841371226357887,32264.765013237604,32264.765013237604,1.0
40672,BBVA Banco Francés,BANELCO,AV. SANTA FE 2699,Recoleta,Comuna 2,2,50-100 m,75.0,0.023524113679051644,3188.2178866865415,32264.765013237604,0.09881422924910434
40672,BBVA Banco Francés,BANELCO,AV. SANTA FE 2699,Recoleta,Comuna 2,3,100-150 m,79.0,0.03920685613180504,2014.9537043832067,32264.765013237604,0.062450592885350646
39754,Banco Comafi,BANELCO,AV. SANTA FE 2762,Recoleta,Comuna 2,1,0-50 m,118.0,0.007841371226357887,15048.388425146393,15048.388425146393,1.0
39754,Banco Comafi,BANELCO,AV. SANTA FE 2762,Recoleta,Comuna 2,2,50-100 m,75.0,0.023524113679051644,3188.2178866865415,15048.388425146393,0.2118644067798593
39754,Banco Comafi,BANELCO,AV. SANTA FE 2762,Recoleta,Comuna 2,3,100-150 m,43.0,0.03920685613180504,1096.7469530187075,15048.388425146393,0.07288135593217439
40887,Banco Galicia,BANELCO,AV. SANTA FE 2835,Recoleta,Comuna 2,1,0-50 m,30.0,0.007841371226357887,3825.861464020269,3825.861464020269,1.0
40887,Banco Galicia,BANELCO,AV. SANTA FE 2835,Recoleta,Comuna 2,2,50-100 m,131.0,0.023524113679051644,5568.753908745826,3825.861464020269,1.455555555556918
40887,Banco Galicia,BANELCO,AV. SANTA FE 2835,Recoleta,Comuna 2,3,100-150 m,43.0,0.03920685613180504,1096.7469530187075,3825.861464020269,0.2866666666665526
39795,Banco Itaú,BANELCO,AV. SANTA FÉ 2867,Recoleta,Comuna 2,1,0-50 m,77.0,0.007841371226357887,9819.711090985358,9819.711090985358,1.0
39795,Banco Itaú,BANELCO,AV. SANTA FÉ 2867,Recoleta,Comuna 2,2,50-100 m,250.0,0.023524113679051644,10627.392955621806,9819.711090985358,1.0822510822520952
39795,Banco Itaú,BANELCO,AV. SANTA FÉ 2867,Recoleta,Comuna 2,3,100-150 m,99.0,0.03920685613180504,2525.068566252373,9819.711090985358,0.2571428571427548
40463,Banco Supervielle,BANELCO,AV. SANTA FE 2972,Recoleta,Comuna 2,1,0-50 m,227.0,0.007841371226357887,28949.018411086705,28949.018411086705,1.0
40463,Banco Supervielle,BANELCO,AV. SANTA FE 2972,Recoleta,Comuna 2,2,50-100 m,258.0,0.023524113679051644,10967.469530201703,28949.018411086705,0.37885462555101534
40463,Banco Supervielle,BANELCO,AV. SANTA FE 2972,Recoleta,Comuna 2,3,100-150 m,62.0,0.03920685613180504,1581.3560717944154,28949.018411086705,0.05462555066077121
40000,Banco Patagonia,BANELCO,AV. SANTA FE 3060,Recoleta,Comuna 2,1,0-50 m,43.0,0.007841371226357887,5483.734765095719,5483.734765095719,1.0
40000,Banco Patagonia,BANELCO,AV. SANTA FE 3060,Recoleta,Comuna 2,2,50-100 m,68.0,0.023524113679051644,2890.650883929131,5483.734765095719,0.5271317829462298
40000,Banco Patagonia,BANELCO,AV. SANTA FE 3060,Recoleta,Comuna 2,3,100-150 m,27.0,0.03920685613180504,688.6550635233745,5483.734765095719,0.12558139534878723
40266,Banco Santander Río,BANELCO,AV. SANTA FE 3077,Recoleta,Comuna 2,1,0-50 m,64.0,0.007841371226357887,8161.837789909908,8161.837789909908,1.0
40266,Banco Santander Río,BANELCO,AV. SANTA FE 3077,Recoleta,Comuna 2,2,50-100 m,14.0,0.023524113679051644,595.1340055148211,8161.837789909908,0.07291666666673491
40266,Banco Santander Río,BANELCO,AV. SANTA FE 3077,Recoleta,Comuna 2,3,100-150 m,40.0,0.03920685613180504,1020.2297237383325,8161.837789909908,0.12499999999995026
41136,HSBC Bank Argentina,BANELCO,AV.SANTA FE 3117,Recoleta,Comuna 2,1,0-50 m,93.0,0.007841371226357887,11860.170538462835,11860.170538462835,1.0
41136,HSBC Bank Argentina,BANELCO,AV.SANTA FE 3117,Recoleta,Comuna 2,2,50-100 m,17.0,0.023524113679051644,722.6627209822827,11860.170538462835,0.060931899641634084
41136,HSBC Bank Argentina,BANELCO,AV.SANTA FE 3117,Recoleta,Comuna 2,3,100-150 m,7.0,0.03920685613180504,178.54020165420818,11860.170538462835,0.015053763440854224
40509,Banco Supervielle,BANELCO,AV. SANTA FE 3164,Recoleta,Comuna 2,1,0-50 m,50.0,0.007841371226357887,6376.435773367116,6376.435773367116,1.0
40509,Banco Supervielle,BANELCO,AV. SANTA FE 3164,Recoleta,Comuna 2,2,50-100 m,43.0,0.023524113679051644,1827.9115883669506,6376.435773367116,0.28666666666693497
40509,Banco Supervielle,BANELCO,AV. SANTA FE 3164,Recoleta,Comuna 2,3,100-150 m,18.0,0.03920685613180504,459.10337568224963,6376.435773367116,0.07199999999997135
40131,Banco Santander Río,BANELCO,AV. SANTA FE 3228,Palermo,Comuna 14,1,0-50 m,405.0,0.007841371226357887,51649.12976427363,51649.12976427363,1.0
40131,Banco Santander Río,BANELCO,AV. SANTA FE 3228,Palermo,Comuna 14,2,50-100 m,55.0,0.023524113679051644,2338.0264502367972,51649.12976427363,0.04526748971197653
40131,Banco Santander Río,BANELCO,AV. SANTA FE 3228,Palermo,Comuna 14,3,100-150 m,25.0,0.03920685613180504,637.6435773364578,51649.12976427363,0.012345679012340767
39868,Banco Itaú,BANELCO,AV. SANTA FE 3315,Palermo,Comuna 14,1,0-50 m,40.0,0.007841371226357887,5101.148618693693,5101.148618693693,1.0
39868,Banco Itaú,BANELCO,AV. SANTA FE 3315,Palermo,Comuna 14,2,50-100 m,53.0,0.023524113679051644,2253.0073065918227,5101.148618693693,0.44166666666708
39868,Banco Itaú,BANELCO,AV. SANTA FE 3315,Palermo,Comuna 14,3,100-150 m,3.0,0.03920685613180504,76.51722928037493,5101.148618693693,0.01499999999999403
41348,ICBC,BANELCO,Av. Santa Fe 3316,Palermo,Comuna 14,1,0-50 m,177.0,0.007841371226357887,22572.582637719588,22572.582637719588,1.0
41348,ICBC,BANELCO,Av. Santa Fe 3316,Palermo,Comuna 14,2,50-100 m,581.0,0.023524113679051644,24698.061228865077,22572.582637719588,1.0941619585697624
41348,ICBC,BANELCO,Av. Santa Fe 3316,Palermo,Comuna 14,3,100-150 m,34.0,0.03920685613180504,867.1952651775827,22572.582637719588,0.038418079096029914
41350,ICBC,BANELCO,AV. SANTA FE 3440,Palermo,Comuna 14,1,0-50 m,103.0,0.007841371226357887,13135.457693136257,13135.457693136257,1.0
41350,ICBC,BANELCO,AV. SANTA FE 3440,Palermo,Comuna 14,2,50-100 m,242.0,0.023524113679051644,10287.316381041908,13135.457693136257,0.7831715210363318
41350,ICBC,BANELCO,AV. SANTA FE 3440,Palermo,Comuna 14,3,100-150 m,100.0,0.03920685613180504,2550.5743093458314,13135.457693136257,0.19417475728147615
40125,Banco Santander Río,BANELCO,AV. SANTA FE 3655,Palermo,Comuna 14,1,0-50 m,107.0,0.007841371226357887,13645.572555005627,13645.572555005627,1.0
40125,Banco Santander Río,BANELCO,AV. SANTA FE 3655,Palermo,Comuna 14,2,50-100 m,206.0,0.023524113679051644,8756.971795432368,13645.572555005627,0.641744548287205
40125,Banco Santander Río,BANELCO,AV. SANTA FE 3655,Palermo,Comuna 14,3,100-150 m,141.0,0.03920685613180504,3596.309776177622,13645.572555005627,0.263551401869054
40933,Banco Galicia,BANELCO,AV. SANTA FE 3701,Palermo,Comuna 14,1,0-50 m,81.0,0.007841371226357887,10329.825952854728,10329.825952854728,1.0
40933,Banco Galicia,BANELCO,AV. SANTA FE 3701,Palermo,Comuna 14,2,50-100 m,10.0,0.023524113679051644,425.0957182248722,10329.825952854728,0.04115226337452411
40933,Banco Galicia,BANELCO,AV. SANTA FE 3701,Palermo,Comuna 14,3,100-150 m,20.0,0.03920685613180504,510.11486186916625,10329.825952854728,0.04938271604936306
39995,Banco Patagonia,BANELCO,AV. SANTA FE 3725,Palermo,Comuna 14,1,0-50 m,73.0,0.007841371226357887,9309.596229115989,9309.596229115989,1.0
39995,Banco Patagonia,BANELCO,AV. SANTA FE 3725,Palermo,Comuna 14,2,50-100 m,27.0,0.023524113679051644,1147.758439207155,9309.596229115989,0.12328767123299211
39995,Banco Patagonia,BANELCO,AV. SANTA FE 3725,Palermo,Comuna 14,3,100-150 m,56.0,0.03920685613180504,1428.3216132336654,9309.596229115989,0.15342465753418552
39743,Banco Comafi,BANELCO,AV.SANTA FE 4018,Palermo,Comuna 14,1,0-50 m,161.0,0.007841371226357887,20532.123190242113,20532.123190242113,1.0
39743,Banco Comafi,BANELCO,AV.SANTA FE 4018,Palermo,Comuna 14,2,50-100 m,198.0,0.023524113679051644,8416.89522085247,20532.123190242113,0.4099378881991414
39743,Banco Comafi,BANELCO,AV.SANTA FE 4018,Palermo,Comuna 14,3,100-150 m,150.0,0.03920685613180504,3825.8614640187466,20532.123190242113,0.1863354037266339
40422,Banco Supervielle,BANELCO,AV. SANTA FE 4453,Palermo,Comuna 14,1,0-50 m,41.0,0.007841371226357887,5228.677334161035,5228.677334161035,1.0
40422,Banco Supervielle,BANELCO,AV. SANTA FE 4453,Palermo,Comuna 14,2,50-100 m,428.0,0.023524113679051644,18194.09674002453,5228.677334161035,3.479674796751224
40422,Banco Supervielle,BANELCO,AV. SANTA FE 4453,Palermo,Comuna 14,3,100-150 m,155.0,0.03920685613180504,3953.3901794860385,5228.677334161035,0.7560975609753089
40269,Banco Santander Río,BANELCO,AV. SANTA FE 4846,Palermo,Comuna 14,1,0-50 m,42.0,0.007841371226357887,5356.206049628377,5356.206049628377,1.0
40269,Banco Santander Río,BANELCO,AV. SANTA FE 4846,Palermo,Comuna 14,2,50-100 m,231.0,0.023524113679051644,9819.711090994548,5356.206049628377,1.8333333333350492
40269,Banco Santander Río,BANELCO,AV. SANTA FE 4846,Palermo,Comuna 14,3,100-150 m,31.0,0.03920685613180504,790.6780358972077,5356.206049628377,0.1476190476189889
40656,BBVA Banco Francés,BANELCO,AV. SANTA FE 5000,Palermo,Comuna 14,1,0-50 m,81.0,0.007841371226357887,10329.825952854728,10329.825952854728,1.0
40656,BBVA Banco Francés,BANELCO,AV. SANTA FE 5000,Palermo,Comuna 14,2,50-100 m,75.0,0.023524113679051644,3188.2178866865415,10329.825952854728,0.3086419753089308
40656,BBVA Banco Francés,BANELCO,AV. SANTA FE 5000,Palermo,Comuna 14,3,100-150 m,167.0,0.03920685613180504,4259.459096607538,10329.825952854728,0.4123456790121816
39830,Banco Itaú,BANELCO,AV. SANTA FE 831,Retiro,Comuna 1,1,0-50 m,72.0,0.007841371226357887,9182.067513648646,9182.067513648646,1.0
39830,Banco Itaú,BANELCO,AV. SANTA FE 831,Retiro,Comuna 1,2,50-100 m,3.0,0.023524113679051644,127.52871546746167,9182.067513648646,0.013888888888901888
39830,Banco Itaú,BANELCO,AV. SANTA FE 831,Retiro,Comuna 1,3,100-150 m,0.0,0.03920685613180504,0.0,9182.067513648646,0.0
40378,Banco Santander Río,BANELCO,AV. SANTA FE 880,Retiro,Comuna 1,1,0-50 m,158.0,0.007841371226357887,20149.537043840086,20149.537043840086,1.0
40378,Banco Santander Río,BANELCO,AV. SANTA FE 880,Retiro,Comuna 1,2,50-100 m,13.0,0.023524113679051644,552.6244336923339,20149.537043840086,0.02742616033757841
40378,Banco Santander Río,BANELCO,AV. SANTA FE 880,Retiro,Comuna 1,3,100-150 m,17.0,0.03920685613180504,433.5976325887913,20149.537043840086,0.02151898734176359
40608,BBVA Banco Francés,BANELCO,AV. SANTA FE 954,Retiro,Comuna 1,1,0-50 m,17.0,0.007841371226357887,2167.988162944819,2167.988162944819,1.0
40608,BBVA Banco Francés,BANELCO,AV. SANTA FE 954,Retiro,Comuna 1,2,50-100 m,13.0,0.023524113679051644,552.6244336923339,2167.988162944819,0.25490196078455235
40608,BBVA Banco Francés,BANELCO,AV. SANTA FE 954,Retiro,Comuna 1,3,100-150 m,4.0,0.03920685613180504,102.02297237383324,2167.988162944819,0.047058823529393036
41320,ICBC,BANELCO,AV. SANTA FE 964,Retiro,Comuna 1,1,0-50 m,24.0,0.007841371226357887,3060.6891712162155,3060.6891712162155,1.0
41320,ICBC,BANELCO,AV. SANTA FE 964,Retiro,Comuna 1,2,50-100 m,33.0,0.023524113679051644,1402.8158701420784,3060.6891712162155,0.4583333333337623
41320,ICBC,BANELCO,AV. SANTA FE 964,Retiro,Comuna 1,3,100-150 m,60.0,0.03920685613180504,1530.3445856074986,3060.6891712162155,0.499999999999801
40904,Banco Galicia,BANELCO,AV.SANTA FE 975,Retiro,Comuna 1,1,0-50 m,49.0,0.007841371226357887,6248.9070578997735,6248.9070578997735,1.0
40904,Banco Galicia,BANELCO,AV.SANTA FE 975,Retiro,Comuna 1,2,50-100 m,79.0,0.023524113679051644,3358.2561739764906,6248.9070578997735,0.5374149659868975
40904,Banco Galicia,BANELCO,AV.SANTA FE 975,Retiro,Comuna 1,3,100-150 m,48.0,0.03920685613180504,1224.275668485999,6248.9070578997735,0.1959183673468608
39969,Banco Macro,BANELCO,AV. SCALABRINI ORTIZ 1729,Palermo,Comuna 14,1,0-50 m,126.0,0.007841371226357887,16068.61814888513,16068.61814888513,1.0
39969,Banco Macro,BANELCO,AV. SCALABRINI ORTIZ 1729,Palermo,Comuna 14,2,50-100 m,183.0,0.023524113679051644,7779.251643515162,16068.61814888513,0.48412698412743727
39969,Banco Macro,BANELCO,AV. SCALABRINI ORTIZ 1729,Palermo,Comuna 14,3,100-150 m,186.0,0.03920685613180504,4744.068215383246,16068.61814888513,0.2952380952379777
40533,BBVA Banco Francés,BANELCO,AV. SCALABRINI ORTIZ 2486,Palermo,Comuna 14,1,0-50 m,497.0,0.007841371226357887,63381.771587269126,63381.771587269126,1.0
40533,BBVA Banco Francés,BANELCO,AV. SCALABRINI ORTIZ 2486,Palermo,Comuna 14,2,50-100 m,157.0,0.023524113679051644,6674.002776130494,63381.771587269126,0.10529845741123202
40533,BBVA Banco Francés,BANELCO,AV. SCALABRINI ORTIZ 2486,Palermo,Comuna 14,3,100-150 m,146.0,0.03920685613180504,3723.8384916449136,63381.771587269126,0.05875251509051988
40500,Banco Supervielle,BANELCO,AV.SCALABRINI ORTIZ 249,Villa Crespo,Comuna 15,1,0-50 m,24.0,0.007841371226357887,3060.6891712162155,3060.6891712162155,1.0
40500,Banco Supervielle,BANELCO,AV.SCALABRINI ORTIZ 249,Villa Crespo,Comuna 15,2,50-100 m,237.0,0.023524113679051644,10074.768521929473,3060.6891712162155,3.2916666666697476
40500,Banco Supervielle,BANELCO,AV.SCALABRINI ORTIZ 249,Villa Crespo,Comuna 15,3,100-150 m,49.0,0.03920685613180504,1249.7814115794572,3060.6891712162155,0.4083333333331708
40111,Banco Santander Río,BANELCO,AV. TRIUNVIRATO 3633,Villa Ortuzar,Comuna 15,1,0-50 m,21.0,0.007841371226357887,2678.1030248141883,2678.1030248141883,1.0
40111,Banco Santander Río,BANELCO,AV. TRIUNVIRATO 3633,Villa Ortuzar,Comuna 15,2,50-100 m,50.0,0.023524113679051644,2125.478591124361,2678.1030248141883,0.7936507936515366
40111,Banco Santander Río,BANELCO,AV. TRIUNVIRATO 3633,Villa Ortuzar,Comuna 15,3,100-150 m,86.0,0.03920685613180504,2193.493906037415,2678.1030248141883,0.8190476190472932
40073,Banco Patagonia,BANELCO,AV. TRIUNVIRATO 3897,Villa Ortuzar,Comuna 15,1,0-50 m,54.0,0.007841371226357887,6886.550635236485,6886.550635236485,1.0
40073,Banco Patagonia,BANELCO,AV. TRIUNVIRATO 3897,Villa Ortuzar,Comuna 15,2,50-100 m,34.0,0.023524113679051644,1445.3254419645655,6886.550635236485,0.20987654321007296
40073,Banco Patagonia,BANELCO,AV. TRIUNVIRATO 3897,Villa Ortuzar,Comuna 15,3,100-150 m,32.0,0.03920685613180504,816.1837789906659,6886.550635236485,0.11851851851847135
40614,BBVA Banco Francés,BANELCO,AV.TRIUNVIRATO 4274,Villa Urquiza,Comuna 12,1,0-50 m,16.0,0.007841371226357887,2040.459447477477,2040.459447477477,1.0
40614,BBVA Banco Francés,BANELCO,AV.TRIUNVIRATO 4274,Villa Urquiza,Comuna 12,2,50-100 m,0.0,0.023524113679051644,0.0,2040.459447477477,0.0
40614,BBVA Banco Francés,BANELCO,AV.TRIUNVIRATO 4274,Villa Urquiza,Comuna 12,3,100-150 m,0.0,0.03920685613180504,0.0,2040.459447477477,0.0
40505,Banco Supervielle,BANELCO,AV. TRIUNVIRATO 4302,Villa Urquiza,Comuna 12,1,0-50 m,77.0,0.007841371226357887,9819.711090985358,9819.711090985358,1.0
40505,Banco Supervielle,BANELCO,AV. TRIUNVIRATO 4302,Villa Urquiza,Comuna 12,2,50-100 m,23.0,0.023524113679051644,977.7201519172061,9819.711090985358,0.09956709956719274
40505,Banco Supervielle,BANELCO,AV. TRIUNVIRATO 4302,Villa Urquiza,Comuna 12,3,100-150 m,8.0,0.03920685613180504,204.04594474766648,9819.711090985358,0.020779220779212508
39808,Banco Itaú,BANELCO,AV. TRIUNVIRATO 4410,Villa Urquiza,Comuna 12,1,0-50 m,11.0,0.007841371226357887,1402.8158701407654,1402.8158701407654,1.0
39808,Banco Itaú,BANELCO,AV. TRIUNVIRATO 4410,Villa Urquiza,Comuna 12,2,50-100 m,1.0,0.023524113679051644,42.509571822487224,1402.8158701407654,0.030303030303058667
39808,Banco Itaú,BANELCO,AV. TRIUNVIRATO 4410,Villa Urquiza,Comuna 12,3,100-150 m,4.0,0.03920685613180504,102.02297237383324,1402.8158701407654,0.07272727272724379
39812,Banco Itaú,BANELCO,AV. TRIUNVIRATO 4410,Villa Urquiza,Comuna 12,1,0-50 m,50.0,0.007841371226357887,6376.435773367116,6376.435773367116,1.0
39812,Banco Itaú,BANELCO,AV. TRIUNVIRATO 4410,Villa Urquiza,Comuna 12,2,50-100 m,32.0,0.023524113679051644,1360.3062983195912,6376.435773367116,0.213333333333533
39812,Banco Itaú,BANELCO,AV. TRIUNVIRATO 4410,Villa Urquiza,Comuna 12,3,100-150 m,16.0,0.03920685613180504,408.09188949533296,6376.435773367116,0.06399999999997452
40836,Banco Galicia,BANELCO,AV.TRIUNVIRATO 4458,Villa Urquiza,Comuna 12,1,0-50 m,32.0,0.007841371226357887,4080.918894954954,4080.918894954954,1.0
40836,Banco Galicia,BANELCO,AV.TRIUNVIRATO 4458,Villa Urquiza,Comuna 12,2,50-100 m,99.0,0.023524113679051644,4208.447610426235,4080.918894954954,1.0312500000009652
40836,Banco Galicia,BANELCO,AV.TRIUNVIRATO 4458,Villa Urquiza,Comuna 12,3,100-150 m,72.0,0.03920685613180504,1836.4135027289985,4080.918894954954,0.44999999999982093
41264,ICBC,BANELCO,AV. TRIUNVIRATO 4599,Villa Urquiza,Comuna 12,1,0-50 m,4.0,0.007841371226357887,510.11486186936924,510.11486186936924,1.0
41264,ICBC,BANELCO,AV. TRIUNVIRATO 4599,Villa Urquiza,Comuna 12,2,50-100 m,4.0,0.023524113679051644,170.0382872899489,510.11486186936924,0.33333333333364534
41264,ICBC,BANELCO,AV. TRIUNVIRATO 4599,Villa Urquiza,Comuna 12,3,100-150 m,3.0,0.03920685613180504,76.51722928037493,510.11486186936924,0.1499999999999403
41099,HSBC Bank Argentina,BANELCO,AV. TRIUNVIRATO 4601,Villa Urquiza,Comuna 12,1,0-50 m,67.0,0.007841371226357887,8544.423936311934,8544.423936311934,1.0
41099,HSBC Bank Argentina,BANELCO,AV. TRIUNVIRATO 4601,Villa Urquiza,Comuna 12,2,50-100 m,74.0,0.023524113679051644,3145.7083148640545,8544.423936311934,0.3681592039804441
41099,HSBC Bank Argentina,BANELCO,AV. TRIUNVIRATO 4601,Villa Urquiza,Comuna 12,3,100-150 m,63.0,0.03920685613180504,1606.8618148878736,8544.423936311934,0.18805970149246248
40193,Banco Santander Río,BANELCO,AV. TRIUNVIRATO 4648,Villa Urquiza,Comuna 12,1,0-50 m,55.0,0.007841371226357887,7014.079350703827,7014.079350703827,1.0
40193,Banco Santander Río,BANELCO,AV. TRIUNVIRATO 4648,Villa Urquiza,Comuna 12,2,50-100 m,291.0,0.023524113679051644,12370.285400343782,7014.079350703827,1.7636363636380143
40193,Banco Santander Río,BANELCO,AV. TRIUNVIRATO 4648,Villa Urquiza,Comuna 12,3,100-150 m,141.0,0.03920685613180504,3596.309776177622,7014.079350703827,0.5127272727270688
40583,BBVA Banco Francés,BANELCO,AV.TRIUNVIRATO 5201,Villa Urquiza,Comuna 12,1,0-50 m,27.0,0.007841371226357887,3443.2753176182423,3443.2753176182423,1.0
40583,BBVA Banco Francés,BANELCO,AV.TRIUNVIRATO 5201,Villa Urquiza,Comuna 12,2,50-100 m,62.0,0.023524113679051644,2635.593452994208,3443.2753176182423,0.7654320987661485
40583,BBVA Banco Francés,BANELCO,AV.TRIUNVIRATO 5201,Villa Urquiza,Comuna 12,3,100-150 m,117.0,0.03920685613180504,2984.1719419346223,3443.2753176182423,0.8666666666663217
40972,Banco Galicia,BANELCO,AV. VELEZ SARFIELD 1847,Barracas,Comuna 4,1,0-50 m,8.0,0.007841371226357887,1020.2297237387385,1020.2297237387385,1.0
40972,Banco Galicia,BANELCO,AV. VELEZ SARFIELD 1847,Barracas,Comuna 4,2,50-100 m,60.0,0.023524113679051644,2550.5743093492333,1020.2297237387385,2.50000000000234
40972,Banco Galicia,BANELCO,AV. VELEZ SARFIELD 1847,Barracas,Comuna 4,3,100-150 m,30.0,0.03920685613180504,765.1722928037493,1020.2297237387385,0.7499999999997015
40061,Banco Patagonia,BANELCO,AZARA 841,Barracas,Comuna 4,1,0-50 m,1.0,0.007841371226357887,127.52871546734231,127.52871546734231,1.0
40061,Banco Patagonia,BANELCO,AZARA 841,Barracas,Comuna 4,2,50-100 m,21.0,0.023524113679051644,892.7010082722317,127.52871546734231,7.000000000006551
40061,Banco Patagonia,BANELCO,AZARA 841,Barracas,Comuna 4,3,100-150 m,13.0,0.03920685613180504,331.57466021495804,127.52871546734231,2.5999999999989654
40816,Banco Galicia,BANELCO,AZARA Y MAGALLANES,Barracas,Comuna 4,1,0-50 m,8.0,0.007841371226357887,1020.2297237387385,1020.2297237387385,1.0
40816,Banco Galicia,BANELCO,AZARA Y MAGALLANES,Barracas,Comuna 4,2,50-100 m,34.0,0.023524113679051644,1445.3254419645655,1020.2297237387385,1.4166666666679926
40816,Banco Galicia,BANELCO,AZARA Y MAGALLANES,Barracas,Comuna 4,3,100-150 m,60.0,0.03920685613180504,1530.3445856074986,1020.2297237387385,1.499999999999403
41209,HSBC Bank Argentina,BANELCO,AZARA Y OLAVARRIA,Barracas,Comuna 4,1,0-50 m,3.0,0.007841371226357887,382.58614640202694,382.58614640202694,1.0
41209,HSBC Bank Argentina,BANELCO,AZARA Y OLAVARRIA,Barracas,Comuna 4,2,50-100 m,52.0,0.023524113679051644,2210.4977347693357,382.58614640202694,5.777777777783186
41209,HSBC Bank Argentina,BANELCO,AZARA Y OLAVARRIA,Barracas,Comuna 4,3,100-150 m,99.0,0.03920685613180504,2525.068566252373,382.58614640202694,6.599999999997373
41236,ICBC,BANELCO,AZCUENAGA Y SANTA FE AV.,Recoleta,Comuna 2,1,0-50 m,60.0,0.007841371226357887,7651.722928040538,7651.722928040538,1.0
41236,ICBC,BANELCO,AZCUENAGA Y SANTA FE AV.,Recoleta,Comuna 2,2,50-100 m,3.0,0.023524113679051644,127.52871546746167,7651.722928040538,0.016666666666682265
41236,ICBC,BANELCO,AZCUENAGA Y SANTA FE AV.,Recoleta,Comuna 2,3,100-150 m,10.0,0.03920685613180504,255.05743093458312,7651.722928040538,0.03333333333332007
41143,HSBC Bank Argentina,BANELCO,AZCUENAGA Y SANTA FE AV.,Recoleta,Comuna 2,1,0-50 m,150.0,0.007841371226357887,19129.307320101347,19129.307320101347,1.0
41143,HSBC Bank Argentina,BANELCO,AZCUENAGA Y SANTA FE AV.,Recoleta,Comuna 2,2,50-100 m,35.0,0.023524113679051644,1487.8350137870527,19129.307320101347,0.07777777777785057
41143,HSBC Bank Argentina,BANELCO,AZCUENAGA Y SANTA FE AV.,Recoleta,Comuna 2,3,100-150 m,66.0,0.03920685613180504,1683.3790441682486,19129.307320101347,0.08799999999996498
40334,Banco Santander Río,BANELCO,AZOPARDO Y CHILE AV.,San Telmo,Comuna 1,1,0-50 m,21.0,0.007841371226357887,2678.1030248141883,2678.1030248141883,1.0
40334,Banco Santander Río,BANELCO,AZOPARDO Y CHILE AV.,San Telmo,Comuna 1,2,50-100 m,4.0,0.023524113679051644,170.0382872899489,2678.1030248141883,0.06349206349212293
40334,Banco Santander Río,BANELCO,AZOPARDO Y CHILE AV.,San Telmo,Comuna 1,3,100-150 m,0.0,0.03920685613180504,0.0,2678.1030248141883,0.0
41256,ICBC,BANELCO,AZOPARDO Y INDEPENDENCIA AV.,San Telmo,Comuna 1,1,0-50 m,7.0,0.007841371226357887,892.7010082713962,892.7010082713962,1.0
41256,ICBC,BANELCO,AZOPARDO Y INDEPENDENCIA AV.,San Telmo,Comuna 1,2,50-100 m,40.0,0.023524113679051644,1700.3828728994888,892.7010082713962,1.9047619047636875
41256,ICBC,BANELCO,AZOPARDO Y INDEPENDENCIA AV.,San Telmo,Comuna 1,3,100-150 m,5.0,0.03920685613180504,127.52871546729156,892.7010082713962,0.142857142857086
39922,Banco Macro,BANELCO,AZURDUY JUANA Y CABILDO AV.,Nuñez,Comuna 13,1,0-50 m,72.0,0.007841371226357887,9182.067513648646,9182.067513648646,1.0
39922,Banco Macro,BANELCO,AZURDUY JUANA Y CABILDO AV.,Nuñez,Comuna 13,2,50-100 m,71.0,0.023524113679051644,3018.179599396593,9182.067513648646,0.32870370370401136
39922,Banco Macro,BANELCO,AZURDUY JUANA Y CABILDO AV.,Nuñez,Comuna 13,3,100-150 m,67.0,0.03920685613180504,1708.8847872617068,9182.067513648646,0.18611111111103704
39774,Banco Comafi,BANELCO,BAIGORRIA Y SAN MARTIN AV.,Villa Del Parque,Comuna 11,1,0-50 m,8.0,0.007841371226357887,1020.2297237387385,1020.2297237387385,1.0
39774,Banco Comafi,BANELCO,BAIGORRIA Y SAN MARTIN AV.,Villa Del Parque,Comuna 11,2,50-100 m,1.0,0.023524113679051644,42.509571822487224,1020.2297237387385,0.04166666666670567
39774,Banco Comafi,BANELCO,BAIGORRIA Y SAN MARTIN AV.,Villa Del Parque,Comuna 11,3,100-150 m,3.0,0.03920685613180504,76.51722928037493,1020.2297237387385,0.07499999999997015
40828,Banco Galicia,BANELCO,BAIGORRIA Y SAN MARTIN AV.,Villa Del Parque,Comuna 11,1,0-50 m,53.0,0.007841371226357887,6759.021919769142,6759.021919769142,1.0
40828,Banco Galicia,BANELCO,BAIGORRIA Y SAN MARTIN AV.,Villa Del Parque,Comuna 11,2,50-100 m,54.0,0.023524113679051644,2295.51687841431,6759.021919769142,0.33962264150975185
40828,Banco Galicia,BANELCO,BAIGORRIA Y SAN MARTIN AV.,Villa Del Parque,Comuna 11,3,100-150 m,50.0,0.03920685613180504,1275.2871546729157,6759.021919769142,0.1886792452829438
40564,BBVA Banco Francés,BANELCO,BALBASTRO Y LA PLATA AV.,Parque Chacabuco,Comuna 7,1,0-50 m,18.0,0.007841371226357887,2295.5168784121615,2295.5168784121615,1.0
40564,BBVA Banco Francés,BANELCO,BALBASTRO Y LA PLATA AV.,Parque Chacabuco,Comuna 7,2,50-100 m,27.0,0.023524113679051644,1147.758439207155,2295.5168784121615,0.5000000000004681
40564,BBVA Banco Francés,BANELCO,BALBASTRO Y LA PLATA AV.,Parque Chacabuco,Comuna 7,3,100-150 m,23.0,0.03920685613180504,586.6320911495412,2295.5168784121615,0.2555555555554539
40894,Banco Galicia,BANELCO,BALBASTRO Y LA PLATA AV.,Boedo,Comuna 5,1,0-50 m,28.0,0.007841371226357887,3570.8040330855847,3570.8040330855847,1.0
40894,Banco Galicia,BANELCO,BALBASTRO Y LA PLATA AV.,Boedo,Comuna 5,2,50-100 m,96.0,0.023524113679051644,4080.9188949587733,3570.8040330855847,1.1428571428582124
40894,Banco Galicia,BANELCO,BALBASTRO Y LA PLATA AV.,Boedo,Comuna 5,3,100-150 m,41.0,0.03920685613180504,1045.7354668317907,3570.8040330855847,0.2928571428570263
39833,Banco Itaú,BANELCO,"BALBIN, RICARDO, DR. AV. Y GARCIA DEL RIO",Saavedra,Comuna 12,1,0-50 m,9.0,0.007841371226357887,1147.7584392060808,1147.7584392060808,1.0
39833,Banco Itaú,BANELCO,"BALBIN, RICARDO, DR. AV. Y GARCIA DEL RIO",Saavedra,Comuna 12,2,50-100 m,27.0,0.023524113679051644,1147.758439207155,1147.7584392060808,1.0000000000009361
39833,Banco Itaú,BANELCO,"BALBIN, RICARDO, DR. AV. Y GARCIA DEL RIO",Saavedra,Comuna 12,3,100-150 m,31.0,0.03920685613180504,790.6780358972077,1147.7584392060808,0.6888888888886148
41044,CitiBank,BANELCO,"BALCARCE, FLORENCIO Y RIVADAVIA AV.",Caballito,Comuna 6,1,0-50 m,69.0,0.007841371226357887,8799.481367246619,8799.481367246619,1.0
41044,CitiBank,BANELCO,"BALCARCE, FLORENCIO Y RIVADAVIA AV.",Caballito,Comuna 6,2,50-100 m,87.0,0.023524113679051644,3698.332748556388,8799.481367246619,0.42028985507285715
41044,CitiBank,BANELCO,"BALCARCE, FLORENCIO Y RIVADAVIA AV.",Caballito,Comuna 6,3,100-150 m,81.0,0.03920685613180504,2065.9651905701235,8799.481367246619,0.23478260869555878
40979,Banco Galicia,BANELCO,BALCARCE Y ESTADOS UNIDOS,San Telmo,Comuna 1,1,0-50 m,64.0,0.007841371226357887,8161.837789909908,8161.837789909908,1.0
40979,Banco Galicia,BANELCO,BALCARCE Y ESTADOS UNIDOS,San Telmo,Comuna 1,2,50-100 m,146.0,0.023524113679051644,6206.397486083135,8161.837789909908,0.7604166666673784
40979,Banco Galicia,BANELCO,BALCARCE Y ESTADOS UNIDOS,San Telmo,Comuna 1,3,100-150 m,153.0,0.03920685613180504,3902.3786932991216,8161.837789909908,0.47812499999980973
40813,Banco Galicia,BANELCO,BALCARCE Y REPUBLICA BOLIVARIANA DE VENEZUELA,Monserrat,Comuna 1,1,0-50 m,16.0,0.007841371226357887,2040.459447477477,2040.459447477477,1.0
40813,Banco Galicia,BANELCO,BALCARCE Y REPUBLICA BOLIVARIANA DE VENEZUELA,Monserrat,Comuna 1,2,50-100 m,81.0,0.023524113679051644,3443.275317621465,2040.459447477477,1.6875000000015794
40813,Banco Galicia,BANELCO,BALCARCE Y REPUBLICA BOLIVARIANA DE VENEZUELA,Monserrat,Comuna 1,3,100-150 m,65.0,0.03920685613180504,1657.8733010747903,2040.459447477477,0.8124999999996767
40203,Banco Santander Río,BANELCO,BARAGAÑA Y DE LOS CONSTITUYENTES AV.,Villa Urquiza,Comuna 12,1,0-50 m,193.0,0.007841371226357887,24613.042085197067,24613.042085197067,1.0
40203,Banco Santander Río,BANELCO,BARAGAÑA Y DE LOS CONSTITUYENTES AV.,Villa Urquiza,Comuna 12,2,50-100 m,42.0,0.023524113679051644,1785.4020165444633,24613.042085197067,0.07253886010369483
40203,Banco Santander Río,BANELCO,BARAGAÑA Y DE LOS CONSTITUYENTES AV.,Villa Urquiza,Comuna 12,3,100-150 m,7.0,0.03920685613180504,178.54020165420818,24613.042085197067,0.007253886010359807
41075,Compania Financiera,BANELCO,BARCO CENTENERA DEL Y RIVADAVIA AV.,Caballito,Comuna 6,1,0-50 m,97.0,0.007841371226357887,12370.285400332205,12370.285400332205,1.0
41075,Compania Financiera,BANELCO,BARCO CENTENERA DEL Y RIVADAVIA AV.,Caballito,Comuna 6,2,50-100 m,39.0,0.023524113679051644,1657.8733010770018,12370.285400332205,0.13402061855682645
41075,Compania Financiera,BANELCO,BARCO CENTENERA DEL Y RIVADAVIA AV.,Caballito,Comuna 6,3,100-150 m,2.0,0.03920685613180504,51.01148618691662,12370.285400332205,0.004123711340204544
40411,Banco Supervielle,BANELCO,"BARILARI, ATILIO S., ALTE. Y DEL LIBERTADOR AV.",Belgrano,Comuna 13,1,0-50 m,40.0,0.007841371226357887,5101.148618693693,5101.148618693693,1.0
40411,Banco Supervielle,BANELCO,"BARILARI, ATILIO S., ALTE. Y DEL LIBERTADOR AV.",Belgrano,Comuna 13,2,50-100 m,48.0,0.023524113679051644,2040.4594474793867,5101.148618693693,0.40000000000037433
40411,Banco Supervielle,BANELCO,"BARILARI, ATILIO S., ALTE. Y DEL LIBERTADOR AV.",Belgrano,Comuna 13,3,100-150 m,97.0,0.03920685613180504,2474.0570800654564,5101.148618693693,0.484999999999807
40576,BBVA Banco Francés,BANELCO,"BARRAGAN Y GORDILLO, TIMOTEO",Liniers,Comuna 9,1,0-50 m,96.0,0.007841371226357887,12242.756684864862,12242.756684864862,1.0
40576,BBVA Banco Francés,BANELCO,"BARRAGAN Y GORDILLO, TIMOTEO",Liniers,Comuna 9,2,50-100 m,75.0,0.023524113679051644,3188.2178866865415,12242.756684864862,0.2604166666669104
40576,BBVA Banco Francés,BANELCO,"BARRAGAN Y GORDILLO, TIMOTEO",Liniers,Comuna 9,3,100-150 m,19.0,0.03920685613180504,484.60911877570794,12242.756684864862,0.03958333333331758
40497,Banco Supervielle,BANELCO,BARTOLOME MITRE 434,San Nicolas,Comuna 1,1,0-50 m,14.0,0.007841371226357887,1785.4020165427924,1785.4020165427924,1.0
40497,Banco Supervielle,BANELCO,BARTOLOME MITRE 434,San Nicolas,Comuna 1,2,50-100 m,1.0,0.023524113679051644,42.509571822487224,1785.4020165427924,0.023809523809546096
40497,Banco Supervielle,BANELCO,BARTOLOME MITRE 434,San Nicolas,Comuna 1,3,100-150 m,2.0,0.03920685613180504,51.01148618691662,1785.4020165427924,0.028571428571417198
39829,Banco Itaú,BANELCO,BARTOLOME MITRE 899,San Nicolas,Comuna 1,1,0-50 m,6.0,0.007841371226357887,765.1722928040539,765.1722928040539,1.0
39829,Banco Itaú,BANELCO,BARTOLOME MITRE 899,San Nicolas,Comuna 1,2,50-100 m,2.0,0.023524113679051644,85.01914364497445,765.1722928040539,0.1111111111112151
39829,Banco Itaú,BANELCO,BARTOLOME MITRE 899,San Nicolas,Comuna 1,3,100-150 m,1.0,0.03920685613180504,25.50574309345831,765.1722928040539,0.033333333333320066
39900,Banco Itaú,BANELCO,BARTOLOME MITRE 899,San Nicolas,Comuna 1,1,0-50 m,32.0,0.007841371226357887,4080.918894954954,4080.918894954954,1.0
39900,Banco Itaú,BANELCO,BARTOLOME MITRE 899,San Nicolas,Comuna 1,2,50-100 m,38.0,0.023524113679051644,1615.3637292545145,4080.918894954954,0.3958333333337038
39900,Banco Itaú,BANELCO,BARTOLOME MITRE 899,San Nicolas,Comuna 1,3,100-150 m,34.0,0.03920685613180504,867.1952651775827,4080.918894954954,0.21249999999991545
40922,Banco Galicia,BANELCO,"BAVIO, ERNESTO A. Y SAENZ VALIENTE, JUAN PABLO",Belgrano,Comuna 13,1,0-50 m,10.0,0.007841371226357887,1275.2871546734232,1275.2871546734232,1.0
40922,Banco Galicia,BANELCO,"BAVIO, ERNESTO A. Y SAENZ VALIENTE, JUAN PABLO",Belgrano,Comuna 13,2,50-100 m,7.0,0.023524113679051644,297.56700275741053,1275.2871546734232,0.2333333333335517
40922,Banco Galicia,BANELCO,"BAVIO, ERNESTO A. Y SAENZ VALIENTE, JUAN PABLO",Belgrano,Comuna 13,3,100-150 m,20.0,0.03920685613180504,510.11486186916625,1275.2871546734232,0.3999999999998408
39791,Banco Itaú,BANELCO,BDO. DE IRIGOYEN 1340,Constitucion,Comuna 1,1,0-50 m,30.0,0.007841371226357887,3825.861464020269,3825.861464020269,1.0
39791,Banco Itaú,BANELCO,BDO. DE IRIGOYEN 1340,Constitucion,Comuna 1,2,50-100 m,124.0,0.023524113679051644,5271.186905988416,3825.861464020269,1.3777777777790674
39791,Banco Itaú,BANELCO,BDO. DE IRIGOYEN 1340,Constitucion,Comuna 1,3,100-150 m,123.0,0.03920685613180504,3137.2064004953722,3825.861464020269,0.8199999999996737
41319,ICBC,BANELCO,"BEIRO, FRANCISCO AV. Y SANABRIA",Villa Devoto,Comuna 11,1,0-50 m,20.0,0.007841371226357887,2550.5743093468463,2550.5743093468463,1.0
41319,ICBC,BANELCO,"BEIRO, FRANCISCO AV. Y SANABRIA",Villa Devoto,Comuna 11,2,50-100 m,51.0,0.023524113679051644,2167.988162946848,2550.5743093468463,0.8500000000007955
41319,ICBC,BANELCO,"BEIRO, FRANCISCO AV. Y SANABRIA",Villa Devoto,Comuna 11,3,100-150 m,45.0,0.03920685613180504,1147.758439205624,2550.5743093468463,0.4499999999998209
40891,Banco Galicia,BANELCO,"BEIRO, FRANCISCO AV. Y SAN MARTIN AV.",Villa Devoto,Comuna 11,1,0-50 m,29.0,0.007841371226357887,3698.332748552927,3698.332748552927,1.0
40891,Banco Galicia,BANELCO,"BEIRO, FRANCISCO AV. Y SAN MARTIN AV.",Villa Devoto,Comuna 11,2,50-100 m,29.0,0.023524113679051644,1232.7775828521294,3698.332748552927,0.3333333333336453
40891,Banco Galicia,BANELCO,"BEIRO, FRANCISCO AV. Y SAN MARTIN AV.",Villa Devoto,Comuna 11,3,100-150 m,37.0,0.03920685613180504,943.7124944579575,3698.332748552927,0.2551724137930019
40326,Banco Santander Río,BANELCO,BELGRANO AV. Y DEFENSA,Monserrat,Comuna 1,1,0-50 m,104.0,0.007841371226357887,13262.9864086036,13262.9864086036,1.0
40326,Banco Santander Río,BANELCO,BELGRANO AV. Y DEFENSA,Monserrat,Comuna 1,2,50-100 m,147.0,0.023524113679051644,6248.9070579056215,13262.9864086036,0.4711538461542871
40326,Banco Santander Río,BANELCO,BELGRANO AV. Y DEFENSA,Monserrat,Comuna 1,3,100-150 m,178.0,0.03920685613180504,4540.02227063558,13262.9864086036,0.34230769230755614
39984,Banco Patagonia,BANELCO,"BELGRANO AV. Y IRIGOYEN, BERNARDO DE",Monserrat,Comuna 1,1,0-50 m,71.0,0.007841371226357887,9054.538798181304,9054.538798181304,1.0
39984,Banco Patagonia,BANELCO,"BELGRANO AV. Y IRIGOYEN, BERNARDO DE",Monserrat,Comuna 1,2,50-100 m,73.0,0.023524113679051644,3103.1987430415675,9054.538798181304,0.3427230046951565
39984,Banco Patagonia,BANELCO,"BELGRANO AV. Y IRIGOYEN, BERNARDO DE",Monserrat,Comuna 1,3,100-150 m,50.0,0.03920685613180504,1275.2871546729157,9054.538798181304,0.14084507042247918
40546,BBVA Banco Francés,BANELCO,BELGRANO AV. Y LA RIOJA,Balvanera,Comuna 3,1,0-50 m,84.0,0.007841371226357887,10712.412099256753,10712.412099256753,1.0
40546,BBVA Banco Francés,BANELCO,BELGRANO AV. Y LA RIOJA,Balvanera,Comuna 3,2,50-100 m,201.0,0.023524113679051644,8544.423936319932,10712.412099256753,0.7976190476197942
40546,BBVA Banco Francés,BANELCO,BELGRANO AV. Y LA RIOJA,Balvanera,Comuna 3,3,100-150 m,208.0,0.03920685613180504,5305.194563439329,10712.412099256753,0.4952380952378982
40964,Banco Galicia,BANELCO,BELGRANO AV. Y PASCO,Balvanera,Comuna 3,1,0-50 m,91.0,0.007841371226357887,11605.11310752815,11605.11310752815,1.0
40964,Banco Galicia,BANELCO,BELGRANO AV. Y PASCO,Balvanera,Comuna 3,2,50-100 m,96.0,0.023524113679051644,4080.9188949587733,11605.11310752815,0.35164835164868075
40964,Banco Galicia,BANELCO,BELGRANO AV. Y PASCO,Balvanera,Comuna 3,3,100-150 m,153.0,0.03920685613180504,3902.3786932991216,11605.11310752815,0.33626373626360245
39978,Banco Macro,BANELCO,BELGRANO AV. Y SOLIS,Monserrat,Comuna 1,1,0-50 m,27.0,0.007841371226357887,3443.2753176182423,3443.2753176182423,1.0
39978,Banco Macro,BANELCO,BELGRANO AV. Y SOLIS,Monserrat,Comuna 1,2,50-100 m,32.0,0.023524113679051644,1360.3062983195912,3443.2753176182423,0.3950617283954315
39978,Banco Macro,BANELCO,BELGRANO AV. Y SOLIS,Monserrat,Comuna 1,3,100-150 m,34.0,0.03920685613180504,867.1952651775827,3443.2753176182423,0.25185185185175163
40728,BBVA Banco Francés,BANELCO,"BERG, CARLOS Y FERRE",Villa Soldati,Comuna 8,1,0-50 m,9.0,0.007841371226357887,1147.7584392060808,1147.7584392060808,1.0
40728,BBVA Banco Francés,BANELCO,"BERG, CARLOS Y FERRE",Villa Soldati,Comuna 8,2,50-100 m,7.0,0.023524113679051644,297.56700275741053,1147.7584392060808,0.2592592592595019
40728,BBVA Banco Francés,BANELCO,"BERG, CARLOS Y FERRE",Villa Soldati,Comuna 8,3,100-150 m,12.0,0.03920685613180504,306.06891712149974,1147.7584392060808,0.2666666666665605
39744,Banco Comafi,BANELCO,BERNARDO DE YRIGOYEN 1578,Constitucion,Comuna 1,1,0-50 m,17.0,0.007841371226357887,2167.988162944819,2167.988162944819,1.0
39744,Banco Comafi,BANELCO,BERNARDO DE YRIGOYEN 1578,Constitucion,Comuna 1,2,50-100 m,20.0,0.023524113679051644,850.1914364497444,2167.988162944819,0.3921568627454651
39744,Banco Comafi,BANELCO,BERNARDO DE YRIGOYEN 1578,Constitucion,Comuna 1,3,100-150 m,109.0,0.03920685613180504,2780.125997186956,2167.988162944819,1.2823529411759602
40253,Banco Santander Río,BANELCO,BERUTI Y PUEYRREDON AV.,Recoleta,Comuna 2,1,0-50 m,73.0,0.007841371226357887,9309.596229115989,9309.596229115989,1.0
40253,Banco Santander Río,BANELCO,BERUTI Y PUEYRREDON AV.,Recoleta,Comuna 2,2,50-100 m,167.0,0.023524113679051644,7099.098494355366,9309.596229115989,0.7625570776262844
40253,Banco Santander Río,BANELCO,BERUTI Y PUEYRREDON AV.,Recoleta,Comuna 2,3,100-150 m,118.0,0.03920685613180504,3009.6776850280808,9309.596229115989,0.32328767123274804
40161,Banco Santander Río,BANELCO,BESARES Y CRAMER,Saavedra,Comuna 12,1,0-50 m,15.0,0.007841371226357887,1912.9307320101345,1912.9307320101345,1.0
40161,Banco Santander Río,BANELCO,BESARES Y CRAMER,Saavedra,Comuna 12,2,50-100 m,32.0,0.023524113679051644,1360.3062983195912,1912.9307320101345,0.7111111111117767
40161,Banco Santander Río,BANELCO,BESARES Y CRAMER,Saavedra,Comuna 12,3,100-150 m,67.0,0.03920685613180504,1708.8847872617068,1912.9307320101345,0.8933333333329778
40519,BBVA Banco Francés,BANELCO,"BILBAO, FRANCISCO Y LARRAZABAL",Mataderos,Comuna 9,1,0-50 m,8.0,0.007841371226357887,1020.2297237387385,1020.2297237387385,1.0
40519,BBVA Banco Francés,BANELCO,"BILBAO, FRANCISCO Y LARRAZABAL",Mataderos,Comuna 9,2,50-100 m,21.0,0.023524113679051644,892.7010082722317,1020.2297237387385,0.8750000000008189
40519,BBVA Banco Francés,BANELCO,"BILBAO, FRANCISCO Y LARRAZABAL",Mataderos,Comuna 9,3,100-150 m,15.0,0.03920685613180504,382.58614640187466,1020.2297237387385,0.37499999999985073
39959,Banco Macro,BANELCO,BILLINGHURST 1831,Recoleta,Comuna 2,1,0-50 m,40.0,0.007841371226357887,5101.148618693693,5101.148618693693,1.0
39959,Banco Macro,BANELCO,BILLINGHURST 1831,Recoleta,Comuna 2,2,50-100 m,70.0,0.023524113679051644,2975.6700275741055,5101.148618693693,0.5833333333338793
39959,Banco Macro,BANELCO,BILLINGHURST 1831,Recoleta,Comuna 2,3,100-150 m,65.0,0.03920685613180504,1657.8733010747903,5101.148618693693,0.32499999999987067
40273,Banco Santander Río,BANELCO,BILLINGHURST Y CORDOBA AV.,Recoleta,Comuna 2,1,0-50 m,119.0,0.007841371226357887,15175.917140613734,15175.917140613734,1.0
40273,Banco Santander Río,BANELCO,BILLINGHURST Y CORDOBA AV.,Recoleta,Comuna 2,2,50-100 m,60.0,0.023524113679051644,2550.5743093492333,15175.917140613734,0.1680672268909136
40273,Banco Santander Río,BANELCO,BILLINGHURST Y CORDOBA AV.,Recoleta,Comuna 2,3,100-150 m,74.0,0.03920685613180504,1887.424988915915,15175.917140613734,0.12436974789911018
40750,Banco Galicia,BANELCO,BILLINGHURST Y DEL LIBERTADOR AV.,Palermo,Comuna 14,1,0-50 m,5.0,0.007841371226357887,637.6435773367116,637.6435773367116,1.0
40750,Banco Galicia,BANELCO,BILLINGHURST Y DEL LIBERTADOR AV.,Palermo,Comuna 14,2,50-100 m,8.0,0.023524113679051644,340.0765745798978,637.6435773367116,0.5333333333338325
40750,Banco Galicia,BANELCO,BILLINGHURST Y DEL LIBERTADOR AV.,Palermo,Comuna 14,3,100-150 m,20.0,0.03920685613180504,510.11486186916625,637.6435773367116,0.7999999999996816
40702,BBVA Banco Francés,BANELCO,BILLINGHURST Y DEL LIBERTADOR AV.,Palermo,Comuna 14,1,0-50 m,9.0,0.007841371226357887,1147.7584392060808,1147.7584392060808,1.0
40702,BBVA Banco Francés,BANELCO,BILLINGHURST Y DEL LIBERTADOR AV.,Palermo,Comuna 14,2,50-100 m,40.0,0.023524113679051644,1700.3828728994888,1147.7584392060808,1.481481481482868
40702,BBVA Banco Francés,BANELCO,BILLINGHURST Y DEL LIBERTADOR AV.,Palermo,Comuna 14,3,100-150 m,43.0,0.03920685613180504,1096.7469530187075,1147.7584392060808,0.9555555555551754
41037,CitiBank,BANELCO,BILLINGHURST Y SANTA FE AV.,Recoleta,Comuna 2,1,0-50 m,237.0,0.007841371226357887,30224.30556576013,30224.30556576013,1.0
41037,CitiBank,BANELCO,BILLINGHURST Y SANTA FE AV.,Recoleta,Comuna 2,2,50-100 m,329.0,0.023524113679051644,13985.649129598296,30224.30556576013,0.4627285513365793
41037,CitiBank,BANELCO,BILLINGHURST Y SANTA FE AV.,Recoleta,Comuna 2,3,100-150 m,78.0,0.03920685613180504,1989.4479612897483,30224.30556576013,0.06582278481010038
39722,Banco Columbia,BANELCO,BLANCO ENCALADA Y CABILDO AV.,Belgrano,Comuna 13,1,0-50 m,131.0,0.007841371226357887,16706.26172622184,16706.26172622184,1.0
39722,Banco Columbia,BANELCO,BLANCO ENCALADA Y CABILDO AV.,Belgrano,Comuna 13,2,50-100 m,46.0,0.023524113679051644,1955.4403038344121,16706.26172622184,0.1170483460560892
39722,Banco Columbia,BANELCO,BLANCO ENCALADA Y CABILDO AV.,Belgrano,Comuna 13,3,100-150 m,56.0,0.03920685613180504,1428.3216132336654,16706.26172622184,0.08549618320607286
40185,Banco Santander Río,BANELCO,BME. MITRE 480,San Nicolas,Comuna 1,1,0-50 m,54.0,0.007841371226357887,6886.550635236485,6886.550635236485,1.0
40185,Banco Santander Río,BANELCO,BME. MITRE 480,San Nicolas,Comuna 1,2,50-100 m,14.0,0.023524113679051644,595.1340055148211,6886.550635236485,0.08641975308650063
40185,Banco Santander Río,BANELCO,BME. MITRE 480,San Nicolas,Comuna 1,3,100-150 m,0.0,0.03920685613180504,0.0,6886.550635236485,0.0
39994,Banco Patagonia,BANELCO,BOEDO AV. Y CASEROS AV.,Nueva Pompeya,Comuna 4,1,0-50 m,94.0,0.007841371226357887,11987.699253930177,11987.699253930177,1.0
39994,Banco Patagonia,BANELCO,BOEDO AV. Y CASEROS AV.,Nueva Pompeya,Comuna 4,2,50-100 m,62.0,0.023524113679051644,2635.593452994208,11987.699253930177,0.21985815602857456
39994,Banco Patagonia,BANELCO,BOEDO AV. Y CASEROS AV.,Nueva Pompeya,Comuna 4,3,100-150 m,85.0,0.03920685613180504,2167.9881629439565,11987.699253930177,0.18085106382971525
39921,Banco Macro,BANELCO,"BOEDO AV. Y GARAY, JUAN DE AV.",Boedo,Comuna 5,1,0-50 m,45.0,0.007841371226357887,5738.792196030404,5738.792196030404,1.0
39921,Banco Macro,BANELCO,"BOEDO AV. Y GARAY, JUAN DE AV.",Boedo,Comuna 5,2,50-100 m,66.0,0.023524113679051644,2805.631740284157,5738.792196030404,0.4888888888893465
39921,Banco Macro,BANELCO,"BOEDO AV. Y GARAY, JUAN DE AV.",Boedo,Comuna 5,3,100-150 m,63.0,0.03920685613180504,1606.8618148878736,5738.792196030404,0.27999999999988856
39716,Banco Columbia,BANELCO,BOGOTA Y SAN NICOLAS,Floresta,Comuna 10,1,0-50 m,43.0,0.007841371226357887,5483.734765095719,5483.734765095719,1.0
39716,Banco Columbia,BANELCO,BOGOTA Y SAN NICOLAS,Floresta,Comuna 10,2,50-100 m,49.0,0.023524113679051644,2082.9690193018737,5483.734765095719,0.3798449612406656
39716,Banco Columbia,BANELCO,BOGOTA Y SAN NICOLAS,Floresta,Comuna 10,3,100-150 m,211.0,0.03920685613180504,5381.711792719704,5483.734765095719,0.9813953488368189
41207,HSBC Bank Argentina,BANELCO,"BOLIVAR Y GARCIA, MARTIN AV.",Barracas,Comuna 4,1,0-50 m,66.0,0.007841371226357887,8416.895220844592,8416.895220844592,1.0
41207,HSBC Bank Argentina,BANELCO,"BOLIVAR Y GARCIA, MARTIN AV.",Barracas,Comuna 4,2,50-100 m,79.0,0.023524113679051644,3358.2561739764906,8416.895220844592,0.39898989899027243
41207,HSBC Bank Argentina,BANELCO,"BOLIVAR Y GARCIA, MARTIN AV.",Barracas,Comuna 4,3,100-150 m,69.0,0.03920685613180504,1759.8962734486236,8416.895220844592,0.2090909090908259
39713,Banco Columbia,BANELCO,"BONIFACIO, JOSE Y MITRE, EMILIO",Caballito,Comuna 6,1,0-50 m,49.0,0.007841371226357887,6248.9070578997735,6248.9070578997735,1.0
39713,Banco Columbia,BANELCO,"BONIFACIO, JOSE Y MITRE, EMILIO",Caballito,Comuna 6,2,50-100 m,48.0,0.023524113679051644,2040.4594474793867,6248.9070578997735,0.3265306122452035
39713,Banco Columbia,BANELCO,"BONIFACIO, JOSE Y MITRE, EMILIO",Caballito,Comuna 6,3,100-150 m,17.0,0.03920685613180504,433.5976325887913,6248.9070578997735,0.0693877551020132
40078,Banco Patagonia,BANELCO,"BONORINO, ESTEBAN, CNEL. AV. Y GAVILAN",Flores,Comuna 7,1,0-50 m,35.0,0.007841371226357887,4463.505041356981,4463.505041356981,1.0
40078,Banco Patagonia,BANELCO,"BONORINO, ESTEBAN, CNEL. AV. Y GAVILAN",Flores,Comuna 7,2,50-100 m,115.0,0.023524113679051644,4888.600759586031,4463.505041356981,1.0952380952391205
40078,Banco Patagonia,BANELCO,"BONORINO, ESTEBAN, CNEL. AV. Y GAVILAN",Flores,Comuna 7,3,100-150 m,76.0,0.03920685613180504,1938.4364751028318,4463.505041356981,0.43428571428554147
40309,Banco Santander Río,BANELCO,BONPLAND Y HONDURAS,Palermo,Comuna 14,1,0-50 m,86.0,0.007841371226357887,10967.469530191438,10967.469530191438,1.0
40309,Banco Santander Río,BANELCO,BONPLAND Y HONDURAS,Palermo,Comuna 14,2,50-100 m,68.0,0.023524113679051644,2890.650883929131,10967.469530191438,0.2635658914731149
40309,Banco Santander Río,BANELCO,BONPLAND Y HONDURAS,Palermo,Comuna 14,3,100-150 m,203.0,0.03920685613180504,5177.665847972037,10967.469530191438,0.4720930232556261
41198,HSBC Bank Argentina,BANELCO,BOUCHARD 557 PB,San Nicolas,Comuna 1,1,0-50 m,0.0,0.007841371226357887,0.0,0.0,
41198,HSBC Bank Argentina,BANELCO,BOUCHARD 557 PB,San Nicolas,Comuna 1,2,50-100 m,4.0,0.023524113679051644,170.0382872899489,0.0,
41198,HSBC Bank Argentina,BANELCO,BOUCHARD 557 PB,San Nicolas,Comuna 1,3,100-150 m,2.0,0.03920685613180504,51.01148618691662,0.0,
40718,BBVA Banco Francés,BANELCO,BOUCHARD Y CORDOBA AV.,Retiro,Comuna 1,1,0-50 m,65.0,0.007841371226357887,8289.36650537725,8289.36650537725,1.0
40718,BBVA Banco Francés,BANELCO,BOUCHARD Y CORDOBA AV.,Retiro,Comuna 1,2,50-100 m,23.0,0.023524113679051644,977.7201519172061,8289.36650537725,0.11794871794882834
40718,BBVA Banco Francés,BANELCO,BOUCHARD Y CORDOBA AV.,Retiro,Comuna 1,3,100-150 m,34.0,0.03920685613180504,867.1952651775827,8289.36650537725,0.104615384615343
40263,Banco Santander Río,BANELCO,BOUCHARD Y LAVALLE,San Nicolas,Comuna 1,1,0-50 m,9.0,0.007841371226357887,1147.7584392060808,1147.7584392060808,1.0
40263,Banco Santander Río,BANELCO,BOUCHARD Y LAVALLE,San Nicolas,Comuna 1,2,50-100 m,44.0,0.023524113679051644,1870.4211601894378,1147.7584392060808,1.629629629631155
40263,Banco Santander Río,BANELCO,BOUCHARD Y LAVALLE,San Nicolas,Comuna 1,3,100-150 m,147.0,0.03920685613180504,3749.344234738372,1147.7584392060808,3.2666666666653668
41218,HSBC Bank Argentina,BANELCO,BOUCHARD Y TUCUMAN,San Nicolas,Comuna 1,1,0-50 m,9.0,0.007841371226357887,1147.7584392060808,1147.7584392060808,1.0
41218,HSBC Bank Argentina,BANELCO,BOUCHARD Y TUCUMAN,San Nicolas,Comuna 1,2,50-100 m,4.0,0.023524113679051644,170.0382872899489,1147.7584392060808,0.1481481481482868
41218,HSBC Bank Argentina,BANELCO,BOUCHARD Y TUCUMAN,San Nicolas,Comuna 1,3,100-150 m,0.0,0.03920685613180504,0.0,1147.7584392060808,0.0
39714,Banco Columbia,BANELCO,BOYACA AV. Y CARABOBO AV.,Flores,Comuna 7,1,0-50 m,336.0,0.007841371226357887,42849.64839702701,42849.64839702701,1.0
39714,Banco Columbia,BANELCO,BOYACA AV. Y CARABOBO AV.,Flores,Comuna 7,2,50-100 m,65.0,0.023524113679051644,2763.1221684616694,42849.64839702701,0.06448412698418735
39714,Banco Columbia,BANELCO,BOYACA AV. Y CARABOBO AV.,Flores,Comuna 7,3,100-150 m,108.0,0.03920685613180504,2754.620254093498,42849.64839702701,0.06428571428568872
40698,BBVA Banco Francés,BANELCO,"BRANDSEN Y FILIBERTO, JUAN DE DIOS",Boca,Comuna 4,1,0-50 m,71.0,0.007841371226357887,9054.538798181304,9054.538798181304,1.0
40698,BBVA Banco Francés,BANELCO,"BRANDSEN Y FILIBERTO, JUAN DE DIOS",Boca,Comuna 4,2,50-100 m,41.0,0.023524113679051644,1742.892444721976,9054.538798181304,0.19248826291097829
40698,BBVA Banco Francés,BANELCO,"BRANDSEN Y FILIBERTO, JUAN DE DIOS",Boca,Comuna 4,3,100-150 m,138.0,0.03920685613180504,3519.792546897247,9054.538798181304,0.3887323943660425
40582,BBVA Banco Francés,BANELCO,"BRASIL Y IRIGOYEN, BERNARDO DE",Constitucion,Comuna 1,1,0-50 m,128.0,0.007841371226357887,16323.675579819816,16323.675579819816,1.0
40582,BBVA Banco Francés,BANELCO,"BRASIL Y IRIGOYEN, BERNARDO DE",Constitucion,Comuna 1,2,50-100 m,60.0,0.023524113679051644,2550.5743093492333,16323.675579819816,0.15625000000014624
40582,BBVA Banco Francés,BANELCO,"BRASIL Y IRIGOYEN, BERNARDO DE",Constitucion,Comuna 1,3,100-150 m,566.0,0.03920685613180504,14436.250590897405,16323.675579819816,0.8843749999996481
40545,BBVA Banco Francés,BANELCO,"BROWN, ALTE. AV. Y VILLAFAÑE, WENCESLAO",Boca,Comuna 4,1,0-50 m,151.0,0.007841371226357887,19256.83603556869,19256.83603556869,1.0
40545,BBVA Banco Francés,BANELCO,"BROWN, ALTE. AV. Y VILLAFAÑE, WENCESLAO",Boca,Comuna 4,2,50-100 m,115.0,0.023524113679051644,4888.600759586031,19256.83603556869,0.25386313465807425
40545,BBVA Banco Francés,BANELCO,"BROWN, ALTE. AV. Y VILLAFAÑE, WENCESLAO",Boca,Comuna 4,3,100-150 m,168.0,0.03920685613180504,4284.964839700996,19256.83603556869,0.22251655629130215
40817,Banco Galicia,BANELCO,"BULLRICH, INT. AV. Y CERVIÑO AV.",Palermo,Comuna 14,1,0-50 m,81.0,0.007841371226357887,10329.825952854728,10329.825952854728,1.0
40817,Banco Galicia,BANELCO,"BULLRICH, INT. AV. Y CERVIÑO AV.",Palermo,Comuna 14,2,50-100 m,104.0,0.023524113679051644,4420.995469538671,10329.825952854728,0.42798353909505077
40817,Banco Galicia,BANELCO,"BULLRICH, INT. AV. Y CERVIÑO AV.",Palermo,Comuna 14,3,100-150 m,25.0,0.03920685613180504,637.6435773364578,10329.825952854728,0.06172839506170383
39967,Banco Macro,BANELCO,CABILDO 850,Colegiales,Comuna 13,1,0-50 m,35.0,0.007841371226357887,4463.505041356981,4463.505041356981,1.0
39967,Banco Macro,BANELCO,CABILDO 850,Colegiales,Comuna 13,2,50-100 m,33.0,0.023524113679051644,1402.8158701420784,4463.505041356981,0.3142857142860085
39967,Banco Macro,BANELCO,CABILDO 850,Colegiales,Comuna 13,3,100-150 m,2.0,0.03920685613180504,51.01148618691662,4463.505041356981,0.01142857142856688
41239,ICBC,BANELCO,CABILDO AV. Y ECHEVERRIA,Belgrano,Comuna 13,1,0-50 m,183.0,0.007841371226357887,23337.754930523643,23337.754930523643,1.0
41239,ICBC,BANELCO,CABILDO AV. Y ECHEVERRIA,Belgrano,Comuna 13,2,50-100 m,145.0,0.023524113679051644,6163.887914260647,23337.754930523643,0.2641165755922326
41239,ICBC,BANELCO,CABILDO AV. Y ECHEVERRIA,Belgrano,Comuna 13,3,100-150 m,313.0,0.03920685613180504,7983.2975882524515,23337.754930523643,0.3420765027321043
41269,ICBC,BANELCO,"CABILDO AV. Y HERNANDEZ, JOSE",Belgrano,Comuna 13,1,0-50 m,39.0,0.007841371226357887,4973.61990322635,4973.61990322635,1.0
41269,ICBC,BANELCO,"CABILDO AV. Y HERNANDEZ, JOSE",Belgrano,Comuna 13,2,50-100 m,5.0,0.023524113679051644,212.5478591124361,4973.61990322635,0.042735042735082725
41269,ICBC,BANELCO,"CABILDO AV. Y HERNANDEZ, JOSE",Belgrano,Comuna 13,3,100-150 m,14.0,0.03920685613180504,357.08040330841635,4973.61990322635,0.07179487179484322
41017,CitiBank,BANELCO,"CABILDO AV. Y HERNANDEZ, JOSE",Belgrano,Comuna 13,1,0-50 m,48.0,0.007841371226357887,6121.378342432431,6121.378342432431,1.0
41017,CitiBank,BANELCO,"CABILDO AV. Y HERNANDEZ, JOSE",Belgrano,Comuna 13,2,50-100 m,16.0,0.023524113679051644,680.1531491597956,6121.378342432431,0.1111111111112151
41017,CitiBank,BANELCO,"CABILDO AV. Y HERNANDEZ, JOSE",Belgrano,Comuna 13,3,100-150 m,19.0,0.03920685613180504,484.60911877570794,6121.378342432431,0.07916666666663516
40523,BBVA Banco Francés,BANELCO,"CABILDO AV. Y HERNANDEZ, JOSE",Belgrano,Comuna 13,1,0-50 m,163.0,0.007841371226357887,20787.180621176798,20787.180621176798,1.0
40523,BBVA Banco Francés,BANELCO,"CABILDO AV. Y HERNANDEZ, JOSE",Belgrano,Comuna 13,2,50-100 m,78.0,0.023524113679051644,3315.7466021540035,20787.180621176798,0.15950920245413702
40523,BBVA Banco Francés,BANELCO,"CABILDO AV. Y HERNANDEZ, JOSE",Belgrano,Comuna 13,3,100-150 m,46.0,0.03920685613180504,1173.2641822990824,20787.180621176798,0.05644171779138858
41131,HSBC Bank Argentina,BANELCO,CABILDO AV. Y IBERA,Nuñez,Comuna 13,1,0-50 m,106.0,0.007841371226357887,13518.043839538284,13518.043839538284,1.0
41131,HSBC Bank Argentina,BANELCO,CABILDO AV. Y IBERA,Nuñez,Comuna 13,2,50-100 m,80.0,0.023524113679051644,3400.7657457989776,13518.043839538284,0.2515723270442606
41131,HSBC Bank Argentina,BANELCO,CABILDO AV. Y IBERA,Nuñez,Comuna 13,3,100-150 m,73.0,0.03920685613180504,1861.9192458224568,13518.043839538284,0.13773584905654898
39853,Banco Itaú,BANELCO,"CABILDO AV. Y LARRALDE, CRISOLOGO AV.",Nuñez,Comuna 13,1,0-50 m,93.0,0.007841371226357887,11860.170538462835,11860.170538462835,1.0
39853,Banco Itaú,BANELCO,"CABILDO AV. Y LARRALDE, CRISOLOGO AV.",Nuñez,Comuna 13,2,50-100 m,51.0,0.023524113679051644,2167.988162946848,11860.170538462835,0.18279569892490224
39853,Banco Itaú,BANELCO,"CABILDO AV. Y LARRALDE, CRISOLOGO AV.",Nuñez,Comuna 13,3,100-150 m,27.0,0.03920685613180504,688.6550635233745,11860.170538462835,0.058064516129009154
40724,BBVA Banco Francés,BANELCO,CABILDO AV. Y NUÑEZ,Nuñez,Comuna 13,1,0-50 m,33.0,0.007841371226357887,4208.447610422296,4208.447610422296,1.0
40724,BBVA Banco Francés,BANELCO,CABILDO AV. Y NUÑEZ,Nuñez,Comuna 13,2,50-100 m,66.0,0.023524113679051644,2805.631740284157,4208.447610422296,0.6666666666672907
40724,BBVA Banco Francés,BANELCO,CABILDO AV. Y NUÑEZ,Nuñez,Comuna 13,3,100-150 m,32.0,0.03920685613180504,816.1837789906659,4208.447610422296,0.19393939393931678
41033,CitiBank,BANELCO,CABILDO AV. Y OLAZABAL,Belgrano,Comuna 13,1,0-50 m,60.0,0.007841371226357887,7651.722928040538,7651.722928040538,1.0
41033,CitiBank,BANELCO,CABILDO AV. Y OLAZABAL,Belgrano,Comuna 13,2,50-100 m,72.0,0.023524113679051644,3060.68917121908,7651.722928040538,0.4000000000003744
41033,CitiBank,BANELCO,CABILDO AV. Y OLAZABAL,Belgrano,Comuna 13,3,100-150 m,35.0,0.03920685613180504,892.7010082710409,7651.722928040538,0.11666666666662025
41050,CitiBank,BANELCO,CABILDO AV. Y OLAZABAL,Belgrano,Comuna 13,1,0-50 m,38.0,0.007841371226357887,4846.091187759008,4846.091187759008,1.0
41050,CitiBank,BANELCO,CABILDO AV. Y OLAZABAL,Belgrano,Comuna 13,2,50-100 m,209.0,0.023524113679051644,8884.50051089983,4846.091187759008,1.8333333333350492
41050,CitiBank,BANELCO,CABILDO AV. Y OLAZABAL,Belgrano,Comuna 13,3,100-150 m,128.0,0.03920685613180504,3264.7351159626637,4846.091187759008,0.6736842105260477
40470,Banco Supervielle,BANELCO,CABILDO AV. Y PALPA,Palermo,Comuna 14,1,0-50 m,65.0,0.007841371226357887,8289.36650537725,8289.36650537725,1.0
40470,Banco Supervielle,BANELCO,CABILDO AV. Y PALPA,Palermo,Comuna 14,2,50-100 m,51.0,0.023524113679051644,2167.988162946848,8289.36650537725,0.26153846153870636
40470,Banco Supervielle,BANELCO,CABILDO AV. Y PALPA,Palermo,Comuna 14,3,100-150 m,25.0,0.03920685613180504,637.6435773364578,8289.36650537725,0.07692307692304633
40858,Banco Galicia,BANELCO,"CABILDO AV. Y UGARTE, MANUEL",Belgrano,Comuna 13,1,0-50 m,88.0,0.007841371226357887,11222.526961126123,11222.526961126123,1.0
40858,Banco Galicia,BANELCO,"CABILDO AV. Y UGARTE, MANUEL",Belgrano,Comuna 13,2,50-100 m,145.0,0.023524113679051644,6163.887914260647,11222.526961126123,0.5492424242429383
40858,Banco Galicia,BANELCO,"CABILDO AV. Y UGARTE, MANUEL",Belgrano,Comuna 13,3,100-150 m,110.0,0.03920685613180504,2805.6317402804143,11222.526961126123,0.24999999999990052
39957,Banco Macro,BANELCO,"CABRERA, JOSE A. Y CONDE",Colegiales,Comuna 13,1,0-50 m,5.0,0.007841371226357887,637.6435773367116,637.6435773367116,1.0
39957,Banco Macro,BANELCO,"CABRERA, JOSE A. Y CONDE",Colegiales,Comuna 13,2,50-100 m,82.0,0.023524113679051644,3485.784889443952,637.6435773367116,5.466666666671783
39957,Banco Macro,BANELCO,"CABRERA, JOSE A. Y CONDE",Colegiales,Comuna 13,3,100-150 m,74.0,0.03920685613180504,1887.424988915915,637.6435773367116,2.959999999998822
40857,Banco Galicia,BANELCO,"CALIFORNIA Y MAGALDI, AGUSTIN",Barracas,Comuna 4,1,0-50 m,27.0,0.007841371226357887,3443.2753176182423,3443.2753176182423,1.0
40857,Banco Galicia,BANELCO,"CALIFORNIA Y MAGALDI, AGUSTIN",Barracas,Comuna 4,2,50-100 m,29.0,0.023524113679051644,1232.7775828521294,3443.2753176182423,0.3580246913583598
40857,Banco Galicia,BANELCO,"CALIFORNIA Y MAGALDI, AGUSTIN",Barracas,Comuna 4,3,100-150 m,43.0,0.03920685613180504,1096.7469530187075,3443.2753176182423,0.3185185185183918
41188,HSBC Bank Argentina,BANELCO,"CALIFORNIA Y MONTES DE OCA, MANUEL AV.",Barracas,Comuna 4,1,0-50 m,88.0,0.007841371226357887,11222.526961126123,11222.526961126123,1.0
41188,HSBC Bank Argentina,BANELCO,"CALIFORNIA Y MONTES DE OCA, MANUEL AV.",Barracas,Comuna 4,2,50-100 m,52.0,0.023524113679051644,2210.4977347693357,11222.526961126123,0.19696969696988134
41188,HSBC Bank Argentina,BANELCO,"CALIFORNIA Y MONTES DE OCA, MANUEL AV.",Barracas,Comuna 4,3,100-150 m,106.0,0.03920685613180504,2703.608767906581,11222.526961126123,0.24090909090899504
40240,Banco Santander Río,BANELCO,"CALIFORNIA Y SALMUN FEIJOO, JOSE AARON",Barracas,Comuna 4,1,0-50 m,45.0,0.007841371226357887,5738.792196030404,5738.792196030404,1.0
40240,Banco Santander Río,BANELCO,"CALIFORNIA Y SALMUN FEIJOO, JOSE AARON",Barracas,Comuna 4,2,50-100 m,31.0,0.023524113679051644,1317.796726497104,5738.792196030404,0.22962962962984457
40240,Banco Santander Río,BANELCO,"CALIFORNIA Y SALMUN FEIJOO, JOSE AARON",Barracas,Comuna 4,3,100-150 m,138.0,0.03920685613180504,3519.792546897247,5738.792196030404,0.6133333333330893
41014,CitiBank,BANELCO,CALLAO AV. Y CORRIENTES AV.,Balvanera,Comuna 3,1,0-50 m,735.0,0.007841371226357887,93733.6058684966,93733.6058684966,1.0
41014,CitiBank,BANELCO,CALLAO AV. Y CORRIENTES AV.,Balvanera,Comuna 3,2,50-100 m,116.0,0.023524113679051644,4931.110331408518,93733.6058684966,0.05260770975061613
41014,CitiBank,BANELCO,CALLAO AV. Y CORRIENTES AV.,Balvanera,Comuna 3,3,100-150 m,108.0,0.03920685613180504,2754.620254093498,93733.6058684966,0.029387755102029123
39706,Banco Columbia,BANELCO,"CALLAO AV. Y LAS HERAS, GENERAL",Recoleta,Comuna 2,1,0-50 m,28.0,0.007841371226357887,3570.8040330855847,3570.8040330855847,1.0
39706,Banco Columbia,BANELCO,"CALLAO AV. Y LAS HERAS, GENERAL",Recoleta,Comuna 2,2,50-100 m,116.0,0.023524113679051644,4931.110331408518,3570.8040330855847,1.3809523809536735
39706,Banco Columbia,BANELCO,"CALLAO AV. Y LAS HERAS, GENERAL",Recoleta,Comuna 2,3,100-150 m,144.0,0.03920685613180504,3672.827005457997,3570.8040330855847,1.0285714285710192
41304,ICBC,BANELCO,CALLAO AV. Y SARMIENTO,Balvanera,Comuna 3,1,0-50 m,179.0,0.007841371226357887,22827.640068654273,22827.640068654273,1.0
41304,ICBC,BANELCO,CALLAO AV. Y SARMIENTO,Balvanera,Comuna 3,2,50-100 m,48.0,0.023524113679051644,2040.4594474793867,22827.640068654273,0.08938547486041885
41304,ICBC,BANELCO,CALLAO AV. Y SARMIENTO,Balvanera,Comuna 3,3,100-150 m,15.0,0.03920685613180504,382.58614640187466,22827.640068654273,0.01675977653630618
40140,Banco Santander Río,BANELCO,CALLAO AV. Y VIAMONTE,Balvanera,Comuna 3,1,0-50 m,50.0,0.007841371226357887,6376.435773367116,6376.435773367116,1.0
40140,Banco Santander Río,BANELCO,CALLAO AV. Y VIAMONTE,Balvanera,Comuna 3,2,50-100 m,45.0,0.023524113679051644,1912.930732011925,6376.435773367116,0.30000000000028076
40140,Banco Santander Río,BANELCO,CALLAO AV. Y VIAMONTE,Balvanera,Comuna 3,3,100-150 m,95.0,0.03920685613180504,2423.0455938785394,6376.435773367116,0.37999999999984874
40294,Banco Santander Río,BANELCO,"CALVO, CARLOS Y SAENZ PEÑA, LUIS, PRES.",Constitucion,Comuna 1,1,0-50 m,84.0,0.007841371226357887,10712.412099256753,10712.412099256753,1.0
40294,Banco Santander Río,BANELCO,"CALVO, CARLOS Y SAENZ PEÑA, LUIS, PRES.",Constitucion,Comuna 1,2,50-100 m,99.0,0.023524113679051644,4208.447610426235,10712.412099256753,0.39285714285751056
40294,Banco Santander Río,BANELCO,"CALVO, CARLOS Y SAENZ PEÑA, LUIS, PRES.",Constitucion,Comuna 1,3,100-150 m,133.0,0.03920685613180504,3392.2638314299556,10712.412099256753,0.3166666666665407
41369,ICBC,BANELCO,"CAMPANA Y FLORES, VENANCIO, GRAL.",Floresta,Comuna 10,1,0-50 m,40.0,0.007841371226357887,5101.148618693693,5101.148618693693,1.0
41369,ICBC,BANELCO,"CAMPANA Y FLORES, VENANCIO, GRAL.",Floresta,Comuna 10,2,50-100 m,54.0,0.023524113679051644,2295.51687841431,5101.148618693693,0.4500000000004212
41369,ICBC,BANELCO,"CAMPANA Y FLORES, VENANCIO, GRAL.",Floresta,Comuna 10,3,100-150 m,108.0,0.03920685613180504,2754.620254093498,5101.148618693693,0.5399999999997851
39972,Banco Macro,BANELCO,CAMPANA Y NAZARRE,Villa Del Parque,Comuna 11,1,0-50 m,29.0,0.007841371226357887,3698.332748552927,3698.332748552927,1.0
39972,Banco Macro,BANELCO,CAMPANA Y NAZARRE,Villa Del Parque,Comuna 11,2,50-100 m,23.0,0.023524113679051644,977.7201519172061,3698.332748552927,0.26436781609220145
39972,Banco Macro,BANELCO,CAMPANA Y NAZARRE,Villa Del Parque,Comuna 11,3,100-150 m,21.0,0.03920685613180504,535.6206049626245,3698.332748552927,0.1448275862068389
40042,Banco Patagonia,BANELCO,"CAMPOS, LUIS M. AV. Y MATIENZO, BENJAMIN, TENIENTE",Palermo,Comuna 14,1,0-50 m,12.0,0.007841371226357887,1530.3445856081078,1530.3445856081078,1.0
40042,Banco Patagonia,BANELCO,"CAMPOS, LUIS M. AV. Y MATIENZO, BENJAMIN, TENIENTE",Palermo,Comuna 14,2,50-100 m,5.0,0.023524113679051644,212.5478591124361,1530.3445856081078,0.13888888888901887
40042,Banco Patagonia,BANELCO,"CAMPOS, LUIS M. AV. Y MATIENZO, BENJAMIN, TENIENTE",Palermo,Comuna 14,3,100-150 m,1.0,0.03920685613180504,25.50574309345831,1530.3445856081078,0.016666666666660033
41054,CitiBank,BANELCO,"CAMPOS, LUIS M. AV. Y ORTEGA Y GASSET",Palermo,Comuna 14,1,0-50 m,44.0,0.007841371226357887,5611.263480563061,5611.263480563061,1.0
41054,CitiBank,BANELCO,"CAMPOS, LUIS M. AV. Y ORTEGA Y GASSET",Palermo,Comuna 14,2,50-100 m,36.0,0.023524113679051644,1530.34458560954,5611.263480563061,0.272727272727528
41054,CitiBank,BANELCO,"CAMPOS, LUIS M. AV. Y ORTEGA Y GASSET",Palermo,Comuna 14,3,100-150 m,71.0,0.03920685613180504,1810.90775963554,5611.263480563061,0.3227272727271443
40840,Banco Galicia,BANELCO,CARACAS Y MOSCONI GENERAL AV.,Villa Pueyrredon,Comuna 12,1,0-50 m,11.0,0.007841371226357887,1402.8158701407654,1402.8158701407654,1.0
40840,Banco Galicia,BANELCO,CARACAS Y MOSCONI GENERAL AV.,Villa Pueyrredon,Comuna 12,2,50-100 m,42.0,0.023524113679051644,1785.4020165444633,1402.8158701407654,1.272727272728464
40840,Banco Galicia,BANELCO,CARACAS Y MOSCONI GENERAL AV.,Villa Pueyrredon,Comuna 12,3,100-150 m,68.0,0.03920685613180504,1734.3905303551653,1402.8158701407654,1.2363636363631445
40270,Banco Santander Río,BANELCO,CARDOSO Y MOZART,Velez Sarsfield,Comuna 10,1,0-50 m,38.0,0.007841371226357887,4846.091187759008,4846.091187759008,1.0
40270,Banco Santander Río,BANELCO,CARDOSO Y MOZART,Velez Sarsfield,Comuna 10,2,50-100 m,64.0,0.023524113679051644,2720.6125966391824,4846.091187759008,0.5614035087724553
40270,Banco Santander Río,BANELCO,CARDOSO Y MOZART,Velez Sarsfield,Comuna 10,3,100-150 m,99.0,0.03920685613180504,2525.068566252373,4846.091187759008,0.52105263157874
41005,Banco Galicia,BANELCO,CARLOS PELLEGRINI 1391,Retiro,Comuna 1,1,0-50 m,5.0,0.007841371226357887,637.6435773367116,637.6435773367116,1.0
41005,Banco Galicia,BANELCO,CARLOS PELLEGRINI 1391,Retiro,Comuna 1,2,50-100 m,7.0,0.023524113679051644,297.56700275741053,637.6435773367116,0.4666666666671034
41005,Banco Galicia,BANELCO,CARLOS PELLEGRINI 1391,Retiro,Comuna 1,3,100-150 m,10.0,0.03920685613180504,255.05743093458312,637.6435773367116,0.3999999999998408
41226,ICBC,BANELCO,CARLOS PELLEGRINI 479,San Nicolas,Comuna 1,1,0-50 m,226.0,0.007841371226357887,28821.489695619362,28821.489695619362,1.0
41226,ICBC,BANELCO,CARLOS PELLEGRINI 479,San Nicolas,Comuna 1,2,50-100 m,78.0,0.023524113679051644,3315.7466021540035,28821.489695619362,0.1150442477877183
41226,ICBC,BANELCO,CARLOS PELLEGRINI 479,San Nicolas,Comuna 1,3,100-150 m,24.0,0.03920685613180504,612.1378342429995,28821.489695619362,0.021238938053088893
39718,Banco Columbia,BANELCO,CASTELLI Y MISIONES,Balvanera,Comuna 3,1,0-50 m,70.0,0.007841371226357887,8927.010082713961,8927.010082713961,1.0
39718,Banco Columbia,BANELCO,CASTELLI Y MISIONES,Balvanera,Comuna 3,2,50-100 m,204.0,0.023524113679051644,8671.952651787393,8927.010082713961,0.9714285714294806
39718,Banco Columbia,BANELCO,CASTELLI Y MISIONES,Balvanera,Comuna 3,3,100-150 m,125.0,0.03920685613180504,3188.217886682289,8927.010082713961,0.35714285714271504
41270,ICBC,BANELCO,CECILIA GRIERSON 355,Puerto Madero,Comuna 1,1,0-50 m,13.0,0.007841371226357887,1657.87330107545,1657.87330107545,1.0
41270,ICBC,BANELCO,CECILIA GRIERSON 355,Puerto Madero,Comuna 1,2,50-100 m,41.0,0.023524113679051644,1742.892444721976,1657.87330107545,1.0512820512830352
41270,ICBC,BANELCO,CECILIA GRIERSON 355,Puerto Madero,Comuna 1,3,100-150 m,13.0,0.03920685613180504,331.57466021495804,1657.87330107545,0.1999999999999204
40308,Banco Santander Río,BANELCO,CERRITO 1146,Retiro,Comuna 1,1,0-50 m,57.0,0.007841371226357887,7269.136781638512,7269.136781638512,1.0
40308,Banco Santander Río,BANELCO,CERRITO 1146,Retiro,Comuna 1,2,50-100 m,77.0,0.023524113679051644,3273.237030331516,7269.136781638512,0.45029239766124013
40308,Banco Santander Río,BANELCO,CERRITO 1146,Retiro,Comuna 1,3,100-150 m,95.0,0.03920685613180504,2423.0455938785394,7269.136781638512,0.33333333333320064
40003,Banco Patagonia,BANELCO,CERRITO 1274,Retiro,Comuna 1,1,0-50 m,24.0,0.007841371226357887,3060.6891712162155,3060.6891712162155,1.0
40003,Banco Patagonia,BANELCO,CERRITO 1274,Retiro,Comuna 1,2,50-100 m,60.0,0.023524113679051644,2550.5743093492333,3060.6891712162155,0.8333333333341132
40003,Banco Patagonia,BANELCO,CERRITO 1274,Retiro,Comuna 1,3,100-150 m,83.0,0.03920685613180504,2116.97667675704,3060.6891712162155,0.6916666666663914
39850,Banco Itaú,BANELCO,CERRITO 748,San Nicolas,Comuna 1,1,0-50 m,38.0,0.007841371226357887,4846.091187759008,4846.091187759008,1.0
39850,Banco Itaú,BANELCO,CERRITO 748,San Nicolas,Comuna 1,2,50-100 m,60.0,0.023524113679051644,2550.5743093492333,4846.091187759008,0.5263157894741768
39850,Banco Itaú,BANELCO,CERRITO 748,San Nicolas,Comuna 1,3,100-150 m,32.0,0.03920685613180504,816.1837789906659,4846.091187759008,0.1684210526315119
40968,Banco Galicia,BANELCO,CERRITO Y LAVALLE,San Nicolas,Comuna 1,1,0-50 m,157.0,0.007841371226357887,20022.008328372744,20022.008328372744,1.0
40968,Banco Galicia,BANELCO,CERRITO Y LAVALLE,San Nicolas,Comuna 1,2,50-100 m,100.0,0.023524113679051644,4250.957182248722,20022.008328372744,0.21231422505327727
40968,Banco Galicia,BANELCO,CERRITO Y LAVALLE,San Nicolas,Comuna 1,3,100-150 m,0.0,0.03920685613180504,0.0,20022.008328372744,0.0
41038,CitiBank,BANELCO,CERRITO Y SANTA FE AV.,Retiro,Comuna 1,1,0-50 m,44.0,0.007841371226357887,5611.263480563061,5611.263480563061,1.0
41038,CitiBank,BANELCO,CERRITO Y SANTA FE AV.,Retiro,Comuna 1,2,50-100 m,156.0,0.023524113679051644,6631.493204308007,5611.263480563061,1.181818181819288
41038,CitiBank,BANELCO,CERRITO Y SANTA FE AV.,Retiro,Comuna 1,3,100-150 m,52.0,0.03920685613180504,1326.2986408598322,5611.263480563061,0.2363636363635423
39825,Banco Itaú,BANELCO,CERVINO 3654,Palermo,Comuna 14,1,0-50 m,10.0,0.007841371226357887,1275.2871546734232,1275.2871546734232,1.0
39825,Banco Itaú,BANELCO,CERVINO 3654,Palermo,Comuna 14,2,50-100 m,124.0,0.023524113679051644,5271.186905988416,1275.2871546734232,4.133333333337202
39825,Banco Itaú,BANELCO,CERVINO 3654,Palermo,Comuna 14,3,100-150 m,205.0,0.03920685613180504,5228.677334158954,1275.2871546734232,4.099999999998368
40678,BBVA Banco Francés,BANELCO,CERVINO 4648,Palermo,Comuna 14,1,0-50 m,17.0,0.007841371226357887,2167.988162944819,2167.988162944819,1.0
40678,BBVA Banco Francés,BANELCO,CERVINO 4648,Palermo,Comuna 14,2,50-100 m,33.0,0.023524113679051644,1402.8158701420784,2167.988162944819,0.6470588235300174
40678,BBVA Banco Francés,BANELCO,CERVINO 4648,Palermo,Comuna 14,3,100-150 m,35.0,0.03920685613180504,892.7010082710409,2167.988162944819,0.4117647058821891
40119,Banco Santander Río,BANELCO,CERVINO 4709,Palermo,Comuna 14,1,0-50 m,57.0,0.007841371226357887,7269.136781638512,7269.136781638512,1.0
40119,Banco Santander Río,BANELCO,CERVINO 4709,Palermo,Comuna 14,2,50-100 m,29.0,0.023524113679051644,1232.7775828521294,7269.136781638512,0.16959064327501253
40119,Banco Santander Río,BANELCO,CERVINO 4709,Palermo,Comuna 14,3,100-150 m,11.0,0.03920685613180504,280.56317402804143,7269.136781638512,0.038596491228054815
40457,Banco Supervielle,BANELCO,CERVIÑO AV. Y LAFINUR,Palermo,Comuna 14,1,0-50 m,17.0,0.007841371226357887,2167.988162944819,2167.988162944819,1.0
40457,Banco Supervielle,BANELCO,CERVIÑO AV. Y LAFINUR,Palermo,Comuna 14,2,50-100 m,89.0,0.023524113679051644,3783.3518922013627,2167.988162944819,1.7450980392173197
40457,Banco Supervielle,BANELCO,CERVIÑO AV. Y LAFINUR,Palermo,Comuna 14,3,100-150 m,74.0,0.03920685613180504,1887.424988915915,2167.988162944819,0.8705882352937713
39989,Banco Patagonia,BANELCO,CHACABUCO 15,Monserrat,Comuna 1,1,0-50 m,25.0,0.007841371226357887,3188.217886683558,3188.217886683558,1.0
39989,Banco Patagonia,BANELCO,CHACABUCO 15,Monserrat,Comuna 1,2,50-100 m,123.0,0.023524113679051644,5228.677334165928,3188.217886683558,1.6400000000015347
39989,Banco Patagonia,BANELCO,CHACABUCO 15,Monserrat,Comuna 1,3,100-150 m,58.0,0.03920685613180504,1479.3330994205821,3188.217886683558,0.46399999999981534
40722,BBVA Banco Francés,BANELCO,CHACABUCO Y CHILE,San Telmo,Comuna 1,1,0-50 m,72.0,0.007841371226357887,9182.067513648646,9182.067513648646,1.0
40722,BBVA Banco Francés,BANELCO,CHACABUCO Y CHILE,San Telmo,Comuna 1,2,50-100 m,119.0,0.023524113679051644,5058.639046875979,9182.067513648646,0.5509259259264415
40722,BBVA Banco Francés,BANELCO,CHACABUCO Y CHILE,San Telmo,Comuna 1,3,100-150 m,230.0,0.03920685613180504,5866.320911495412,9182.067513648646,0.6388888888886346
40093,Banco Santander Río,BANELCO,CHACABUCO Y MAIPU,San Nicolas,Comuna 1,1,0-50 m,32.0,0.007841371226357887,4080.918894954954,4080.918894954954,1.0
40093,Banco Santander Río,BANELCO,CHACABUCO Y MAIPU,San Nicolas,Comuna 1,2,50-100 m,18.0,0.023524113679051644,765.17229280477,4080.918894954954,0.1875000000001755
40093,Banco Santander Río,BANELCO,CHACABUCO Y MAIPU,San Nicolas,Comuna 1,3,100-150 m,12.0,0.03920685613180504,306.06891712149974,4080.918894954954,0.07499999999997015
41117,HSBC Bank Argentina,BANELCO,"CHARCAS Y JUSTO, JUAN B. AV.",Palermo,Comuna 14,1,0-50 m,57.0,0.007841371226357887,7269.136781638512,7269.136781638512,1.0
41117,HSBC Bank Argentina,BANELCO,"CHARCAS Y JUSTO, JUAN B. AV.",Palermo,Comuna 14,2,50-100 m,50.0,0.023524113679051644,2125.478591124361,7269.136781638512,0.2923976608189871
41117,HSBC Bank Argentina,BANELCO,"CHARCAS Y JUSTO, JUAN B. AV.",Palermo,Comuna 14,3,100-150 m,100.0,0.03920685613180504,2550.5743093458314,7269.136781638512,0.3508771929823165
40485,Banco Supervielle,BANELCO,"CHARCAS Y SALGUERO, JERONIMO",Palermo,Comuna 14,1,0-50 m,90.0,0.007841371226357887,11477.584392060808,11477.584392060808,1.0
40485,Banco Supervielle,BANELCO,"CHARCAS Y SALGUERO, JERONIMO",Palermo,Comuna 14,2,50-100 m,83.0,0.023524113679051644,3528.2944612664396,11477.584392060808,0.3074074074076951
40485,Banco Supervielle,BANELCO,"CHARCAS Y SALGUERO, JERONIMO",Palermo,Comuna 14,3,100-150 m,98.0,0.03920685613180504,2499.5628231589144,11477.584392060808,0.2177777777776911
41078,Compania Financiera,BANELCO,CHILE AV. Y PASEO COLON AV.,San Telmo,Comuna 1,1,0-50 m,11.0,0.007841371226357887,1402.8158701407654,1402.8158701407654,1.0
41078,Compania Financiera,BANELCO,CHILE AV. Y PASEO COLON AV.,San Telmo,Comuna 1,2,50-100 m,73.0,0.023524113679051644,3103.1987430415675,1402.8158701407654,2.2121212121232827
41078,Compania Financiera,BANELCO,CHILE AV. Y PASEO COLON AV.,San Telmo,Comuna 1,3,100-150 m,2.0,0.03920685613180504,51.01148618691662,1402.8158701407654,0.036363636363621894
40971,Banco Galicia,BANELCO,CHIVILCOY Y GAONA AV.,Floresta,Comuna 10,1,0-50 m,37.0,0.007841371226357887,4718.5624722916655,4718.5624722916655,1.0
40971,Banco Galicia,BANELCO,CHIVILCOY Y GAONA AV.,Floresta,Comuna 10,2,50-100 m,119.0,0.023524113679051644,5058.639046875979,4718.5624722916655,1.0720720720730754
40971,Banco Galicia,BANELCO,CHIVILCOY Y GAONA AV.,Floresta,Comuna 10,3,100-150 m,73.0,0.03920685613180504,1861.9192458224568,4718.5624722916655,0.3945945945944376
39730,Banco Comafi,BANELCO,CIUDAD DE LA PAZ 2175,Belgrano,Comuna 13,1,0-50 m,77.0,0.007841371226357887,9819.711090985358,9819.711090985358,1.0
39730,Banco Comafi,BANELCO,CIUDAD DE LA PAZ 2175,Belgrano,Comuna 13,2,50-100 m,313.0,0.023524113679051644,13305.4959804385,9819.711090985358,1.354978354979623
39730,Banco Comafi,BANELCO,CIUDAD DE LA PAZ 2175,Belgrano,Comuna 13,3,100-150 m,78.0,0.03920685613180504,1989.4479612897483,9819.711090985358,0.20259740259732195
41333,ICBC,BANELCO,COCHABAMBA Y 24 DE NOVIEMBRE,San Cristobal,Comuna 3,1,0-50 m,19.0,0.007841371226357887,2423.045593879504,2423.045593879504,1.0
41333,ICBC,BANELCO,COCHABAMBA Y 24 DE NOVIEMBRE,San Cristobal,Comuna 3,2,50-100 m,42.0,0.023524113679051644,1785.4020165444633,2423.045593879504,0.7368421052638475
41333,ICBC,BANELCO,COCHABAMBA Y 24 DE NOVIEMBRE,San Cristobal,Comuna 3,3,100-150 m,172.0,0.03920685613180504,4386.98781207483,2423.045593879504,1.8105263157887532
41323,ICBC,BANELCO,COCHABAMBA Y LIMA,Constitucion,Comuna 1,1,0-50 m,11.0,0.007841371226357887,1402.8158701407654,1402.8158701407654,1.0
41323,ICBC,BANELCO,COCHABAMBA Y LIMA,Constitucion,Comuna 1,2,50-100 m,87.0,0.023524113679051644,3698.332748556388,1402.8158701407654,2.6363636363661036
41323,ICBC,BANELCO,COCHABAMBA Y LIMA,Constitucion,Comuna 1,3,100-150 m,63.0,0.03920685613180504,1606.8618148878736,1402.8158701407654,1.1454545454540896
41154,HSBC Bank Argentina,BANELCO,"COLMO, ALFREDO Y SAENZ AV.",Nueva Pompeya,Comuna 4,1,0-50 m,25.0,0.007841371226357887,3188.217886683558,3188.217886683558,1.0
41154,HSBC Bank Argentina,BANELCO,"COLMO, ALFREDO Y SAENZ AV.",Nueva Pompeya,Comuna 4,2,50-100 m,30.0,0.023524113679051644,1275.2871546746167,3188.217886683558,0.40000000000037433
41154,HSBC Bank Argentina,BANELCO,"COLMO, ALFREDO Y SAENZ AV.",Nueva Pompeya,Comuna 4,3,100-150 m,111.0,0.03920685613180504,2831.137483373873,3188.217886683558,0.8879999999996466
40445,Banco Supervielle,BANELCO,COLOMBRES Y CONSTITUCION,Boedo,Comuna 5,1,0-50 m,20.0,0.007841371226357887,2550.5743093468463,2550.5743093468463,1.0
40445,Banco Supervielle,BANELCO,COLOMBRES Y CONSTITUCION,Boedo,Comuna 5,2,50-100 m,50.0,0.023524113679051644,2125.478591124361,2550.5743093468463,0.8333333333341132
40445,Banco Supervielle,BANELCO,COLOMBRES Y CONSTITUCION,Boedo,Comuna 5,3,100-150 m,137.0,0.03920685613180504,3494.2868038037886,2550.5743093468463,1.3699999999994548
41245,ICBC,BANELCO,COLONIA AV. Y PATAGONES,Parque Patricios,Comuna 4,1,0-50 m,7.0,0.007841371226357887,892.7010082713962,892.7010082713962,1.0
41245,ICBC,BANELCO,COLONIA AV. Y PATAGONES,Parque Patricios,Comuna 4,2,50-100 m,23.0,0.023524113679051644,977.7201519172061,892.7010082713962,1.0952380952391203
41245,ICBC,BANELCO,COLONIA AV. Y PATAGONES,Parque Patricios,Comuna 4,3,100-150 m,25.0,0.03920685613180504,637.6435773364578,892.7010082713962,0.7142857142854301
40180,Banco Santander Río,BANELCO,COLONIA AV. Y USPALLATA,Parque Patricios,Comuna 4,1,0-50 m,2.0,0.007841371226357887,255.05743093468462,255.05743093468462,1.0
40180,Banco Santander Río,BANELCO,COLONIA AV. Y USPALLATA,Parque Patricios,Comuna 4,2,50-100 m,53.0,0.023524113679051644,2253.0073065918227,255.05743093468462,8.833333333341601
40180,Banco Santander Río,BANELCO,COLONIA AV. Y USPALLATA,Parque Patricios,Comuna 4,3,100-150 m,30.0,0.03920685613180504,765.1722928037493,255.05743093468462,2.999999999998806
40332,Banco Santander Río,BANELCO,CONCORDIA Y GAONA AV.,Floresta,Comuna 10,1,0-50 m,17.0,0.007841371226357887,2167.988162944819,2167.988162944819,1.0
40332,Banco Santander Río,BANELCO,CONCORDIA Y GAONA AV.,Floresta,Comuna 10,2,50-100 m,74.0,0.023524113679051644,3145.7083148640545,2167.988162944819,1.450980392158221
40332,Banco Santander Río,BANELCO,CONCORDIA Y GAONA AV.,Floresta,Comuna 10,3,100-150 m,62.0,0.03920685613180504,1581.3560717944154,2167.988162944819,0.7294117647055921
40555,BBVA Banco Francés,BANELCO,CONESA Y RAMALLO,Saavedra,Comuna 12,1,0-50 m,20.0,0.007841371226357887,2550.5743093468463,2550.5743093468463,1.0
40555,BBVA Banco Francés,BANELCO,CONESA Y RAMALLO,Saavedra,Comuna 12,2,50-100 m,21.0,0.023524113679051644,892.7010082722317,2550.5743093468463,0.35000000000032755
40555,BBVA Banco Francés,BANELCO,CONESA Y RAMALLO,Saavedra,Comuna 12,3,100-150 m,95.0,0.03920685613180504,2423.0455938785394,2550.5743093468463,0.9499999999996218
40155,Banco Santander Río,BANELCO,CONGRESO AV. Y ESTOMBA,Coghlan,Comuna 12,1,0-50 m,25.0,0.007841371226357887,3188.217886683558,3188.217886683558,1.0
40155,Banco Santander Río,BANELCO,CONGRESO AV. Y ESTOMBA,Coghlan,Comuna 12,2,50-100 m,32.0,0.023524113679051644,1360.3062983195912,3188.217886683558,0.426666666667066
40155,Banco Santander Río,BANELCO,CONGRESO AV. Y ESTOMBA,Coghlan,Comuna 12,3,100-150 m,28.0,0.03920685613180504,714.1608066168327,3188.217886683558,0.22399999999991083
40189,Banco Santander Río,BANELCO,CORDOBA AV. Y JUNIN,Balvanera,Comuna 3,1,0-50 m,35.0,0.007841371226357887,4463.505041356981,4463.505041356981,1.0
40189,Banco Santander Río,BANELCO,CORDOBA AV. Y JUNIN,Balvanera,Comuna 3,2,50-100 m,90.0,0.023524113679051644,3825.86146402385,4463.505041356981,0.8571428571436595
40189,Banco Santander Río,BANELCO,CORDOBA AV. Y JUNIN,Balvanera,Comuna 3,3,100-150 m,70.0,0.03920685613180504,1785.4020165420818,4463.505041356981,0.3999999999998408
39747,Banco Comafi,BANELCO,CORDOBA AV. Y MONTEVIDEO,Recoleta,Comuna 2,1,0-50 m,112.0,0.007841371226357887,14283.216132342339,14283.216132342339,1.0
39747,Banco Comafi,BANELCO,CORDOBA AV. Y MONTEVIDEO,Recoleta,Comuna 2,2,50-100 m,136.0,0.023524113679051644,5781.301767858262,14283.216132342339,0.4047619047622836
39747,Banco Comafi,BANELCO,CORDOBA AV. Y MONTEVIDEO,Recoleta,Comuna 2,3,100-150 m,12.0,0.03920685613180504,306.06891712149974,14283.216132342339,0.0214285714285629
41166,HSBC Bank Argentina,BANELCO,CORDOBA AV. Y PASTEUR,Balvanera,Comuna 3,1,0-50 m,244.0,0.007841371226357887,31117.006574031522,31117.006574031522,1.0
41166,HSBC Bank Argentina,BANELCO,CORDOBA AV. Y PASTEUR,Balvanera,Comuna 3,2,50-100 m,197.0,0.023524113679051644,8374.385649029982,31117.006574031522,0.26912568306036116
41166,HSBC Bank Argentina,BANELCO,CORDOBA AV. Y PASTEUR,Balvanera,Comuna 3,3,100-150 m,100.0,0.03920685613180504,2550.5743093458314,31117.006574031522,0.0819672131147215
40995,Banco Galicia,BANELCO,CORDOBA AV. Y RIOBAMBA,Balvanera,Comuna 3,1,0-50 m,45.0,0.007841371226357887,5738.792196030404,5738.792196030404,1.0
40995,Banco Galicia,BANELCO,CORDOBA AV. Y RIOBAMBA,Balvanera,Comuna 3,2,50-100 m,245.0,0.023524113679051644,10414.845096509369,5738.792196030404,1.8148148148165133
40995,Banco Galicia,BANELCO,CORDOBA AV. Y RIOBAMBA,Balvanera,Comuna 3,3,100-150 m,170.0,0.03920685613180504,4335.976325887913,5738.792196030404,0.7555555555552549
40057,Banco Patagonia,BANELCO,"CORDOBA Y NEWBERY, JORGE AV.",Chacarita,Comuna 15,1,0-50 m,46.0,0.007841371226357887,5866.320911497746,5866.320911497746,1.0
40057,Banco Patagonia,BANELCO,"CORDOBA Y NEWBERY, JORGE AV.",Chacarita,Comuna 15,2,50-100 m,45.0,0.023524113679051644,1912.930732011925,5866.320911497746,0.32608695652204434
40057,Banco Patagonia,BANELCO,"CORDOBA Y NEWBERY, JORGE AV.",Chacarita,Comuna 15,3,100-150 m,126.0,0.03920685613180504,3213.723629775747,5866.320911497746,0.5478260869563037
41340,ICBC,BANELCO,CORDOBA Y OLLEROS,Chacarita,Comuna 15,1,0-50 m,8.0,0.007841371226357887,1020.2297237387385,1020.2297237387385,1.0
41340,ICBC,BANELCO,CORDOBA Y OLLEROS,Chacarita,Comuna 15,2,50-100 m,101.0,0.023524113679051644,4293.46675407121,1020.2297237387385,4.208333333337272
41340,ICBC,BANELCO,CORDOBA Y OLLEROS,Chacarita,Comuna 15,3,100-150 m,292.0,0.03920685613180504,7447.676983289827,1020.2297237387385,7.2999999999970955
40978,Banco Galicia,BANELCO,CORRIENTES AV. Y 25 DE MAYO,San Nicolas,Comuna 1,1,0-50 m,70.0,0.007841371226357887,8927.010082713961,8927.010082713961,1.0
40978,Banco Galicia,BANELCO,CORRIENTES AV. Y 25 DE MAYO,San Nicolas,Comuna 1,2,50-100 m,9.0,0.023524113679051644,382.586146402385,8927.010082713961,0.04285714285718297
40978,Banco Galicia,BANELCO,CORRIENTES AV. Y 25 DE MAYO,San Nicolas,Comuna 1,3,100-150 m,0.0,0.03920685613180504,0.0,8927.010082713961,0.0
40853,Banco Galicia,BANELCO,CORRIENTES AV. Y 9 DE JULIO AV.,San Nicolas,Comuna 1,1,0-50 m,90.0,0.007841371226357887,11477.584392060808,11477.584392060808,1.0
40853,Banco Galicia,BANELCO,CORRIENTES AV. Y 9 DE JULIO AV.,San Nicolas,Comuna 1,2,50-100 m,111.0,0.023524113679051644,4718.562472296082,11477.584392060808,0.4111111111114959
40853,Banco Galicia,BANELCO,CORRIENTES AV. Y 9 DE JULIO AV.,San Nicolas,Comuna 1,3,100-150 m,0.0,0.03920685613180504,0.0,11477.584392060808,0.0
40597,BBVA Banco Francés,BANELCO,CORRIENTES AV. Y 9 DE JULIO AV.,San Nicolas,Comuna 1,1,0-50 m,611.0,0.007841371226357887,77920.04515054615,77920.04515054615,1.0
40597,BBVA Banco Francés,BANELCO,CORRIENTES AV. Y 9 DE JULIO AV.,San Nicolas,Comuna 1,2,50-100 m,1232.0,0.023524113679051644,52371.79248530426,77920.04515054615,0.6721222040377267
40597,BBVA Banco Francés,BANELCO,CORRIENTES AV. Y 9 DE JULIO AV.,San Nicolas,Comuna 1,3,100-150 m,31.0,0.03920685613180504,790.6780358972077,77920.04515054615,0.010147299508997598
41032,CitiBank,BANELCO,CORRIENTES AV. Y LAMBARE,Almagro,Comuna 5,1,0-50 m,96.0,0.007841371226357887,12242.756684864862,12242.756684864862,1.0
41032,CitiBank,BANELCO,CORRIENTES AV. Y LAMBARE,Almagro,Comuna 5,2,50-100 m,109.0,0.023524113679051644,4633.543328651107,12242.756684864862,0.3784722222225764
41032,CitiBank,BANELCO,CORRIENTES AV. Y LAMBARE,Almagro,Comuna 5,3,100-150 m,63.0,0.03920685613180504,1606.8618148878736,12242.756684864862,0.13124999999994777
40809,Banco Galicia,BANELCO,CORRIENTES AV. Y LEIVA,Chacarita,Comuna 15,1,0-50 m,110.0,0.007841371226357887,14028.158701407654,14028.158701407654,1.0
40809,Banco Galicia,BANELCO,CORRIENTES AV. Y LEIVA,Chacarita,Comuna 15,2,50-100 m,60.0,0.023524113679051644,2550.5743093492333,14028.158701407654,0.181818181818352
40809,Banco Galicia,BANELCO,CORRIENTES AV. Y LEIVA,Chacarita,Comuna 15,3,100-150 m,53.0,0.03920685613180504,1351.8043839532904,14028.158701407654,0.09636363636359802
41081,Compania Financiera,BANELCO,CORRIENTES AV. Y OLLEROS,Chacarita,Comuna 15,1,0-50 m,28.0,0.007841371226357887,3570.8040330855847,3570.8040330855847,1.0
41081,Compania Financiera,BANELCO,CORRIENTES AV. Y OLLEROS,Chacarita,Comuna 15,2,50-100 m,444.0,0.023524113679051644,18874.249889184328,3570.8040330855847,5.285714285719233
41081,Compania Financiera,BANELCO,CORRIENTES AV. Y OLLEROS,Chacarita,Comuna 15,3,100-150 m,18.0,0.03920685613180504,459.10337568224963,3570.8040330855847,0.1285714285713774
40935,Banco Galicia,BANELCO,CORRIENTES AV. Y RECONQUISTA,San Nicolas,Comuna 1,1,0-50 m,96.0,0.007841371226357887,12242.756684864862,12242.756684864862,1.0
40935,Banco Galicia,BANELCO,CORRIENTES AV. Y RECONQUISTA,San Nicolas,Comuna 1,2,50-100 m,9.0,0.023524113679051644,382.586146402385,12242.756684864862,0.03125000000002925
40935,Banco Galicia,BANELCO,CORRIENTES AV. Y RECONQUISTA,San Nicolas,Comuna 1,3,100-150 m,0.0,0.03920685613180504,0.0,12242.756684864862,0.0
39799,Banco Itaú,BANELCO,CORRIENTES AV. Y SERRANO,Villa Crespo,Comuna 15,1,0-50 m,36.0,0.007841371226357887,4591.033756824323,4591.033756824323,1.0
39799,Banco Itaú,BANELCO,CORRIENTES AV. Y SERRANO,Villa Crespo,Comuna 15,2,50-100 m,144.0,0.023524113679051644,6121.37834243816,4591.033756824323,1.3333333333345811
39799,Banco Itaú,BANELCO,CORRIENTES AV. Y SERRANO,Villa Crespo,Comuna 15,3,100-150 m,101.0,0.03920685613180504,2576.0800524392894,4591.033756824323,0.5611111111108879
39979,Banco Macro,BANELCO,CORRIENTES AV. Y SUIPACHA,San Nicolas,Comuna 1,1,0-50 m,75.0,0.007841371226357887,9564.653660050673,9564.653660050673,1.0
39979,Banco Macro,BANELCO,CORRIENTES AV. Y SUIPACHA,San Nicolas,Comuna 1,2,50-100 m,142.0,0.023524113679051644,6036.359198793186,9564.653660050673,0.6311111111117018
39979,Banco Macro,BANELCO,CORRIENTES AV. Y SUIPACHA,San Nicolas,Comuna 1,3,100-150 m,101.0,0.03920685613180504,2576.0800524392894,9564.653660050673,0.2693333333332261
40223,Banco Santander Río,BANELCO,CORRIENTES AV. Y SUIPACHA,San Nicolas,Comuna 1,1,0-50 m,47.0,0.007841371226357887,5993.849626965089,5993.849626965089,1.0
40223,Banco Santander Río,BANELCO,CORRIENTES AV. Y SUIPACHA,San Nicolas,Comuna 1,2,50-100 m,6.0,0.023524113679051644,255.05743093492333,5993.849626965089,0.04255319148940153
40223,Banco Santander Río,BANELCO,CORRIENTES AV. Y SUIPACHA,San Nicolas,Comuna 1,3,100-150 m,1.0,0.03920685613180504,25.50574309345831,5993.849626965089,0.004255319148934476
41053,CitiBank,BANELCO,CORRIENTES AV. Y SUIPACHA,San Nicolas,Comuna 1,1,0-50 m,383.0,0.007841371226357887,48843.498023992106,48843.498023992106,1.0
41053,CitiBank,BANELCO,CORRIENTES AV. Y SUIPACHA,San Nicolas,Comuna 1,2,50-100 m,82.0,0.023524113679051644,3485.784889443952,48843.498023992106,0.07136640557012772
41053,CitiBank,BANELCO,CORRIENTES AV. Y SUIPACHA,San Nicolas,Comuna 1,3,100-150 m,38.0,0.03920685613180504,969.2182375514159,48843.498023992106,0.019843342036545628
40537,BBVA Banco Francés,BANELCO,CORRIENTES AV. Y URUGUAY AV.,San Nicolas,Comuna 1,1,0-50 m,425.0,0.007841371226357887,54199.70407362048,54199.70407362048,1.0
40537,BBVA Banco Francés,BANELCO,CORRIENTES AV. Y URUGUAY AV.,San Nicolas,Comuna 1,2,50-100 m,193.0,0.023524113679051644,8204.347361740034,54199.70407362048,0.15137254901974953
40537,BBVA Banco Francés,BANELCO,CORRIENTES AV. Y URUGUAY AV.,San Nicolas,Comuna 1,3,100-150 m,31.0,0.03920685613180504,790.6780358972077,54199.70407362048,0.014588235294111842
40322,Banco Santander Río,BANELCO,"CORTAZAR, JULIO Y ZAMUDIO",Agronomia,Comuna 15,1,0-50 m,2.0,0.007841371226357887,255.05743093468462,255.05743093468462,1.0
40322,Banco Santander Río,BANELCO,"CORTAZAR, JULIO Y ZAMUDIO",Agronomia,Comuna 15,2,50-100 m,0.0,0.023524113679051644,0.0,255.05743093468462,0.0
40322,Banco Santander Río,BANELCO,"CORTAZAR, JULIO Y ZAMUDIO",Agronomia,Comuna 15,3,100-150 m,0.0,0.03920685613180504,0.0,255.05743093468462,0.0
39719,Banco Columbia,BANELCO,COSQUIN Y RIVADAVIA AV.,Liniers,Comuna 9,1,0-50 m,31.0,0.007841371226357887,3953.3901794876115,3953.3901794876115,1.0
39719,Banco Columbia,BANELCO,COSQUIN Y RIVADAVIA AV.,Liniers,Comuna 9,2,50-100 m,303.0,0.023524113679051644,12880.400262213629,3953.3901794876115,3.2580645161320816
39719,Banco Columbia,BANELCO,COSQUIN Y RIVADAVIA AV.,Liniers,Comuna 9,3,100-150 m,53.0,0.03920685613180504,1351.8043839532904,3953.3901794876115,0.34193548387083167
40116,Banco Santander Río,BANELCO,"COSTA RICA Y JUSTO, JUAN B. AV.",Palermo,Comuna 14,1,0-50 m,8.0,0.007841371226357887,1020.2297237387385,1020.2297237387385,1.0
40116,Banco Santander Río,BANELCO,"COSTA RICA Y JUSTO, JUAN B. AV.",Palermo,Comuna 14,2,50-100 m,53.0,0.023524113679051644,2253.0073065918227,1020.2297237387385,2.2083333333354003
40116,Banco Santander Río,BANELCO,"COSTA RICA Y JUSTO, JUAN B. AV.",Palermo,Comuna 14,3,100-150 m,120.0,0.03920685613180504,3060.6891712149973,1020.2297237387385,2.999999999998806
40731,BBVA Banco Francés,BANELCO,C.PELLEGRINI 1413,Retiro,Comuna 1,1,0-50 m,27.0,0.007841371226357887,3443.2753176182423,3443.2753176182423,1.0
40731,BBVA Banco Francés,BANELCO,C.PELLEGRINI 1413,Retiro,Comuna 1,2,50-100 m,52.0,0.023524113679051644,2210.4977347693357,3443.2753176182423,0.6419753086425762
40731,BBVA Banco Francés,BANELCO,C.PELLEGRINI 1413,Retiro,Comuna 1,3,100-150 m,63.0,0.03920685613180504,1606.8618148878736,3443.2753176182423,0.46666666666648093
40136,Banco Santander Río,BANELCO,CRAMER AV. Y ECHEVERRIA,Belgrano,Comuna 13,1,0-50 m,59.0,0.007841371226357887,7524.194212573197,7524.194212573197,1.0
40136,Banco Santander Río,BANELCO,CRAMER AV. Y ECHEVERRIA,Belgrano,Comuna 13,2,50-100 m,33.0,0.023524113679051644,1402.8158701420784,7524.194212573197,0.1864406779662762
40136,Banco Santander Río,BANELCO,CRAMER AV. Y ECHEVERRIA,Belgrano,Comuna 13,3,100-150 m,109.0,0.03920685613180504,2780.125997186956,7524.194212573197,0.3694915254235817
40288,Banco Santander Río,BANELCO,"CRUZ, OSVALDO Y PEPIRI",Nueva Pompeya,Comuna 4,1,0-50 m,41.0,0.007841371226357887,5228.677334161035,5228.677334161035,1.0
40288,Banco Santander Río,BANELCO,"CRUZ, OSVALDO Y PEPIRI",Nueva Pompeya,Comuna 4,2,50-100 m,42.0,0.023524113679051644,1785.4020165444633,5228.677334161035,0.3414634146344659
40288,Banco Santander Río,BANELCO,"CRUZ, OSVALDO Y PEPIRI",Nueva Pompeya,Comuna 4,3,100-150 m,15.0,0.03920685613180504,382.58614640187466,5228.677334161035,0.07317073170728794
40291,Banco Santander Río,BANELCO,CUBA 1920,Belgrano,Comuna 13,1,0-50 m,36.0,0.007841371226357887,4591.033756824323,4591.033756824323,1.0
40291,Banco Santander Río,BANELCO,CUBA 1920,Belgrano,Comuna 13,2,50-100 m,27.0,0.023524113679051644,1147.758439207155,4591.033756824323,0.25000000000023404
40291,Banco Santander Río,BANELCO,CUBA 1920,Belgrano,Comuna 13,3,100-150 m,86.0,0.03920685613180504,2193.493906037415,4591.033756824323,0.4777777777775877
40573,BBVA Banco Francés,BANELCO,CUENCA 3401,Villa Del Parque,Comuna 11,1,0-50 m,51.0,0.007841371226357887,6503.964488834457,6503.964488834457,1.0
40573,BBVA Banco Francés,BANELCO,CUENCA 3401,Villa Del Parque,Comuna 11,2,50-100 m,31.0,0.023524113679051644,1317.796726497104,6503.964488834457,0.20261437908515698
40573,BBVA Banco Francés,BANELCO,CUENCA 3401,Villa Del Parque,Comuna 11,3,100-150 m,31.0,0.03920685613180504,790.6780358972077,6503.964488834457,0.12156862745093203
41292,ICBC,BANELCO,CUENCA 3470,Villa Del Parque,Comuna 11,1,0-50 m,15.0,0.007841371226357887,1912.9307320101345,1912.9307320101345,1.0
41292,ICBC,BANELCO,CUENCA 3470,Villa Del Parque,Comuna 11,2,50-100 m,8.0,0.023524113679051644,340.0765745798978,1912.9307320101345,0.17777777777794418
41292,ICBC,BANELCO,CUENCA 3470,Villa Del Parque,Comuna 11,3,100-150 m,11.0,0.03920685613180504,280.56317402804143,1912.9307320101345,0.1466666666666083
41210,HSBC Bank Argentina,BANELCO,CUENCA 3479,Villa Del Parque,Comuna 11,1,0-50 m,48.0,0.007841371226357887,6121.378342432431,6121.378342432431,1.0
41210,HSBC Bank Argentina,BANELCO,CUENCA 3479,Villa Del Parque,Comuna 11,2,50-100 m,10.0,0.023524113679051644,425.0957182248722,6121.378342432431,0.06944444444450944
41210,HSBC Bank Argentina,BANELCO,CUENCA 3479,Villa Del Parque,Comuna 11,3,100-150 m,12.0,0.03920685613180504,306.06891712149974,6121.378342432431,0.0499999999999801
40330,Banco Santander Río,BANELCO,CUENCA Y YERBAL,Flores,Comuna 7,1,0-50 m,19.0,0.007841371226357887,2423.045593879504,2423.045593879504,1.0
40330,Banco Santander Río,BANELCO,CUENCA Y YERBAL,Flores,Comuna 7,2,50-100 m,83.0,0.023524113679051644,3528.2944612664396,2423.045593879504,1.4561403508785558
40330,Banco Santander Río,BANELCO,CUENCA Y YERBAL,Flores,Comuna 7,3,100-150 m,190.0,0.03920685613180504,4846.091187757079,2423.045593879504,1.999999999999204
39903,Banco Itaú,BANELCO,"CULPINA Y PERON, EVA AV.",Flores,Comuna 7,1,0-50 m,35.0,0.007841371226357887,4463.505041356981,4463.505041356981,1.0
39903,Banco Itaú,BANELCO,"CULPINA Y PERON, EVA AV.",Flores,Comuna 7,2,50-100 m,55.0,0.023524113679051644,2338.0264502367972,4463.505041356981,0.5238095238100141
39903,Banco Itaú,BANELCO,"CULPINA Y PERON, EVA AV.",Flores,Comuna 7,3,100-150 m,67.0,0.03920685613180504,1708.8847872617068,4463.505041356981,0.3828571428569905
41324,ICBC,BANELCO,"DEALESSI, PIERINA Y VILLAFLOR, AZUCENA",Puerto Madero,Comuna 1,1,0-50 m,6.0,0.007841371226357887,765.1722928040539,765.1722928040539,1.0
41324,ICBC,BANELCO,"DEALESSI, PIERINA Y VILLAFLOR, AZUCENA",Puerto Madero,Comuna 1,2,50-100 m,13.0,0.023524113679051644,552.6244336923339,765.1722928040539,0.7222222222228982
41324,ICBC,BANELCO,"DEALESSI, PIERINA Y VILLAFLOR, AZUCENA",Puerto Madero,Comuna 1,3,100-150 m,2.0,0.03920685613180504,51.01148618691662,765.1722928040539,0.06666666666664013
39802,Banco Itaú,BANELCO,DEFENSA 818,San Telmo,Comuna 1,1,0-50 m,164.0,0.007841371226357887,20914.70933664414,20914.70933664414,1.0
39802,Banco Itaú,BANELCO,DEFENSA 818,San Telmo,Comuna 1,2,50-100 m,113.0,0.023524113679051644,4803.581615941056,20914.70933664414,0.22967479674818242
39802,Banco Itaú,BANELCO,DEFENSA 818,San Telmo,Comuna 1,3,100-150 m,310.0,0.03920685613180504,7906.780358972077,20914.70933664414,0.37804878048765445
41170,HSBC Bank Argentina,BANELCO,"DEFENSA Y GARCIA, MARTIN AV.",Barracas,Comuna 4,1,0-50 m,39.0,0.007841371226357887,4973.61990322635,4973.61990322635,1.0
41170,HSBC Bank Argentina,BANELCO,"DEFENSA Y GARCIA, MARTIN AV.",Barracas,Comuna 4,2,50-100 m,32.0,0.023524113679051644,1360.3062983195912,4973.61990322635,0.2735042735045295
41170,HSBC Bank Argentina,BANELCO,"DEFENSA Y GARCIA, MARTIN AV.",Barracas,Comuna 4,3,100-150 m,25.0,0.03920685613180504,637.6435773364578,4973.61990322635,0.12820512820507718
40771,Banco Galicia,BANELCO,DEFENSA Y MEXICO,Monserrat,Comuna 1,1,0-50 m,15.0,0.007841371226357887,1912.9307320101345,1912.9307320101345,1.0
40771,Banco Galicia,BANELCO,DEFENSA Y MEXICO,Monserrat,Comuna 1,2,50-100 m,113.0,0.023524113679051644,4803.581615941056,1912.9307320101345,2.5111111111134616
40771,Banco Galicia,BANELCO,DEFENSA Y MEXICO,Monserrat,Comuna 1,3,100-150 m,25.0,0.03920685613180504,637.6435773364578,1912.9307320101345,0.3333333333332007
41375,ICBC,BANELCO,DEFENSA Y MEXICO,Monserrat,Comuna 1,1,0-50 m,101.0,0.007841371226357887,12880.400262201572,12880.400262201572,1.0
41375,ICBC,BANELCO,DEFENSA Y MEXICO,Monserrat,Comuna 1,2,50-100 m,74.0,0.023524113679051644,3145.7083148640545,12880.400262201572,0.24422442244247283
41375,ICBC,BANELCO,DEFENSA Y MEXICO,Monserrat,Comuna 1,3,100-150 m,63.0,0.03920685613180504,1606.8618148878736,12880.400262201572,0.12475247524747511
40598,BBVA Banco Francés,BANELCO,DEKAY Y QUILMES,Nueva Pompeya,Comuna 4,1,0-50 m,6.0,0.007841371226357887,765.1722928040539,765.1722928040539,1.0
40598,BBVA Banco Francés,BANELCO,DEKAY Y QUILMES,Nueva Pompeya,Comuna 4,2,50-100 m,26.0,0.023524113679051644,1105.2488673846678,765.1722928040539,1.4444444444457964
40598,BBVA Banco Francés,BANELCO,DEKAY Y QUILMES,Nueva Pompeya,Comuna 4,3,100-150 m,36.0,0.03920685613180504,918.2067513644993,765.1722928040539,1.1999999999995226
40329,Banco Santander Río,BANELCO,DEKAY Y QUILMES,Nueva Pompeya,Comuna 4,1,0-50 m,23.0,0.007841371226357887,2933.160455748873,2933.160455748873,1.0
40329,Banco Santander Río,BANELCO,DEKAY Y QUILMES,Nueva Pompeya,Comuna 4,2,50-100 m,44.0,0.023524113679051644,1870.4211601894378,2933.160455748873,0.6376811594208867
40329,Banco Santander Río,BANELCO,DEKAY Y QUILMES,Nueva Pompeya,Comuna 4,3,100-150 m,108.0,0.03920685613180504,2754.620254093498,2933.160455748873,0.939130434782235
41310,ICBC,BANELCO,DELLA PAOLERA 265,Retiro,Comuna 1,1,0-50 m,9.0,0.007841371226357887,1147.7584392060808,1147.7584392060808,1.0
41310,ICBC,BANELCO,DELLA PAOLERA 265,Retiro,Comuna 1,2,50-100 m,3.0,0.023524113679051644,127.52871546746167,1147.7584392060808,0.1111111111112151
41310,ICBC,BANELCO,DELLA PAOLERA 265,Retiro,Comuna 1,3,100-150 m,8.0,0.03920685613180504,204.04594474766648,1147.7584392060808,0.17777777777770704
41151,HSBC Bank Argentina,BANELCO,"DELLA PAOLERA, CARLOS M. Y MADERO, EDUARDO AV.",Retiro,Comuna 1,1,0-50 m,9.0,0.007841371226357887,1147.7584392060808,1147.7584392060808,1.0
41151,HSBC Bank Argentina,BANELCO,"DELLA PAOLERA, CARLOS M. Y MADERO, EDUARDO AV.",Retiro,Comuna 1,2,50-100 m,16.0,0.023524113679051644,680.1531491597956,1147.7584392060808,0.5925925925931472
41151,HSBC Bank Argentina,BANELCO,"DELLA PAOLERA, CARLOS M. Y MADERO, EDUARDO AV.",Retiro,Comuna 1,3,100-150 m,4.0,0.03920685613180504,102.02297237383324,1147.7584392060808,0.08888888888885352
40925,Banco Galicia,BANELCO,"DEL LIBERTADOR AV. Y MATIENZO, BENJAMIN, TENIENTE",Palermo,Comuna 14,1,0-50 m,60.0,0.007841371226357887,7651.722928040538,7651.722928040538,1.0
40925,Banco Galicia,BANELCO,"DEL LIBERTADOR AV. Y MATIENZO, BENJAMIN, TENIENTE",Palermo,Comuna 14,2,50-100 m,35.0,0.023524113679051644,1487.8350137870527,7651.722928040538,0.19444444444462644
40925,Banco Galicia,BANELCO,"DEL LIBERTADOR AV. Y MATIENZO, BENJAMIN, TENIENTE",Palermo,Comuna 14,3,100-150 m,44.0,0.03920685613180504,1122.2526961121657,7651.722928040538,0.1466666666666083
40359,Banco Santander Río,BANELCO,DEL LIBERTADOR AV. Y OLAZABAL,Belgrano,Comuna 13,1,0-50 m,40.0,0.007841371226357887,5101.148618693693,5101.148618693693,1.0
40359,Banco Santander Río,BANELCO,DEL LIBERTADOR AV. Y OLAZABAL,Belgrano,Comuna 13,2,50-100 m,85.0,0.023524113679051644,3613.313604911414,5101.148618693693,0.7083333333339963
40359,Banco Santander Río,BANELCO,DEL LIBERTADOR AV. Y OLAZABAL,Belgrano,Comuna 13,3,100-150 m,65.0,0.03920685613180504,1657.8733010747903,5101.148618693693,0.32499999999987067
39810,Banco Itaú,BANELCO,DEL LIBERTADOR AV. Y PEREYRA LUCENA,Palermo,Comuna 14,1,0-50 m,32.0,0.007841371226357887,4080.918894954954,4080.918894954954,1.0
39810,Banco Itaú,BANELCO,DEL LIBERTADOR AV. Y PEREYRA LUCENA,Palermo,Comuna 14,2,50-100 m,68.0,0.023524113679051644,2890.650883929131,4080.918894954954,0.7083333333339963
39810,Banco Itaú,BANELCO,DEL LIBERTADOR AV. Y PEREYRA LUCENA,Palermo,Comuna 14,3,100-150 m,54.0,0.03920685613180504,1377.310127046749,4080.918894954954,0.3374999999998657
41367,ICBC,BANELCO,"DEL LIBERTADOR AV. Y SALGUERO, JERONIMO",Palermo,Comuna 14,1,0-50 m,6.0,0.007841371226357887,765.1722928040539,765.1722928040539,1.0
41367,ICBC,BANELCO,"DEL LIBERTADOR AV. Y SALGUERO, JERONIMO",Palermo,Comuna 14,2,50-100 m,0.0,0.023524113679051644,0.0,765.1722928040539,0.0
41367,ICBC,BANELCO,"DEL LIBERTADOR AV. Y SALGUERO, JERONIMO",Palermo,Comuna 14,3,100-150 m,8.0,0.03920685613180504,204.04594474766648,765.1722928040539,0.2666666666665605
41140,HSBC Bank Argentina,BANELCO,"DEL LIBERTADOR AV. Y SALGUERO, JERONIMO",Palermo,Comuna 14,1,0-50 m,8.0,0.007841371226357887,1020.2297237387385,1020.2297237387385,1.0
41140,HSBC Bank Argentina,BANELCO,"DEL LIBERTADOR AV. Y SALGUERO, JERONIMO",Palermo,Comuna 14,2,50-100 m,8.0,0.023524113679051644,340.0765745798978,1020.2297237387385,0.33333333333364534
41140,HSBC Bank Argentina,BANELCO,"DEL LIBERTADOR AV. Y SALGUERO, JERONIMO",Palermo,Comuna 14,3,100-150 m,0.0,0.03920685613180504,0.0,1020.2297237387385,0.0
40791,Banco Galicia,BANELCO,"DEL LIBERTADOR AV. Y SALGUERO, JERONIMO",Palermo,Comuna 14,1,0-50 m,65.0,0.007841371226357887,8289.36650537725,8289.36650537725,1.0
40791,Banco Galicia,BANELCO,"DEL LIBERTADOR AV. Y SALGUERO, JERONIMO",Palermo,Comuna 14,2,50-100 m,45.0,0.023524113679051644,1912.930732011925,8289.36650537725,0.23076923076944678
40791,Banco Galicia,BANELCO,"DEL LIBERTADOR AV. Y SALGUERO, JERONIMO",Palermo,Comuna 14,3,100-150 m,17.0,0.03920685613180504,433.5976325887913,8289.36650537725,0.0523076923076715
41036,CitiBank,BANELCO,"DEL LIBERTADOR AV. Y SCALABRINI ORTIZ, RAUL",Palermo,Comuna 14,1,0-50 m,24.0,0.007841371226357887,3060.6891712162155,3060.6891712162155,1.0
41036,CitiBank,BANELCO,"DEL LIBERTADOR AV. Y SCALABRINI ORTIZ, RAUL",Palermo,Comuna 14,2,50-100 m,39.0,0.023524113679051644,1657.8733010770018,3060.6891712162155,0.5416666666671737
41036,CitiBank,BANELCO,"DEL LIBERTADOR AV. Y SCALABRINI ORTIZ, RAUL",Palermo,Comuna 14,3,100-150 m,25.0,0.03920685613180504,637.6435773364578,3060.6891712162155,0.20833333333325044
39977,Banco Macro,BANELCO,DE LOS CONSTITUYENTES AV. Y PIRAN,Villa Urquiza,Comuna 12,1,0-50 m,31.0,0.007841371226357887,3953.3901794876115,3953.3901794876115,1.0
39977,Banco Macro,BANELCO,DE LOS CONSTITUYENTES AV. Y PIRAN,Villa Urquiza,Comuna 12,2,50-100 m,44.0,0.023524113679051644,1870.4211601894378,3953.3901794876115,0.4731182795703353
39977,Banco Macro,BANELCO,DE LOS CONSTITUYENTES AV. Y PIRAN,Villa Urquiza,Comuna 12,3,100-150 m,31.0,0.03920685613180504,790.6780358972077,3953.3901794876115,0.1999999999999204
40907,Banco Galicia,BANELCO,DE MAYO AV. Y PERU,Monserrat,Comuna 1,1,0-50 m,388.0,0.007841371226357887,49481.14160132882,49481.14160132882,1.0
40907,Banco Galicia,BANELCO,DE MAYO AV. Y PERU,Monserrat,Comuna 1,2,50-100 m,207.0,0.023524113679051644,8799.481367254855,49481.14160132882,0.17783505154655818
40907,Banco Galicia,BANELCO,DE MAYO AV. Y PERU,Monserrat,Comuna 1,3,100-150 m,10.0,0.03920685613180504,255.05743093458312,49481.14160132882,0.0051546391752556805
40864,Banco Galicia,BANELCO,DE MAYO AV. Y TACUARI,Monserrat,Comuna 1,1,0-50 m,185.0,0.007841371226357887,23592.812361458327,23592.812361458327,1.0
40864,Banco Galicia,BANELCO,DE MAYO AV. Y TACUARI,Monserrat,Comuna 1,2,50-100 m,229.0,0.023524113679051644,9734.691947349575,23592.812361458327,0.4126126126129988
40864,Banco Galicia,BANELCO,DE MAYO AV. Y TACUARI,Monserrat,Comuna 1,3,100-150 m,149.0,0.03920685613180504,3800.3557209252886,23592.812361458327,0.16108108108101699
40345,Banco Santander Río,BANELCO,"DEVOTO, FORTUNATO Y REPUBLICA BOLIVARIANA DE VENEZUELA",Almagro,Comuna 5,1,0-50 m,26.0,0.007841371226357887,3315.7466021509,3315.7466021509,1.0
40345,Banco Santander Río,BANELCO,"DEVOTO, FORTUNATO Y REPUBLICA BOLIVARIANA DE VENEZUELA",Almagro,Comuna 5,2,50-100 m,78.0,0.023524113679051644,3315.7466021540035,3315.7466021509,1.0000000000009361
40345,Banco Santander Río,BANELCO,"DEVOTO, FORTUNATO Y REPUBLICA BOLIVARIANA DE VENEZUELA",Almagro,Comuna 5,3,100-150 m,85.0,0.03920685613180504,2167.9881629439565,3315.7466021509,0.6538461538458936
40983,Banco Galicia,BANELCO,Diagonal 41 - Colectora General José María Paz Y 402 - Luis Agote,Villa Devoto,Comuna 11,1,0-50 m,3.0,0.007841371226357887,382.58614640202694,382.58614640202694,1.0
40983,Banco Galicia,BANELCO,Diagonal 41 - Colectora General José María Paz Y 402 - Luis Agote,Villa Devoto,Comuna 11,2,50-100 m,6.0,0.023524113679051644,255.05743093492333,382.58614640202694,0.6666666666672906
40983,Banco Galicia,BANELCO,Diagonal 41 - Colectora General José María Paz Y 402 - Luis Agote,Villa Devoto,Comuna 11,3,100-150 m,16.0,0.03920685613180504,408.09188949533296,382.58614640202694,1.066666666666242
40977,Banco Galicia,BANELCO,DORREGO AV. Y DEL LIBERTADOR AV.,Palermo,Comuna 14,1,0-50 m,155.0,0.007841371226357887,19766.95089743806,19766.95089743806,1.0
40977,Banco Galicia,BANELCO,DORREGO AV. Y DEL LIBERTADOR AV.,Palermo,Comuna 14,2,50-100 m,83.0,0.023524113679051644,3528.2944612664396,19766.95089743806,0.17849462365608104
40977,Banco Galicia,BANELCO,DORREGO AV. Y DEL LIBERTADOR AV.,Palermo,Comuna 14,3,100-150 m,19.0,0.03920685613180504,484.60911877570794,19766.95089743806,0.02451612903224831
40344,Banco Santander Río,BANELCO,DORREGO Y PARAGUAY,Palermo,Comuna 14,1,0-50 m,45.0,0.007841371226357887,5738.792196030404,5738.792196030404,1.0
40344,Banco Santander Río,BANELCO,DORREGO Y PARAGUAY,Palermo,Comuna 14,2,50-100 m,227.0,0.023524113679051644,9649.6728037046,5738.792196030404,1.6814814814830552
40344,Banco Santander Río,BANELCO,DORREGO Y PARAGUAY,Palermo,Comuna 14,3,100-150 m,33.0,0.03920685613180504,841.6895220841243,5738.792196030404,0.1466666666666083
40778,Banco Galicia,BANELCO,DRUMOND Y LA PLATA AV.,Nueva Pompeya,Comuna 4,1,0-50 m,108.0,0.007841371226357887,13773.10127047297,13773.10127047297,1.0
40778,Banco Galicia,BANELCO,DRUMOND Y LA PLATA AV.,Nueva Pompeya,Comuna 4,2,50-100 m,67.0,0.023524113679051644,2848.141312106644,13773.10127047297,0.20679012345698367
40778,Banco Galicia,BANELCO,DRUMOND Y LA PLATA AV.,Nueva Pompeya,Comuna 4,3,100-150 m,33.0,0.03920685613180504,841.6895220841243,13773.10127047297,0.061111111111086795
41317,ICBC,BANELCO,"ECHAGUE, PEDRO Y ENTRE RIOS AV.",Parque Patricios,Comuna 4,1,0-50 m,43.0,0.007841371226357887,5483.734765095719,5483.734765095719,1.0
41317,ICBC,BANELCO,"ECHAGUE, PEDRO Y ENTRE RIOS AV.",Parque Patricios,Comuna 4,2,50-100 m,82.0,0.023524113679051644,3485.784889443952,5483.734765095719,0.6356589147292772
41317,ICBC,BANELCO,"ECHAGUE, PEDRO Y ENTRE RIOS AV.",Parque Patricios,Comuna 4,3,100-150 m,114.0,0.03920685613180504,2907.6547126542478,5483.734765095719,0.5302325581393239
40247,Banco Santander Río,BANELCO,ECHEANDIA 2602,Flores,Comuna 7,1,0-50 m,17.0,0.007841371226357887,2167.988162944819,2167.988162944819,1.0
40247,Banco Santander Río,BANELCO,ECHEANDIA 2602,Flores,Comuna 7,2,50-100 m,22.0,0.023524113679051644,935.2105800947189,2167.988162944819,0.4313725490200116
40247,Banco Santander Río,BANELCO,ECHEANDIA 2602,Flores,Comuna 7,3,100-150 m,23.0,0.03920685613180504,586.6320911495412,2167.988162944819,0.27058823529401
39965,Banco Macro,BANELCO,"ECHEVERRIA Y FIGUEROA ALCORTA, PRES. AV.",Belgrano,Comuna 13,1,0-50 m,38.0,0.007841371226357887,4846.091187759008,4846.091187759008,1.0
39965,Banco Macro,BANELCO,"ECHEVERRIA Y FIGUEROA ALCORTA, PRES. AV.",Belgrano,Comuna 13,2,50-100 m,31.0,0.023524113679051644,1317.796726497104,4846.091187759008,0.27192982456165804
39965,Banco Macro,BANELCO,"ECHEVERRIA Y FIGUEROA ALCORTA, PRES. AV.",Belgrano,Comuna 13,3,100-150 m,33.0,0.03920685613180504,841.6895220841243,4846.091187759008,0.17368421052624666
41027,CitiBank,BANELCO,ECUADOR Y SANTA FE AV.,Recoleta,Comuna 2,1,0-50 m,199.0,0.007841371226357887,25378.21437800112,25378.21437800112,1.0
41027,CitiBank,BANELCO,ECUADOR Y SANTA FE AV.,Recoleta,Comuna 2,2,50-100 m,977.0,0.023524113679051644,41531.85167057002,25378.21437800112,1.636515912899354
41027,CitiBank,BANELCO,ECUADOR Y SANTA FE AV.,Recoleta,Comuna 2,3,100-150 m,367.0,0.03920685613180504,9360.6077152992,25378.21437800112,0.36884422110538084
41194,HSBC Bank Argentina,BANELCO,EL SALVADOR Y MALABIA,Palermo,Comuna 14,1,0-50 m,28.0,0.007841371226357887,3570.8040330855847,3570.8040330855847,1.0
41194,HSBC Bank Argentina,BANELCO,EL SALVADOR Y MALABIA,Palermo,Comuna 14,2,50-100 m,225.0,0.023524113679051644,9564.653660059625,3570.8040330855847,2.6785714285739353
41194,HSBC Bank Argentina,BANELCO,EL SALVADOR Y MALABIA,Palermo,Comuna 14,3,100-150 m,427.0,0.03920685613180504,10890.9523009067,3570.8040330855847,3.0499999999987866
40128,Banco Santander Río,BANELCO,"ENTRE RIOS AV. Y GARAY, JUAN DE AV.",Parque Patricios,Comuna 4,1,0-50 m,147.0,0.007841371226357887,18746.72117369932,18746.72117369932,1.0
40128,Banco Santander Río,BANELCO,"ENTRE RIOS AV. Y GARAY, JUAN DE AV.",Parque Patricios,Comuna 4,2,50-100 m,61.0,0.023524113679051644,2593.083881171721,18746.72117369932,0.13832199546498208
40128,Banco Santander Río,BANELCO,"ENTRE RIOS AV. Y GARAY, JUAN DE AV.",Parque Patricios,Comuna 4,3,100-150 m,190.0,0.03920685613180504,4846.091187757079,18746.72117369932,0.2585034013604413
41059,CitiBank,BANELCO,ENTRE RIOS AV. Y INDEPENDENCIA AV.,San Cristobal,Comuna 3,1,0-50 m,32.0,0.007841371226357887,4080.918894954954,4080.918894954954,1.0
41059,CitiBank,BANELCO,ENTRE RIOS AV. Y INDEPENDENCIA AV.,San Cristobal,Comuna 3,2,50-100 m,141.0,0.023524113679051644,5993.849626970698,4080.918894954954,1.4687500000013747
41059,CitiBank,BANELCO,ENTRE RIOS AV. Y INDEPENDENCIA AV.,San Cristobal,Comuna 3,3,100-150 m,137.0,0.03920685613180504,3494.2868038037886,4080.918894954954,0.8562499999996592
40483,Banco Supervielle,BANELCO,ENTRE RIOS AV. Y INDEPENDENCIA AV.,Monserrat,Comuna 1,1,0-50 m,53.0,0.007841371226357887,6759.021919769142,6759.021919769142,1.0
40483,Banco Supervielle,BANELCO,ENTRE RIOS AV. Y INDEPENDENCIA AV.,Monserrat,Comuna 1,2,50-100 m,207.0,0.023524113679051644,8799.481367254855,6759.021919769142,1.3018867924540487
40483,Banco Supervielle,BANELCO,ENTRE RIOS AV. Y INDEPENDENCIA AV.,Monserrat,Comuna 1,3,100-150 m,250.0,0.03920685613180504,6376.435773364578,6759.021919769142,0.943396226414719
40636,BBVA Banco Francés,BANELCO,ENTRE RIOS AV. Y REPUBLICA BOLIVARIANA DE VENEZUELA,Monserrat,Comuna 1,1,0-50 m,74.0,0.007841371226357887,9437.124944583331,9437.124944583331,1.0
40636,BBVA Banco Francés,BANELCO,ENTRE RIOS AV. Y REPUBLICA BOLIVARIANA DE VENEZUELA,Monserrat,Comuna 1,2,50-100 m,73.0,0.023524113679051644,3103.1987430415675,9437.124944583331,0.3288288288291366
40636,BBVA Banco Francés,BANELCO,ENTRE RIOS AV. Y REPUBLICA BOLIVARIANA DE VENEZUELA,Monserrat,Comuna 1,3,100-150 m,69.0,0.03920685613180504,1759.8962734486236,9437.124944583331,0.18648648648641228
40999,Banco Galicia,BANELCO,"ESCALADA DE SAN MARTIN, R. Y LAMARCA, EMILIO",Villa Santa Rita,Comuna 11,1,0-50 m,26.0,0.007841371226357887,3315.7466021509,3315.7466021509,1.0
40999,Banco Galicia,BANELCO,"ESCALADA DE SAN MARTIN, R. Y LAMARCA, EMILIO",Villa Santa Rita,Comuna 11,2,50-100 m,25.0,0.023524113679051644,1062.7392955621806,3315.7466021509,0.3205128205131205
40999,Banco Galicia,BANELCO,"ESCALADA DE SAN MARTIN, R. Y LAMARCA, EMILIO",Villa Santa Rita,Comuna 11,3,100-150 m,43.0,0.03920685613180504,1096.7469530187075,3315.7466021509,0.3307692307690992
40701,BBVA Banco Francés,BANELCO,ESMERALDA 199,San Nicolas,Comuna 1,1,0-50 m,69.0,0.007841371226357887,8799.481367246619,8799.481367246619,1.0
40701,BBVA Banco Francés,BANELCO,ESMERALDA 199,San Nicolas,Comuna 1,2,50-100 m,45.0,0.023524113679051644,1912.930732011925,8799.481367246619,0.21739130434802958
40701,BBVA Banco Francés,BANELCO,ESMERALDA 199,San Nicolas,Comuna 1,3,100-150 m,0.0,0.03920685613180504,0.0,8799.481367246619,0.0
40122,Banco Santander Río,BANELCO,ESMERALDA Y PARAGUAY,Retiro,Comuna 1,1,0-50 m,108.0,0.007841371226357887,13773.10127047297,13773.10127047297,1.0
40122,Banco Santander Río,BANELCO,ESMERALDA Y PARAGUAY,Retiro,Comuna 1,2,50-100 m,90.0,0.023524113679051644,3825.86146402385,13773.10127047297,0.27777777777803775
40122,Banco Santander Río,BANELCO,ESMERALDA Y PARAGUAY,Retiro,Comuna 1,3,100-150 m,49.0,0.03920685613180504,1249.7814115794572,13773.10127047297,0.09074074074070462
41129,HSBC Bank Argentina,BANELCO,ESMERALDA Y SANTA FE AV.,Retiro,Comuna 1,1,0-50 m,224.0,0.007841371226357887,28566.432264684678,28566.432264684678,1.0
41129,HSBC Bank Argentina,BANELCO,ESMERALDA Y SANTA FE AV.,Retiro,Comuna 1,2,50-100 m,248.0,0.023524113679051644,10542.373811976831,28566.432264684678,0.36904761904796446
41129,HSBC Bank Argentina,BANELCO,ESMERALDA Y SANTA FE AV.,Retiro,Comuna 1,3,100-150 m,43.0,0.03920685613180504,1096.7469530187075,28566.432264684678,0.038392857142841866
40571,BBVA Banco Francés,BANELCO,ESMERALDA Y TUCUMAN,San Nicolas,Comuna 1,1,0-50 m,51.0,0.007841371226357887,6503.964488834457,6503.964488834457,1.0
40571,BBVA Banco Francés,BANELCO,ESMERALDA Y TUCUMAN,San Nicolas,Comuna 1,2,50-100 m,53.0,0.023524113679051644,2253.0073065918227,6503.964488834457,0.34640522875849417
40571,BBVA Banco Francés,BANELCO,ESMERALDA Y TUCUMAN,San Nicolas,Comuna 1,3,100-150 m,39.0,0.03920685613180504,994.7239806448741,6503.964488834457,0.15294117647052738
40382,Banco Santander Río,BANELCO,"ESPAÑA AV. Y LAFONE, QUEVEDO SAMUEL",Boca,Comuna 4,1,0-50 m,0.0,0.007841371226357887,0.0,0.0,
40382,Banco Santander Río,BANELCO,"ESPAÑA AV. Y LAFONE, QUEVEDO SAMUEL",Boca,Comuna 4,2,50-100 m,0.0,0.023524113679051644,0.0,0.0,
40382,Banco Santander Río,BANELCO,"ESPAÑA AV. Y LAFONE, QUEVEDO SAMUEL",Boca,Comuna 4,3,100-150 m,1.0,0.03920685613180504,25.50574309345831,0.0,
41104,HSBC Bank Argentina,BANELCO,ESPINOSA Y PAYSANDU,Paternal,Comuna 15,1,0-50 m,3.0,0.007841371226357887,382.58614640202694,382.58614640202694,1.0
41104,HSBC Bank Argentina,BANELCO,ESPINOSA Y PAYSANDU,Paternal,Comuna 15,2,50-100 m,40.0,0.023524113679051644,1700.3828728994888,382.58614640202694,4.444444444448604
41104,HSBC Bank Argentina,BANELCO,ESPINOSA Y PAYSANDU,Paternal,Comuna 15,3,100-150 m,12.0,0.03920685613180504,306.06891712149974,382.58614640202694,0.7999999999996816
39762,Banco Comafi,BANELCO,ESQUIU 1039,Nueva Pompeya,Comuna 4,1,0-50 m,28.0,0.007841371226357887,3570.8040330855847,3570.8040330855847,1.0
39762,Banco Comafi,BANELCO,ESQUIU 1039,Nueva Pompeya,Comuna 4,2,50-100 m,43.0,0.023524113679051644,1827.9115883669506,3570.8040330855847,0.511904761905241
39762,Banco Comafi,BANELCO,ESQUIU 1039,Nueva Pompeya,Comuna 4,3,100-150 m,27.0,0.03920685613180504,688.6550635233745,3570.8040330855847,0.19285714285706612
41322,ICBC,BANELCO,ESTADO DE PALESTINA Y ROCAMORA,Almagro,Comuna 5,1,0-50 m,24.0,0.007841371226357887,3060.6891712162155,3060.6891712162155,1.0
41322,ICBC,BANELCO,ESTADO DE PALESTINA Y ROCAMORA,Almagro,Comuna 5,2,50-100 m,137.0,0.023524113679051644,5823.811339680749,3060.6891712162155,1.9027777777795585
41322,ICBC,BANELCO,ESTADO DE PALESTINA Y ROCAMORA,Almagro,Comuna 5,3,100-150 m,88.0,0.03920685613180504,2244.5053922243314,3060.6891712162155,0.7333333333330415
40354,Banco Santander Río,BANELCO,ESTOMBA Y PAROISSIEN,Saavedra,Comuna 12,1,0-50 m,16.0,0.007841371226357887,2040.459447477477,2040.459447477477,1.0
40354,Banco Santander Río,BANELCO,ESTOMBA Y PAROISSIEN,Saavedra,Comuna 12,2,50-100 m,42.0,0.023524113679051644,1785.4020165444633,2040.459447477477,0.8750000000008189
40354,Banco Santander Río,BANELCO,ESTOMBA Y PAROISSIEN,Saavedra,Comuna 12,3,100-150 m,61.0,0.03920685613180504,1555.850328700957,2040.459447477477,0.7624999999996966
40162,Banco Santander Río,BANELCO,"EYLE, PETRONA Y MOREAU DE JUSTO, ALICIA AV.",Puerto Madero,Comuna 1,1,0-50 m,7.0,0.007841371226357887,892.7010082713962,892.7010082713962,1.0
40162,Banco Santander Río,BANELCO,"EYLE, PETRONA Y MOREAU DE JUSTO, ALICIA AV.",Puerto Madero,Comuna 1,2,50-100 m,12.0,0.023524113679051644,510.11486186984666,892.7010082713962,0.5714285714291062
40162,Banco Santander Río,BANELCO,"EYLE, PETRONA Y MOREAU DE JUSTO, ALICIA AV.",Puerto Madero,Comuna 1,3,100-150 m,2.0,0.03920685613180504,51.01148618691662,892.7010082713962,0.057142857142834395
40358,Banco Santander Río,BANELCO,"EZCURRA, ENCARNACION Y MANSO JUANA",Puerto Madero,Comuna 1,1,0-50 m,6.0,0.007841371226357887,765.1722928040539,765.1722928040539,1.0
40358,Banco Santander Río,BANELCO,"EZCURRA, ENCARNACION Y MANSO JUANA",Puerto Madero,Comuna 1,2,50-100 m,16.0,0.023524113679051644,680.1531491597956,765.1722928040539,0.8888888888897208
40358,Banco Santander Río,BANELCO,"EZCURRA, ENCARNACION Y MANSO JUANA",Puerto Madero,Comuna 1,3,100-150 m,36.0,0.03920685613180504,918.2067513644993,765.1722928040539,1.1999999999995226
41235,ICBC,BANELCO,"FERNANDEZ DE LA CRUZ, F., GRAL. AV. Y ESCALADA AV.",Villa Lugano,Comuna 8,1,0-50 m,88.0,0.007841371226357887,11222.526961126123,11222.526961126123,1.0
41235,ICBC,BANELCO,"FERNANDEZ DE LA CRUZ, F., GRAL. AV. Y ESCALADA AV.",Villa Lugano,Comuna 8,2,50-100 m,17.0,0.023524113679051644,722.6627209822827,11222.526961126123,0.06439393939399966
41235,ICBC,BANELCO,"FERNANDEZ DE LA CRUZ, F., GRAL. AV. Y ESCALADA AV.",Villa Lugano,Comuna 8,3,100-150 m,7.0,0.03920685613180504,178.54020165420818,11222.526961126123,0.01590909090908458
40795,Banco Galicia,BANELCO,"FERNANDEZ DE LA CRUZ, F., GRAL. AV. Y ESCALADA AV.",Villa Lugano,Comuna 8,1,0-50 m,28.0,0.007841371226357887,3570.8040330855847,3570.8040330855847,1.0
40795,Banco Galicia,BANELCO,"FERNANDEZ DE LA CRUZ, F., GRAL. AV. Y ESCALADA AV.",Villa Lugano,Comuna 8,2,50-100 m,46.0,0.023524113679051644,1955.4403038344121,3570.8040330855847,0.5476190476195602
40795,Banco Galicia,BANELCO,"FERNANDEZ DE LA CRUZ, F., GRAL. AV. Y ESCALADA AV.",Villa Lugano,Comuna 8,3,100-150 m,21.0,0.03920685613180504,535.6206049626245,3570.8040330855847,0.1499999999999403
41237,ICBC,BANELCO,"FERNANDEZ DE LA CRUZ, F., GRAL. AV. Y ESCALADA AV.",Villa Lugano,Comuna 8,1,0-50 m,1.0,0.007841371226357887,127.52871546734231,127.52871546734231,1.0
41237,ICBC,BANELCO,"FERNANDEZ DE LA CRUZ, F., GRAL. AV. Y ESCALADA AV.",Villa Lugano,Comuna 8,2,50-100 m,4.0,0.023524113679051644,170.0382872899489,127.52871546734231,1.3333333333345814
41237,ICBC,BANELCO,"FERNANDEZ DE LA CRUZ, F., GRAL. AV. Y ESCALADA AV.",Villa Lugano,Comuna 8,3,100-150 m,38.0,0.03920685613180504,969.2182375514159,127.52871546734231,7.599999999996976
41095,HSBC Bank Argentina,BANELCO,FINOCHIETTO ENRIQUE DR. Y PERDRIEL,Barracas,Comuna 4,1,0-50 m,18.0,0.007841371226357887,2295.5168784121615,2295.5168784121615,1.0
41095,HSBC Bank Argentina,BANELCO,FINOCHIETTO ENRIQUE DR. Y PERDRIEL,Barracas,Comuna 4,2,50-100 m,104.0,0.023524113679051644,4420.995469538671,2295.5168784121615,1.9259259259277286
41095,HSBC Bank Argentina,BANELCO,FINOCHIETTO ENRIQUE DR. Y PERDRIEL,Barracas,Comuna 4,3,100-150 m,157.0,0.03920685613180504,4004.401665672955,2295.5168784121615,1.7444444444437504
40649,BBVA Banco Francés,BANELCO,FINOCHIETTO ENRIQUE DR. Y TACUARI,Barracas,Comuna 4,1,0-50 m,22.0,0.007841371226357887,2805.6317402815307,2805.6317402815307,1.0
40649,BBVA Banco Francés,BANELCO,FINOCHIETTO ENRIQUE DR. Y TACUARI,Barracas,Comuna 4,2,50-100 m,15.0,0.023524113679051644,637.6435773373083,2805.6317402815307,0.22727272727293998
40649,BBVA Banco Francés,BANELCO,FINOCHIETTO ENRIQUE DR. Y TACUARI,Barracas,Comuna 4,3,100-150 m,101.0,0.03920685613180504,2576.0800524392894,2805.6317402815307,0.9181818181814527
40713,BBVA Banco Francés,BANELCO,FINOCHIETTO ENRIQUE DR. Y TACUARI,Barracas,Comuna 4,1,0-50 m,6.0,0.007841371226357887,765.1722928040539,765.1722928040539,1.0
40713,BBVA Banco Francés,BANELCO,FINOCHIETTO ENRIQUE DR. Y TACUARI,Barracas,Comuna 4,2,50-100 m,35.0,0.023524113679051644,1487.8350137870527,765.1722928040539,1.944444444446264
40713,BBVA Banco Francés,BANELCO,FINOCHIETTO ENRIQUE DR. Y TACUARI,Barracas,Comuna 4,3,100-150 m,85.0,0.03920685613180504,2167.9881629439565,765.1722928040539,2.8333333333322055
41093,HSBC Bank Argentina,BANELCO,FLORIDA 201,San Nicolas,Comuna 1,1,0-50 m,25.0,0.007841371226357887,3188.217886683558,3188.217886683558,1.0
41093,HSBC Bank Argentina,BANELCO,FLORIDA 201,San Nicolas,Comuna 1,2,50-100 m,0.0,0.023524113679051644,0.0,3188.217886683558,0.0
41093,HSBC Bank Argentina,BANELCO,FLORIDA 201,San Nicolas,Comuna 1,3,100-150 m,0.0,0.03920685613180504,0.0,3188.217886683558,0.0
41103,HSBC Bank Argentina,BANELCO,FLORIDA 40,San Nicolas,Comuna 1,1,0-50 m,113.0,0.007841371226357887,14410.744847809681,14410.744847809681,1.0
41103,HSBC Bank Argentina,BANELCO,FLORIDA 40,San Nicolas,Comuna 1,2,50-100 m,189.0,0.023524113679051644,8034.309074450085,14410.744847809681,0.5575221238943271
41103,HSBC Bank Argentina,BANELCO,FLORIDA 40,San Nicolas,Comuna 1,3,100-150 m,0.0,0.03920685613180504,0.0,14410.744847809681,0.0
40541,BBVA Banco Francés,BANELCO,FLORIDA 802,Retiro,Comuna 1,1,0-50 m,417.0,0.007841371226357887,53179.47434988174,53179.47434988174,1.0
40541,BBVA Banco Francés,BANELCO,FLORIDA 802,Retiro,Comuna 1,2,50-100 m,41.0,0.023524113679051644,1742.892444721976,53179.47434988174,0.0327737809752505
40541,BBVA Banco Francés,BANELCO,FLORIDA 802,Retiro,Comuna 1,3,100-150 m,91.0,0.03920685613180504,2321.0226215047064,53179.47434988174,0.04364508393283635
40076,Banco Patagonia,BANELCO,FLORIDA 999,Retiro,Comuna 1,1,0-50 m,118.0,0.007841371226357887,15048.388425146393,15048.388425146393,1.0
40076,Banco Patagonia,BANELCO,FLORIDA 999,Retiro,Comuna 1,2,50-100 m,53.0,0.023524113679051644,2253.0073065918227,15048.388425146393,0.1497175141244339
40076,Banco Patagonia,BANELCO,FLORIDA 999,Retiro,Comuna 1,3,100-150 m,49.0,0.03920685613180504,1249.7814115794572,15048.388425146393,0.08305084745759406
41023,CitiBank,BANELCO,FLORIDA Y VIAMONTE,San Nicolas,Comuna 1,1,0-50 m,76.0,0.007841371226357887,9692.182375518016,9692.182375518016,1.0
41023,CitiBank,BANELCO,FLORIDA Y VIAMONTE,San Nicolas,Comuna 1,2,50-100 m,106.0,0.023524113679051644,4506.014613183645,9692.182375518016,0.4649122807021895
41023,CitiBank,BANELCO,FLORIDA Y VIAMONTE,San Nicolas,Comuna 1,3,100-150 m,27.0,0.03920685613180504,688.6550635233745,9692.182375518016,0.0710526315789191
40880,Banco Galicia,BANELCO,"FOREST AV. Y LACROZE, FEDERICO AV.",Chacarita,Comuna 15,1,0-50 m,151.0,0.007841371226357887,19256.83603556869,19256.83603556869,1.0
40880,Banco Galicia,BANELCO,"FOREST AV. Y LACROZE, FEDERICO AV.",Chacarita,Comuna 15,2,50-100 m,85.0,0.023524113679051644,3613.313604911414,19256.83603556869,0.18763796909509836
40880,Banco Galicia,BANELCO,"FOREST AV. Y LACROZE, FEDERICO AV.",Chacarita,Comuna 15,3,100-150 m,142.0,0.03920685613180504,3621.81551927108,19256.83603556869,0.18807947019860063
40877,Banco Galicia,BANELCO,FRENCH Y PUEYRREDON AV.,Recoleta,Comuna 2,1,0-50 m,111.0,0.007841371226357887,14155.687416874996,14155.687416874996,1.0
40877,Banco Galicia,BANELCO,FRENCH Y PUEYRREDON AV.,Recoleta,Comuna 2,2,50-100 m,130.0,0.023524113679051644,5526.244336923339,14155.687416874996,0.39039039039075574
40877,Banco Galicia,BANELCO,FRENCH Y PUEYRREDON AV.,Recoleta,Comuna 2,3,100-150 m,63.0,0.03920685613180504,1606.8618148878736,14155.687416874996,0.11351351351346833
40059,Banco Patagonia,BANELCO,"GALLARDO, ANGEL AV. Y GAONA AV.",Caballito,Comuna 6,1,0-50 m,35.0,0.007841371226357887,4463.505041356981,4463.505041356981,1.0
40059,Banco Patagonia,BANELCO,"GALLARDO, ANGEL AV. Y GAONA AV.",Caballito,Comuna 6,2,50-100 m,52.0,0.023524113679051644,2210.4977347693357,4463.505041356981,0.4952380952385588
40059,Banco Patagonia,BANELCO,"GALLARDO, ANGEL AV. Y GAONA AV.",Caballito,Comuna 6,3,100-150 m,15.0,0.03920685613180504,382.58614640187466,4463.505041356981,0.0857142857142516
40868,Banco Galicia,BANELCO,"GALLARDO, ANGEL AV. Y PUEYRREDON, HONORIO, DR. AV.",Caballito,Comuna 6,1,0-50 m,26.0,0.007841371226357887,3315.7466021509,3315.7466021509,1.0
40868,Banco Galicia,BANELCO,"GALLARDO, ANGEL AV. Y PUEYRREDON, HONORIO, DR. AV.",Caballito,Comuna 6,2,50-100 m,109.0,0.023524113679051644,4633.543328651107,3315.7466021509,1.3974358974372054
40868,Banco Galicia,BANELCO,"GALLARDO, ANGEL AV. Y PUEYRREDON, HONORIO, DR. AV.",Caballito,Comuna 6,3,100-150 m,93.0,0.03920685613180504,2372.034107691623,3315.7466021509,0.7153846153843307
40991,Banco Galicia,BANELCO,GAONA AV. Y NAZCA AV.,Villa Santa Rita,Comuna 11,1,0-50 m,12.0,0.007841371226357887,1530.3445856081078,1530.3445856081078,1.0
40991,Banco Galicia,BANELCO,GAONA AV. Y NAZCA AV.,Villa Santa Rita,Comuna 11,2,50-100 m,44.0,0.023524113679051644,1870.4211601894378,1530.3445856081078,1.222222222223366
40991,Banco Galicia,BANELCO,GAONA AV. Y NAZCA AV.,Villa Santa Rita,Comuna 11,3,100-150 m,92.0,0.03920685613180504,2346.528364598165,1530.3445856081078,1.5333333333327233
41123,HSBC Bank Argentina,BANELCO,"GARAY, JUAN DE AV. Y HUERGO, ING. AV.",San Telmo,Comuna 1,1,0-50 m,2.0,0.007841371226357887,255.05743093468462,255.05743093468462,1.0
41123,HSBC Bank Argentina,BANELCO,"GARAY, JUAN DE AV. Y HUERGO, ING. AV.",San Telmo,Comuna 1,2,50-100 m,8.0,0.023524113679051644,340.0765745798978,255.05743093468462,1.3333333333345814
41123,HSBC Bank Argentina,BANELCO,"GARAY, JUAN DE AV. Y HUERGO, ING. AV.",San Telmo,Comuna 1,3,100-150 m,10.0,0.03920685613180504,255.05743093458312,255.05743093468462,0.9999999999996021
40974,Banco Galicia,BANELCO,"GARAY, JUAN DE AV. Y HUERGO, ING. AV.",San Telmo,Comuna 1,1,0-50 m,15.0,0.007841371226357887,1912.9307320101345,1912.9307320101345,1.0
40974,Banco Galicia,BANELCO,"GARAY, JUAN DE AV. Y HUERGO, ING. AV.",San Telmo,Comuna 1,2,50-100 m,40.0,0.023524113679051644,1700.3828728994888,1912.9307320101345,0.8888888888897208
40974,Banco Galicia,BANELCO,"GARAY, JUAN DE AV. Y HUERGO, ING. AV.",San Telmo,Comuna 1,3,100-150 m,42.0,0.03920685613180504,1071.241209925249,1912.9307320101345,0.5599999999997771
41178,HSBC Bank Argentina,BANELCO,GASCON 450,Almagro,Comuna 5,1,0-50 m,63.0,0.007841371226357887,8034.309074442565,8034.309074442565,1.0
41178,HSBC Bank Argentina,BANELCO,GASCON 450,Almagro,Comuna 5,2,50-100 m,212.0,0.023524113679051644,9012.02922636729,8034.309074442565,1.1216931216941715
41178,HSBC Bank Argentina,BANELCO,GASCON 450,Almagro,Comuna 5,3,100-150 m,229.0,0.03920685613180504,5840.815168401953,8034.309074442565,0.7269841269838376
39968,Banco Macro,BANELCO,"GILARDI, GILARDO Y RAMOS MEJIA, JOSE MARIA, DR. AV.",Retiro,Comuna 1,1,0-50 m,47.0,0.007841371226357887,5993.849626965089,5993.849626965089,1.0
39968,Banco Macro,BANELCO,"GILARDI, GILARDO Y RAMOS MEJIA, JOSE MARIA, DR. AV.",Retiro,Comuna 1,2,50-100 m,633.0,0.023524113679051644,26908.558963634412,5993.849626965089,4.489361702131862
39968,Banco Macro,BANELCO,"GILARDI, GILARDO Y RAMOS MEJIA, JOSE MARIA, DR. AV.",Retiro,Comuna 1,3,100-150 m,21.0,0.03920685613180504,535.6206049626245,5993.849626965089,0.089361702127624
40021,Banco Patagonia,BANELCO,"GIMENEZ, ANGEL M. Y HIDALGO",Caballito,Comuna 6,1,0-50 m,221.0,0.007841371226357887,28183.84611828265,28183.84611828265,1.0
40021,Banco Patagonia,BANELCO,"GIMENEZ, ANGEL M. Y HIDALGO",Caballito,Comuna 6,2,50-100 m,87.0,0.023524113679051644,3698.332748556388,28183.84611828265,0.13122171945713637
40021,Banco Patagonia,BANELCO,"GIMENEZ, ANGEL M. Y HIDALGO",Caballito,Comuna 6,3,100-150 m,60.0,0.03920685613180504,1530.3445856074986,28183.84611828265,0.05429864253391504
41280,ICBC,BANELCO,"GONZALEZ, ELPIDIO Y SEGUROLA AV.",Monte Castro,Comuna 10,1,0-50 m,64.0,0.007841371226357887,8161.837789909908,8161.837789909908,1.0
41280,ICBC,BANELCO,"GONZALEZ, ELPIDIO Y SEGUROLA AV.",Monte Castro,Comuna 10,2,50-100 m,43.0,0.023524113679051644,1827.9115883669506,8161.837789909908,0.22395833333354295
41280,ICBC,BANELCO,"GONZALEZ, ELPIDIO Y SEGUROLA AV.",Monte Castro,Comuna 10,3,100-150 m,61.0,0.03920685613180504,1555.850328700957,8161.837789909908,0.19062499999992416
40325,Banco Santander Río,BANELCO,"GORDILLO, TIMOTEO Y ROCA, CNEL. AV.",Villa Riachuelo,Comuna 8,1,0-50 m,1.0,0.007841371226357887,127.52871546734231,127.52871546734231,1.0
40325,Banco Santander Río,BANELCO,"GORDILLO, TIMOTEO Y ROCA, CNEL. AV.",Villa Riachuelo,Comuna 8,2,50-100 m,33.0,0.023524113679051644,1402.8158701420784,127.52871546734231,11.000000000010296
40325,Banco Santander Río,BANELCO,"GORDILLO, TIMOTEO Y ROCA, CNEL. AV.",Villa Riachuelo,Comuna 8,3,100-150 m,23.0,0.03920685613180504,586.6320911495412,127.52871546734231,4.59999999999817
40674,BBVA Banco Francés,BANELCO,GRIVEO Y SAN MARTIN AV.,Villa Devoto,Comuna 11,1,0-50 m,0.0,0.007841371226357887,0.0,0.0,
40674,BBVA Banco Francés,BANELCO,GRIVEO Y SAN MARTIN AV.,Villa Devoto,Comuna 11,2,50-100 m,2.0,0.023524113679051644,85.01914364497445,0.0,
40674,BBVA Banco Francés,BANELCO,GRIVEO Y SAN MARTIN AV.,Villa Devoto,Comuna 11,3,100-150 m,1.0,0.03920685613180504,25.50574309345831,0.0,
40769,Banco Galicia,BANELCO,GRIVEO Y SAN MARTIN AV.,Villa Devoto,Comuna 11,1,0-50 m,2.0,0.007841371226357887,255.05743093468462,255.05743093468462,1.0
40769,Banco Galicia,BANELCO,GRIVEO Y SAN MARTIN AV.,Villa Devoto,Comuna 11,2,50-100 m,4.0,0.023524113679051644,170.0382872899489,255.05743093468462,0.6666666666672907
40769,Banco Galicia,BANELCO,GRIVEO Y SAN MARTIN AV.,Villa Devoto,Comuna 11,3,100-150 m,4.0,0.03920685613180504,102.02297237383324,255.05743093468462,0.3999999999998408
40068,Banco Patagonia,BANELCO,GRIVEO Y SAN MARTIN AV.,Villa Devoto,Comuna 11,1,0-50 m,2.0,0.007841371226357887,255.05743093468462,255.05743093468462,1.0
40068,Banco Patagonia,BANELCO,GRIVEO Y SAN MARTIN AV.,Villa Devoto,Comuna 11,2,50-100 m,0.0,0.023524113679051644,0.0,255.05743093468462,0.0
40068,Banco Patagonia,BANELCO,GRIVEO Y SAN MARTIN AV.,Villa Devoto,Comuna 11,3,100-150 m,1.0,0.03920685613180504,25.50574309345831,255.05743093468462,0.0999999999999602
41113,HSBC Bank Argentina,BANELCO,GRIVEO Y SAN MARTIN AV.,Villa Devoto,Comuna 11,1,0-50 m,14.0,0.007841371226357887,1785.4020165427924,1785.4020165427924,1.0
41113,HSBC Bank Argentina,BANELCO,GRIVEO Y SAN MARTIN AV.,Villa Devoto,Comuna 11,2,50-100 m,29.0,0.023524113679051644,1232.7775828521294,1785.4020165427924,0.6904761904768367
41113,HSBC Bank Argentina,BANELCO,GRIVEO Y SAN MARTIN AV.,Villa Devoto,Comuna 11,3,100-150 m,28.0,0.03920685613180504,714.1608066168327,1785.4020165427924,0.3999999999998408
40763,Banco Galicia,BANELCO,GUARDIA VIEJA 4558,Almagro,Comuna 5,1,0-50 m,45.0,0.007841371226357887,5738.792196030404,5738.792196030404,1.0
40763,Banco Galicia,BANELCO,GUARDIA VIEJA 4558,Almagro,Comuna 5,2,50-100 m,132.0,0.023524113679051644,5611.263480568314,5738.792196030404,0.977777777778693
40763,Banco Galicia,BANELCO,GUARDIA VIEJA 4558,Almagro,Comuna 5,3,100-150 m,190.0,0.03920685613180504,4846.091187757079,5738.792196030404,0.8444444444441084
40243,Banco Santander Río,BANELCO,"GUEMES, MACACHA Y MANSO JUANA",Puerto Madero,Comuna 1,1,0-50 m,10.0,0.007841371226357887,1275.2871546734232,1275.2871546734232,1.0
40243,Banco Santander Río,BANELCO,"GUEMES, MACACHA Y MANSO JUANA",Puerto Madero,Comuna 1,2,50-100 m,37.0,0.023524113679051644,1572.8541574320273,1275.2871546734232,1.2333333333344876
40243,Banco Santander Río,BANELCO,"GUEMES, MACACHA Y MANSO JUANA",Puerto Madero,Comuna 1,3,100-150 m,5.0,0.03920685613180504,127.52871546729156,1275.2871546734232,0.0999999999999602
40194,Banco Santander Río,BANELCO,"GUEMES, MACACHA Y MANSO JUANA",Puerto Madero,Comuna 1,1,0-50 m,0.0,0.007841371226357887,0.0,0.0,
40194,Banco Santander Río,BANELCO,"GUEMES, MACACHA Y MANSO JUANA",Puerto Madero,Comuna 1,2,50-100 m,10.0,0.023524113679051644,425.0957182248722,0.0,
40194,Banco Santander Río,BANELCO,"GUEMES, MACACHA Y MANSO JUANA",Puerto Madero,Comuna 1,3,100-150 m,59.0,0.03920685613180504,1504.8388425140404,0.0,
41013,CitiBank,BANELCO,"GUEMES, MACACHA Y MANSO JUANA",Puerto Madero,Comuna 1,1,0-50 m,3.0,0.007841371226357887,382.58614640202694,382.58614640202694,1.0
41013,CitiBank,BANELCO,"GUEMES, MACACHA Y MANSO JUANA",Puerto Madero,Comuna 1,2,50-100 m,20.0,0.023524113679051644,850.1914364497444,382.58614640202694,2.222222222224302
41013,CitiBank,BANELCO,"GUEMES, MACACHA Y MANSO JUANA",Puerto Madero,Comuna 1,3,100-150 m,5.0,0.03920685613180504,127.52871546729156,382.58614640202694,0.3333333333332007
39708,Banco Columbia,BANELCO,HELGUERA Y NOGOYA,Villa Del Parque,Comuna 11,1,0-50 m,5.0,0.007841371226357887,637.6435773367116,637.6435773367116,1.0
39708,Banco Columbia,BANELCO,HELGUERA Y NOGOYA,Villa Del Parque,Comuna 11,2,50-100 m,12.0,0.023524113679051644,510.11486186984666,637.6435773367116,0.8000000000007487
39708,Banco Columbia,BANELCO,HELGUERA Y NOGOYA,Villa Del Parque,Comuna 11,3,100-150 m,5.0,0.03920685613180504,127.52871546729156,637.6435773367116,0.1999999999999204
41035,CitiBank,BANELCO,HELGUERA Y SAN MARTIN AV.,Agronomia,Comuna 15,1,0-50 m,40.0,0.007841371226357887,5101.148618693693,5101.148618693693,1.0
41035,CitiBank,BANELCO,HELGUERA Y SAN MARTIN AV.,Agronomia,Comuna 15,2,50-100 m,19.0,0.023524113679051644,807.6818646272573,5101.148618693693,0.1583333333334815
41035,CitiBank,BANELCO,HELGUERA Y SAN MARTIN AV.,Agronomia,Comuna 15,3,100-150 m,37.0,0.03920685613180504,943.7124944579575,5101.148618693693,0.18499999999992636
40062,Banco Patagonia,BANELCO,HIPOLITO YRIGOYEN 1778,Monserrat,Comuna 1,1,0-50 m,46.0,0.007841371226357887,5866.320911497746,5866.320911497746,1.0
40062,Banco Patagonia,BANELCO,HIPOLITO YRIGOYEN 1778,Monserrat,Comuna 1,2,50-100 m,183.0,0.023524113679051644,7779.251643515162,5866.320911497746,1.3260869565229803
40062,Banco Patagonia,BANELCO,HIPOLITO YRIGOYEN 1778,Monserrat,Comuna 1,3,100-150 m,139.0,0.03920685613180504,3545.298289990705,5866.320911497746,0.604347826086716
40129,Banco Santander Río,BANELCO,HIPOLITO YRIGOYEN 402,Monserrat,Comuna 1,1,0-50 m,84.0,0.007841371226357887,10712.412099256753,10712.412099256753,1.0
40129,Banco Santander Río,BANELCO,HIPOLITO YRIGOYEN 402,Monserrat,Comuna 1,2,50-100 m,130.0,0.023524113679051644,5526.244336923339,10712.412099256753,0.5158730158734988
40129,Banco Santander Río,BANELCO,HIPOLITO YRIGOYEN 402,Monserrat,Comuna 1,3,100-150 m,1.0,0.03920685613180504,25.50574309345831,10712.412099256753,0.0023809523809514336
40929,Banco Galicia,BANELCO,"HONDURAS Y JUSTO, JUAN B. AV.",Palermo,Comuna 14,1,0-50 m,155.0,0.007841371226357887,19766.95089743806,19766.95089743806,1.0
40929,Banco Galicia,BANELCO,"HONDURAS Y JUSTO, JUAN B. AV.",Palermo,Comuna 14,2,50-100 m,150.0,0.023524113679051644,6376.435773373083,19766.95089743806,0.3225806451615922
40929,Banco Galicia,BANELCO,"HONDURAS Y JUSTO, JUAN B. AV.",Palermo,Comuna 14,3,100-150 m,171.0,0.03920685613180504,4361.482068981371,19766.95089743806,0.22064516129023476
41334,ICBC,BANELCO,"HORNOS, GRAL. Y SUAREZ AV.",Barracas,Comuna 4,1,0-50 m,88.0,0.007841371226357887,11222.526961126123,11222.526961126123,1.0
41334,ICBC,BANELCO,"HORNOS, GRAL. Y SUAREZ AV.",Barracas,Comuna 4,2,50-100 m,40.0,0.023524113679051644,1700.3828728994888,11222.526961126123,0.15151515151529332
41334,ICBC,BANELCO,"HORNOS, GRAL. Y SUAREZ AV.",Barracas,Comuna 4,3,100-150 m,25.0,0.03920685613180504,637.6435773364578,11222.526961126123,0.056818181818159216
40316,Banco Santander Río,BANELCO,"HUERGO, ING. AV. Y HUMBERTO 1°",Puerto Madero,Comuna 1,1,0-50 m,22.0,0.007841371226357887,2805.6317402815307,2805.6317402815307,1.0
40316,Banco Santander Río,BANELCO,"HUERGO, ING. AV. Y HUMBERTO 1°",Puerto Madero,Comuna 1,2,50-100 m,33.0,0.023524113679051644,1402.8158701420784,2805.6317402815307,0.5000000000004681
40316,Banco Santander Río,BANELCO,"HUERGO, ING. AV. Y HUMBERTO 1°",Puerto Madero,Comuna 1,3,100-150 m,40.0,0.03920685613180504,1020.2297237383325,2805.6317402815307,0.36363636363621893
39993,Banco Patagonia,BANELCO,"HUERGO, ING. AV. Y LA RABIDA (N) AV.",Puerto Madero,Comuna 1,1,0-50 m,4.0,0.007841371226357887,510.11486186936924,510.11486186936924,1.0
39993,Banco Patagonia,BANELCO,"HUERGO, ING. AV. Y LA RABIDA (N) AV.",Puerto Madero,Comuna 1,2,50-100 m,18.0,0.023524113679051644,765.17229280477,510.11486186936924,1.500000000001404
39993,Banco Patagonia,BANELCO,"HUERGO, ING. AV. Y LA RABIDA (N) AV.",Puerto Madero,Comuna 1,3,100-150 m,18.0,0.03920685613180504,459.10337568224963,510.11486186936924,0.8999999999996419
39976,Banco Macro,BANELCO,"HUERGO, ING. AV. Y MORENO",Monserrat,Comuna 1,1,0-50 m,2.0,0.007841371226357887,255.05743093468462,255.05743093468462,1.0
39976,Banco Macro,BANELCO,"HUERGO, ING. AV. Y MORENO",Monserrat,Comuna 1,2,50-100 m,26.0,0.023524113679051644,1105.2488673846678,255.05743093468462,4.333333333337389
39976,Banco Macro,BANELCO,"HUERGO, ING. AV. Y MORENO",Monserrat,Comuna 1,3,100-150 m,0.0,0.03920685613180504,0.0,255.05743093468462,0.0
41048,CitiBank,BANELCO,IBARROLA Y MONTIEL,Liniers,Comuna 9,1,0-50 m,17.0,0.007841371226357887,2167.988162944819,2167.988162944819,1.0
41048,CitiBank,BANELCO,IBARROLA Y MONTIEL,Liniers,Comuna 9,2,50-100 m,84.0,0.023524113679051644,3570.8040330889266,2167.988162944819,1.6470588235309533
41048,CitiBank,BANELCO,IBARROLA Y MONTIEL,Liniers,Comuna 9,3,100-150 m,64.0,0.03920685613180504,1632.3675579813319,2167.988162944819,0.7529411764702886
40758,Banco Galicia,BANELCO,"ICALMA Y SALMUN FEIJOO, JOSE AARON",Barracas,Comuna 4,1,0-50 m,5.0,0.007841371226357887,637.6435773367116,637.6435773367116,1.0
40758,Banco Galicia,BANELCO,"ICALMA Y SALMUN FEIJOO, JOSE AARON",Barracas,Comuna 4,2,50-100 m,37.0,0.023524113679051644,1572.8541574320273,637.6435773367116,2.466666666668975
40758,Banco Galicia,BANELCO,"ICALMA Y SALMUN FEIJOO, JOSE AARON",Barracas,Comuna 4,3,100-150 m,63.0,0.03920685613180504,1606.8618148878736,637.6435773367116,2.519999999998997
41058,CitiBank,BANELCO,IGUAZU Y LOS PATOS,Parque Patricios,Comuna 4,1,0-50 m,14.0,0.007841371226357887,1785.4020165427924,1785.4020165427924,1.0
41058,CitiBank,BANELCO,IGUAZU Y LOS PATOS,Parque Patricios,Comuna 4,2,50-100 m,38.0,0.023524113679051644,1615.3637292545145,1785.4020165427924,0.9047619047627515
41058,CitiBank,BANELCO,IGUAZU Y LOS PATOS,Parque Patricios,Comuna 4,3,100-150 m,44.0,0.03920685613180504,1122.2526961121657,1785.4020165427924,0.6285714285711784
41063,CitiBank,BANELCO,INDEPENDENCIA AV. Y PASEO COLON AV.,San Telmo,Comuna 1,1,0-50 m,94.0,0.007841371226357887,11987.699253930177,11987.699253930177,1.0
41063,CitiBank,BANELCO,INDEPENDENCIA AV. Y PASEO COLON AV.,San Telmo,Comuna 1,2,50-100 m,11.0,0.023524113679051644,467.60529004735946,11987.699253930177,0.03900709219861807
41063,CitiBank,BANELCO,INDEPENDENCIA AV. Y PASEO COLON AV.,San Telmo,Comuna 1,3,100-150 m,25.0,0.03920685613180504,637.6435773364578,11987.699253930177,0.053191489361680964
40212,Banco Santander Río,BANELCO,INDEPENDENCIA AV. Y SALTA,Monserrat,Comuna 1,1,0-50 m,11.0,0.007841371226357887,1402.8158701407654,1402.8158701407654,1.0
40212,Banco Santander Río,BANELCO,INDEPENDENCIA AV. Y SALTA,Monserrat,Comuna 1,2,50-100 m,148.0,0.023524113679051644,6291.416629728109,1402.8158701407654,4.484848484852683
40212,Banco Santander Río,BANELCO,INDEPENDENCIA AV. Y SALTA,Monserrat,Comuna 1,3,100-150 m,125.0,0.03920685613180504,3188.217886682289,1402.8158701407654,2.2727272727263683
39841,Banco Itaú,BANELCO,JOSE LEON SUAREZ 44,Liniers,Comuna 9,1,0-50 m,3.0,0.007841371226357887,382.58614640202694,382.58614640202694,1.0
39841,Banco Itaú,BANELCO,JOSE LEON SUAREZ 44,Liniers,Comuna 9,2,50-100 m,45.0,0.023524113679051644,1912.930732011925,382.58614640202694,5.00000000000468
39841,Banco Itaú,BANELCO,JOSE LEON SUAREZ 44,Liniers,Comuna 9,3,100-150 m,1.0,0.03920685613180504,25.50574309345831,382.58614640202694,0.06666666666664013
39787,Banco Itaú,BANELCO,JOSE LEON SUAREZ 44,Liniers,Comuna 9,1,0-50 m,36.0,0.007841371226357887,4591.033756824323,4591.033756824323,1.0
39787,Banco Itaú,BANELCO,JOSE LEON SUAREZ 44,Liniers,Comuna 9,2,50-100 m,430.0,0.023524113679051644,18279.115883669507,4591.033756824323,3.981481481485208
39787,Banco Itaú,BANELCO,JOSE LEON SUAREZ 44,Liniers,Comuna 9,3,100-150 m,226.0,0.03920685613180504,5764.297939121579,4591.033756824323,1.255555555555056
41159,HSBC Bank Argentina,BANELCO,JOSE PEDRO VARELA 4750,Villa Devoto,Comuna 11,1,0-50 m,43.0,0.007841371226357887,5483.734765095719,5483.734765095719,1.0
41159,HSBC Bank Argentina,BANELCO,JOSE PEDRO VARELA 4750,Villa Devoto,Comuna 11,2,50-100 m,107.0,0.023524113679051644,4548.524185006133,5483.734765095719,0.8294573643418617
41159,HSBC Bank Argentina,BANELCO,JOSE PEDRO VARELA 4750,Villa Devoto,Comuna 11,3,100-150 m,90.0,0.03920685613180504,2295.516878411248,5483.734765095719,0.41860465116262413
40939,Banco Galicia,BANELCO,"JOVELLANOS, GASPAR M. DE Y GARCIA, MARTIN AV.",Barracas,Comuna 4,1,0-50 m,30.0,0.007841371226357887,3825.861464020269,3825.861464020269,1.0
40939,Banco Galicia,BANELCO,"JOVELLANOS, GASPAR M. DE Y GARCIA, MARTIN AV.",Barracas,Comuna 4,2,50-100 m,43.0,0.023524113679051644,1827.9115883669506,3825.861464020269,0.477777777778225
40939,Banco Galicia,BANELCO,"JOVELLANOS, GASPAR M. DE Y GARCIA, MARTIN AV.",Barracas,Comuna 4,3,100-150 m,100.0,0.03920685613180504,2550.5743093458314,3825.861464020269,0.6666666666664014
40323,Banco Santander Río,BANELCO,"JOVELLANOS, GASPAR M. DE Y GARCIA, MARTIN AV.",Barracas,Comuna 4,1,0-50 m,37.0,0.007841371226357887,4718.5624722916655,4718.5624722916655,1.0
40323,Banco Santander Río,BANELCO,"JOVELLANOS, GASPAR M. DE Y GARCIA, MARTIN AV.",Barracas,Comuna 4,2,50-100 m,59.0,0.023524113679051644,2508.0647375267463,4718.5624722916655,0.531531531532029
40323,Banco Santander Río,BANELCO,"JOVELLANOS, GASPAR M. DE Y GARCIA, MARTIN AV.",Barracas,Comuna 4,3,100-150 m,83.0,0.03920685613180504,2116.97667675704,4718.5624722916655,0.44864864864847015
40105,Banco Santander Río,BANELCO,J. SALGUERO 2727,Palermo,Comuna 14,1,0-50 m,63.0,0.007841371226357887,8034.309074442565,8034.309074442565,1.0
40105,Banco Santander Río,BANELCO,J. SALGUERO 2727,Palermo,Comuna 14,2,50-100 m,90.0,0.023524113679051644,3825.86146402385,8034.309074442565,0.4761904761909219
40105,Banco Santander Río,BANELCO,J. SALGUERO 2727,Palermo,Comuna 14,3,100-150 m,78.0,0.03920685613180504,1989.4479612897483,8034.309074442565,0.24761904761894907
40265,Banco Santander Río,BANELCO,J. SALGUERO 3212,Palermo,Comuna 14,1,0-50 m,38.0,0.007841371226357887,4846.091187759008,4846.091187759008,1.0
40265,Banco Santander Río,BANELCO,J. SALGUERO 3212,Palermo,Comuna 14,2,50-100 m,24.0,0.023524113679051644,1020.2297237396933,4846.091187759008,0.2105263157896707
40265,Banco Santander Río,BANELCO,J. SALGUERO 3212,Palermo,Comuna 14,3,100-150 m,0.0,0.03920685613180504,0.0,4846.091187759008,0.0
39804,Banco Itaú,BANELCO,JUANA MANSO 355,Puerto Madero,Comuna 1,1,0-50 m,8.0,0.007841371226357887,1020.2297237387385,1020.2297237387385,1.0
39804,Banco Itaú,BANELCO,JUANA MANSO 355,Puerto Madero,Comuna 1,2,50-100 m,9.0,0.023524113679051644,382.586146402385,1020.2297237387385,0.375000000000351
39804,Banco Itaú,BANELCO,JUANA MANSO 355,Puerto Madero,Comuna 1,3,100-150 m,5.0,0.03920685613180504,127.52871546729156,1020.2297237387385,0.12499999999995026
39782,Banco Itaú,BANELCO,JUANA MANSO 505,Puerto Madero,Comuna 1,1,0-50 m,9.0,0.007841371226357887,1147.7584392060808,1147.7584392060808,1.0
39782,Banco Itaú,BANELCO,JUANA MANSO 505,Puerto Madero,Comuna 1,2,50-100 m,3.0,0.023524113679051644,127.52871546746167,1147.7584392060808,0.1111111111112151
39782,Banco Itaú,BANELCO,JUANA MANSO 505,Puerto Madero,Comuna 1,3,100-150 m,9.0,0.03920685613180504,229.55168784112482,1147.7584392060808,0.19999999999992044
40468,Banco Supervielle,BANELCO,JUAN B. JUSTO 1447,Palermo,Comuna 14,1,0-50 m,17.0,0.007841371226357887,2167.988162944819,2167.988162944819,1.0
40468,Banco Supervielle,BANELCO,JUAN B. JUSTO 1447,Palermo,Comuna 14,2,50-100 m,86.0,0.023524113679051644,3655.823176733901,2167.988162944819,1.6862745098054999
40468,Banco Supervielle,BANELCO,JUAN B. JUSTO 1447,Palermo,Comuna 14,3,100-150 m,78.0,0.03920685613180504,1989.4479612897483,2167.988162944819,0.9176470588231642
39963,Banco Macro,BANELCO,JUAN D. PERON 562,San Nicolas,Comuna 1,1,0-50 m,8.0,0.007841371226357887,1020.2297237387385,1020.2297237387385,1.0
39963,Banco Macro,BANELCO,JUAN D. PERON 562,San Nicolas,Comuna 1,2,50-100 m,11.0,0.023524113679051644,467.60529004735946,1020.2297237387385,0.4583333333337623
39963,Banco Macro,BANELCO,JUAN D. PERON 562,San Nicolas,Comuna 1,3,100-150 m,0.0,0.03920685613180504,0.0,1020.2297237387385,0.0
40220,Banco Santander Río,BANELCO,JUNCAL 735,Retiro,Comuna 1,1,0-50 m,37.0,0.007841371226357887,4718.5624722916655,4718.5624722916655,1.0
40220,Banco Santander Río,BANELCO,JUNCAL 735,Retiro,Comuna 1,2,50-100 m,88.0,0.023524113679051644,3740.8423203788757,4718.5624722916655,0.7927927927935348
40220,Banco Santander Río,BANELCO,JUNCAL 735,Retiro,Comuna 1,3,100-150 m,233.0,0.03920685613180504,5942.838140775787,4718.5624722916655,1.2594594594589583
39880,Banco Itaú,BANELCO,JUNIN Y SANTA FE AV.,Recoleta,Comuna 2,1,0-50 m,197.0,0.007841371226357887,25123.156947066436,25123.156947066436,1.0
39880,Banco Itaú,BANELCO,JUNIN Y SANTA FE AV.,Recoleta,Comuna 2,2,50-100 m,119.0,0.023524113679051644,5058.639046875979,25123.156947066436,0.2013536379020497
39880,Banco Itaú,BANELCO,JUNIN Y SANTA FE AV.,Recoleta,Comuna 2,3,100-150 m,289.0,0.03920685613180504,7371.159754009452,25123.156947066436,0.2934010152283096
40340,Banco Santander Río,BANELCO,JURAMENTO 1959,Belgrano,Comuna 13,1,0-50 m,37.0,0.007841371226357887,4718.5624722916655,4718.5624722916655,1.0
40340,Banco Santander Río,BANELCO,JURAMENTO 1959,Belgrano,Comuna 13,2,50-100 m,155.0,0.023524113679051644,6588.98363248552,4718.5624722916655,1.3963963963977033
40340,Banco Santander Río,BANELCO,JURAMENTO 1959,Belgrano,Comuna 13,3,100-150 m,96.0,0.03920685613180504,2448.551336971998,4718.5624722916655,0.5189189189187124
39962,Banco Macro,BANELCO,JURAMENTO 2558,Belgrano,Comuna 13,1,0-50 m,20.0,0.007841371226357887,2550.5743093468463,2550.5743093468463,1.0
39962,Banco Macro,BANELCO,JURAMENTO 2558,Belgrano,Comuna 13,2,50-100 m,122.0,0.023524113679051644,5186.167762343442,2550.5743093468463,2.0333333333352366
39962,Banco Macro,BANELCO,JURAMENTO 2558,Belgrano,Comuna 13,3,100-150 m,134.0,0.03920685613180504,3417.7695745234137,2550.5743093468463,1.3399999999994665
41025,CitiBank,BANELCO,JURAMENTO Y TRIUNVIRATO AV.,Villa Urquiza,Comuna 12,1,0-50 m,59.0,0.007841371226357887,7524.194212573197,7524.194212573197,1.0
41025,CitiBank,BANELCO,JURAMENTO Y TRIUNVIRATO AV.,Villa Urquiza,Comuna 12,2,50-100 m,99.0,0.023524113679051644,4208.447610426235,7524.194212573197,0.5593220338988285
41025,CitiBank,BANELCO,JURAMENTO Y TRIUNVIRATO AV.,Villa Urquiza,Comuna 12,3,100-150 m,14.0,0.03920685613180504,357.08040330841635,7524.194212573197,0.047457627118625174
40390,Banco Santander Río,BANELCO,"JUSTO, JUAN B. AV. Y PARAGUAY",Palermo,Comuna 14,1,0-50 m,150.0,0.007841371226357887,19129.307320101347,19129.307320101347,1.0
40390,Banco Santander Río,BANELCO,"JUSTO, JUAN B. AV. Y PARAGUAY",Palermo,Comuna 14,2,50-100 m,72.0,0.023524113679051644,3060.68917121908,19129.307320101347,0.16000000000014974
40390,Banco Santander Río,BANELCO,"JUSTO, JUAN B. AV. Y PARAGUAY",Palermo,Comuna 14,3,100-150 m,39.0,0.03920685613180504,994.7239806448741,19129.307320101347,0.051999999999979306
41327,ICBC,BANELCO,"JUSTO, JUAN B. AV. Y TERRERO",Villa Gral. Mitre,Comuna 11,1,0-50 m,58.0,0.007841371226357887,7396.665497105854,7396.665497105854,1.0
41327,ICBC,BANELCO,"JUSTO, JUAN B. AV. Y TERRERO",Villa Gral. Mitre,Comuna 11,2,50-100 m,46.0,0.023524113679051644,1955.4403038344121,7396.665497105854,0.26436781609220145
41327,ICBC,BANELCO,"JUSTO, JUAN B. AV. Y TERRERO",Villa Gral. Mitre,Comuna 11,3,100-150 m,31.0,0.03920685613180504,790.6780358972077,7396.665497105854,0.10689655172409539
41191,HSBC Bank Argentina,BANELCO,"LAFERRERE, GREGORIO DE Y MITRE, EMILIO",Parque Chacabuco,Comuna 7,1,0-50 m,44.0,0.007841371226357887,5611.263480563061,5611.263480563061,1.0
41191,HSBC Bank Argentina,BANELCO,"LAFERRERE, GREGORIO DE Y MITRE, EMILIO",Parque Chacabuco,Comuna 7,2,50-100 m,118.0,0.023524113679051644,5016.129475053493,5611.263480563061,0.8939393939402307
41191,HSBC Bank Argentina,BANELCO,"LAFERRERE, GREGORIO DE Y MITRE, EMILIO",Parque Chacabuco,Comuna 7,3,100-150 m,132.0,0.03920685613180504,3366.758088336497,5611.263480563061,0.5999999999997613
40773,Banco Galicia,BANELCO,LAFUENTE AV. Y LANUS,Flores,Comuna 7,1,0-50 m,10.0,0.007841371226357887,1275.2871546734232,1275.2871546734232,1.0
40773,Banco Galicia,BANELCO,LAFUENTE AV. Y LANUS,Flores,Comuna 7,2,50-100 m,32.0,0.023524113679051644,1360.3062983195912,1275.2871546734232,1.066666666667665
40773,Banco Galicia,BANELCO,LAFUENTE AV. Y LANUS,Flores,Comuna 7,3,100-150 m,112.0,0.03920685613180504,2856.643226467331,1275.2871546734232,2.2399999999991085
40231,Banco Santander Río,BANELCO,"LAFUENTE Y RABANAL, FRANCISCO, INTENDENTE AV.",Villa Soldati,Comuna 8,1,0-50 m,1.0,0.007841371226357887,127.52871546734231,127.52871546734231,1.0
40231,Banco Santander Río,BANELCO,"LAFUENTE Y RABANAL, FRANCISCO, INTENDENTE AV.",Villa Soldati,Comuna 8,2,50-100 m,5.0,0.023524113679051644,212.5478591124361,127.52871546734231,1.6666666666682264
40231,Banco Santander Río,BANELCO,"LAFUENTE Y RABANAL, FRANCISCO, INTENDENTE AV.",Villa Soldati,Comuna 8,3,100-150 m,7.0,0.03920685613180504,178.54020165420818,127.52871546734231,1.3999999999994428
40351,Banco Santander Río,BANELCO,LA HAYA Y TRIUNVIRATO AV.,Villa Ortuzar,Comuna 15,1,0-50 m,21.0,0.007841371226357887,2678.1030248141883,2678.1030248141883,1.0
40351,Banco Santander Río,BANELCO,LA HAYA Y TRIUNVIRATO AV.,Villa Ortuzar,Comuna 15,2,50-100 m,120.0,0.023524113679051644,5101.148618698467,2678.1030248141883,1.9047619047636877
40351,Banco Santander Río,BANELCO,LA HAYA Y TRIUNVIRATO AV.,Villa Ortuzar,Comuna 15,3,100-150 m,173.0,0.03920685613180504,4412.493555168288,2678.1030248141883,1.6476190476183923
39909,Banco Itaú,BANELCO,"LA NAVE Y MITRE, EMILIO",Caballito,Comuna 6,1,0-50 m,38.0,0.007841371226357887,4846.091187759008,4846.091187759008,1.0
39909,Banco Itaú,BANELCO,"LA NAVE Y MITRE, EMILIO",Caballito,Comuna 6,2,50-100 m,86.0,0.023524113679051644,3655.823176733901,4846.091187759008,0.7543859649129867
39909,Banco Itaú,BANELCO,"LA NAVE Y MITRE, EMILIO",Caballito,Comuna 6,3,100-150 m,68.0,0.03920685613180504,1734.3905303551653,4846.091187759008,0.3578947368419628
40489,Banco Supervielle,BANELCO,LA PAMPA 2103,Belgrano,Comuna 13,1,0-50 m,44.0,0.007841371226357887,5611.263480563061,5611.263480563061,1.0
40489,Banco Supervielle,BANELCO,LA PAMPA 2103,Belgrano,Comuna 13,2,50-100 m,34.0,0.023524113679051644,1445.3254419645655,5611.263480563061,0.25757575757599865
40489,Banco Supervielle,BANELCO,LA PAMPA 2103,Belgrano,Comuna 13,3,100-150 m,58.0,0.03920685613180504,1479.3330994205821,5611.263480563061,0.26363636363625875
39733,Banco Comafi,BANELCO,LA PAMPA Y TRIUNVIRATO AV.,Villa Urquiza,Comuna 12,1,0-50 m,19.0,0.007841371226357887,2423.045593879504,2423.045593879504,1.0
39733,Banco Comafi,BANELCO,LA PAMPA Y TRIUNVIRATO AV.,Villa Urquiza,Comuna 12,2,50-100 m,45.0,0.023524113679051644,1912.930732011925,2423.045593879504,0.7894736842112652
39733,Banco Comafi,BANELCO,LA PAMPA Y TRIUNVIRATO AV.,Villa Urquiza,Comuna 12,3,100-150 m,50.0,0.03920685613180504,1275.2871546729157,2423.045593879504,0.5263157894734748
41288,ICBC,BANELCO,"LARREA Y MITRE, BARTOLOME",Balvanera,Comuna 3,1,0-50 m,85.0,0.007841371226357887,10839.940814724096,10839.940814724096,1.0
41288,ICBC,BANELCO,"LARREA Y MITRE, BARTOLOME",Balvanera,Comuna 3,2,50-100 m,272.0,0.023524113679051644,11562.603535716524,10839.940814724096,1.066666666667665
41288,ICBC,BANELCO,"LARREA Y MITRE, BARTOLOME",Balvanera,Comuna 3,3,100-150 m,133.0,0.03920685613180504,3392.2638314299556,10839.940814724096,0.3129411764704637
40339,Banco Santander Río,BANELCO,LARREA Y SANTA FE AV.,Recoleta,Comuna 2,1,0-50 m,216.0,0.007841371226357887,27546.20254094594,27546.20254094594,1.0
40339,Banco Santander Río,BANELCO,LARREA Y SANTA FE AV.,Recoleta,Comuna 2,2,50-100 m,100.0,0.023524113679051644,4250.957182248722,27546.20254094594,0.15432098765446542
40339,Banco Santander Río,BANELCO,LARREA Y SANTA FE AV.,Recoleta,Comuna 2,3,100-150 m,188.0,0.03920685613180504,4795.079701570163,27546.20254094594,0.1740740740740048
41028,CitiBank,BANELCO,"LAS HERAS GENERAL AV. Y SALGUERO, JERONIMO",Palermo,Comuna 14,1,0-50 m,134.0,0.007841371226357887,17088.847872623868,17088.847872623868,1.0
41028,CitiBank,BANELCO,"LAS HERAS GENERAL AV. Y SALGUERO, JERONIMO",Palermo,Comuna 14,2,50-100 m,70.0,0.023524113679051644,2975.6700275741055,17088.847872623868,0.17412935323399384
41028,CitiBank,BANELCO,"LAS HERAS GENERAL AV. Y SALGUERO, JERONIMO",Palermo,Comuna 14,3,100-150 m,40.0,0.03920685613180504,1020.2297237383325,17088.847872623868,0.05970149253728968
40759,Banco Galicia,BANELCO,LAS HERAS GENERAL AV. Y UGARTECHE,Palermo,Comuna 14,1,0-50 m,121.0,0.007841371226357887,15430.974571548419,15430.974571548419,1.0
40759,Banco Galicia,BANELCO,LAS HERAS GENERAL AV. Y UGARTECHE,Palermo,Comuna 14,2,50-100 m,91.0,0.023524113679051644,3868.3710358463372,15430.974571548419,0.2506887052343944
40759,Banco Galicia,BANELCO,LAS HERAS GENERAL AV. Y UGARTECHE,Palermo,Comuna 14,3,100-150 m,75.0,0.03920685613180504,1912.9307320093733,15430.974571548419,0.123966942148711
40156,Banco Santander Río,BANELCO,LAVALLE 1141,San Nicolas,Comuna 1,1,0-50 m,43.0,0.007841371226357887,5483.734765095719,5483.734765095719,1.0
40156,Banco Santander Río,BANELCO,LAVALLE 1141,San Nicolas,Comuna 1,2,50-100 m,133.0,0.023524113679051644,5653.7730523908,5483.734765095719,1.0310077519389496
40156,Banco Santander Río,BANELCO,LAVALLE 1141,San Nicolas,Comuna 1,3,100-150 m,180.0,0.03920685613180504,4591.033756822496,5483.734765095719,0.8372093023252483
39818,Banco Itaú,BANELCO,LAVALLE 1354,San Nicolas,Comuna 1,1,0-50 m,30.0,0.007841371226357887,3825.861464020269,3825.861464020269,1.0
39818,Banco Itaú,BANELCO,LAVALLE 1354,San Nicolas,Comuna 1,2,50-100 m,236.0,0.023524113679051644,10032.258950106985,3825.861464020269,2.6222222222246767
39818,Banco Itaú,BANELCO,LAVALLE 1354,San Nicolas,Comuna 1,3,100-150 m,5.0,0.03920685613180504,127.52871546729156,3825.861464020269,0.03333333333332007
40007,Banco Patagonia,BANELCO,LAVALLE 456,San Nicolas,Comuna 1,1,0-50 m,9.0,0.007841371226357887,1147.7584392060808,1147.7584392060808,1.0
40007,Banco Patagonia,BANELCO,LAVALLE 456,San Nicolas,Comuna 1,2,50-100 m,8.0,0.023524113679051644,340.0765745798978,1147.7584392060808,0.2962962962965736
40007,Banco Patagonia,BANELCO,LAVALLE 456,San Nicolas,Comuna 1,3,100-150 m,2.0,0.03920685613180504,51.01148618691662,1147.7584392060808,0.04444444444442676
39784,Banco Itaú,BANELCO,LAVALLE 468,San Nicolas,Comuna 1,1,0-50 m,48.0,0.007841371226357887,6121.378342432431,6121.378342432431,1.0
39784,Banco Itaú,BANELCO,LAVALLE 468,San Nicolas,Comuna 1,2,50-100 m,31.0,0.023524113679051644,1317.796726497104,6121.378342432431,0.21527777777797927
39784,Banco Itaú,BANELCO,LAVALLE 468,San Nicolas,Comuna 1,3,100-150 m,8.0,0.03920685613180504,204.04594474766648,6121.378342432431,0.033333333333320066
40251,Banco Santander Río,BANELCO,LAVARDEN Y USPALLATA,Parque Patricios,Comuna 4,1,0-50 m,5.0,0.007841371226357887,637.6435773367116,637.6435773367116,1.0
40251,Banco Santander Río,BANELCO,LAVARDEN Y USPALLATA,Parque Patricios,Comuna 4,2,50-100 m,37.0,0.023524113679051644,1572.8541574320273,637.6435773367116,2.466666666668975
40251,Banco Santander Río,BANELCO,LAVARDEN Y USPALLATA,Parque Patricios,Comuna 4,3,100-150 m,14.0,0.03920685613180504,357.08040330841635,637.6435773367116,0.5599999999997771
41371,ICBC,BANELCO,LIMA Y MORENO,Monserrat,Comuna 1,1,0-50 m,19.0,0.007841371226357887,2423.045593879504,2423.045593879504,1.0
41371,ICBC,BANELCO,LIMA Y MORENO,Monserrat,Comuna 1,2,50-100 m,135.0,0.023524113679051644,5738.792196035775,2423.045593879504,2.3684210526337957
41371,ICBC,BANELCO,LIMA Y MORENO,Monserrat,Comuna 1,3,100-150 m,116.0,0.03920685613180504,2958.6661988411643,2423.045593879504,1.2210526315784616
40655,BBVA Banco Francés,BANELCO,LIMA Y SAN JUAN AV.,Constitucion,Comuna 1,1,0-50 m,38.0,0.007841371226357887,4846.091187759008,4846.091187759008,1.0
40655,BBVA Banco Francés,BANELCO,LIMA Y SAN JUAN AV.,Constitucion,Comuna 1,2,50-100 m,186.0,0.023524113679051644,7906.7803589826235,4846.091187759008,1.631578947369948
40655,BBVA Banco Francés,BANELCO,LIMA Y SAN JUAN AV.,Constitucion,Comuna 1,3,100-150 m,177.0,0.03920685613180504,4514.516527542121,4846.091187759008,0.9315789473680504
40258,Banco Santander Río,BANELCO,L. M. AGOTE 2202,Recoleta,Comuna 2,1,0-50 m,16.0,0.007841371226357887,2040.459447477477,2040.459447477477,1.0
40258,Banco Santander Río,BANELCO,L. M. AGOTE 2202,Recoleta,Comuna 2,2,50-100 m,261.0,0.023524113679051644,11094.998245669165,2040.459447477477,5.437500000005089
40258,Banco Santander Río,BANELCO,L. M. AGOTE 2202,Recoleta,Comuna 2,3,100-150 m,16.0,0.03920685613180504,408.09188949533296,2040.459447477477,0.1999999999999204
40252,Banco Santander Río,BANELCO,"LOZANO, PEDRO Y SAN MARTIN AV.",Agronomia,Comuna 15,1,0-50 m,12.0,0.007841371226357887,1530.3445856081078,1530.3445856081078,1.0
40252,Banco Santander Río,BANELCO,"LOZANO, PEDRO Y SAN MARTIN AV.",Agronomia,Comuna 15,2,50-100 m,52.0,0.023524113679051644,2210.4977347693357,1530.3445856081078,1.4444444444457964
40252,Banco Santander Río,BANELCO,"LOZANO, PEDRO Y SAN MARTIN AV.",Agronomia,Comuna 15,3,100-150 m,78.0,0.03920685613180504,1989.4479612897483,1530.3445856081078,1.2999999999994827
41082,Compania Financiera,BANELCO,"LUPPI, ABRAHAM J. Y SAENZ AV.",Nueva Pompeya,Comuna 4,1,0-50 m,76.0,0.007841371226357887,9692.182375518016,9692.182375518016,1.0
41082,Compania Financiera,BANELCO,"LUPPI, ABRAHAM J. Y SAENZ AV.",Nueva Pompeya,Comuna 4,2,50-100 m,222.0,0.023524113679051644,9437.124944592164,9692.182375518016,0.9736842105272271
41082,Compania Financiera,BANELCO,"LUPPI, ABRAHAM J. Y SAENZ AV.",Nueva Pompeya,Comuna 4,3,100-150 m,77.0,0.03920685613180504,1963.94221819629,9692.182375518016,0.20263157894728778
40053,Banco Patagonia,BANELCO,LUZURIAGA Y SANTO DOMINGO,Barracas,Comuna 4,1,0-50 m,3.0,0.007841371226357887,382.58614640202694,382.58614640202694,1.0
40053,Banco Patagonia,BANELCO,LUZURIAGA Y SANTO DOMINGO,Barracas,Comuna 4,2,50-100 m,40.0,0.023524113679051644,1700.3828728994888,382.58614640202694,4.444444444448604
40053,Banco Patagonia,BANELCO,LUZURIAGA Y SANTO DOMINGO,Barracas,Comuna 4,3,100-150 m,75.0,0.03920685613180504,1912.9307320093733,382.58614640202694,4.99999999999801
41156,HSBC Bank Argentina,BANELCO,LYNCH MARTA Y MANSO JUANA,Puerto Madero,Comuna 1,1,0-50 m,10.0,0.007841371226357887,1275.2871546734232,1275.2871546734232,1.0
41156,HSBC Bank Argentina,BANELCO,LYNCH MARTA Y MANSO JUANA,Puerto Madero,Comuna 1,2,50-100 m,12.0,0.023524113679051644,510.11486186984666,1275.2871546734232,0.40000000000037433
41156,HSBC Bank Argentina,BANELCO,LYNCH MARTA Y MANSO JUANA,Puerto Madero,Comuna 1,3,100-150 m,2.0,0.03920685613180504,51.01148618691662,1275.2871546734232,0.039999999999984076
41064,CitiBank,BANELCO,"MADERO, EDUARDO AV. Y BUTTY, E., ING.",Retiro,Comuna 1,1,0-50 m,10.0,0.007841371226357887,1275.2871546734232,1275.2871546734232,1.0
41064,CitiBank,BANELCO,"MADERO, EDUARDO AV. Y BUTTY, E., ING.",Retiro,Comuna 1,2,50-100 m,24.0,0.023524113679051644,1020.2297237396933,1275.2871546734232,0.8000000000007487
41064,CitiBank,BANELCO,"MADERO, EDUARDO AV. Y BUTTY, E., ING.",Retiro,Comuna 1,3,100-150 m,0.0,0.03920685613180504,0.0,1275.2871546734232,0.0
41366,ICBC,BANELCO,"MAGALDI, AGUSTIN Y ZEPITA",Barracas,Comuna 4,1,0-50 m,3.0,0.007841371226357887,382.58614640202694,382.58614640202694,1.0
41366,ICBC,BANELCO,"MAGALDI, AGUSTIN Y ZEPITA",Barracas,Comuna 4,2,50-100 m,0.0,0.023524113679051644,0.0,382.58614640202694,0.0
41366,ICBC,BANELCO,"MAGALDI, AGUSTIN Y ZEPITA",Barracas,Comuna 4,3,100-150 m,0.0,0.03920685613180504,0.0,382.58614640202694,0.0
40207,Banco Santander Río,BANELCO,"MAGALDI, AGUSTIN Y ZEPITA",Barracas,Comuna 4,1,0-50 m,9.0,0.007841371226357887,1147.7584392060808,1147.7584392060808,1.0
40207,Banco Santander Río,BANELCO,"MAGALDI, AGUSTIN Y ZEPITA",Barracas,Comuna 4,2,50-100 m,9.0,0.023524113679051644,382.586146402385,1147.7584392060808,0.3333333333336453
40207,Banco Santander Río,BANELCO,"MAGALDI, AGUSTIN Y ZEPITA",Barracas,Comuna 4,3,100-150 m,3.0,0.03920685613180504,76.51722928037493,1147.7584392060808,0.06666666666664013
40099,Banco Santander Río,BANELCO,MAIPU 440,San Nicolas,Comuna 1,1,0-50 m,57.0,0.007841371226357887,7269.136781638512,7269.136781638512,1.0
40099,Banco Santander Río,BANELCO,MAIPU 440,San Nicolas,Comuna 1,2,50-100 m,458.0,0.023524113679051644,19469.38389469915,7269.136781638512,2.6783625731019223
40099,Banco Santander Río,BANELCO,MAIPU 440,San Nicolas,Comuna 1,3,100-150 m,471.0,0.03920685613180504,12013.204997018865,7269.136781638512,1.6526315789467108
40789,Banco Galicia,BANELCO,"MAIZANI, AZUCENA Y MANSO JUANA",Puerto Madero,Comuna 1,1,0-50 m,9.0,0.007841371226357887,1147.7584392060808,1147.7584392060808,1.0
40789,Banco Galicia,BANELCO,"MAIZANI, AZUCENA Y MANSO JUANA",Puerto Madero,Comuna 1,2,50-100 m,10.0,0.023524113679051644,425.0957182248722,1147.7584392060808,0.370370370370717
40789,Banco Galicia,BANELCO,"MAIZANI, AZUCENA Y MANSO JUANA",Puerto Madero,Comuna 1,3,100-150 m,1.0,0.03920685613180504,25.50574309345831,1147.7584392060808,0.02222222222221338
40451,Banco Supervielle,BANELCO,Manzanares 4012,Saavedra,Comuna 12,1,0-50 m,32.0,0.007841371226357887,4080.918894954954,4080.918894954954,1.0
40451,Banco Supervielle,BANELCO,Manzanares 4012,Saavedra,Comuna 12,2,50-100 m,32.0,0.023524113679051644,1360.3062983195912,4080.918894954954,0.33333333333364534
40451,Banco Supervielle,BANELCO,Manzanares 4012,Saavedra,Comuna 12,3,100-150 m,65.0,0.03920685613180504,1657.8733010747903,4080.918894954954,0.40624999999983835
40994,Banco Galicia,BANELCO,MARCELO T. DE ALVEAR 670,Retiro,Comuna 1,1,0-50 m,37.0,0.007841371226357887,4718.5624722916655,4718.5624722916655,1.0
40994,Banco Galicia,BANELCO,MARCELO T. DE ALVEAR 670,Retiro,Comuna 1,2,50-100 m,155.0,0.023524113679051644,6588.98363248552,4718.5624722916655,1.3963963963977033
40994,Banco Galicia,BANELCO,MARCELO T. DE ALVEAR 670,Retiro,Comuna 1,3,100-150 m,82.0,0.03920685613180504,2091.4709336635815,4718.5624722916655,0.44324324324306685
39827,Banco Itaú,BANELCO,MARIO BRAVO 1050,Palermo,Comuna 14,1,0-50 m,30.0,0.007841371226357887,3825.861464020269,3825.861464020269,1.0
39827,Banco Itaú,BANELCO,MARIO BRAVO 1050,Palermo,Comuna 14,2,50-100 m,251.0,0.023524113679051644,10669.902527444292,3825.861464020269,2.788888888891499
39827,Banco Itaú,BANELCO,MARIO BRAVO 1050,Palermo,Comuna 14,3,100-150 m,202.0,0.03920685613180504,5152.160104878579,3825.861464020269,1.3466666666661307
41186,HSBC Bank Argentina,BANELCO,MAURE 1691,Palermo,Comuna 14,1,0-50 m,55.0,0.007841371226357887,7014.079350703827,7014.079350703827,1.0
41186,HSBC Bank Argentina,BANELCO,MAURE 1691,Palermo,Comuna 14,2,50-100 m,55.0,0.023524113679051644,2338.0264502367972,7014.079350703827,0.3333333333336453
41186,HSBC Bank Argentina,BANELCO,MAURE 1691,Palermo,Comuna 14,3,100-150 m,106.0,0.03920685613180504,2703.608767906581,7014.079350703827,0.38545454545439206
39960,Banco Macro,BANELCO,MEDRANO AV. Y SARMIENTO,Almagro,Comuna 5,1,0-50 m,116.0,0.007841371226357887,14793.330994211708,14793.330994211708,1.0
39960,Banco Macro,BANELCO,MEDRANO AV. Y SARMIENTO,Almagro,Comuna 5,2,50-100 m,116.0,0.023524113679051644,4931.110331408518,14793.330994211708,0.3333333333336453
39960,Banco Macro,BANELCO,MEDRANO AV. Y SARMIENTO,Almagro,Comuna 5,3,100-150 m,115.0,0.03920685613180504,2933.160455747706,14793.330994211708,0.1982758620688866
41301,ICBC,BANELCO,MELIAN 4620,Saavedra,Comuna 12,1,0-50 m,50.0,0.007841371226357887,6376.435773367116,6376.435773367116,1.0
41301,ICBC,BANELCO,MELIAN 4620,Saavedra,Comuna 12,2,50-100 m,19.0,0.023524113679051644,807.6818646272573,6376.435773367116,0.12666666666678522
41301,ICBC,BANELCO,MELIAN 4620,Saavedra,Comuna 12,3,100-150 m,35.0,0.03920685613180504,892.7010082710409,6376.435773367116,0.13999999999994428
41097,HSBC Bank Argentina,BANELCO,MIGUEL ANGEL Y SAN MARTIN AV.,Paternal,Comuna 15,1,0-50 m,17.0,0.007841371226357887,2167.988162944819,2167.988162944819,1.0
41097,HSBC Bank Argentina,BANELCO,MIGUEL ANGEL Y SAN MARTIN AV.,Paternal,Comuna 15,2,50-100 m,23.0,0.023524113679051644,977.7201519172061,2167.988162944819,0.45098039215728486
41097,HSBC Bank Argentina,BANELCO,MIGUEL ANGEL Y SAN MARTIN AV.,Paternal,Comuna 15,3,100-150 m,63.0,0.03920685613180504,1606.8618148878736,2167.988162944819,0.7411764705879403
40914,Banco Galicia,BANELCO,"MITRE, BARTOLOME Y 25 DE MAYO",San Nicolas,Comuna 1,1,0-50 m,28.0,0.007841371226357887,3570.8040330855847,3570.8040330855847,1.0
40914,Banco Galicia,BANELCO,"MITRE, BARTOLOME Y 25 DE MAYO",San Nicolas,Comuna 1,2,50-100 m,21.0,0.023524113679051644,892.7010082722317,3570.8040330855847,0.250000000000234
40914,Banco Galicia,BANELCO,"MITRE, BARTOLOME Y 25 DE MAYO",San Nicolas,Comuna 1,3,100-150 m,5.0,0.03920685613180504,127.52871546729156,3570.8040330855847,0.0357142857142715
40982,Banco Galicia,BANELCO,"MITRE, EMILIO Y VALLE",Caballito,Comuna 6,1,0-50 m,28.0,0.007841371226357887,3570.8040330855847,3570.8040330855847,1.0
40982,Banco Galicia,BANELCO,"MITRE, EMILIO Y VALLE",Caballito,Comuna 6,2,50-100 m,34.0,0.023524113679051644,1445.3254419645655,3570.8040330855847,0.4047619047622836
40982,Banco Galicia,BANELCO,"MITRE, EMILIO Y VALLE",Caballito,Comuna 6,3,100-150 m,65.0,0.03920685613180504,1657.8733010747903,3570.8040330855847,0.46428571428552956
40179,Banco Santander Río,BANELCO,MONROE Y DEL LIBERTADOR AV.,Belgrano,Comuna 13,1,0-50 m,28.0,0.007841371226357887,3570.8040330855847,3570.8040330855847,1.0
40179,Banco Santander Río,BANELCO,MONROE Y DEL LIBERTADOR AV.,Belgrano,Comuna 13,2,50-100 m,28.0,0.023524113679051644,1190.2680110296421,3570.8040330855847,0.3333333333336453
40179,Banco Santander Río,BANELCO,MONROE Y DEL LIBERTADOR AV.,Belgrano,Comuna 13,3,100-150 m,42.0,0.03920685613180504,1071.241209925249,3570.8040330855847,0.2999999999998806
41016,CitiBank,BANELCO,"MONROE Y QUINTEROS, LIDORO J. AV.",Belgrano,Comuna 13,1,0-50 m,98.0,0.007841371226357887,12497.814115799547,12497.814115799547,1.0
41016,CitiBank,BANELCO,"MONROE Y QUINTEROS, LIDORO J. AV.",Belgrano,Comuna 13,2,50-100 m,12.0,0.023524113679051644,510.11486186984666,12497.814115799547,0.04081632653065044
41016,CitiBank,BANELCO,"MONROE Y QUINTEROS, LIDORO J. AV.",Belgrano,Comuna 13,3,100-150 m,32.0,0.03920685613180504,816.1837789906659,12497.814115799547,0.06530612244895359
40092,Banco Santander Río,BANELCO,MONTEAGUDO Y USPALLATA,Parque Patricios,Comuna 4,1,0-50 m,16.0,0.007841371226357887,2040.459447477477,2040.459447477477,1.0
40092,Banco Santander Río,BANELCO,MONTEAGUDO Y USPALLATA,Parque Patricios,Comuna 4,2,50-100 m,87.0,0.023524113679051644,3698.332748556388,2040.459447477477,1.8125000000016962
40092,Banco Santander Río,BANELCO,MONTEAGUDO Y USPALLATA,Parque Patricios,Comuna 4,3,100-150 m,68.0,0.03920685613180504,1734.3905303551653,2040.459447477477,0.8499999999996618
40149,Banco Santander Río,BANELCO,MONTEAGUDO Y USPALLATA,Parque Patricios,Comuna 4,1,0-50 m,2.0,0.007841371226357887,255.05743093468462,255.05743093468462,1.0
40149,Banco Santander Río,BANELCO,MONTEAGUDO Y USPALLATA,Parque Patricios,Comuna 4,2,50-100 m,49.0,0.023524113679051644,2082.9690193018737,255.05743093468462,8.16666666667431
40149,Banco Santander Río,BANELCO,MONTEAGUDO Y USPALLATA,Parque Patricios,Comuna 4,3,100-150 m,68.0,0.03920685613180504,1734.3905303551653,255.05743093468462,6.799999999997294
40448,Banco Supervielle,BANELCO,MONTES DE OCA 1580,Barracas,Comuna 4,1,0-50 m,60.0,0.007841371226357887,7651.722928040538,7651.722928040538,1.0
40448,Banco Supervielle,BANELCO,MONTES DE OCA 1580,Barracas,Comuna 4,2,50-100 m,47.0,0.023524113679051644,1997.9498756568994,7651.722928040538,0.2611111111113555
40448,Banco Supervielle,BANELCO,MONTES DE OCA 1580,Barracas,Comuna 4,3,100-150 m,57.0,0.03920685613180504,1453.8273563271239,7651.722928040538,0.18999999999992442
40416,Banco Supervielle,BANELCO,MONTEVIDEO 498,San Nicolas,Comuna 1,1,0-50 m,97.0,0.007841371226357887,12370.285400332205,12370.285400332205,1.0
40416,Banco Supervielle,BANELCO,MONTEVIDEO 498,San Nicolas,Comuna 1,2,50-100 m,100.0,0.023524113679051644,4250.957182248722,12370.285400332205,0.34364261168417043
40416,Banco Supervielle,BANELCO,MONTEVIDEO 498,San Nicolas,Comuna 1,3,100-150 m,68.0,0.03920685613180504,1734.3905303551653,12370.285400332205,0.14020618556695452
41206,HSBC Bank Argentina,BANELCO,MONTEVIDEO Y POSADAS,Retiro,Comuna 1,1,0-50 m,50.0,0.007841371226357887,6376.435773367116,6376.435773367116,1.0
41206,HSBC Bank Argentina,BANELCO,MONTEVIDEO Y POSADAS,Retiro,Comuna 1,2,50-100 m,28.0,0.023524113679051644,1190.2680110296421,6376.435773367116,0.18666666666684134
41206,HSBC Bank Argentina,BANELCO,MONTEVIDEO Y POSADAS,Retiro,Comuna 1,3,100-150 m,69.0,0.03920685613180504,1759.8962734486236,6376.435773367116,0.27599999999989017
41060,CitiBank,BANELCO,MONTEVIDEO Y SANTA FE AV.,Recoleta,Comuna 2,1,0-50 m,64.0,0.007841371226357887,8161.837789909908,8161.837789909908,1.0
41060,CitiBank,BANELCO,MONTEVIDEO Y SANTA FE AV.,Recoleta,Comuna 2,2,50-100 m,183.0,0.023524113679051644,7779.251643515162,8161.837789909908,0.9531250000008921
41060,CitiBank,BANELCO,MONTEVIDEO Y SANTA FE AV.,Recoleta,Comuna 2,3,100-150 m,144.0,0.03920685613180504,3672.827005457997,8161.837789909908,0.44999999999982093
41012,CitiBank,BANELCO,MORELOS Y RIVADAVIA AV.,Caballito,Comuna 6,1,0-50 m,34.0,0.007841371226357887,4335.976325889638,4335.976325889638,1.0
41012,CitiBank,BANELCO,MORELOS Y RIVADAVIA AV.,Caballito,Comuna 6,2,50-100 m,129.0,0.023524113679051644,5483.734765100851,4335.976325889638,1.2647058823541248
41012,CitiBank,BANELCO,MORELOS Y RIVADAVIA AV.,Caballito,Comuna 6,3,100-150 m,54.0,0.03920685613180504,1377.310127046749,4335.976325889638,0.31764705882340305
40103,Banco Santander Río,BANELCO,MORENO 2400,Balvanera,Comuna 3,1,0-50 m,44.0,0.007841371226357887,5611.263480563061,5611.263480563061,1.0
40103,Banco Santander Río,BANELCO,MORENO 2400,Balvanera,Comuna 3,2,50-100 m,48.0,0.023524113679051644,2040.4594474793867,5611.263480563061,0.363636363636704
40103,Banco Santander Río,BANELCO,MORENO 2400,Balvanera,Comuna 3,3,100-150 m,159.0,0.03920685613180504,4055.4131518598715,5611.263480563061,0.7227272727269851
39890,Banco Itaú,BANELCO,MORENO 498,Monserrat,Comuna 1,1,0-50 m,58.0,0.007841371226357887,7396.665497105854,7396.665497105854,1.0
39890,Banco Itaú,BANELCO,MORENO 498,Monserrat,Comuna 1,2,50-100 m,70.0,0.023524113679051644,2975.6700275741055,7396.665497105854,0.40229885057508913
39890,Banco Itaú,BANELCO,MORENO 498,Monserrat,Comuna 1,3,100-150 m,211.0,0.03920685613180504,5381.711792719704,7396.665497105854,0.7275862068962622
40238,Banco Santander Río,BANELCO,MORENO 838,Monserrat,Comuna 1,1,0-50 m,21.0,0.007841371226357887,2678.1030248141883,2678.1030248141883,1.0
40238,Banco Santander Río,BANELCO,MORENO 838,Monserrat,Comuna 1,2,50-100 m,109.0,0.023524113679051644,4633.543328651107,2678.1030248141883,1.7301587301603496
40238,Banco Santander Río,BANELCO,MORENO 838,Monserrat,Comuna 1,3,100-150 m,1.0,0.03920685613180504,25.50574309345831,2678.1030248141883,0.009523809523805734
40480,Banco Supervielle,BANELCO,MORENO 877,Monserrat,Comuna 1,1,0-50 m,41.0,0.007841371226357887,5228.677334161035,5228.677334161035,1.0
40480,Banco Supervielle,BANELCO,MORENO 877,Monserrat,Comuna 1,2,50-100 m,47.0,0.023524113679051644,1997.9498756568994,5228.677334161035,0.38211382113856895
40480,Banco Supervielle,BANELCO,MORENO 877,Monserrat,Comuna 1,3,100-150 m,64.0,0.03920685613180504,1632.3675579813319,5228.677334161035,0.3121951219510952
40531,BBVA Banco Francés,BANELCO,MORENO 998,Monserrat,Comuna 1,1,0-50 m,65.0,0.007841371226357887,8289.36650537725,8289.36650537725,1.0
40531,BBVA Banco Francés,BANELCO,MORENO 998,Monserrat,Comuna 1,2,50-100 m,109.0,0.023524113679051644,4633.543328651107,8289.36650537725,0.5589743589748821
40531,BBVA Banco Francés,BANELCO,MORENO 998,Monserrat,Comuna 1,3,100-150 m,19.0,0.03920685613180504,484.60911877570794,8289.36650537725,0.0584615384615152
40006,Banco Patagonia,BANELCO,MOZART Y SIN NOMBRE OFICIAL (ALT. MOZART 2400),Villa Lugano,Comuna 8,1,0-50 m,19.0,0.007841371226357887,2423.045593879504,2423.045593879504,1.0
40006,Banco Patagonia,BANELCO,MOZART Y SIN NOMBRE OFICIAL (ALT. MOZART 2400),Villa Lugano,Comuna 8,2,50-100 m,79.0,0.023524113679051644,3358.2561739764906,2423.045593879504,1.3859649122819988
40006,Banco Patagonia,BANELCO,MOZART Y SIN NOMBRE OFICIAL (ALT. MOZART 2400),Villa Lugano,Comuna 8,3,100-150 m,119.0,0.03920685613180504,3035.1834281215392,2423.045593879504,1.25263157894687
40574,BBVA Banco Francés,BANELCO,MURGUIONDO Y SAYOS,Villa Lugano,Comuna 8,1,0-50 m,34.0,0.007841371226357887,4335.976325889638,4335.976325889638,1.0
40574,BBVA Banco Francés,BANELCO,MURGUIONDO Y SAYOS,Villa Lugano,Comuna 8,2,50-100 m,108.0,0.023524113679051644,4591.03375682862,4335.976325889638,1.058823529412756
40574,BBVA Banco Francés,BANELCO,MURGUIONDO Y SAYOS,Villa Lugano,Comuna 8,3,100-150 m,82.0,0.03920685613180504,2091.4709336635815,4335.976325889638,0.48235294117627864
40235,Banco Santander Río,BANELCO,NAZARRE 3225,Villa Del Parque,Comuna 11,1,0-50 m,29.0,0.007841371226357887,3698.332748552927,3698.332748552927,1.0
40235,Banco Santander Río,BANELCO,NAZARRE 3225,Villa Del Parque,Comuna 11,2,50-100 m,33.0,0.023524113679051644,1402.8158701420784,3698.332748552927,0.37931034482794124
40235,Banco Santander Río,BANELCO,NAZARRE 3225,Villa Del Parque,Comuna 11,3,100-150 m,29.0,0.03920685613180504,739.6665497102911,3698.332748552927,0.1999999999999204
39826,Banco Itaú,BANELCO,NAZARRE 3262,Villa Del Parque,Comuna 11,1,0-50 m,10.0,0.007841371226357887,1275.2871546734232,1275.2871546734232,1.0
39826,Banco Itaú,BANELCO,NAZARRE 3262,Villa Del Parque,Comuna 11,2,50-100 m,27.0,0.023524113679051644,1147.758439207155,1275.2871546734232,0.9000000000008423
39826,Banco Itaú,BANELCO,NAZARRE 3262,Villa Del Parque,Comuna 11,3,100-150 m,48.0,0.03920685613180504,1224.275668485999,1275.2871546734232,0.9599999999996179
39751,Banco Comafi,BANELCO,NOGOYA 3135,Villa Del Parque,Comuna 11,1,0-50 m,8.0,0.007841371226357887,1020.2297237387385,1020.2297237387385,1.0
39751,Banco Comafi,BANELCO,NOGOYA 3135,Villa Del Parque,Comuna 11,2,50-100 m,30.0,0.023524113679051644,1275.2871546746167,1020.2297237387385,1.25000000000117
39751,Banco Comafi,BANELCO,NOGOYA 3135,Villa Del Parque,Comuna 11,3,100-150 m,55.0,0.03920685613180504,1402.8158701402072,1020.2297237387385,1.3749999999994529
40595,BBVA Banco Francés,BANELCO,NOGOYA 3256,Villa Del Parque,Comuna 11,1,0-50 m,20.0,0.007841371226357887,2550.5743093468463,2550.5743093468463,1.0
40595,BBVA Banco Francés,BANELCO,NOGOYA 3256,Villa Del Parque,Comuna 11,2,50-100 m,38.0,0.023524113679051644,1615.3637292545145,2550.5743093468463,0.633333333333926
40595,BBVA Banco Francés,BANELCO,NOGOYA 3256,Villa Del Parque,Comuna 11,3,100-150 m,70.0,0.03920685613180504,1785.4020165420818,2550.5743093468463,0.6999999999997214
40660,BBVA Banco Francés,BANELCO,"OCAMPO, VICTORIA Y MOREAU DE JUSTO, ALICIA AV.",Puerto Madero,Comuna 1,1,0-50 m,11.0,0.007841371226357887,1402.8158701407654,1402.8158701407654,1.0
40660,BBVA Banco Francés,BANELCO,"OCAMPO, VICTORIA Y MOREAU DE JUSTO, ALICIA AV.",Puerto Madero,Comuna 1,2,50-100 m,4.0,0.023524113679051644,170.0382872899489,1402.8158701407654,0.12121212121223467
40660,BBVA Banco Francés,BANELCO,"OCAMPO, VICTORIA Y MOREAU DE JUSTO, ALICIA AV.",Puerto Madero,Comuna 1,3,100-150 m,28.0,0.03920685613180504,714.1608066168327,1402.8158701407654,0.5090909090907065
41344,ICBC,BANELCO,"O'HIGGINS Y LARRALDE, CRISOLOGO",Nuñez,Comuna 13,1,0-50 m,17.0,0.007841371226357887,2167.988162944819,2167.988162944819,1.0
41344,ICBC,BANELCO,"O'HIGGINS Y LARRALDE, CRISOLOGO",Nuñez,Comuna 13,2,50-100 m,43.0,0.023524113679051644,1827.9115883669506,2167.988162944819,0.8431372549027499
41344,ICBC,BANELCO,"O'HIGGINS Y LARRALDE, CRISOLOGO",Nuñez,Comuna 13,3,100-150 m,86.0,0.03920685613180504,2193.493906037415,2167.988162944819,1.0117647058819503
40008,Banco Patagonia,BANELCO,OLLEROS 1712,Palermo,Comuna 14,1,0-50 m,22.0,0.007841371226357887,2805.6317402815307,2805.6317402815307,1.0
40008,Banco Patagonia,BANELCO,OLLEROS 1712,Palermo,Comuna 14,2,50-100 m,31.0,0.023524113679051644,1317.796726497104,2805.6317402815307,0.4696969696974093
40008,Banco Patagonia,BANELCO,OLLEROS 1712,Palermo,Comuna 14,3,100-150 m,93.0,0.03920685613180504,2372.034107691623,2805.6317402815307,0.845454545454209
40279,Banco Santander Río,BANELCO,OLLEROS 1747,Palermo,Comuna 14,1,0-50 m,11.0,0.007841371226357887,1402.8158701407654,1402.8158701407654,1.0
40279,Banco Santander Río,BANELCO,OLLEROS 1747,Palermo,Comuna 14,2,50-100 m,123.0,0.023524113679051644,5228.677334165928,1402.8158701407654,3.727272727276216
40279,Banco Santander Río,BANELCO,OLLEROS 1747,Palermo,Comuna 14,3,100-150 m,82.0,0.03920685613180504,2091.4709336635815,1402.8158701407654,1.4909090909084977
40232,Banco Santander Río,BANELCO,PACINI DE ALVEAR REGINA Y MANSO JUANA,Puerto Madero,Comuna 1,1,0-50 m,2.0,0.007841371226357887,255.05743093468462,255.05743093468462,1.0
40232,Banco Santander Río,BANELCO,PACINI DE ALVEAR REGINA Y MANSO JUANA,Puerto Madero,Comuna 1,2,50-100 m,9.0,0.023524113679051644,382.586146402385,255.05743093468462,1.500000000001404
40232,Banco Santander Río,BANELCO,PACINI DE ALVEAR REGINA Y MANSO JUANA,Puerto Madero,Comuna 1,3,100-150 m,5.0,0.03920685613180504,127.52871546729156,255.05743093468462,0.49999999999980105
40280,Banco Santander Río,BANELCO,"PACINI DE ALVEAR REGINA Y MOREAU DE JUSTO, ALICIA AV.",Puerto Madero,Comuna 1,1,0-50 m,24.0,0.007841371226357887,3060.6891712162155,3060.6891712162155,1.0
40280,Banco Santander Río,BANELCO,"PACINI DE ALVEAR REGINA Y MOREAU DE JUSTO, ALICIA AV.",Puerto Madero,Comuna 1,2,50-100 m,4.0,0.023524113679051644,170.0382872899489,3060.6891712162155,0.05555555555560755
40280,Banco Santander Río,BANELCO,"PACINI DE ALVEAR REGINA Y MOREAU DE JUSTO, ALICIA AV.",Puerto Madero,Comuna 1,3,100-150 m,4.0,0.03920685613180504,102.02297237383324,3060.6891712162155,0.033333333333320066
40775,Banco Galicia,BANELCO,"PAINE, AIME Y VILLAFLOR, AZUCENA",Puerto Madero,Comuna 1,1,0-50 m,4.0,0.007841371226357887,510.11486186936924,510.11486186936924,1.0
40775,Banco Galicia,BANELCO,"PAINE, AIME Y VILLAFLOR, AZUCENA",Puerto Madero,Comuna 1,2,50-100 m,10.0,0.023524113679051644,425.0957182248722,510.11486186936924,0.8333333333341132
40775,Banco Galicia,BANELCO,"PAINE, AIME Y VILLAFLOR, AZUCENA",Puerto Madero,Comuna 1,3,100-150 m,6.0,0.03920685613180504,153.03445856074987,510.11486186936924,0.2999999999998806
39845,Banco Itaú,BANELCO,"PALACIOS, ALFREDO L. Y GARIBALDI",Boca,Comuna 4,1,0-50 m,5.0,0.007841371226357887,637.6435773367116,637.6435773367116,1.0
39845,Banco Itaú,BANELCO,"PALACIOS, ALFREDO L. Y GARIBALDI",Boca,Comuna 4,2,50-100 m,3.0,0.023524113679051644,127.52871546746167,637.6435773367116,0.20000000000018717
39845,Banco Itaú,BANELCO,"PALACIOS, ALFREDO L. Y GARIBALDI",Boca,Comuna 4,3,100-150 m,1.0,0.03920685613180504,25.50574309345831,637.6435773367116,0.039999999999984076
39936,Banco Macro,BANELCO,"PALACIOS, ALFREDO L. Y GARIBALDI",Boca,Comuna 4,1,0-50 m,6.0,0.007841371226357887,765.1722928040539,765.1722928040539,1.0
39936,Banco Macro,BANELCO,"PALACIOS, ALFREDO L. Y GARIBALDI",Boca,Comuna 4,2,50-100 m,41.0,0.023524113679051644,1742.892444721976,765.1722928040539,2.2777777777799093
39936,Banco Macro,BANELCO,"PALACIOS, ALFREDO L. Y GARIBALDI",Boca,Comuna 4,3,100-150 m,33.0,0.03920685613180504,841.6895220841243,765.1722928040539,1.0999999999995622
41127,HSBC Bank Argentina,BANELCO,PARAGUAY 720,Retiro,Comuna 1,1,0-50 m,76.0,0.007841371226357887,9692.182375518016,9692.182375518016,1.0
41127,HSBC Bank Argentina,BANELCO,PARAGUAY 720,Retiro,Comuna 1,2,50-100 m,73.0,0.023524113679051644,3103.1987430415675,9692.182375518016,0.32017543859679093
41127,HSBC Bank Argentina,BANELCO,PARAGUAY 720,Retiro,Comuna 1,3,100-150 m,30.0,0.03920685613180504,765.1722928037493,9692.182375518016,0.07894736842102121
41116,HSBC Bank Argentina,BANELCO,PARANA 242,San Nicolas,Comuna 1,1,0-50 m,29.0,0.007841371226357887,3698.332748552927,3698.332748552927,1.0
41116,HSBC Bank Argentina,BANELCO,PARANA 242,San Nicolas,Comuna 1,2,50-100 m,34.0,0.023524113679051644,1445.3254419645655,3698.332748552927,0.39080459770151516
41116,HSBC Bank Argentina,BANELCO,PARANA 242,San Nicolas,Comuna 1,3,100-150 m,35.0,0.03920685613180504,892.7010082710409,3698.332748552927,0.2413793103447315
39848,Banco Itaú,BANELCO,PARANA 370,San Nicolas,Comuna 1,1,0-50 m,79.0,0.007841371226357887,10074.768521920043,10074.768521920043,1.0
39848,Banco Itaú,BANELCO,PARANA 370,San Nicolas,Comuna 1,2,50-100 m,55.0,0.023524113679051644,2338.0264502367972,10074.768521920043,0.2320675105487404
39848,Banco Itaú,BANELCO,PARANA 370,San Nicolas,Comuna 1,3,100-150 m,26.0,0.03920685613180504,663.1493204299161,10074.768521920043,0.06582278481010038
40973,Banco Galicia,BANELCO,PARANA 450,San Nicolas,Comuna 1,1,0-50 m,108.0,0.007841371226357887,13773.10127047297,13773.10127047297,1.0
40973,Banco Galicia,BANELCO,PARANA 450,San Nicolas,Comuna 1,2,50-100 m,321.0,0.023524113679051644,13645.572555018398,13773.10127047297,0.990740740741668
40973,Banco Galicia,BANELCO,PARANA 450,San Nicolas,Comuna 1,3,100-150 m,53.0,0.03920685613180504,1351.8043839532904,13773.10127047297,0.09814814814810909
40286,Banco Santander Río,BANELCO,PARANA 645,San Nicolas,Comuna 1,1,0-50 m,10.0,0.007841371226357887,1275.2871546734232,1275.2871546734232,1.0
40286,Banco Santander Río,BANELCO,PARANA 645,San Nicolas,Comuna 1,2,50-100 m,104.0,0.023524113679051644,4420.995469538671,1275.2871546734232,3.4666666666699113
40286,Banco Santander Río,BANELCO,PARANA 645,San Nicolas,Comuna 1,3,100-150 m,73.0,0.03920685613180504,1861.9192458224568,1275.2871546734232,1.4599999999994189
39728,Banco Comafi,BANELCO,PARANA 696,San Nicolas,Comuna 1,1,0-50 m,103.0,0.007841371226357887,13135.457693136257,13135.457693136257,1.0
39728,Banco Comafi,BANELCO,PARANA 696,San Nicolas,Comuna 1,2,50-100 m,0.0,0.023524113679051644,0.0,13135.457693136257,0.0
39728,Banco Comafi,BANELCO,PARANA 696,San Nicolas,Comuna 1,3,100-150 m,1.0,0.03920685613180504,25.50574309345831,13135.457693136257,0.0019417475728147613
40679,BBVA Banco Francés,BANELCO,PARANA Y RIVADAVIA AV.,San Nicolas,Comuna 1,1,0-50 m,150.0,0.007841371226357887,19129.307320101347,19129.307320101347,1.0
40679,BBVA Banco Francés,BANELCO,PARANA Y RIVADAVIA AV.,San Nicolas,Comuna 1,2,50-100 m,70.0,0.023524113679051644,2975.6700275741055,19129.307320101347,0.15555555555570114
40679,BBVA Banco Francés,BANELCO,PARANA Y RIVADAVIA AV.,San Nicolas,Comuna 1,3,100-150 m,63.0,0.03920685613180504,1606.8618148878736,19129.307320101347,0.08399999999996657
41046,CitiBank,BANELCO,PARANA Y VIAMONTE,San Nicolas,Comuna 1,1,0-50 m,18.0,0.007841371226357887,2295.5168784121615,2295.5168784121615,1.0
41046,CitiBank,BANELCO,PARANA Y VIAMONTE,San Nicolas,Comuna 1,2,50-100 m,24.0,0.023524113679051644,1020.2297237396933,2295.5168784121615,0.4444444444448604
41046,CitiBank,BANELCO,PARANA Y VIAMONTE,San Nicolas,Comuna 1,3,100-150 m,2.0,0.03920685613180504,51.01148618691662,2295.5168784121615,0.02222222222221338
41378,ICBC,BANELCO,PASEO COLON AV. Y REPUBLICA BOLIVARIANA DE VENEZUELA,Monserrat,Comuna 1,1,0-50 m,18.0,0.007841371226357887,2295.5168784121615,2295.5168784121615,1.0
41378,ICBC,BANELCO,PASEO COLON AV. Y REPUBLICA BOLIVARIANA DE VENEZUELA,Monserrat,Comuna 1,2,50-100 m,10.0,0.023524113679051644,425.0957182248722,2295.5168784121615,0.1851851851853585
41378,ICBC,BANELCO,PASEO COLON AV. Y REPUBLICA BOLIVARIANA DE VENEZUELA,Monserrat,Comuna 1,3,100-150 m,18.0,0.03920685613180504,459.10337568224963,2295.5168784121615,0.19999999999992044
41162,HSBC Bank Argentina,BANELCO,PASEO COLON AV. Y REPUBLICA BOLIVARIANA DE VENEZUELA,Monserrat,Comuna 1,1,0-50 m,7.0,0.007841371226357887,892.7010082713962,892.7010082713962,1.0
41162,HSBC Bank Argentina,BANELCO,PASEO COLON AV. Y REPUBLICA BOLIVARIANA DE VENEZUELA,Monserrat,Comuna 1,2,50-100 m,37.0,0.023524113679051644,1572.8541574320273,892.7010082713962,1.761904761906411
41162,HSBC Bank Argentina,BANELCO,PASEO COLON AV. Y REPUBLICA BOLIVARIANA DE VENEZUELA,Monserrat,Comuna 1,3,100-150 m,20.0,0.03920685613180504,510.11486186916625,892.7010082713962,0.571428571428344
40504,Banco Supervielle,BANELCO,PASTEUR Y PICHINCHA,Balvanera,Comuna 3,1,0-50 m,33.0,0.007841371226357887,4208.447610422296,4208.447610422296,1.0
40504,Banco Supervielle,BANELCO,PASTEUR Y PICHINCHA,Balvanera,Comuna 3,2,50-100 m,162.0,0.023524113679051644,6886.55063524293,4208.447610422296,1.6363636363651681
40504,Banco Supervielle,BANELCO,PASTEUR Y PICHINCHA,Balvanera,Comuna 3,3,100-150 m,31.0,0.03920685613180504,790.6780358972077,4208.447610422296,0.18787878787871312
40906,Banco Galicia,BANELCO,PAYSANDÚ 1842,Paternal,Comuna 15,1,0-50 m,10.0,0.007841371226357887,1275.2871546734232,1275.2871546734232,1.0
40906,Banco Galicia,BANELCO,PAYSANDÚ 1842,Paternal,Comuna 15,2,50-100 m,60.0,0.023524113679051644,2550.5743093492333,1275.2871546734232,2.000000000001872
40906,Banco Galicia,BANELCO,PAYSANDÚ 1842,Paternal,Comuna 15,3,100-150 m,34.0,0.03920685613180504,867.1952651775827,1275.2871546734232,0.6799999999997294
40166,Banco Santander Río,BANELCO,PAYSANDU Y SAN MARTIN AV.,Paternal,Comuna 15,1,0-50 m,21.0,0.007841371226357887,2678.1030248141883,2678.1030248141883,1.0
40166,Banco Santander Río,BANELCO,PAYSANDU Y SAN MARTIN AV.,Paternal,Comuna 15,2,50-100 m,239.0,0.023524113679051644,10159.787665574446,2678.1030248141883,3.7936507936543444
40166,Banco Santander Río,BANELCO,PAYSANDU Y SAN MARTIN AV.,Paternal,Comuna 15,3,100-150 m,73.0,0.03920685613180504,1861.9192458224568,2678.1030248141883,0.6952380952378187
40754,Banco Galicia,BANELCO,"PAZ, GRAL. AV. Y ACCESO NORTE - PANAMERICANA",Saavedra,Comuna 12,1,0-50 m,9.0,0.007841371226357887,1147.7584392060808,1147.7584392060808,1.0
40754,Banco Galicia,BANELCO,"PAZ, GRAL. AV. Y ACCESO NORTE - PANAMERICANA",Saavedra,Comuna 12,2,50-100 m,16.0,0.023524113679051644,680.1531491597956,1147.7584392060808,0.5925925925931472
40754,Banco Galicia,BANELCO,"PAZ, GRAL. AV. Y ACCESO NORTE - PANAMERICANA",Saavedra,Comuna 12,3,100-150 m,10.0,0.03920685613180504,255.05743093458312,1147.7584392060808,0.2222222222221338
40878,Banco Galicia,BANELCO,"PAZ, GRAL. AV. Y TAPALQUE",Mataderos,Comuna 9,1,0-50 m,16.0,0.007841371226357887,2040.459447477477,2040.459447477477,1.0
40878,Banco Galicia,BANELCO,"PAZ, GRAL. AV. Y TAPALQUE",Mataderos,Comuna 9,2,50-100 m,43.0,0.023524113679051644,1827.9115883669506,2040.459447477477,0.8958333333341718
40878,Banco Galicia,BANELCO,"PAZ, GRAL. AV. Y TAPALQUE",Mataderos,Comuna 9,3,100-150 m,61.0,0.03920685613180504,1555.850328700957,2040.459447477477,0.7624999999996966
40801,Banco Galicia,BANELCO,"PELLEGRINI, CARLOS Y TUCUMAN",San Nicolas,Comuna 1,1,0-50 m,41.0,0.007841371226357887,5228.677334161035,5228.677334161035,1.0
40801,Banco Galicia,BANELCO,"PELLEGRINI, CARLOS Y TUCUMAN",San Nicolas,Comuna 1,2,50-100 m,60.0,0.023524113679051644,2550.5743093492333,5228.677334161035,0.487804878049237
40801,Banco Galicia,BANELCO,"PELLEGRINI, CARLOS Y TUCUMAN",San Nicolas,Comuna 1,3,100-150 m,33.0,0.03920685613180504,841.6895220841243,5228.677334161035,0.16097560975603348
41351,ICBC,BANELCO,"PELLEGRINI, CARLOS Y TUCUMAN",San Nicolas,Comuna 1,1,0-50 m,88.0,0.007841371226357887,11222.526961126123,11222.526961126123,1.0
41351,ICBC,BANELCO,"PELLEGRINI, CARLOS Y TUCUMAN",San Nicolas,Comuna 1,2,50-100 m,152.0,0.023524113679051644,6461.454917018058,11222.526961126123,0.5757575757581147
41351,ICBC,BANELCO,"PELLEGRINI, CARLOS Y TUCUMAN",San Nicolas,Comuna 1,3,100-150 m,6.0,0.03920685613180504,153.03445856074987,11222.526961126123,0.01363636363635821
40998,Banco Galicia,BANELCO,PERGAMINO Y TANDIL,Parque Avellaneda,Comuna 9,1,0-50 m,38.0,0.007841371226357887,4846.091187759008,4846.091187759008,1.0
40998,Banco Galicia,BANELCO,PERGAMINO Y TANDIL,Parque Avellaneda,Comuna 9,2,50-100 m,38.0,0.023524113679051644,1615.3637292545145,4846.091187759008,0.3333333333336453
40998,Banco Galicia,BANELCO,PERGAMINO Y TANDIL,Parque Avellaneda,Comuna 9,3,100-150 m,103.0,0.03920685613180504,2627.0915386262063,4846.091187759008,0.542105263157679
41172,HSBC Bank Argentina,BANELCO,"PERON, EVA AV. Y DUMAS, ALEJANDRO",Parque Avellaneda,Comuna 9,1,0-50 m,94.0,0.007841371226357887,11987.699253930177,11987.699253930177,1.0
41172,HSBC Bank Argentina,BANELCO,"PERON, EVA AV. Y DUMAS, ALEJANDRO",Parque Avellaneda,Comuna 9,2,50-100 m,60.0,0.023524113679051644,2550.5743093492333,11987.699253930177,0.21276595744700763
41172,HSBC Bank Argentina,BANELCO,"PERON, EVA AV. Y DUMAS, ALEJANDRO",Parque Avellaneda,Comuna 9,3,100-150 m,66.0,0.03920685613180504,1683.3790441682486,11987.699253930177,0.14042553191483773
40772,Banco Galicia,BANELCO,"PERON, EVA AV. Y EL TALA",Parque Avellaneda,Comuna 9,1,0-50 m,9.0,0.007841371226357887,1147.7584392060808,1147.7584392060808,1.0
40772,Banco Galicia,BANELCO,"PERON, EVA AV. Y EL TALA",Parque Avellaneda,Comuna 9,2,50-100 m,161.0,0.023524113679051644,6844.041063420443,1147.7584392060808,5.962962962968544
40772,Banco Galicia,BANELCO,"PERON, EVA AV. Y EL TALA",Parque Avellaneda,Comuna 9,3,100-150 m,131.0,0.03920685613180504,3341.2523452430387,1147.7584392060808,2.9111111111099524
40314,Banco Santander Río,BANELCO,"PERON, EVA AV. Y MIRALLA",Mataderos,Comuna 9,1,0-50 m,35.0,0.007841371226357887,4463.505041356981,4463.505041356981,1.0
40314,Banco Santander Río,BANELCO,"PERON, EVA AV. Y MIRALLA",Mataderos,Comuna 9,2,50-100 m,31.0,0.023524113679051644,1317.796726497104,4463.505041356981,0.2952380952383716
40314,Banco Santander Río,BANELCO,"PERON, EVA AV. Y MIRALLA",Mataderos,Comuna 9,3,100-150 m,75.0,0.03920685613180504,1912.9307320093733,4463.505041356981,0.428571428571258
40237,Banco Santander Río,BANELCO,"PERON, EVA AV. Y PORTELA",Parque Avellaneda,Comuna 9,1,0-50 m,16.0,0.007841371226357887,2040.459447477477,2040.459447477477,1.0
40237,Banco Santander Río,BANELCO,"PERON, EVA AV. Y PORTELA",Parque Avellaneda,Comuna 9,2,50-100 m,136.0,0.023524113679051644,5781.301767858262,2040.459447477477,2.833333333335985
40237,Banco Santander Río,BANELCO,"PERON, EVA AV. Y PORTELA",Parque Avellaneda,Comuna 9,3,100-150 m,139.0,0.03920685613180504,3545.298289990705,2040.459447477477,1.7374999999993084
40259,Banco Santander Río,BANELCO,"PERON, EVA AV. Y VARELA AV.",Flores,Comuna 7,1,0-50 m,88.0,0.007841371226357887,11222.526961126123,11222.526961126123,1.0
40259,Banco Santander Río,BANELCO,"PERON, EVA AV. Y VARELA AV.",Flores,Comuna 7,2,50-100 m,56.0,0.023524113679051644,2380.5360220592843,11222.526961126123,0.21212121212141063
40259,Banco Santander Río,BANELCO,"PERON, EVA AV. Y VARELA AV.",Flores,Comuna 7,3,100-150 m,84.0,0.03920685613180504,2142.482419850498,11222.526961126123,0.19090909090901492
41024,CitiBank,BANELCO,"PERON, JUAN DOMINGO, TTE. GENERAL Y FLORIDA",San Nicolas,Comuna 1,1,0-50 m,36.0,0.007841371226357887,4591.033756824323,4591.033756824323,1.0
41024,CitiBank,BANELCO,"PERON, JUAN DOMINGO, TTE. GENERAL Y FLORIDA",San Nicolas,Comuna 1,2,50-100 m,2.0,0.023524113679051644,85.01914364497445,4591.033756824323,0.01851851851853585
41024,CitiBank,BANELCO,"PERON, JUAN DOMINGO, TTE. GENERAL Y FLORIDA",San Nicolas,Comuna 1,3,100-150 m,0.0,0.03920685613180504,0.0,4591.033756824323,0.0
39947,Banco Macro,BANELCO,"PERON, JUAN DOMINGO, TTE. GENERAL Y GUEMES, MACACHA",Puerto Madero,Comuna 1,1,0-50 m,4.0,0.007841371226357887,510.11486186936924,510.11486186936924,1.0
39947,Banco Macro,BANELCO,"PERON, JUAN DOMINGO, TTE. GENERAL Y GUEMES, MACACHA",Puerto Madero,Comuna 1,2,50-100 m,43.0,0.023524113679051644,1827.9115883669506,510.11486186936924,3.5833333333366872
39947,Banco Macro,BANELCO,"PERON, JUAN DOMINGO, TTE. GENERAL Y GUEMES, MACACHA",Puerto Madero,Comuna 1,3,100-150 m,16.0,0.03920685613180504,408.09188949533296,510.11486186936924,0.7999999999996816
41342,ICBC,BANELCO,"PERON, JUAN DOMINGO, TTE. GENERAL Y MAIPU",San Nicolas,Comuna 1,1,0-50 m,55.0,0.007841371226357887,7014.079350703827,7014.079350703827,1.0
41342,ICBC,BANELCO,"PERON, JUAN DOMINGO, TTE. GENERAL Y MAIPU",San Nicolas,Comuna 1,2,50-100 m,2.0,0.023524113679051644,85.01914364497445,7014.079350703827,0.012121212121223466
41342,ICBC,BANELCO,"PERON, JUAN DOMINGO, TTE. GENERAL Y MAIPU",San Nicolas,Comuna 1,3,100-150 m,0.0,0.03920685613180504,0.0,7014.079350703827,0.0
41004,Banco Galicia,BANELCO,"PERON, JUAN DOMINGO, TTE. GENERAL Y MAIPU",San Nicolas,Comuna 1,1,0-50 m,24.0,0.007841371226357887,3060.6891712162155,3060.6891712162155,1.0
41004,Banco Galicia,BANELCO,"PERON, JUAN DOMINGO, TTE. GENERAL Y MAIPU",San Nicolas,Comuna 1,2,50-100 m,31.0,0.023524113679051644,1317.796726497104,3060.6891712162155,0.43055555555595854
41004,Banco Galicia,BANELCO,"PERON, JUAN DOMINGO, TTE. GENERAL Y MAIPU",San Nicolas,Comuna 1,3,100-150 m,0.0,0.03920685613180504,0.0,3060.6891712162155,0.0
41246,ICBC,BANELCO,"PERON, JUAN DOMINGO, TTE. GENERAL Y MONTEVIDEO",San Nicolas,Comuna 1,1,0-50 m,40.0,0.007841371226357887,5101.148618693693,5101.148618693693,1.0
41246,ICBC,BANELCO,"PERON, JUAN DOMINGO, TTE. GENERAL Y MONTEVIDEO",San Nicolas,Comuna 1,2,50-100 m,127.0,0.023524113679051644,5398.715621455877,5101.148618693693,1.058333333334324
41246,ICBC,BANELCO,"PERON, JUAN DOMINGO, TTE. GENERAL Y MONTEVIDEO",San Nicolas,Comuna 1,3,100-150 m,98.0,0.03920685613180504,2499.5628231589144,5101.148618693693,0.4899999999998049
39707,Banco Columbia,BANELCO,"PERON, JUAN DOMINGO, TTE. GENERAL Y RECONQUISTA",San Nicolas,Comuna 1,1,0-50 m,9.0,0.007841371226357887,1147.7584392060808,1147.7584392060808,1.0
39707,Banco Columbia,BANELCO,"PERON, JUAN DOMINGO, TTE. GENERAL Y RECONQUISTA",San Nicolas,Comuna 1,2,50-100 m,8.0,0.023524113679051644,340.0765745798978,1147.7584392060808,0.2962962962965736
39707,Banco Columbia,BANELCO,"PERON, JUAN DOMINGO, TTE. GENERAL Y RECONQUISTA",San Nicolas,Comuna 1,3,100-150 m,0.0,0.03920685613180504,0.0,1147.7584392060808,0.0
40899,Banco Galicia,BANELCO,"PERON, JUAN DOMINGO, TTE. GENERAL Y RECONQUISTA",San Nicolas,Comuna 1,1,0-50 m,0.0,0.007841371226357887,0.0,0.0,
40899,Banco Galicia,BANELCO,"PERON, JUAN DOMINGO, TTE. GENERAL Y RECONQUISTA",San Nicolas,Comuna 1,2,50-100 m,0.0,0.023524113679051644,0.0,0.0,
40899,Banco Galicia,BANELCO,"PERON, JUAN DOMINGO, TTE. GENERAL Y RECONQUISTA",San Nicolas,Comuna 1,3,100-150 m,0.0,0.03920685613180504,0.0,0.0,
40625,BBVA Banco Francés,BANELCO,"PERON, JUAN DOMINGO, TTE. GENERAL Y SAENZ PEÑA, ROQUE, PRES. DIAGONAL NORTE AV.",San Nicolas,Comuna 1,1,0-50 m,57.0,0.007841371226357887,7269.136781638512,7269.136781638512,1.0
40625,BBVA Banco Francés,BANELCO,"PERON, JUAN DOMINGO, TTE. GENERAL Y SAENZ PEÑA, ROQUE, PRES. DIAGONAL NORTE AV.",San Nicolas,Comuna 1,2,50-100 m,68.0,0.023524113679051644,2890.650883929131,7269.136781638512,0.3976608187138224
40625,BBVA Banco Francés,BANELCO,"PERON, JUAN DOMINGO, TTE. GENERAL Y SAENZ PEÑA, ROQUE, PRES. DIAGONAL NORTE AV.",San Nicolas,Comuna 1,3,100-150 m,0.0,0.03920685613180504,0.0,7269.136781638512,0.0
39720,Banco Columbia,BANELCO,"PERON, JUAN DOMINGO, TTE. GENERAL Y TALCAHUANO",San Nicolas,Comuna 1,1,0-50 m,19.0,0.007841371226357887,2423.045593879504,2423.045593879504,1.0
39720,Banco Columbia,BANELCO,"PERON, JUAN DOMINGO, TTE. GENERAL Y TALCAHUANO",San Nicolas,Comuna 1,2,50-100 m,69.0,0.023524113679051644,2933.1604557516184,2423.045593879504,1.2105263157906065
39720,Banco Columbia,BANELCO,"PERON, JUAN DOMINGO, TTE. GENERAL Y TALCAHUANO",San Nicolas,Comuna 1,3,100-150 m,124.0,0.03920685613180504,3162.7121435888307,2423.045593879504,1.3052631578942173
41018,CitiBank,BANELCO,PESCADORES Y RIVADAVIA AV.,Flores,Comuna 7,1,0-50 m,142.0,0.007841371226357887,18109.077596362607,18109.077596362607,1.0
41018,CitiBank,BANELCO,PESCADORES Y RIVADAVIA AV.,Flores,Comuna 7,2,50-100 m,115.0,0.023524113679051644,4888.600759586031,18109.077596362607,0.2699530516434452
41018,CitiBank,BANELCO,PESCADORES Y RIVADAVIA AV.,Flores,Comuna 7,3,100-150 m,23.0,0.03920685613180504,586.6320911495412,18109.077596362607,0.03239436619717021
40216,Banco Santander Río,BANELCO,PICO Y TRONADOR,Saavedra,Comuna 12,1,0-50 m,11.0,0.007841371226357887,1402.8158701407654,1402.8158701407654,1.0
40216,Banco Santander Río,BANELCO,PICO Y TRONADOR,Saavedra,Comuna 12,2,50-100 m,29.0,0.023524113679051644,1232.7775828521294,1402.8158701407654,0.8787878787887012
40216,Banco Santander Río,BANELCO,PICO Y TRONADOR,Saavedra,Comuna 12,3,100-150 m,77.0,0.03920685613180504,1963.94221819629,1402.8158701407654,1.399999999999443
40123,Banco Santander Río,BANELCO,PIERINA DEALESSI 360,Puerto Madero,Comuna 1,1,0-50 m,5.0,0.007841371226357887,637.6435773367116,637.6435773367116,1.0
40123,Banco Santander Río,BANELCO,PIERINA DEALESSI 360,Puerto Madero,Comuna 1,2,50-100 m,13.0,0.023524113679051644,552.6244336923339,637.6435773367116,0.8666666666674778
40123,Banco Santander Río,BANELCO,PIERINA DEALESSI 360,Puerto Madero,Comuna 1,3,100-150 m,7.0,0.03920685613180504,178.54020165420818,637.6435773367116,0.27999999999988856
40186,Banco Santander Río,BANELCO,"PILAR Y RODO, JOSE E.",Mataderos,Comuna 9,1,0-50 m,18.0,0.007841371226357887,2295.5168784121615,2295.5168784121615,1.0
40186,Banco Santander Río,BANELCO,"PILAR Y RODO, JOSE E.",Mataderos,Comuna 9,2,50-100 m,13.0,0.023524113679051644,552.6244336923339,2295.5168784121615,0.24074074074096607
40186,Banco Santander Río,BANELCO,"PILAR Y RODO, JOSE E.",Mataderos,Comuna 9,3,100-150 m,91.0,0.03920685613180504,2321.0226215047064,2295.5168784121615,1.0111111111107087
41130,HSBC Bank Argentina,BANELCO,"PISSARRO, VICTOR Y RAMALLO",Nuñez,Comuna 13,1,0-50 m,3.0,0.007841371226357887,382.58614640202694,382.58614640202694,1.0
41130,HSBC Bank Argentina,BANELCO,"PISSARRO, VICTOR Y RAMALLO",Nuñez,Comuna 13,2,50-100 m,35.0,0.023524113679051644,1487.8350137870527,382.58614640202694,3.888888888892528
41130,HSBC Bank Argentina,BANELCO,"PISSARRO, VICTOR Y RAMALLO",Nuñez,Comuna 13,3,100-150 m,41.0,0.03920685613180504,1045.7354668317907,382.58614640202694,2.7333333333322454
40385,Banco Santander Río,BANELCO,PJE.PARTICULAR (ALT. RIVADAVIA 11080) Y RIVADAVIA AV.,Liniers,Comuna 9,1,0-50 m,16.0,0.007841371226357887,2040.459447477477,2040.459447477477,1.0
40385,Banco Santander Río,BANELCO,PJE.PARTICULAR (ALT. RIVADAVIA 11080) Y RIVADAVIA AV.,Liniers,Comuna 9,2,50-100 m,24.0,0.023524113679051644,1020.2297237396933,2040.459447477477,0.500000000000468
40385,Banco Santander Río,BANELCO,PJE.PARTICULAR (ALT. RIVADAVIA 11080) Y RIVADAVIA AV.,Liniers,Comuna 9,3,100-150 m,34.0,0.03920685613180504,867.1952651775827,2040.459447477477,0.4249999999998309
40830,Banco Galicia,BANELCO,"POMAR, GREGORIO TTE. CNEL. Y QUILMES",Nueva Pompeya,Comuna 4,1,0-50 m,31.0,0.007841371226357887,3953.3901794876115,3953.3901794876115,1.0
40830,Banco Galicia,BANELCO,"POMAR, GREGORIO TTE. CNEL. Y QUILMES",Nueva Pompeya,Comuna 4,2,50-100 m,15.0,0.023524113679051644,637.6435773373083,3953.3901794876115,0.16129032258079612
40830,Banco Galicia,BANELCO,"POMAR, GREGORIO TTE. CNEL. Y QUILMES",Nueva Pompeya,Comuna 4,3,100-150 m,22.0,0.03920685613180504,561.1263480560829,3953.3901794876115,0.14193548387091126
40490,Banco Supervielle,BANELCO,"PUEYRREDON, HONORIO, DR. AV. Y VALLESE, FELIPE",Caballito,Comuna 6,1,0-50 m,15.0,0.007841371226357887,1912.9307320101345,1912.9307320101345,1.0
40490,Banco Supervielle,BANELCO,"PUEYRREDON, HONORIO, DR. AV. Y VALLESE, FELIPE",Caballito,Comuna 6,2,50-100 m,86.0,0.023524113679051644,3655.823176733901,1912.9307320101345,1.9111111111129
40490,Banco Supervielle,BANELCO,"PUEYRREDON, HONORIO, DR. AV. Y VALLESE, FELIPE",Caballito,Comuna 6,3,100-150 m,85.0,0.03920685613180504,2167.9881629439565,1912.9307320101345,1.1333333333328823
40399,Banco Santander Río,BANELCO,QUILMES Y USPALLATA,Nueva Pompeya,Comuna 4,1,0-50 m,2.0,0.007841371226357887,255.05743093468462,255.05743093468462,1.0
40399,Banco Santander Río,BANELCO,QUILMES Y USPALLATA,Nueva Pompeya,Comuna 4,2,50-100 m,1.0,0.023524113679051644,42.509571822487224,255.05743093468462,0.16666666666682267
40399,Banco Santander Río,BANELCO,QUILMES Y USPALLATA,Nueva Pompeya,Comuna 4,3,100-150 m,0.0,0.03920685613180504,0.0,255.05743093468462,0.0
40412,Banco Supervielle,BANELCO,QUILMES Y USPALLATA,Nueva Pompeya,Comuna 4,1,0-50 m,1.0,0.007841371226357887,127.52871546734231,127.52871546734231,1.0
40412,Banco Supervielle,BANELCO,QUILMES Y USPALLATA,Nueva Pompeya,Comuna 4,2,50-100 m,2.0,0.023524113679051644,85.01914364497445,127.52871546734231,0.6666666666672907
40412,Banco Supervielle,BANELCO,QUILMES Y USPALLATA,Nueva Pompeya,Comuna 4,3,100-150 m,13.0,0.03920685613180504,331.57466021495804,127.52871546734231,2.5999999999989654
40653,BBVA Banco Francés,BANELCO,QUILMES Y USPALLATA,Nueva Pompeya,Comuna 4,1,0-50 m,8.0,0.007841371226357887,1020.2297237387385,1020.2297237387385,1.0
40653,BBVA Banco Francés,BANELCO,QUILMES Y USPALLATA,Nueva Pompeya,Comuna 4,2,50-100 m,11.0,0.023524113679051644,467.60529004735946,1020.2297237387385,0.4583333333337623
40653,BBVA Banco Francés,BANELCO,QUILMES Y USPALLATA,Nueva Pompeya,Comuna 4,3,100-150 m,36.0,0.03920685613180504,918.2067513644993,1020.2297237387385,0.8999999999996419
41189,HSBC Bank Argentina,BANELCO,QUILMES Y USPALLATA,Nueva Pompeya,Comuna 4,1,0-50 m,26.0,0.007841371226357887,3315.7466021509,3315.7466021509,1.0
41189,HSBC Bank Argentina,BANELCO,QUILMES Y USPALLATA,Nueva Pompeya,Comuna 4,2,50-100 m,4.0,0.023524113679051644,170.0382872899489,3315.7466021509,0.051282051282099284
41189,HSBC Bank Argentina,BANELCO,QUILMES Y USPALLATA,Nueva Pompeya,Comuna 4,3,100-150 m,29.0,0.03920685613180504,739.6665497102911,3315.7466021509,0.22307692307683433
40607,BBVA Banco Francés,BANELCO,"QUINQUELA MARTIN, BENITO Y HORNOS, GRAL.",Barracas,Comuna 4,1,0-50 m,23.0,0.007841371226357887,2933.160455748873,2933.160455748873,1.0
40607,BBVA Banco Francés,BANELCO,"QUINQUELA MARTIN, BENITO Y HORNOS, GRAL.",Barracas,Comuna 4,2,50-100 m,79.0,0.023524113679051644,3358.2561739764906,2933.160455748873,1.1449275362329556
40607,BBVA Banco Francés,BANELCO,"QUINQUELA MARTIN, BENITO Y HORNOS, GRAL.",Barracas,Comuna 4,3,100-150 m,113.0,0.03920685613180504,2882.1489695607893,2933.160455748873,0.9826086956517829
40748,Banco Galicia,BANELCO,RAULIES Y WARNES AV.,Paternal,Comuna 15,1,0-50 m,14.0,0.007841371226357887,1785.4020165427924,1785.4020165427924,1.0
40748,Banco Galicia,BANELCO,RAULIES Y WARNES AV.,Paternal,Comuna 15,2,50-100 m,41.0,0.023524113679051644,1742.892444721976,1785.4020165427924,0.9761904761913898
40748,Banco Galicia,BANELCO,RAULIES Y WARNES AV.,Paternal,Comuna 15,3,100-150 m,55.0,0.03920685613180504,1402.8158701402072,1785.4020165427924,0.7857142857139731
41260,ICBC,BANELCO,Reconquista 1070,Retiro,Comuna 1,1,0-50 m,9.0,0.007841371226357887,1147.7584392060808,1147.7584392060808,1.0
41260,ICBC,BANELCO,Reconquista 1070,Retiro,Comuna 1,2,50-100 m,60.0,0.023524113679051644,2550.5743093492333,1147.7584392060808,2.222222222224302
41260,ICBC,BANELCO,Reconquista 1070,Retiro,Comuna 1,3,100-150 m,39.0,0.03920685613180504,994.7239806448741,1147.7584392060808,0.8666666666663217
40377,Banco Santander Río,BANELCO,RECONQUISTA 1104,Retiro,Comuna 1,1,0-50 m,21.0,0.007841371226357887,2678.1030248141883,2678.1030248141883,1.0
40377,Banco Santander Río,BANELCO,RECONQUISTA 1104,Retiro,Comuna 1,2,50-100 m,4.0,0.023524113679051644,170.0382872899489,2678.1030248141883,0.06349206349212293
40377,Banco Santander Río,BANELCO,RECONQUISTA 1104,Retiro,Comuna 1,3,100-150 m,0.0,0.03920685613180504,0.0,2678.1030248141883,0.0
40612,BBVA Banco Francés,BANELCO,RECONQUISTA 175,San Nicolas,Comuna 1,1,0-50 m,7.0,0.007841371226357887,892.7010082713962,892.7010082713962,1.0
40612,BBVA Banco Francés,BANELCO,RECONQUISTA 175,San Nicolas,Comuna 1,2,50-100 m,1.0,0.023524113679051644,42.509571822487224,892.7010082713962,0.04761904761909219
40612,BBVA Banco Francés,BANELCO,RECONQUISTA 175,San Nicolas,Comuna 1,3,100-150 m,0.0,0.03920685613180504,0.0,892.7010082713962,0.0
40482,Banco Supervielle,BANELCO,RECONQUISTA 330,San Nicolas,Comuna 1,1,0-50 m,26.0,0.007841371226357887,3315.7466021509,3315.7466021509,1.0
40482,Banco Supervielle,BANELCO,RECONQUISTA 330,San Nicolas,Comuna 1,2,50-100 m,1.0,0.023524113679051644,42.509571822487224,3315.7466021509,0.012820512820524821
40482,Banco Supervielle,BANELCO,RECONQUISTA 330,San Nicolas,Comuna 1,3,100-150 m,0.0,0.03920685613180504,0.0,3315.7466021509,0.0
40524,BBVA Banco Francés,BANELCO,RECONQUISTA 40,San Nicolas,Comuna 1,1,0-50 m,18.0,0.007841371226357887,2295.5168784121615,2295.5168784121615,1.0
40524,BBVA Banco Francés,BANELCO,RECONQUISTA 40,San Nicolas,Comuna 1,2,50-100 m,107.0,0.023524113679051644,4548.524185006133,2295.5168784121615,1.9814814814833361
40524,BBVA Banco Francés,BANELCO,RECONQUISTA 40,San Nicolas,Comuna 1,3,100-150 m,27.0,0.03920685613180504,688.6550635233745,2295.5168784121615,0.29999999999988064
39750,Banco Comafi,BANELCO,RECONQUISTA 823,Retiro,Comuna 1,1,0-50 m,126.0,0.007841371226357887,16068.61814888513,16068.61814888513,1.0
39750,Banco Comafi,BANELCO,RECONQUISTA 823,Retiro,Comuna 1,2,50-100 m,86.0,0.023524113679051644,3655.823176733901,16068.61814888513,0.22751322751344047
39750,Banco Comafi,BANELCO,RECONQUISTA 823,Retiro,Comuna 1,3,100-150 m,58.0,0.03920685613180504,1479.3330994205821,16068.61814888513,0.09206349206345543
41338,ICBC,BANELCO,"RECONQUISTA Y ROJAS, RICARDO, DR.",Retiro,Comuna 1,1,0-50 m,34.0,0.007841371226357887,4335.976325889638,4335.976325889638,1.0
41338,ICBC,BANELCO,"RECONQUISTA Y ROJAS, RICARDO, DR.",Retiro,Comuna 1,2,50-100 m,28.0,0.023524113679051644,1190.2680110296421,4335.976325889638,0.27450980392182556
41338,ICBC,BANELCO,"RECONQUISTA Y ROJAS, RICARDO, DR.",Retiro,Comuna 1,3,100-150 m,4.0,0.03920685613180504,102.02297237383324,4335.976325889638,0.023529411764696518
40586,BBVA Banco Francés,BANELCO,RECONQUISTA Y SARMIENTO,San Nicolas,Comuna 1,1,0-50 m,51.0,0.007841371226357887,6503.964488834457,6503.964488834457,1.0
40586,BBVA Banco Francés,BANELCO,RECONQUISTA Y SARMIENTO,San Nicolas,Comuna 1,2,50-100 m,2.0,0.023524113679051644,85.01914364497445,6503.964488834457,0.013071895424848837
40586,BBVA Banco Francés,BANELCO,RECONQUISTA Y SARMIENTO,San Nicolas,Comuna 1,3,100-150 m,0.0,0.03920685613180504,0.0,6503.964488834457,0.0
41180,HSBC Bank Argentina,BANELCO,REGIMIENTO DE PATRICIOS AV. Y PILCOMAYO,Boca,Comuna 4,1,0-50 m,110.0,0.007841371226357887,14028.158701407654,14028.158701407654,1.0
41180,HSBC Bank Argentina,BANELCO,REGIMIENTO DE PATRICIOS AV. Y PILCOMAYO,Boca,Comuna 4,2,50-100 m,45.0,0.023524113679051644,1912.930732011925,14028.158701407654,0.136363636363764
41180,HSBC Bank Argentina,BANELCO,REGIMIENTO DE PATRICIOS AV. Y PILCOMAYO,Boca,Comuna 4,3,100-150 m,72.0,0.03920685613180504,1836.4135027289985,14028.158701407654,0.13090909090903882
40428,Banco Supervielle,BANELCO,RIOBAMBA Y SARMIENTO,Balvanera,Comuna 3,1,0-50 m,41.0,0.007841371226357887,5228.677334161035,5228.677334161035,1.0
40428,Banco Supervielle,BANELCO,RIOBAMBA Y SARMIENTO,Balvanera,Comuna 3,2,50-100 m,124.0,0.023524113679051644,5271.186905988416,5228.677334161035,1.0081300813017564
40428,Banco Supervielle,BANELCO,RIOBAMBA Y SARMIENTO,Balvanera,Comuna 3,3,100-150 m,42.0,0.03920685613180504,1071.241209925249,5228.677334161035,0.20487804878040625
41133,HSBC Bank Argentina,BANELCO,"RIVADAVIA AV. Y COLOMBO, CARLOS AMBROSIO",Balvanera,Comuna 3,1,0-50 m,119.0,0.007841371226357887,15175.917140613734,15175.917140613734,1.0
41133,HSBC Bank Argentina,BANELCO,"RIVADAVIA AV. Y COLOMBO, CARLOS AMBROSIO",Balvanera,Comuna 3,2,50-100 m,88.0,0.023524113679051644,3740.8423203788757,15175.917140613734,0.24649859944000663
41133,HSBC Bank Argentina,BANELCO,"RIVADAVIA AV. Y COLOMBO, CARLOS AMBROSIO",Balvanera,Comuna 3,3,100-150 m,43.0,0.03920685613180504,1096.7469530187075,15175.917140613734,0.07226890756299646
39723,Banco Columbia,BANELCO,RIVADAVIA AV. Y ROJAS,Caballito,Comuna 6,1,0-50 m,143.0,0.007841371226357887,18236.60631182995,18236.60631182995,1.0
39723,Banco Columbia,BANELCO,RIVADAVIA AV. Y ROJAS,Caballito,Comuna 6,2,50-100 m,255.0,0.023524113679051644,10839.940814734242,18236.60631182995,0.5944055944061507
39723,Banco Columbia,BANELCO,RIVADAVIA AV. Y ROJAS,Caballito,Comuna 6,3,100-150 m,59.0,0.03920685613180504,1504.8388425140404,18236.60631182995,0.08251748251744968
40049,Banco Patagonia,BANELCO,R.L.FALCON 7145,Liniers,Comuna 9,1,0-50 m,62.0,0.007841371226357887,7906.780358975223,7906.780358975223,1.0
40049,Banco Patagonia,BANELCO,R.L.FALCON 7145,Liniers,Comuna 9,2,50-100 m,205.0,0.023524113679051644,8714.46222360988,7906.780358975223,1.1021505376354401
40049,Banco Patagonia,BANELCO,R.L.FALCON 7145,Liniers,Comuna 9,3,100-150 m,36.0,0.03920685613180504,918.2067513644993,7906.780358975223,0.11612903225801831
40249,Banco Santander Río,BANELCO,RODRIGUEZ PEÑA Y SANTA FE AV.,Recoleta,Comuna 2,1,0-50 m,67.0,0.007841371226357887,8544.423936311934,8544.423936311934,1.0
40249,Banco Santander Río,BANELCO,RODRIGUEZ PEÑA Y SANTA FE AV.,Recoleta,Comuna 2,2,50-100 m,199.0,0.023524113679051644,8459.404792674957,8544.423936311934,0.9900497512447077
40249,Banco Santander Río,BANELCO,RODRIGUEZ PEÑA Y SANTA FE AV.,Recoleta,Comuna 2,3,100-150 m,138.0,0.03920685613180504,3519.792546897247,8544.423936311934,0.4119402985072988
40580,BBVA Banco Francés,BANELCO,RODRIGUEZ PEÑA Y VIAMONTE,San Nicolas,Comuna 1,1,0-50 m,79.0,0.007841371226357887,10074.768521920043,10074.768521920043,1.0
40580,BBVA Banco Francés,BANELCO,RODRIGUEZ PEÑA Y VIAMONTE,San Nicolas,Comuna 1,2,50-100 m,43.0,0.023524113679051644,1827.9115883669506,10074.768521920043,0.18143459915628796
40580,BBVA Banco Francés,BANELCO,RODRIGUEZ PEÑA Y VIAMONTE,San Nicolas,Comuna 1,3,100-150 m,39.0,0.03920685613180504,994.7239806448741,10074.768521920043,0.09873417721515057
40610,BBVA Banco Francés,BANELCO,RONDEAU 3002,Parque Patricios,Comuna 4,1,0-50 m,64.0,0.007841371226357887,8161.837789909908,8161.837789909908,1.0
40610,BBVA Banco Francés,BANELCO,RONDEAU 3002,Parque Patricios,Comuna 4,2,50-100 m,89.0,0.023524113679051644,3783.3518922013627,8161.837789909908,0.4635416666671005
40610,BBVA Banco Francés,BANELCO,RONDEAU 3002,Parque Patricios,Comuna 4,3,100-150 m,42.0,0.03920685613180504,1071.241209925249,8161.837789909908,0.13124999999994777
41122,HSBC Bank Argentina,BANELCO,ROQUE SAENZ PENA 943,San Nicolas,Comuna 1,1,0-50 m,111.0,0.007841371226357887,14155.687416874996,14155.687416874996,1.0
41122,HSBC Bank Argentina,BANELCO,ROQUE SAENZ PENA 943,San Nicolas,Comuna 1,2,50-100 m,626.0,0.023524113679051644,26610.991960877,14155.687416874996,1.8798798798816392
41122,HSBC Bank Argentina,BANELCO,ROQUE SAENZ PENA 943,San Nicolas,Comuna 1,3,100-150 m,101.0,0.03920685613180504,2576.0800524392894,14155.687416874996,0.18198198198190954
40282,Banco Santander Río,BANELCO,ROSARIO 804,Caballito,Comuna 6,1,0-50 m,26.0,0.007841371226357887,3315.7466021509,3315.7466021509,1.0
40282,Banco Santander Río,BANELCO,ROSARIO 804,Caballito,Comuna 6,2,50-100 m,28.0,0.023524113679051644,1190.2680110296421,3315.7466021509,0.35897435897469493
40282,Banco Santander Río,BANELCO,ROSARIO 804,Caballito,Comuna 6,3,100-150 m,51.0,0.03920685613180504,1300.792897766374,3315.7466021509,0.3923076923075362
40831,Banco Galicia,BANELCO,"SAN JOSE Y YRIGOYEN, HIPOLITO",Monserrat,Comuna 1,1,0-50 m,34.0,0.007841371226357887,4335.976325889638,4335.976325889638,1.0
40831,Banco Galicia,BANELCO,"SAN JOSE Y YRIGOYEN, HIPOLITO",Monserrat,Comuna 1,2,50-100 m,92.0,0.023524113679051644,3910.8806076688243,4335.976325889638,0.9019607843145697
40831,Banco Galicia,BANELCO,"SAN JOSE Y YRIGOYEN, HIPOLITO",Monserrat,Comuna 1,3,100-150 m,82.0,0.03920685613180504,2091.4709336635815,4335.976325889638,0.48235294117627864
41126,HSBC Bank Argentina,BANELCO,SAN MARTIN 1225,Retiro,Comuna 1,1,0-50 m,9.0,0.007841371226357887,1147.7584392060808,1147.7584392060808,1.0
41126,HSBC Bank Argentina,BANELCO,SAN MARTIN 1225,Retiro,Comuna 1,2,50-100 m,49.0,0.023524113679051644,2082.9690193018737,1147.7584392060808,1.8148148148165133
41126,HSBC Bank Argentina,BANELCO,SAN MARTIN 1225,Retiro,Comuna 1,3,100-150 m,66.0,0.03920685613180504,1683.3790441682486,1147.7584392060808,1.466666666666083
40164,Banco Santander Río,BANELCO,SAN MARTIN 427,San Nicolas,Comuna 1,1,0-50 m,128.0,0.007841371226357887,16323.675579819816,16323.675579819816,1.0
40164,Banco Santander Río,BANELCO,SAN MARTIN 427,San Nicolas,Comuna 1,2,50-100 m,24.0,0.023524113679051644,1020.2297237396933,16323.675579819816,0.0625000000000585
40164,Banco Santander Río,BANELCO,SAN MARTIN 427,San Nicolas,Comuna 1,3,100-150 m,0.0,0.03920685613180504,0.0,16323.675579819816,0.0
41006,Banco Galicia,BANELCO,SAN MARTIN 550,San Nicolas,Comuna 1,1,0-50 m,54.0,0.007841371226357887,6886.550635236485,6886.550635236485,1.0
41006,Banco Galicia,BANELCO,SAN MARTIN 550,San Nicolas,Comuna 1,2,50-100 m,189.0,0.023524113679051644,8034.309074450085,6886.550635236485,1.1666666666677585
41006,Banco Galicia,BANELCO,SAN MARTIN 550,San Nicolas,Comuna 1,3,100-150 m,102.0,0.03920685613180504,2601.585795532748,6886.550635236485,0.37777777777762744
40313,Banco Santander Río,BANELCO,SAN MARTIN Y SARMIENTO,San Nicolas,Comuna 1,1,0-50 m,10.0,0.007841371226357887,1275.2871546734232,1275.2871546734232,1.0
40313,Banco Santander Río,BANELCO,SAN MARTIN Y SARMIENTO,San Nicolas,Comuna 1,2,50-100 m,23.0,0.023524113679051644,977.7201519172061,1275.2871546734232,0.7666666666673841
40313,Banco Santander Río,BANELCO,SAN MARTIN Y SARMIENTO,San Nicolas,Comuna 1,3,100-150 m,0.0,0.03920685613180504,0.0,1275.2871546734232,0.0
39710,Banco Columbia,BANELCO,SANTA FE AV. Y URIARTE,Palermo,Comuna 14,1,0-50 m,21.0,0.007841371226357887,2678.1030248141883,2678.1030248141883,1.0
39710,Banco Columbia,BANELCO,SANTA FE AV. Y URIARTE,Palermo,Comuna 14,2,50-100 m,4.0,0.023524113679051644,170.0382872899489,2678.1030248141883,0.06349206349212293
39710,Banco Columbia,BANELCO,SANTA FE AV. Y URIARTE,Palermo,Comuna 14,3,100-150 m,1.0,0.03920685613180504,25.50574309345831,2678.1030248141883,0.009523809523805734
40080,Banco Patagonia,BANELCO,SANTA FE AV. Y URIARTE,Palermo,Comuna 14,1,0-50 m,15.0,0.007841371226357887,1912.9307320101345,1912.9307320101345,1.0
40080,Banco Patagonia,BANELCO,SANTA FE AV. Y URIARTE,Palermo,Comuna 14,2,50-100 m,7.0,0.023524113679051644,297.56700275741053,1912.9307320101345,0.15555555555570114
40080,Banco Patagonia,BANELCO,SANTA FE AV. Y URIARTE,Palermo,Comuna 14,3,100-150 m,1.0,0.03920685613180504,25.50574309345831,1912.9307320101345,0.013333333333328028
41274,ICBC,BANELCO,SANTA FE AV. Y URIARTE,Palermo,Comuna 14,1,0-50 m,24.0,0.007841371226357887,3060.6891712162155,3060.6891712162155,1.0
41274,ICBC,BANELCO,SANTA FE AV. Y URIARTE,Palermo,Comuna 14,2,50-100 m,2.0,0.023524113679051644,85.01914364497445,3060.6891712162155,0.027777777777803776
41274,ICBC,BANELCO,SANTA FE AV. Y URIARTE,Palermo,Comuna 14,3,100-150 m,1.0,0.03920685613180504,25.50574309345831,3060.6891712162155,0.008333333333330016
40440,Banco Supervielle,BANELCO,SANTA FE AV. Y URIARTE,Palermo,Comuna 14,1,0-50 m,188.0,0.007841371226357887,23975.398507860355,23975.398507860355,1.0
40440,Banco Supervielle,BANELCO,SANTA FE AV. Y URIARTE,Palermo,Comuna 14,2,50-100 m,42.0,0.023524113679051644,1785.4020165444633,23975.398507860355,0.07446808510645267
40440,Banco Supervielle,BANELCO,SANTA FE AV. Y URIARTE,Palermo,Comuna 14,3,100-150 m,29.0,0.03920685613180504,739.6665497102911,23975.398507860355,0.03085106382977496
40743,Banco Galicia,BANELCO,SANTIAGO DEL ESTERO 446,Monserrat,Comuna 1,1,0-50 m,15.0,0.007841371226357887,1912.9307320101345,1912.9307320101345,1.0
40743,Banco Galicia,BANELCO,SANTIAGO DEL ESTERO 446,Monserrat,Comuna 1,2,50-100 m,93.0,0.023524113679051644,3953.3901794913118,1912.9307320101345,2.066666666668601
40743,Banco Galicia,BANELCO,SANTIAGO DEL ESTERO 446,Monserrat,Comuna 1,3,100-150 m,71.0,0.03920685613180504,1810.90775963554,1912.9307320101345,0.94666666666629
39777,Banco Comafi,BANELCO,SARMIENTO 2659/65,Balvanera,Comuna 3,1,0-50 m,51.0,0.007841371226357887,6503.964488834457,6503.964488834457,1.0
39777,Banco Comafi,BANELCO,SARMIENTO 2659/65,Balvanera,Comuna 3,2,50-100 m,305.0,0.023524113679051644,12965.419405858604,6503.964488834457,1.9934640522894478
39777,Banco Comafi,BANELCO,SARMIENTO 2659/65,Balvanera,Comuna 3,3,100-150 m,229.0,0.03920685613180504,5840.815168401953,6503.964488834457,0.8980392156859172
39819,Banco Itaú,BANELCO,SARMIENTO 345,San Nicolas,Comuna 1,1,0-50 m,3.0,0.007841371226357887,382.58614640202694,382.58614640202694,1.0
39819,Banco Itaú,BANELCO,SARMIENTO 345,San Nicolas,Comuna 1,2,50-100 m,0.0,0.023524113679051644,0.0,382.58614640202694,0.0
39819,Banco Itaú,BANELCO,SARMIENTO 345,San Nicolas,Comuna 1,3,100-150 m,0.0,0.03920685613180504,0.0,382.58614640202694,0.0
39917,Banco Macro,BANELCO,SARMIENTO 355,San Nicolas,Comuna 1,1,0-50 m,27.0,0.007841371226357887,3443.2753176182423,3443.2753176182423,1.0
39917,Banco Macro,BANELCO,SARMIENTO 355,San Nicolas,Comuna 1,2,50-100 m,1.0,0.023524113679051644,42.509571822487224,3443.2753176182423,0.012345679012357235
39917,Banco Macro,BANELCO,SARMIENTO 355,San Nicolas,Comuna 1,3,100-150 m,0.0,0.03920685613180504,0.0,3443.2753176182423,0.0
40285,Banco Santander Río,BANELCO,SARMIENTO 662/4,San Nicolas,Comuna 1,1,0-50 m,31.0,0.007841371226357887,3953.3901794876115,3953.3901794876115,1.0
40285,Banco Santander Río,BANELCO,SARMIENTO 662/4,San Nicolas,Comuna 1,2,50-100 m,82.0,0.023524113679051644,3485.784889443952,3953.3901794876115,0.8817204301083521
40285,Banco Santander Río,BANELCO,SARMIENTO 662/4,San Nicolas,Comuna 1,3,100-150 m,18.0,0.03920685613180504,459.10337568224963,3953.3901794876115,0.11612903225801831
39955,Banco Macro,BANELCO,SARMIENTO 735,San Nicolas,Comuna 1,1,0-50 m,24.0,0.007841371226357887,3060.6891712162155,3060.6891712162155,1.0
39955,Banco Macro,BANELCO,SARMIENTO 735,San Nicolas,Comuna 1,2,50-100 m,17.0,0.023524113679051644,722.6627209822827,3060.6891712162155,0.23611111111133207
39955,Banco Macro,BANELCO,SARMIENTO 735,San Nicolas,Comuna 1,3,100-150 m,55.0,0.03920685613180504,1402.8158701402072,3060.6891712162155,0.4583333333331509
40949,Banco Galicia,BANELCO,SARMIENTO AV. Y CALZADA CIRCULAR PLAZA ITALIA,Palermo,Comuna 14,1,0-50 m,49.0,0.007841371226357887,6248.9070578997735,6248.9070578997735,1.0
40949,Banco Galicia,BANELCO,SARMIENTO AV. Y CALZADA CIRCULAR PLAZA ITALIA,Palermo,Comuna 14,2,50-100 m,14.0,0.023524113679051644,595.1340055148211,6248.9070578997735,0.09523809523818436
40949,Banco Galicia,BANELCO,SARMIENTO AV. Y CALZADA CIRCULAR PLAZA ITALIA,Palermo,Comuna 14,3,100-150 m,12.0,0.03920685613180504,306.06891712149974,6248.9070578997735,0.0489795918367152
39932,Banco Macro,BANELCO,SARMIENTO Y 25 DE MAYO,San Nicolas,Comuna 1,1,0-50 m,65.0,0.007841371226357887,8289.36650537725,8289.36650537725,1.0
39932,Banco Macro,BANELCO,SARMIENTO Y 25 DE MAYO,San Nicolas,Comuna 1,2,50-100 m,34.0,0.023524113679051644,1445.3254419645655,8289.36650537725,0.17435897435913755
39932,Banco Macro,BANELCO,SARMIENTO Y 25 DE MAYO,San Nicolas,Comuna 1,3,100-150 m,11.0,0.03920685613180504,280.56317402804143,8289.36650537725,0.033846153846140384
40764,Banco Galicia,BANELCO,SCALABRINI ORTIZ 945,Villa Crespo,Comuna 15,1,0-50 m,22.0,0.007841371226357887,2805.6317402815307,2805.6317402815307,1.0
40764,Banco Galicia,BANELCO,SCALABRINI ORTIZ 945,Villa Crespo,Comuna 15,2,50-100 m,157.0,0.023524113679051644,6674.002776130494,2805.6317402815307,2.378787878790105
40764,Banco Galicia,BANELCO,SCALABRINI ORTIZ 945,Villa Crespo,Comuna 15,3,100-150 m,177.0,0.03920685613180504,4514.516527542121,2805.6317402815307,1.609090909090269
40848,Banco Galicia,BANELCO,"SEGUI, JUAN FRANCISCO Y SINCLAIR",Palermo,Comuna 14,1,0-50 m,7.0,0.007841371226357887,892.7010082713962,892.7010082713962,1.0
40848,Banco Galicia,BANELCO,"SEGUI, JUAN FRANCISCO Y SINCLAIR",Palermo,Comuna 14,2,50-100 m,35.0,0.023524113679051644,1487.8350137870527,892.7010082713962,1.6666666666682264
40848,Banco Galicia,BANELCO,"SEGUI, JUAN FRANCISCO Y SINCLAIR",Palermo,Comuna 14,3,100-150 m,55.0,0.03920685613180504,1402.8158701402072,892.7010082713962,1.5714285714279461
40137,Banco Santander Río,BANELCO,SENDERO COMPLEJO CIUDAD UNIVERSITARIA (SIN NOMBRE OFICIAL) Y COMPLEJO CIUDAD UNIVERSITARIA (SIN NOMBRE OFICIAL),Belgrano,Comuna 13,1,0-50 m,8.0,0.007841371226357887,1020.2297237387385,1020.2297237387385,1.0
40137,Banco Santander Río,BANELCO,SENDERO COMPLEJO CIUDAD UNIVERSITARIA (SIN NOMBRE OFICIAL) Y COMPLEJO CIUDAD UNIVERSITARIA (SIN NOMBRE OFICIAL),Belgrano,Comuna 13,2,50-100 m,1.0,0.023524113679051644,42.509571822487224,1020.2297237387385,0.04166666666670567
40137,Banco Santander Río,BANELCO,SENDERO COMPLEJO CIUDAD UNIVERSITARIA (SIN NOMBRE OFICIAL) Y COMPLEJO CIUDAD UNIVERSITARIA (SIN NOMBRE OFICIAL),Belgrano,Comuna 13,3,100-150 m,14.0,0.03920685613180504,357.08040330841635,1020.2297237387385,0.3499999999998607
39982,Banco Macro,BANELCO,SUAREZ 1754,Barracas,Comuna 4,1,0-50 m,37.0,0.007841371226357887,4718.5624722916655,4718.5624722916655,1.0
39982,Banco Macro,BANELCO,SUAREZ 1754,Barracas,Comuna 4,2,50-100 m,33.0,0.023524113679051644,1402.8158701420784,4718.5624722916655,0.2972972972975756
39982,Banco Macro,BANELCO,SUAREZ 1754,Barracas,Comuna 4,3,100-150 m,7.0,0.03920685613180504,178.54020165420818,4718.5624722916655,0.037837837837822776
40796,Banco Galicia,BANELCO,SUCRE 2162,Belgrano,Comuna 13,1,0-50 m,14.0,0.007841371226357887,1785.4020165427924,1785.4020165427924,1.0
40796,Banco Galicia,BANELCO,SUCRE 2162,Belgrano,Comuna 13,2,50-100 m,64.0,0.023524113679051644,2720.6125966391824,1785.4020165427924,1.5238095238109501
40796,Banco Galicia,BANELCO,SUCRE 2162,Belgrano,Comuna 13,3,100-150 m,41.0,0.03920685613180504,1045.7354668317907,1785.4020165427924,0.5857142857140526
40347,Banco Santander Río,BANELCO,SUIPACHA 1134,Retiro,Comuna 1,1,0-50 m,99.0,0.007841371226357887,12625.34283126689,12625.34283126689,1.0
40347,Banco Santander Río,BANELCO,SUIPACHA 1134,Retiro,Comuna 1,2,50-100 m,49.0,0.023524113679051644,2082.9690193018737,12625.34283126689,0.16498316498331936
40347,Banco Santander Río,BANELCO,SUIPACHA 1134,Retiro,Comuna 1,3,100-150 m,14.0,0.03920685613180504,357.08040330841635,12625.34283126689,0.028282828282817026
40419,Banco Supervielle,BANELCO,SUIPACHA 1280,Retiro,Comuna 1,1,0-50 m,62.0,0.007841371226357887,7906.780358975223,7906.780358975223,1.0
40419,Banco Supervielle,BANELCO,SUIPACHA 1280,Retiro,Comuna 1,2,50-100 m,95.0,0.023524113679051644,4038.4093231362863,7906.780358975223,0.5107526881725211
40419,Banco Supervielle,BANELCO,SUIPACHA 1280,Retiro,Comuna 1,3,100-150 m,134.0,0.03920685613180504,3417.7695745234137,7906.780358975223,0.432258064515957
40900,Banco Galicia,BANELCO,SUPERI 1801 Y LA PAMPA,Belgrano,Comuna 13,1,0-50 m,10.0,0.007841371226357887,1275.2871546734232,1275.2871546734232,1.0
40900,Banco Galicia,BANELCO,SUPERI 1801 Y LA PAMPA,Belgrano,Comuna 13,2,50-100 m,11.0,0.023524113679051644,467.60529004735946,1275.2871546734232,0.3666666666670098
40900,Banco Galicia,BANELCO,SUPERI 1801 Y LA PAMPA,Belgrano,Comuna 13,3,100-150 m,38.0,0.03920685613180504,969.2182375514159,1275.2871546734232,0.7599999999996976
40201,Banco Santander Río,BANELCO,TERRADA Y TRES ARROYOS,Villa Santa Rita,Comuna 11,1,0-50 m,13.0,0.007841371226357887,1657.87330107545,1657.87330107545,1.0
40201,Banco Santander Río,BANELCO,TERRADA Y TRES ARROYOS,Villa Santa Rita,Comuna 11,2,50-100 m,59.0,0.023524113679051644,2508.0647375267463,1657.87330107545,1.512820512821929
40201,Banco Santander Río,BANELCO,TERRADA Y TRES ARROYOS,Villa Santa Rita,Comuna 11,3,100-150 m,142.0,0.03920685613180504,3621.81551927108,1657.87330107545,2.1846153846145153
40536,BBVA Banco Francés,BANELCO,"TROILO, ANIBAL Y CORRIENTES AV.",Almagro,Comuna 5,1,0-50 m,230.0,0.007841371226357887,29331.604557488732,29331.604557488732,1.0
40536,BBVA Banco Francés,BANELCO,"TROILO, ANIBAL Y CORRIENTES AV.",Almagro,Comuna 5,2,50-100 m,192.0,0.023524113679051644,8161.837789917547,29331.604557488732,0.2782608695654778
40536,BBVA Banco Francés,BANELCO,"TROILO, ANIBAL Y CORRIENTES AV.",Almagro,Comuna 5,3,100-150 m,86.0,0.03920685613180504,2193.493906037415,29331.604557488732,0.07478260869562242
39986,Banco Patagonia,BANELCO,TTE. GRAL.J. D. PERON 500,San Nicolas,Comuna 1,1,0-50 m,41.0,0.007841371226357887,5228.677334161035,5228.677334161035,1.0
39986,Banco Patagonia,BANELCO,TTE. GRAL.J. D. PERON 500,San Nicolas,Comuna 1,2,50-100 m,2.0,0.023524113679051644,85.01914364497445,5228.677334161035,0.016260162601641235
39986,Banco Patagonia,BANELCO,TTE. GRAL.J. D. PERON 500,San Nicolas,Comuna 1,3,100-150 m,0.0,0.03920685613180504,0.0,5228.677334161035,0.0
40951,Banco Galicia,BANELCO,TTE. GRAL. PERON 407,San Nicolas,Comuna 1,1,0-50 m,44.0,0.007841371226357887,5611.263480563061,5611.263480563061,1.0
40951,Banco Galicia,BANELCO,TTE. GRAL. PERON 407,San Nicolas,Comuna 1,2,50-100 m,1.0,0.023524113679051644,42.509571822487224,5611.263480563061,0.007575757575764667
40951,Banco Galicia,BANELCO,TTE. GRAL. PERON 407,San Nicolas,Comuna 1,3,100-150 m,0.0,0.03920685613180504,0.0,5611.263480563061,0.0
40756,Banco Galicia,BANELCO,TTE. GRAL. PERON 430,San Nicolas,Comuna 1,1,0-50 m,14.0,0.007841371226357887,1785.4020165427924,1785.4020165427924,1.0
40756,Banco Galicia,BANELCO,TTE. GRAL. PERON 430,San Nicolas,Comuna 1,2,50-100 m,16.0,0.023524113679051644,680.1531491597956,1785.4020165427924,0.38095238095273753
40756,Banco Galicia,BANELCO,TTE. GRAL. PERON 430,San Nicolas,Comuna 1,3,100-150 m,0.0,0.03920685613180504,0.0,1785.4020165427924,0.0
40689,BBVA Banco Francés,BANELCO,TTE. GRAL. PERON 588,San Nicolas,Comuna 1,1,0-50 m,121.0,0.007841371226357887,15430.974571548419,15430.974571548419,1.0
40689,BBVA Banco Francés,BANELCO,TTE. GRAL. PERON 588,San Nicolas,Comuna 1,2,50-100 m,44.0,0.023524113679051644,1870.4211601894378,15430.974571548419,0.12121212121223467
40689,BBVA Banco Francés,BANELCO,TTE. GRAL. PERON 588,San Nicolas,Comuna 1,3,100-150 m,0.0,0.03920685613180504,0.0,15430.974571548419,0.0
40604,BBVA Banco Francés,BANELCO,TUCUMAN 101,San Nicolas,Comuna 1,1,0-50 m,67.0,0.007841371226357887,8544.423936311934,8544.423936311934,1.0
40604,BBVA Banco Francés,BANELCO,TUCUMAN 101,San Nicolas,Comuna 1,2,50-100 m,44.0,0.023524113679051644,1870.4211601894378,8544.423936311934,0.21890547263702081
40604,BBVA Banco Francés,BANELCO,TUCUMAN 101,San Nicolas,Comuna 1,3,100-150 m,48.0,0.03920685613180504,1224.275668485999,8544.423936311934,0.14328358208949524
41214,HSBC Bank Argentina,BANELCO,TUCUMAN 680,San Nicolas,Comuna 1,1,0-50 m,101.0,0.007841371226357887,12880.400262201572,12880.400262201572,1.0
41214,HSBC Bank Argentina,BANELCO,TUCUMAN 680,San Nicolas,Comuna 1,2,50-100 m,199.0,0.023524113679051644,8459.404792674957,12880.400262201572,0.6567656765682715
41214,HSBC Bank Argentina,BANELCO,TUCUMAN 680,San Nicolas,Comuna 1,3,100-150 m,110.0,0.03920685613180504,2805.6317402804143,12880.400262201572,0.21782178217813117
40018,Banco Patagonia,BANELCO,TUCUMAN 865,San Nicolas,Comuna 1,1,0-50 m,37.0,0.007841371226357887,4718.5624722916655,4718.5624722916655,1.0
40018,Banco Patagonia,BANELCO,TUCUMAN 865,San Nicolas,Comuna 1,2,50-100 m,117.0,0.023524113679051644,4973.619903231005,4718.5624722916655,1.0540540540550405
40018,Banco Patagonia,BANELCO,TUCUMAN 865,San Nicolas,Comuna 1,3,100-150 m,64.0,0.03920685613180504,1632.3675579813319,4718.5624722916655,0.34594594594580824
40629,BBVA Banco Francés,BANELCO,URUGUAY 1031,Retiro,Comuna 1,1,0-50 m,33.0,0.007841371226357887,4208.447610422296,4208.447610422296,1.0
40629,BBVA Banco Francés,BANELCO,URUGUAY 1031,Retiro,Comuna 1,2,50-100 m,118.0,0.023524113679051644,5016.129475053493,4208.447610422296,1.1919191919203076
40629,BBVA Banco Francés,BANELCO,URUGUAY 1031,Retiro,Comuna 1,3,100-150 m,81.0,0.03920685613180504,2065.9651905701235,4208.447610422296,0.4909090909088956
41174,HSBC Bank Argentina,BANELCO,URUGUAY 1071,Retiro,Comuna 1,1,0-50 m,7.0,0.007841371226357887,892.7010082713962,892.7010082713962,1.0
41174,HSBC Bank Argentina,BANELCO,URUGUAY 1071,Retiro,Comuna 1,2,50-100 m,9.0,0.023524113679051644,382.586146402385,892.7010082713962,0.42857142857182967
41174,HSBC Bank Argentina,BANELCO,URUGUAY 1071,Retiro,Comuna 1,3,100-150 m,2.0,0.03920685613180504,51.01148618691662,892.7010082713962,0.057142857142834395
41354,ICBC,BANELCO,URUGUAY 1081,Retiro,Comuna 1,1,0-50 m,115.0,0.007841371226357887,14665.802278744366,14665.802278744366,1.0
41354,ICBC,BANELCO,URUGUAY 1081,Retiro,Comuna 1,2,50-100 m,10.0,0.023524113679051644,425.0957182248722,14665.802278744366,0.028985507246403936
41354,ICBC,BANELCO,URUGUAY 1081,Retiro,Comuna 1,3,100-150 m,3.0,0.03920685613180504,76.51722928037493,14665.802278744366,0.005217391304345749
40462,Banco Supervielle,BANELCO,URUGUAY 1163,Retiro,Comuna 1,1,0-50 m,33.0,0.007841371226357887,4208.447610422296,4208.447610422296,1.0
40462,Banco Supervielle,BANELCO,URUGUAY 1163,Retiro,Comuna 1,2,50-100 m,139.0,0.023524113679051644,5908.830483325724,4208.447610422296,1.4040404040417183
40462,Banco Supervielle,BANELCO,URUGUAY 1163,Retiro,Comuna 1,3,100-150 m,96.0,0.03920685613180504,2448.551336971998,4208.447610422296,0.5818181818179503
41364,ICBC,BANELCO,"VALLE, ARISTOBULO DEL Y HORNOS, GRAL.",Barracas,Comuna 4,1,0-50 m,15.0,0.007841371226357887,1912.9307320101345,1912.9307320101345,1.0
41364,ICBC,BANELCO,"VALLE, ARISTOBULO DEL Y HORNOS, GRAL.",Barracas,Comuna 4,2,50-100 m,54.0,0.023524113679051644,2295.51687841431,1912.9307320101345,1.2000000000011233
41364,ICBC,BANELCO,"VALLE, ARISTOBULO DEL Y HORNOS, GRAL.",Barracas,Comuna 4,3,100-150 m,106.0,0.03920685613180504,2703.608767906581,1912.9307320101345,1.413333333332771
40565,BBVA Banco Francés,BANELCO,"VEGA, VENTURA DE LA Y SAENZ AV.",Nueva Pompeya,Comuna 4,1,0-50 m,67.0,0.007841371226357887,8544.423936311934,8544.423936311934,1.0
40565,BBVA Banco Francés,BANELCO,"VEGA, VENTURA DE LA Y SAENZ AV.",Nueva Pompeya,Comuna 4,2,50-100 m,138.0,0.023524113679051644,5866.320911503237,8544.423936311934,0.6865671641797472
40565,BBVA Banco Francés,BANELCO,"VEGA, VENTURA DE LA Y SAENZ AV.",Nueva Pompeya,Comuna 4,3,100-150 m,210.0,0.03920685613180504,5356.206049626246,8544.423936311934,0.6268656716415416
40682,BBVA Banco Francés,BANELCO,VENEZUELA 538,Monserrat,Comuna 1,1,0-50 m,20.0,0.007841371226357887,2550.5743093468463,2550.5743093468463,1.0
40682,BBVA Banco Francés,BANELCO,VENEZUELA 538,Monserrat,Comuna 1,2,50-100 m,198.0,0.023524113679051644,8416.89522085247,2550.5743093468463,3.300000000003088
40682,BBVA Banco Francés,BANELCO,VENEZUELA 538,Monserrat,Comuna 1,3,100-150 m,296.0,0.03920685613180504,7549.69995566366,2550.5743093468463,2.959999999998822
41313,ICBC,BANELCO,VIAMONTE 1453,San Nicolas,Comuna 1,1,0-50 m,39.0,0.007841371226357887,4973.61990322635,4973.61990322635,1.0
41313,ICBC,BANELCO,VIAMONTE 1453,San Nicolas,Comuna 1,2,50-100 m,103.0,0.023524113679051644,4378.485897716184,4973.61990322635,0.8803418803427042
41313,ICBC,BANELCO,VIAMONTE 1453,San Nicolas,Comuna 1,3,100-150 m,43.0,0.03920685613180504,1096.7469530187075,4973.61990322635,0.22051282051273277
41173,HSBC Bank Argentina,BANELCO,VIAMONTE 1574,San Nicolas,Comuna 1,1,0-50 m,24.0,0.007841371226357887,3060.6891712162155,3060.6891712162155,1.0
41173,HSBC Bank Argentina,BANELCO,VIAMONTE 1574,San Nicolas,Comuna 1,2,50-100 m,25.0,0.023524113679051644,1062.7392955621806,3060.6891712162155,0.34722222222254717
41173,HSBC Bank Argentina,BANELCO,VIAMONTE 1574,San Nicolas,Comuna 1,3,100-150 m,87.0,0.03920685613180504,2218.999649130873,3060.6891712162155,0.7249999999997114
39855,Banco Itaú,BANELCO,VIAMONTE 1601,San Nicolas,Comuna 1,1,0-50 m,91.0,0.007841371226357887,11605.11310752815,11605.11310752815,1.0
39855,Banco Itaú,BANELCO,VIAMONTE 1601,San Nicolas,Comuna 1,2,50-100 m,72.0,0.023524113679051644,3060.68917121908,11605.11310752815,0.2637362637365106
39855,Banco Itaú,BANELCO,VIAMONTE 1601,San Nicolas,Comuna 1,3,100-150 m,23.0,0.03920685613180504,586.6320911495412,11605.11310752815,0.05054945054943044
40630,BBVA Banco Francés,BANELCO,VIAMONTE 1799,San Nicolas,Comuna 1,1,0-50 m,178.0,0.007841371226357887,22700.11135318693,22700.11135318693,1.0
40630,BBVA Banco Francés,BANELCO,VIAMONTE 1799,San Nicolas,Comuna 1,2,50-100 m,93.0,0.023524113679051644,3953.3901794913118,22700.11135318693,0.17415730337094953
40630,BBVA Banco Francés,BANELCO,VIAMONTE 1799,San Nicolas,Comuna 1,3,100-150 m,453.0,0.03920685613180504,11554.101621336615,22700.11135318693,0.5089887640447412
41208,HSBC Bank Argentina,BANELCO,VIAMONTE 555,San Nicolas,Comuna 1,1,0-50 m,56.0,0.007841371226357887,7141.608066171169,7141.608066171169,1.0
41208,HSBC Bank Argentina,BANELCO,VIAMONTE 555,San Nicolas,Comuna 1,2,50-100 m,267.0,0.023524113679051644,11350.055676604088,7141.608066171169,1.5892857142872017
41208,HSBC Bank Argentina,BANELCO,VIAMONTE 555,San Nicolas,Comuna 1,3,100-150 m,160.0,0.03920685613180504,4080.91889495333,7141.608066171169,0.571428571428344
40135,Banco Santander Río,BANELCO,VIAMONTE 982,San Nicolas,Comuna 1,1,0-50 m,78.0,0.007841371226357887,9947.2398064527,9947.2398064527,1.0
40135,Banco Santander Río,BANELCO,VIAMONTE 982,San Nicolas,Comuna 1,2,50-100 m,51.0,0.023524113679051644,2167.988162946848,9947.2398064527,0.2179487179489219
40135,Banco Santander Río,BANELCO,VIAMONTE 982,San Nicolas,Comuna 1,3,100-150 m,34.0,0.03920685613180504,867.1952651775827,9947.2398064527,0.0871794871794525
41276,ICBC,BANELCO,VICENTE LOPEZ 2050,Recoleta,Comuna 2,1,0-50 m,218.0,0.007841371226357887,27801.259971880623,27801.259971880623,1.0
41276,ICBC,BANELCO,VICENTE LOPEZ 2050,Recoleta,Comuna 2,2,50-100 m,207.0,0.023524113679051644,8799.481367254855,27801.259971880623,0.31651376146818616
41276,ICBC,BANELCO,VICENTE LOPEZ 2050,Recoleta,Comuna 2,3,100-150 m,256.0,0.03920685613180504,6529.470231925327,27801.259971880623,0.23486238532100745
40585,BBVA Banco Francés,BANELCO,"VILLAFLOR, AZUCENA Y MANSO JUANA",Puerto Madero,Comuna 1,1,0-50 m,5.0,0.007841371226357887,637.6435773367116,637.6435773367116,1.0
40585,BBVA Banco Francés,BANELCO,"VILLAFLOR, AZUCENA Y MANSO JUANA",Puerto Madero,Comuna 1,2,50-100 m,12.0,0.023524113679051644,510.11486186984666,637.6435773367116,0.8000000000007487
40585,BBVA Banco Francés,BANELCO,"VILLAFLOR, AZUCENA Y MANSO JUANA",Puerto Madero,Comuna 1,3,100-150 m,1.0,0.03920685613180504,25.50574309345831,637.6435773367116,0.039999999999984076
40631,BBVA Banco Francés,BANELCO,"VILLAFLOR, AZUCENA Y MOREAU DE JUSTO, ALICIA AV.",Puerto Madero,Comuna 1,1,0-50 m,33.0,0.007841371226357887,4208.447610422296,4208.447610422296,1.0
40631,BBVA Banco Francés,BANELCO,"VILLAFLOR, AZUCENA Y MOREAU DE JUSTO, ALICIA AV.",Puerto Madero,Comuna 1,2,50-100 m,26.0,0.023524113679051644,1105.2488673846678,4208.447610422296,0.26262626262650846
40631,BBVA Banco Francés,BANELCO,"VILLAFLOR, AZUCENA Y MOREAU DE JUSTO, ALICIA AV.",Puerto Madero,Comuna 1,3,100-150 m,18.0,0.03920685613180504,459.10337568224963,4208.447610422296,0.10909090909086569
39781,Banco del Sol,BANELCO,VIRREY CEVALLOS 313,Monserrat,Comuna 1,1,0-50 m,22.0,0.007841371226357887,2805.6317402815307,2805.6317402815307,1.0
39781,Banco del Sol,BANELCO,VIRREY CEVALLOS 313,Monserrat,Comuna 1,2,50-100 m,24.0,0.023524113679051644,1020.2297237396933,2805.6317402815307,0.363636363636704
39781,Banco del Sol,BANELCO,VIRREY CEVALLOS 313,Monserrat,Comuna 1,3,100-150 m,93.0,0.03920685613180504,2372.034107691623,2805.6317402815307,0.845454545454209
