id_cajero,densidad_1,densidad_2,densidad_3,id_original,banco,red,barrio,comuna,tipo
0,1530.3445856081078,170.0382872899489,0.0,11073,NUEVO BANCO DE SANTA FE S.A.,LINK,San Nicolas,Comuna 1,A (0-50m)
1,6248.9070578997735,2082.9690193018737,459.10337568224963,11059,BANCO DE LA NACION ARGENTINA,LINK,San Nicolas,Comuna 1,A (0-50m)
2,1020.2297237387385,127.52871546746167,76.51722928037493,11033,BANCO DEL CHUBUT S.A.,LINK,San Nicolas,Comuna 1,A (0-50m)
3,1275.2871546734232,170.0382872899489,25.50574309345831,11069,BANCO DE SANTA CRUZ S.A.,LINK,San Nicolas,Comuna 1,A (0-50m)
4,1020.2297237387385,255.05743093492333,0.0,11046,BANCO DE LA CIUDAD DE BUENOS AIRES,LINK,San Nicolas,Comuna 1,A (0-50m)
5,13390.515124070942,382.586146402385,0.0,11020,BANCO DE FORMOSA S.A.,LINK,San Nicolas,Comuna 1,A (0-50m)
6,3315.7466021509,1530.34458560954,1045.7354668317907,10883,BANCO DE LA NACION ARGENTINA,LINK,Nueva Pompeya,Comuna 4,A (0-50m)
7,1912.9307320101345,680.1531491597956,25.50574309345831,11784,BANCO DE LA NACION ARGENTINA,LINK,,,A (0-50m)
8,0.0,850.1914364497444,484.60911877570794,11697,CABAL COOP. LTDA.,LINK,Puerto Madero,Comuna 1,B (50-100m)
9,892.7010082713962,510.11486186984666,0.0,11381,BANCO DE LA NACION ARGENTINA,LINK,Monserrat,Comuna 1,A (0-50m)
10,6376.435773367116,1615.3637292545145,714.1608066168327,11396,BANCO DE LA PROVINCIA DE BUENOS AIRES,LINK,Monserrat,Comuna 1,A (0-50m)
11,1402.8158701407654,3443.275317621465,459.10337568224963,11386,BANCO DE LA NACION ARGENTINA,LINK,Monserrat,Comuna 1,B (50-100m)
12,1020.2297237387385,892.7010082722317,663.1493204299161,11393,CABAL COOP. LTDA.,LINK,Monserrat,Comuna 1,A (0-50m)
13,2040.459447477477,510.11486186984666,892.7010082710409,11206,BANCO DE LA CIUDAD DE BUENOS AIRES,LINK,Villa Crespo,Comuna 15,A (0-50m)
14,6121.378342432431,2253.0073065918227,1096.7469530187075,11709,BANCO DE LA NACION ARGENTINA,LINK,Retiro,Comuna 1,A (0-50m)
15,16833.790441689183,4335.976325893696,1173.2641822990824,11667,BANCO DE LA CIUDAD DE BUENOS AIRES,LINK,Caballito,Comuna 6,A (0-50m)
16,7141.608066171169,2805.631740284157,2167.9881629439565,11665,BANCO DE LA CIUDAD DE BUENOS AIRES,LINK,Caballito,Comuna 6,A (0-50m)
17,9437.124944583331,3018.179599396593,1173.2641822990824,11683,BANCO DE LA CIUDAD DE BUENOS AIRES,LINK,Parque Patricios,Comuna 4,A (0-50m)
18,8799.481367246619,2210.4977347693357,4871.596930850537,11678,BANCO DE LA NACION ARGENTINA,LINK,Boca,Comuna 4,A (0-50m)
19,21297.295483046164,13305.4959804385,2346.528364598165,11679,BANCO DE LA CIUDAD DE BUENOS AIRES,LINK,Boca,Comuna 4,A (0-50m)
20,892.7010082713962,170.0382872899489,0.0,11775,BANCO DE LA PROVINCIA DE BUENOS AIRES,LINK,Monte Castro,Comuna 10,A (0-50m)
21,127.52871546734231,42.509571822487224,229.55168784112482,11226,BANCO DE LA PROVINCIA DE BUENOS AIRES,LINK,Monte Castro,Comuna 10,C (100-150m)
22,5228.677334161035,1530.34458560954,663.1493204299161,11776,BANCO DE LA NACION ARGENTINA,LINK,Monte Castro,Comuna 10,A (0-50m)
23,892.7010082713962,552.6244336923339,510.11486186916625,11534,BANCO DE LA NACION ARGENTINA,LINK,Liniers,Comuna 9,A (0-50m)
24,5356.206049628377,1657.8733010770018,382.58614640187466,11228,BANCO DE LA NACION ARGENTINA,LINK,Villa Ortuzar,Comuna 15,A (0-50m)
25,4463.505041356981,2210.4977347693357,561.1263480560829,10988,BANCO DE LA NACION ARGENTINA,LINK,Recoleta,Comuna 2,A (0-50m)
26,1530.3445856081078,0.0,357.08040330841635,11676,BANCO DE LA CIUDAD DE BUENOS AIRES,LINK,Barracas,Comuna 4,A (0-50m)
27,510.11486186936924,340.0765745798978,25.50574309345831,10886,BANCO DE LA NACION ARGENTINA,LINK,Nueva Pompeya,Comuna 4,A (0-50m)
28,5228.677334161035,3485.784889443952,1402.8158701402072,11713,BANCO DE LA NACION ARGENTINA,LINK,,,A (0-50m)
29,2933.160455748873,1445.3254419645655,1096.7469530187075,11431,BANCO DE LA CIUDAD DE BUENOS AIRES,LINK,Parque Chacabuco,Comuna 7,A (0-50m)
30,1657.87330107545,892.7010082722317,1249.7814115794572,11429,BANCO DE LA PROVINCIA DE BUENOS AIRES,LINK,Parque Chacabuco,Comuna 7,A (0-50m)
31,7396.665497105854,2082.9690193018737,6503.96448883187,11669,BANCO DE LA CIUDAD DE BUENOS AIRES,LINK,Caballito,Comuna 6,A (0-50m)
32,10329.825952854728,722.6627209822827,76.51722928037493,11180,BANCO DE LA CIUDAD DE BUENOS AIRES,LINK,Monserrat,Comuna 1,A (0-50m)
33,9564.653660050673,2593.083881171721,2372.034107691623,11188,BANCO DE LA NACION ARGENTINA,LINK,Balvanera,Comuna 3,A (0-50m)
34,4846.091187759008,2338.0264502367972,255.05743093458312,11390,BANCO DE LA CIUDAD DE BUENOS AIRES,LINK,Monserrat,Comuna 1,A (0-50m)
35,1912.9307320101345,255.05743093492333,76.51722928037493,10965,BANCO DE LA PROVINCIA DE BUENOS AIRES,LINK,Boedo,Comuna 5,A (0-50m)
36,7141.608066171169,4761.072044118569,943.7124944579575,10964,BANCO DE LA CIUDAD DE BUENOS AIRES,LINK,Boedo,Comuna 5,A (0-50m)
37,12497.814115799547,382.586146402385,408.09188949533296,11518,BANCO DE LA NACION ARGENTINA,LINK,Flores,Comuna 7,A (0-50m)
38,8034.309074442565,1487.8350137870527,2423.0455938785394,10951,BANCO PIANO S.A.,LINK,Palermo,Comuna 14,A (0-50m)
39,8671.952651779276,10584.883383799319,3978.8959225794965,10952,CABAL COOP. LTDA.,LINK,Colegiales,Comuna 13,B (50-100m)
40,15175.917140613734,680.1531491597956,1096.7469530187075,10950,BANCO DE LA NACION ARGENTINA,LINK,Belgrano,Comuna 13,A (0-50m)
41,4718.5624722916655,510.11486186984666,459.10337568224963,10959,BANCO DE LA PROVINCIA DE BUENOS AIRES,LINK,Belgrano,Comuna 13,A (0-50m)
42,10202.297237387385,1785.4020165444633,484.60911877570794,10958,BANCO DE LA CIUDAD DE BUENOS AIRES,LINK,Belgrano,Comuna 13,A (0-50m)
43,7779.2516435078805,297.56700275741053,102.02297237383324,11192,BANCO DE LA NACION ARGENTINA,LINK,Nuñez,Comuna 13,A (0-50m)
44,6631.4932043018,340.0765745798978,433.5976325887913,11193,CABAL COOP. LTDA.,LINK,Nuñez,Comuna 13,A (0-50m)
45,5611.263480563061,4718.562472296082,918.2067513644993,11197,BANCO HIPOTECARIO S.A.,LINK,Nuñez,Comuna 13,A (0-50m)
46,7651.722928040538,1147.758439207155,994.7239806448741,11194,BANCO DE LA CIUDAD DE BUENOS AIRES,LINK,Nuñez,Comuna 13,A (0-50m)
47,7779.2516435078805,2423.0455938817718,1326.2986408598322,11198,BANCO DE LA PROVINCIA DE BUENOS AIRES,LINK,Saavedra,Comuna 12,A (0-50m)
48,28183.84611828265,1530.34458560954,1657.8733010747903,11773,BANCO DE LA CIUDAD DE BUENOS AIRES,LINK,Colegiales,Comuna 13,A (0-50m)
49,6503.964488834457,340.0765745798978,204.04594474766648,10955,BANCO DE LA CIUDAD DE BUENOS AIRES,LINK,,,A (0-50m)
50,7651.722928040538,42.509571822487224,51.01148618691662,10954,BANCO DE LA CIUDAD DE BUENOS AIRES,LINK,,,A (0-50m)
51,47440.68215385134,2763.1221684616694,1759.8962734486236,10953,BANCO DE LA CIUDAD DE BUENOS AIRES,LINK,,,A (0-50m)
52,34432.75317618242,3485.784889443952,382.58614640187466,11014,BANCO DE LA NACION ARGENTINA,LINK,San Nicolas,Comuna 1,A (0-50m)
53,2678.1030248141883,1615.3637292545145,382.58614640187466,10998,BANCO DE LA CIUDAD DE BUENOS AIRES,LINK,Recoleta,Comuna 2,A (0-50m)
54,17598.962734493238,892.7010082722317,204.04594474766648,11045,BANCO DE LA PROVINCIA DE BUENOS AIRES,LINK,San Nicolas,Comuna 1,A (0-50m)
55,3443.2753176182423,85.01914364497445,25.50574309345831,11184,BANCO DE LA CIUDAD DE BUENOS AIRES,LINK,Balvanera,Comuna 3,A (0-50m)
56,6376.435773367116,255.05743093492333,102.02297237383324,11404,BANCO DE LA NACION ARGENTINA,LINK,Balvanera,Comuna 3,A (0-50m)
57,16323.675579819816,680.1531491597956,76.51722928037493,11166,BANCO DE LA CIUDAD DE BUENOS AIRES,LINK,,,A (0-50m)
58,5483.734765095719,9394.615372769676,6733.516176672994,11684,BANCO DE LA CIUDAD DE BUENOS AIRES,LINK,Parque Patricios,Comuna 4,B (50-100m)
59,9054.538798181304,3400.7657457989776,790.6780358972077,11687,BANCO DE LA CIUDAD DE BUENOS AIRES,LINK,Parque Patricios,Comuna 4,A (0-50m)
60,1275.2871546734232,170.0382872899489,25.50574309345831,11686,BANCO DE LA CIUDAD DE BUENOS AIRES,LINK,Parque Patricios,Comuna 4,A (0-50m)
61,10329.825952854728,552.6244336923339,153.03445856074987,11682,BANCO DE LA NACION ARGENTINA,LINK,Parque Patricios,Comuna 4,A (0-50m)
62,3315.7466021509,680.1531491597956,25.50574309345831,11689,BANCO DE LA PROVINCIA DE BUENOS AIRES,LINK,Parque Patricios,Comuna 4,A (0-50m)
63,44762.57912903715,1147.758439207155,637.6435773364578,11688,BANCO DE LA CIUDAD DE BUENOS AIRES,LINK,Parque Patricios,Comuna 4,A (0-50m)
64,5228.677334161035,3783.3518922013627,1938.4364751028318,11685,CABAL COOP. LTDA.,LINK,Parque Patricios,Comuna 4,A (0-50m)
65,0.0,340.0765745798978,1173.2641822990824,11727,BANCO DE LA CIUDAD DE BUENOS AIRES,LINK,Villa Riachuelo,Comuna 8,C (100-150m)
66,1147.7584392060808,1105.2488673846678,357.08040330841635,11732,CAJERO EXPRESS,LINK,Villa Riachuelo,Comuna 8,A (0-50m)
67,382.58614640202694,170.0382872899489,3009.6776850280808,11711,BANCO DE LA CIUDAD DE BUENOS AIRES,LINK,Retiro,Comuna 1,C (100-150m)
68,1530.3445856081078,3103.1987430415675,510.11486186916625,11722,BANCO DE LA NACION ARGENTINA,LINK,Retiro,Comuna 1,B (50-100m)
69,1020.2297237387385,3018.179599396593,2372.034107691623,11231,BANCO DE LA NACION ARGENTINA,LINK,Villa Urquiza,Comuna 12,B (50-100m)
70,2167.988162944819,340.0765745798978,0.0,10989,CABAL COOP. LTDA.,LINK,Recoleta,Comuna 2,A (0-50m)
71,16323.675579819816,722.6627209822827,0.0,11002,CABAL COOP. LTDA.,LINK,Recoleta,Comuna 2,A (0-50m)
72,4973.61990322635,6971.569778887904,2448.551336971998,10990,BANCO DE LA CIUDAD DE BUENOS AIRES,LINK,Recoleta,Comuna 2,B (50-100m)
73,10967.469530191438,2975.6700275741055,4744.068215383246,11209,BANCO DE LA NACION ARGENTINA,LINK,Villa Crespo,Comuna 15,A (0-50m)
74,10839.940814724096,1572.8541574320273,1657.8733010747903,11792,BANCO DE LA CIUDAD DE BUENOS AIRES,LINK,Palermo,Comuna 14,A (0-50m)
75,2805.6317402815307,1020.2297237396933,1275.2871546729157,11765,BANCO DE LA CIUDAD DE BUENOS AIRES,LINK,Chacarita,Comuna 15,A (0-50m)
76,3443.2753176182423,340.0765745798978,408.09188949533296,11705,BANCO DE LA CIUDAD DE BUENOS AIRES,LINK,Retiro,Comuna 1,A (0-50m)
77,4718.5624722916655,1955.4403038344121,1912.9307320093733,11037,BANCO DE LA PROVINCIA DE BUENOS AIRES,LINK,San Nicolas,Comuna 1,A (0-50m)
78,24740.57080066441,1615.3637292545145,688.6550635233745,11170,BANCO DE LA CIUDAD DE BUENOS AIRES,LINK,,,A (0-50m)
79,6248.9070578997735,510.11486186984666,0.0,11022,BANCO DE LA CIUDAD DE BUENOS AIRES,LINK,San Nicolas,Comuna 1,A (0-50m)
80,9437.124944583331,425.0957182248722,153.03445856074987,11039,CABAL COOP. LTDA.,LINK,San Nicolas,Comuna 1,A (0-50m)
81,22189.99649131756,1870.4211601894378,9972.7455495422,11191,CABAL COOP. LTDA.,LINK,Balvanera,Comuna 3,A (0-50m)
82,2805.6317402815307,6631.493204308007,1249.7814115794572,11162,BANCO DE LA NACION ARGENTINA,LINK,Balvanera,Comuna 3,B (50-100m)
83,4080.918894954954,85.01914364497445,51.01148618691662,11163,CABAL COOP. LTDA.,LINK,Balvanera,Comuna 3,A (0-50m)
84,36728.270054594585,2805.631740284157,969.2182375514159,11178,BANCO DE LA CIUDAD DE BUENOS AIRES,LINK,Balvanera,Comuna 3,A (0-50m)
85,39151.31564847409,12412.79497216627,2142.482419850498,11190,BANCO DE COMERCIO,LINK,Balvanera,Comuna 3,A (0-50m)
86,6759.021919769142,1020.2297237396933,102.02297237383324,11179,BANCO DE LA CIUDAD DE BUENOS AIRES,LINK,Balvanera,Comuna 3,A (0-50m)
87,42977.177112494355,340.0765745798978,1071.241209925249,11186,BANCO HIPOTECARIO S.A.,LINK,Balvanera,Comuna 3,A (0-50m)
88,8927.010082713961,297.56700275741053,178.54020165420818,11173,CABAL COOP. LTDA.,LINK,Balvanera,Comuna 3,A (0-50m)
89,12880.400262201572,1657.8733010770018,331.57466021495804,11164,BANCO DE LA NACION ARGENTINA,LINK,Balvanera,Comuna 3,A (0-50m)
90,5228.677334161035,42.509571822487224,0.0,11029,BANCO DE LA NACION ARGENTINA,LINK,San Nicolas,Comuna 1,A (0-50m)
91,11477.584392060808,1147.758439207155,1657.8733010747903,11420,BANCO HIPOTECARIO S.A.,LINK,Almagro,Comuna 5,A (0-50m)
92,17343.905303558553,4846.0911877635435,714.1608066168327,11415,BANCO DE LA PROVINCIA DE BUENOS AIRES,LINK,Almagro,Comuna 5,A (0-50m)
93,3443.2753176182423,24315.47508246269,2346.528364598165,11417,BANCO DE LA CIUDAD DE BUENOS AIRES,LINK,Almagro,Comuna 5,B (50-100m)
94,7014.079350703827,510.11486186984666,178.54020165420818,11416,CABAL COOP. LTDA.,LINK,Almagro,Comuna 5,A (0-50m)
95,12880.400262201572,1700.3828728994888,2372.034107691623,11418,BANCO DE LA NACION ARGENTINA,LINK,Almagro,Comuna 5,A (0-50m)
96,3443.2753176182423,1317.796726497104,1912.9307320093733,11213,BANCO DE LA CIUDAD DE BUENOS AIRES,LINK,Villa Crespo,Comuna 15,A (0-50m)
97,16323.675579819816,212.5478591124361,25.50574309345831,11212,BANCO DE LA CIUDAD DE BUENOS AIRES,LINK,Villa Crespo,Comuna 15,A (0-50m)
98,1402.8158701407654,127.52871546746167,51.01148618691662,11205,BANCO DE LA PROVINCIA DE BUENOS AIRES,LINK,Villa Crespo,Comuna 15,A (0-50m)
99,2678.1030248141883,1105.2488673846678,178.54020165420818,11208,BANCO DE LA NACION ARGENTINA,LINK,Villa Crespo,Comuna 15,A (0-50m)
100,76134.64313400336,3230.727458509029,3111.700657401914,11169,BANCO DE LA CIUDAD DE BUENOS AIRES,LINK,,,A (0-50m)
101,57005.33581390201,2167.988162946848,1555.850328700957,11768,BANCO DE LA CIUDAD DE BUENOS AIRES,LINK,,,A (0-50m)
102,13773.10127047297,4846.0911877635435,688.6550635233745,11767,BANCO DE LA CIUDAD DE BUENOS AIRES,LINK,,,A (0-50m)
103,68865.50635236484,10372.335524686883,102.02297237383324,11168,BANCO DE LA CIUDAD DE BUENOS AIRES,LINK,,,A (0-50m)
104,242942.20296528708,24570.532513397615,15890.077947224529,11165,BANCO DE LA CIUDAD DE BUENOS AIRES,LINK,,,A (0-50m)
105,11477.584392060808,1402.8158701420784,204.04594474766648,11167,BANCO DE LA CIUDAD DE BUENOS AIRES,LINK,,,A (0-50m)
106,1020.2297237387385,2210.4977347693357,765.1722928037493,10887,BANCO DE LA CIUDAD DE BUENOS AIRES,LINK,Nueva Pompeya,Comuna 4,B (50-100m)
107,1530.3445856081078,765.17229280477,127.52871546729156,11195,CABAL COOP. LTDA.,LINK,Belgrano,Comuna 13,A (0-50m)
108,2295.5168784121615,1615.3637292545145,357.08040330841635,11532,BANCO DE LA NACION ARGENTINA,LINK,Nuñez,Comuna 13,A (0-50m)
109,1020.2297237387385,0.0,178.54020165420818,11710,BANCO DE LA CIUDAD DE BUENOS AIRES,LINK,Retiro,Comuna 1,A (0-50m)
110,3825.861464020269,127.52871546746167,102.02297237383324,11702,BANCO DE LA CIUDAD DE BUENOS AIRES,LINK,Retiro,Comuna 1,A (0-50m)
111,1275.2871546734232,2975.6700275741055,943.7124944579575,11723,BANCO DE LA NACION ARGENTINA,LINK,Retiro,Comuna 1,B (50-100m)
112,10457.35466832207,850.1914364497444,714.1608066168327,11394,BANCO DE LA NACION ARGENTINA,LINK,Monserrat,Comuna 1,A (0-50m)
113,31117.006574031522,4888.600759586031,51.01148618691662,11388,BANCO DE LA CIUDAD DE BUENOS AIRES,LINK,Monserrat,Comuna 1,A (0-50m)
114,44379.99298263512,14283.216132355707,3927.88443639258,11383,BANCO DE LA CIUDAD DE BUENOS AIRES,LINK,,,A (0-50m)
115,27163.61639454391,7779.251643515162,2142.482419850498,11663,BANCO DE LA CIUDAD DE BUENOS AIRES,LINK,Caballito,Comuna 6,A (0-50m)
116,4463.505041356981,7949.289930805111,2040.459447476665,11666,BANCO DE LA CIUDAD DE BUENOS AIRES,LINK,Caballito,Comuna 6,B (50-100m)
117,3570.8040330855847,1530.34458560954,408.09188949533296,10982,CABAL COOP. LTDA.,LINK,Paternal,Comuna 15,A (0-50m)
118,10839.940814724096,1572.8541574320273,1938.4364751028318,11215,CABAL COOP. LTDA.,LINK,Villa Crespo,Comuna 15,A (0-50m)
119,5866.320911497746,2040.4594474793867,1785.4020165420818,11774,BANCO DE LA CIUDAD DE BUENOS AIRES,LINK,Colegiales,Comuna 13,A (0-50m)
120,5101.148618693693,2465.555165704259,4948.114160130913,11203,CABAL COOP. LTDA.,LINK,Constitucion,Comuna 1,A (0-50m)
121,37620.97106286598,552.6244336923339,204.04594474766648,11200,BANCO DE LA NACION ARGENTINA,LINK,San Cristobal,Comuna 3,A (0-50m)
122,4718.5624722916655,6844.041063420443,1963.94221819629,11199,BANCO PIANO S.A.,LINK,Constitucion,Comuna 1,B (50-100m)
123,15686.032002483103,2508.0647375267463,7243.63103854216,11675,BANCO DE LA CIUDAD DE BUENOS AIRES,LINK,Constitucion,Comuna 1,A (0-50m)
124,0.0,170.0382872899489,25.50574309345831,11681,BANCO DE LA NACION ARGENTINA,LINK,Boca,Comuna 4,B (50-100m)
125,765.1722928040539,170.0382872899489,306.06891712149974,11680,CABAL COOP. LTDA.,LINK,Boca,Comuna 4,A (0-50m)
126,2805.6317402815307,127.52871546746167,25.50574309345831,11523,BANCO DE LA NACION ARGENTINA,LINK,Flores,Comuna 7,A (0-50m)
127,1402.8158701407654,170.0382872899489,51.01148618691662,10981,CABAL COOP. LTDA.,LINK,Parque Avellaneda,Comuna 9,A (0-50m)
128,2423.045593879504,5058.639046875979,1249.7814115794572,10980,BANCO DE LA PROVINCIA DE BUENOS AIRES,LINK,Parque Avellaneda,Comuna 9,B (50-100m)
129,382.58614640202694,297.56700275741053,306.06891712149974,11216,BANCO DE LA NACION ARGENTINA,LINK,Villa Devoto,Comuna 11,A (0-50m)
130,2550.5743093468463,1912.930732011925,943.7124944579575,11434,BANCO DE LA CIUDAD DE BUENOS AIRES,LINK,Villa Real,Comuna 10,A (0-50m)
131,6248.9070578997735,1615.3637292545145,7473.182726383286,11091,CABAL COOP. LTDA.,LINK,Villa Soldati,Comuna 8,C (100-150m)
132,5866.320911497746,2338.0264502367972,3392.2638314299556,11772,BANCO DE LA NACION ARGENTINA,LINK,Colegiales,Comuna 13,A (0-50m)
133,2678.1030248141883,2848.141312106644,3570.8040330841636,11770,CABAL COOP. LTDA.,LINK,Chacarita,Comuna 15,C (100-150m)
134,2423.045593879504,4038.4093231362863,1657.8733010747903,11769,BANCO DE LA PROVINCIA DE BUENOS AIRES,LINK,Chacarita,Comuna 15,B (50-100m)
135,24230.45593879504,1402.8158701420784,586.6320911495412,10956,CABAL COOP. LTDA.,LINK,Belgrano,Comuna 13,A (0-50m)
136,10584.88338378941,2678.103024816695,2014.9537043832067,11766,BANCO DE LA NACION ARGENTINA,LINK,Chacarita,Comuna 15,A (0-50m)
137,4591.033756824323,510.11486186984666,51.01148618691662,11655,BANCO DE LA PROVINCIA DE BUENOS AIRES,LINK,Caballito,Comuna 6,A (0-50m)
138,6248.9070578997735,1572.8541574320273,1377.310127046749,11660,BANCO DE LA NACION ARGENTINA,LINK,Caballito,Comuna 6,A (0-50m)
139,4718.5624722916655,1615.3637292545145,1224.275668485999,11662,BANCO DE LA NACION ARGENTINA,LINK,Caballito,Comuna 6,A (0-50m)
140,892.7010082713962,1912.930732011925,867.1952651775827,11525,NUEVO BCO. INDUSTRIAL DE AZUL S.A.,LINK,Villa Santa Rita,Comuna 11,B (50-100m)
141,382.58614640202694,340.0765745798978,2346.528364598165,11717,BANCO DE LA NACION ARGENTINA,LINK,Retiro,Comuna 1,C (100-150m)
142,1402.8158701407654,425.0957182248722,1275.2871546729157,11007,BANCO DE LA CIUDAD DE BUENOS AIRES,LINK,Recoleta,Comuna 2,A (0-50m)
143,1147.7584392060808,2465.555165704259,1020.2297237383325,11005,BANCO DE LA NACION ARGENTINA,LINK,Recoleta,Comuna 2,B (50-100m)
144,16451.204295287156,3018.179599396593,3162.7121435888307,11003,BANCO DE LA NACION ARGENTINA,LINK,Recoleta,Comuna 2,A (0-50m)
145,3825.861464020269,255.05743093492333,714.1608066168327,10996,NUEVO BCO. INDUSTRIAL DE AZUL S.A.,LINK,Recoleta,Comuna 2,A (0-50m)
146,22572.582637719588,10074.768521929473,3239.2293728692057,10993,BANCO DE LA CIUDAD DE BUENOS AIRES,LINK,Recoleta,Comuna 2,A (0-50m)
147,14665.802278744366,4378.485897716184,1759.8962734486236,11788,BANCO DE LA CIUDAD DE BUENOS AIRES,LINK,Palermo,Comuna 14,A (0-50m)
148,892.7010082713962,765.17229280477,994.7239806448741,11232,CABAL COOP. LTDA.,LINK,Villa Pueyrredon,Comuna 12,C (100-150m)
149,4718.5624722916655,680.1531491597956,153.03445856074987,11217,BANCO DE LA NACION ARGENTINA,LINK,Villa Devoto,Comuna 11,A (0-50m)
150,5483.734765095719,2508.0647375267463,1224.275668485999,11224,BANCO DE LA NACION ARGENTINA,LINK,,,A (0-50m)
151,2423.045593879504,170.0382872899489,51.01148618691662,10977,BANCO DE LA NACION ARGENTINA,LINK,Mataderos,Comuna 9,A (0-50m)
152,765.1722928040539,552.6244336923339,637.6435773364578,11225,BANCO DE LA NACION ARGENTINA,LINK,Saavedra,Comuna 12,A (0-50m)
153,11860.170538462835,1020.2297237396933,1657.8733010747903,10963,BANCO DE LA NACION ARGENTINA,LINK,Almagro,Comuna 5,A (0-50m)
154,22445.053922252246,2933.1604557516184,5662.274966747746,11382,BANCO DE LA CIUDAD DE BUENOS AIRES,LINK,,,A (0-50m)
155,1530.3445856081078,722.6627209822827,1912.9307320093733,11089,BANCO DE LA CIUDAD DE BUENOS AIRES,LINK,Villa Soldati,Comuna 8,C (100-150m)
156,3825.861464020269,4761.072044118569,2218.999649130873,11656,BANCO DE LA CIUDAD DE BUENOS AIRES,LINK,Caballito,Comuna 6,B (50-100m)
157,892.7010082713962,807.6818646272573,382.58614640187466,10978,BANCO DE LA CIUDAD DE BUENOS AIRES,LINK,Mataderos,Comuna 9,A (0-50m)
158,2805.6317402815307,637.6435773373083,1198.7699253925407,10976,CABAL COOP. LTDA.,LINK,Mataderos,Comuna 9,A (0-50m)
159,6121.378342432431,1445.3254419645655,2193.493906037415,10979,BANCO DE LA PROVINCIA DE BUENOS AIRES,LINK,Mataderos,Comuna 9,A (0-50m)
160,14920.85970967905,425.0957182248722,1249.7814115794572,10973,BANCO DE LA NACION ARGENTINA,LINK,Mataderos,Comuna 9,A (0-50m)
161,5866.320911497746,2210.4977347693357,1683.3790441682486,10975,BANCO DE LA CIUDAD DE BUENOS AIRES,LINK,Mataderos,Comuna 9,A (0-50m)
162,3698.332748552927,1445.3254419645655,5534.746251280454,11422,CABAL COOP. LTDA.,LINK,Liniers,Comuna 9,C (100-150m)
163,6121.378342432431,40851.698521410224,9309.596229112283,11677,BANCO DE LA CIUDAD DE BUENOS AIRES,LINK,,,B (50-100m)
164,1912.9307320101345,212.5478591124361,51.01148618691662,11405,BANCO DE LA NACION ARGENTINA,LINK,Monserrat,Comuna 1,A (0-50m)
165,10839.940814724096,3103.1987430415675,1224.275668485999,11397,BANCO DE LA NACION ARGENTINA,LINK,Monserrat,Comuna 1,A (0-50m)
166,3443.2753176182423,1402.8158701420784,535.6206049626245,11385,BANCO DE LA NACION ARGENTINA,LINK,Monserrat,Comuna 1,A (0-50m)
167,19129.307320101347,425.0957182248722,306.06891712149974,11402,BANCO DE LA NACION ARGENTINA,LINK,,,A (0-50m)
168,2167.988162944819,5271.186905988416,2270.01113531779,11090,BANCO DE LA PROVINCIA DE BUENOS AIRES,LINK,Villa Soldati,Comuna 8,B (50-100m)
169,8544.423936311934,425.0957182248722,841.6895220841243,11430,CABAL COOP. LTDA.,LINK,Parque Chacabuco,Comuna 7,A (0-50m)
170,255.05743093468462,212.5478591124361,25.50574309345831,10967,BANCO DE LA NACION ARGENTINA,LINK,Parque Chacabuco,Comuna 7,A (0-50m)
171,3953.3901794876115,3315.7466021540035,1555.850328700957,10966,BANCO DE LA NACION ARGENTINA,LINK,Parque Chacabuco,Comuna 7,A (0-50m)
172,3953.3901794876115,1402.8158701420784,1657.8733010747903,10884,CABAL COOP. LTDA.,LINK,Nueva Pompeya,Comuna 4,A (0-50m)
173,7014.079350703827,4633.543328651107,4233.95335351408,11659,BANCO DE LA NACION ARGENTINA,LINK,Caballito,Comuna 6,A (0-50m)
174,382.58614640202694,0.0,0.0,11714,BANCO DE LA CIUDAD DE BUENOS AIRES,LINK,Retiro,Comuna 1,A (0-50m)
175,66059.87461208331,1700.3828728994888,1173.2641822990824,11703,BANCO DE LA CIUDAD DE BUENOS AIRES,LINK,,,A (0-50m)
176,3188.217886683558,765.17229280477,688.6550635233745,10974,BANCO DE LA PROVINCIA DE BUENOS AIRES,LINK,Mataderos,Comuna 9,A (0-50m)
177,8799.481367246619,5228.677334165928,969.2182375514159,11800,BANCO DE LA NACION ARGENTINA,LINK,Palermo,Comuna 14,A (0-50m)
178,7651.722928040538,2167.988162946848,357.08040330841635,11781,BANCO DE LA NACION ARGENTINA,LINK,Palermo,Comuna 14,A (0-50m)
179,255.05743093468462,170.0382872899489,0.0,11699,BANCO DE LA CIUDAD DE BUENOS AIRES,LINK,,,A (0-50m)
180,9309.596229115989,977.7201519172061,1938.4364751028318,11510,BANCO DE LA CIUDAD DE BUENOS AIRES,LINK,Boca,Comuna 4,A (0-50m)
181,6503.964488834457,1105.2488673846678,2116.97667675704,11501,BANCO DE LA CIUDAD DE BUENOS AIRES,LINK,Barracas,Comuna 4,A (0-50m)
182,10202.297237387385,3613.313604911414,2474.0570800654564,11502,BANCO DE LA NACION ARGENTINA,LINK,Barracas,Comuna 4,A (0-50m)
183,18491.663742764635,3060.68917121908,790.6780358972077,10961,BANCO DE LA CIUDAD DE BUENOS AIRES,LINK,Coghlan,Comuna 12,A (0-50m)
184,2678.1030248141883,3528.2944612664396,1912.9307320093733,10957,BANCO DE LA NACION ARGENTINA,LINK,Belgrano,Comuna 13,B (50-100m)
185,3188.217886683558,212.5478591124361,204.04594474766648,11498,BANCO DE LA NACION ARGENTINA,LINK,Barracas,Comuna 4,A (0-50m)
186,17726.49144996058,5526.244336923339,2014.9537043832067,11503,BANCO DE LA CIUDAD DE BUENOS AIRES,LINK,Barracas,Comuna 4,A (0-50m)
187,8161.837789909908,2040.4594474793867,1479.3330994205821,11500,BANCO DE LA PROVINCIA DE BUENOS AIRES,LINK,Barracas,Comuna 4,A (0-50m)
188,1657.87330107545,637.6435773373083,382.58614640187466,11233,BANCO DE LA NACION ARGENTINA,LINK,Villa Santa Rita,Comuna 11,A (0-50m)
189,3188.217886683558,2082.9690193018737,841.6895220841243,11234,CABAL COOP. LTDA.,LINK,Villa Santa Rita,Comuna 11,A (0-50m)
190,42594.59096609233,3145.7083148640545,5942.838140775787,11515,CABAL COOP. LTDA.,LINK,Flores,Comuna 7,A (0-50m)
191,1275.2871546734232,2550.5743093492333,2474.0570800654564,11086,BANCO DE LA CIUDAD DE BUENOS AIRES,LINK,San Telmo,Comuna 1,B (50-100m)
192,892.7010082713962,552.6244336923339,76.51722928037493,11392,BANCO DE LA NACION ARGENTINA,LINK,Monserrat,Comuna 1,A (0-50m)
193,4591.033756824323,4250.957182248722,1989.4479612897483,11391,BANCO DE LA CIUDAD DE BUENOS AIRES,LINK,Monserrat,Comuna 1,A (0-50m)
194,3825.861464020269,4931.110331408518,2448.551336971998,11380,BANCO DE LA NACION ARGENTINA,LINK,Monserrat,Comuna 1,B (50-100m)
195,4335.976325889638,3443.275317621465,204.04594474766648,11084,BANCO DE LA NACION ARGENTINA,LINK,San Telmo,Comuna 1,A (0-50m)
196,7269.136781638512,2423.0455938817718,4489.010784448663,11672,BANCO DE LA CIUDAD DE BUENOS AIRES,LINK,,,A (0-50m)
197,3698.332748552927,3443.275317621465,3468.7810607103306,11671,BANCO DE LA CIUDAD DE BUENOS AIRES,LINK,Caballito,Comuna 6,A (0-50m)
198,4208.447610422296,1445.3254419645655,1428.3216132336654,11401,BANCO DE LA NACION ARGENTINA,LINK,,,A (0-50m)
199,32647.35115963963,5823.811339680749,25.50574309345831,11047,BANCO DE LA CIUDAD DE BUENOS AIRES,LINK,San Nicolas,Comuna 1,A (0-50m)
200,3443.2753176182423,1360.3062983195912,1147.758439205624,11008,BANCO DE LA CIUDAD DE BUENOS AIRES,LINK,Recoleta,Comuna 2,A (0-50m)
201,8034.309074442565,2678.103024816695,1249.7814115794572,11001,BANCO HIPOTECARIO S.A.,LINK,Recoleta,Comuna 2,A (0-50m)
202,0.0,0.0,841.6895220841243,11799,BANCO DE LA PROVINCIA DE BUENOS AIRES,LINK,,,C (100-150m)
203,0.0,42.509571822487224,0.0,11725,BANCO DE LA NACION ARGENTINA,LINK,,,B (50-100m)
204,19766.95089743806,32094.726725977853,3953.3901794860385,11708,CABAL COOP. LTDA.,LINK,Retiro,Comuna 1,B (50-100m)
205,3570.8040330855847,2635.593452994208,127.52871546729156,11716,BANCO DE LA CIUDAD DE BUENOS AIRES,LINK,Retiro,Comuna 1,A (0-50m)
206,3060.6891712162155,552.6244336923339,51.01148618691662,11712,BANCO DE LA CIUDAD DE BUENOS AIRES,LINK,Retiro,Comuna 1,A (0-50m)
207,22062.46777585022,8374.385649029982,1351.8043839532904,11704,BANCO DE LA CIUDAD DE BUENOS AIRES,LINK,,,A (0-50m)
208,52669.35948801237,14963.369281515503,1708.8847872617068,11724,BANCO DE LA NACION ARGENTINA,LINK,,,A (0-50m)
209,4208.447610422296,4293.46675407121,7141.608066168327,11805,CABAL COOP. LTDA.,LINK,Palermo,Comuna 14,C (100-150m)
210,4080.918894954954,3103.1987430415675,739.6665497102911,11509,BANCO DE LA CIUDAD DE BUENOS AIRES,LINK,Boca,Comuna 4,A (0-50m)
211,3825.861464020269,3230.727458509029,1963.94221819629,11506,CABAL COOP. LTDA.,LINK,Barracas,Comuna 4,A (0-50m)
212,1912.9307320101345,127.52871546746167,306.06891712149974,11508,BANCO DE LA CIUDAD DE BUENOS AIRES,LINK,Boca,Comuna 4,A (0-50m)
213,10967.469530191438,1912.930732011925,4259.459096607538,11507,BANCO DE LA CIUDAD DE BUENOS AIRES,LINK,Boca,Comuna 4,A (0-50m)
214,1020.2297237387385,595.1340055148211,25.50574309345831,11101,BANCO DE LA CIUDAD DE BUENOS AIRES,LINK,Saavedra,Comuna 12,A (0-50m)
215,1530.3445856081078,2295.51687841431,1147.758439205624,11529,CABAL COOP. LTDA.,LINK,Saavedra,Comuna 12,B (50-100m)
216,1147.7584392060808,2593.083881171721,994.7239806448741,11432,BANCO DE LA NACION ARGENTINA,LINK,Villa Luro,Comuna 10,B (50-100m)
217,510.11486186936924,1105.2488673846678,178.54020165420818,11424,BANCO DE LA CIUDAD DE BUENOS AIRES,LINK,Liniers,Comuna 9,B (50-100m)
218,1785.4020165427924,42.509571822487224,306.06891712149974,11421,BANCO DE LA NACION ARGENTINA,LINK,Liniers,Comuna 9,A (0-50m)
219,8289.36650537725,4123.428466781261,12625.342831261865,11189,BANCO DE LA NACION ARGENTINA,LINK,Balvanera,Comuna 3,C (100-150m)
220,6248.9070578997735,42.509571822487224,0.0,11171,BANCO DE LA CIUDAD DE BUENOS AIRES,LINK,Balvanera,Comuna 3,A (0-50m)
221,4718.5624722916655,170.0382872899489,102.02297237383324,11177,CABAL COOP. LTDA.,LINK,Balvanera,Comuna 3,A (0-50m)
222,6759.021919769142,47695.73958483066,15354.457342261903,11175,BANCO DE LA PROVINCIA DE BUENOS AIRES,LINK,Balvanera,Comuna 3,B (50-100m)
223,11732.641822995492,31031.987430415673,4106.4246380467885,11161,BANCO DE LA NACION ARGENTINA,LINK,Balvanera,Comuna 3,B (50-100m)
224,3570.8040330855847,1742.892444721976,1326.2986408598322,11419,BANCO DE LA NACION ARGENTINA,LINK,Almagro,Comuna 5,A (0-50m)
225,21807.410344915534,7269.136781645315,7269.136781635619,11661,CABAL COOP. LTDA.,LINK,Caballito,Comuna 6,A (0-50m)
226,3698.332748552927,510.11486186984666,1453.8273563271239,11657,BANCO DE LA CIUDAD DE BUENOS AIRES,LINK,Caballito,Comuna 6,A (0-50m)
227,72181.25295451574,12370.285400343782,1351.8043839532904,11654,BANCO DE LA PROVINCIA DE BUENOS AIRES,LINK,Caballito,Comuna 6,A (0-50m)
228,3315.7466021509,42.509571822487224,25.50574309345831,11653,BANCO DE LA NACION ARGENTINA,LINK,Caballito,Comuna 6,A (0-50m)
229,9309.596229115989,1105.2488673846678,1963.94221819629,11668,BANCO DE LA CIUDAD DE BUENOS AIRES,LINK,Caballito,Comuna 6,A (0-50m)
230,16833.790441689183,1062.7392955621806,51.01148618691662,11513,BANCO PIANO S.A.,LINK,Flores,Comuna 7,A (0-50m)
231,17471.434019025895,1997.9498756568994,153.03445856074987,11520,BANCO DE LA PROVINCIA DE BUENOS AIRES,LINK,Flores,Comuna 7,A (0-50m)
232,5738.792196030404,212.5478591124361,76.51722928037493,11519,BANCO DE LA CIUDAD DE BUENOS AIRES,LINK,Flores,Comuna 7,A (0-50m)
233,68865.50635236484,8034.309074450085,433.5976325887913,11514,BANCO DE LA NACION ARGENTINA,LINK,Flores,Comuna 7,A (0-50m)
234,4846.091187759008,2593.083881171721,382.58614640187466,11522,BANCO DE LA CIUDAD DE BUENOS AIRES,LINK,Flores,Comuna 7,A (0-50m)
235,3060.6891712162155,4080.9188949587733,918.2067513644993,11527,BANCO HIPOTECARIO S.A.,LINK,Flores,Comuna 7,B (50-100m)
236,10712.412099256753,5271.186905988416,3264.7351159626637,10971,BANCO DE LA PROVINCIA DE BUENOS AIRES,LINK,Velez Sarsfield,Comuna 10,A (0-50m)
237,2167.988162944819,425.0957182248722,1020.2297237383325,10969,BANCO DE LA NACION ARGENTINA,LINK,Velez Sarsfield,Comuna 10,A (0-50m)
238,4208.447610422296,1147.758439207155,663.1493204299161,10968,BANCO PIANO S.A.,LINK,Velez Sarsfield,Comuna 10,A (0-50m)
239,8671.952651779276,1572.8541574320273,255.05743093458312,11658,BANCO DE LA CIUDAD DE BUENOS AIRES,LINK,,,A (0-50m)
240,39151.31564847409,5271.186905988416,943.7124944579575,10885,BANCO DE LA CIUDAD DE BUENOS AIRES,LINK,Nueva Pompeya,Comuna 4,A (0-50m)
241,2550.5743093468463,637.6435773373083,76.51722928037493,11202,BANCO DE LA CIUDAD DE BUENOS AIRES,LINK,San Cristobal,Comuna 3,A (0-50m)
242,7524.194212573197,6716.512347952981,1326.2986408598322,11204,BANCO DE LA NACION ARGENTINA,LINK,San Cristobal,Comuna 3,A (0-50m)
243,4591.033756824323,1912.930732011925,2856.643226467331,11664,BANCO DE LA CIUDAD DE BUENOS AIRES,LINK,Caballito,Comuna 6,A (0-50m)
244,4846.091187759008,1827.9115883669506,1887.424988915915,10983,BANCO DE LA NACION ARGENTINA,LINK,Villa Gral. Mitre,Comuna 11,A (0-50m)
245,2423.045593879504,807.6818646272573,459.10337568224963,11222,BANCO DE LA PROVINCIA DE BUENOS AIRES,LINK,Villa Devoto,Comuna 11,A (0-50m)
246,1402.8158701407654,467.60529004735946,1198.7699253925407,11223,BANCO PIANO S.A.,LINK,Villa Devoto,Comuna 11,A (0-50m)
247,2295.5168784121615,340.0765745798978,51.01148618691662,11010,BANCO DE LA NACION ARGENTINA,LINK,Retiro,Comuna 1,A (0-50m)
248,8799.481367246619,1190.2680110296421,76.51722928037493,10999,BANCO HIPOTECARIO S.A.,LINK,Recoleta,Comuna 2,A (0-50m)
249,22445.053922252246,8416.89522085247,2423.0455938785394,10991,BANCO DE LA PROVINCIA DE BUENOS AIRES,LINK,Recoleta,Comuna 2,A (0-50m)
250,6376.435773367116,85.01914364497445,102.02297237383324,10987,BANCO DE LA NACION ARGENTINA,LINK,Recoleta,Comuna 2,A (0-50m)
251,3698.332748552927,2210.4977347693357,637.6435773364578,11803,BANCO DE LA NACION ARGENTINA,LINK,Recoleta,Comuna 2,A (0-50m)
252,1530.3445856081078,340.0765745798978,76.51722928037493,10985,BANCO DE LA CIUDAD DE BUENOS AIRES,LINK,Recoleta,Comuna 2,A (0-50m)
253,73073.95396278714,1700.3828728994888,25.50574309345831,11797,BANCO HIPOTECARIO S.A.,LINK,Palermo,Comuna 14,A (0-50m)
254,31627.12143590089,2550.5743093492333,1581.3560717944154,11804,BANCO DE LA CIUDAD DE BUENOS AIRES,LINK,Palermo,Comuna 14,A (0-50m)
255,5228.677334161035,1232.7775828521294,510.11486186916625,11791,BANCO DE LA PROVINCIA DE BUENOS AIRES,LINK,Palermo,Comuna 14,A (0-50m)
256,40299.07408768017,16111.127720722658,6095.872599336537,11778,BANCO DE LA NACION ARGENTINA,LINK,Palermo,Comuna 14,A (0-50m)
257,6121.378342432431,1827.9115883669506,382.58614640187466,11786,BANCO DE LA CIUDAD DE BUENOS AIRES,LINK,Palermo,Comuna 14,A (0-50m)
258,9182.067513648646,85.01914364497445,51.01148618691662,11793,BANCO DE LA CIUDAD DE BUENOS AIRES,LINK,Palermo,Comuna 14,A (0-50m)
259,765.1722928040539,0.0,0.0,11004,BANCO DE LA NACION ARGENTINA,LINK,Retiro,Comuna 1,A (0-50m)
260,8161.837789909908,6716.512347952981,2754.620254093498,11783,BANCO DE LA CIUDAD DE BUENOS AIRES,LINK,,,A (0-50m)
261,60448.61113152026,5356.20604963339,3953.3901794860385,11782,BANCO DE LA CIUDAD DE BUENOS AIRES,LINK,,,A (0-50m)
262,20659.651905709456,1360.3062983195912,280.56317402804143,10997,BANCO DE LA CIUDAD DE BUENOS AIRES,LINK,,,A (0-50m)
263,11732.641822995492,1785.4020165444633,484.60911877570794,11207,BANCO PIANO S.A.,LINK,Villa Crespo,Comuna 15,A (0-50m)
264,3060.6891712162155,977.7201519172061,1020.2297237383325,10970,BANCO DE LA CIUDAD DE BUENOS AIRES,LINK,Floresta,Comuna 10,A (0-50m)
265,1785.4020165427924,1700.3828728994888,714.1608066168327,10972,BANCO DE LA CIUDAD DE BUENOS AIRES,LINK,Monte Castro,Comuna 10,A (0-50m)
266,5738.792196030404,2082.9690193018737,2448.551336971998,11511,BANCO DE LA CIUDAD DE BUENOS AIRES,LINK,Barracas,Comuna 4,A (0-50m)
267,4973.61990322635,1870.4211601894378,1326.2986408598322,11227,CABAL COOP. LTDA.,LINK,Villa Ortuzar,Comuna 15,A (0-50m)
268,7651.722928040538,510.11486186984666,306.06891712149974,11095,BANCO PIANO S.A.,LINK,Villa Urquiza,Comuna 12,A (0-50m)
269,2295.5168784121615,42.509571822487224,204.04594474766648,11102,BANCO HIPOTECARIO S.A.,LINK,Villa Urquiza,Comuna 12,A (0-50m)
270,2295.5168784121615,85.01914364497445,102.02297237383324,11097,BANCO DE LA CIUDAD DE BUENOS AIRES,LINK,Villa Urquiza,Comuna 12,A (0-50m)
271,1147.7584392060808,2338.0264502367972,76.51722928037493,11099,BANCO DE LA PROVINCIA DE BUENOS AIRES,LINK,Villa Urquiza,Comuna 12,B (50-100m)
272,23847.869792393012,2550.5743093492333,3060.6891712149973,11096,BANCO DE LA NACION ARGENTINA,LINK,Villa Urquiza,Comuna 12,A (0-50m)
273,4463.505041356981,340.0765745798978,280.56317402804143,10984,BANCO DE LA CIUDAD DE BUENOS AIRES,LINK,Paternal,Comuna 15,A (0-50m)
274,14665.802278744366,5228.677334165928,1887.424988915915,11174,CABAL COOP. LTDA.,LINK,Balvanera,Comuna 3,A (0-50m)
275,2678.1030248141883,9692.182375527087,3341.2523452430387,11176,BANCO DE LA PROVINCIA DE BUENOS AIRES,LINK,Balvanera,Comuna 3,B (50-100m)
276,3953.3901794876115,1572.8541574320273,1173.2641822990824,11085,BANCO DE LA NACION ARGENTINA,LINK,San Telmo,Comuna 1,A (0-50m)
277,382.58614640202694,170.0382872899489,25.50574309345831,11398,BANCO DE LA NACION ARGENTINA,LINK,,,A (0-50m)
278,1912.9307320101345,2082.9690193018737,382.58614640187466,11379,BANCO DE LA NACION ARGENTINA,LINK,Monserrat,Comuna 1,B (50-100m)
279,1147.7584392060808,255.05743093492333,51.01148618691662,11087,BANCO DE LA NACION ARGENTINA,LINK,Monserrat,Comuna 1,A (0-50m)
280,3825.861464020269,1700.3828728994888,0.0,11078,BANCO DE LA NACION ARGENTINA,LINK,Monserrat,Comuna 1,A (0-50m)
281,7014.079350703827,892.7010082722317,51.01148618691662,11082,BANCO SAENZ S.A.,LINK,San Nicolas,Comuna 1,A (0-50m)
282,1530.3445856081078,467.60529004735946,1122.2526961121657,11673,BANCO DE LA NACION ARGENTINA,LINK,Constitucion,Comuna 1,A (0-50m)
283,1657.87330107545,637.6435773373083,51.01148618691662,11384,BANCO DE LA CIUDAD DE BUENOS AIRES,LINK,Monserrat,Comuna 1,A (0-50m)
284,2805.6317402815307,1020.2297237396933,1479.3330994205821,11064,BANCO DE LA NACION ARGENTINA,LINK,Monserrat,Comuna 1,A (0-50m)
285,4463.505041356981,3060.68917121908,2474.0570800654564,11674,BANCO DE LA PROVINCIA DE BUENOS AIRES,LINK,Constitucion,Comuna 1,A (0-50m)
286,2933.160455748873,3528.2944612664396,969.2182375514159,11796,BANCO DE LA CIUDAD DE BUENOS AIRES,LINK,Palermo,Comuna 14,B (50-100m)
287,1275.2871546734232,340.0765745798978,102.02297237383324,11042,BANCO DE LA PROVINCIA DE BUENOS AIRES,LINK,San Nicolas,Comuna 1,A (0-50m)
288,637.6435773367116,0.0,25.50574309345831,11012,BANCO DE LA NACION ARGENTINA,LINK,San Nicolas,Comuna 1,A (0-50m)
289,1530.3445856081078,0.0,0.0,11043,BANCO DE LA PROVINCIA DE CORDOBA S.A.,LINK,San Nicolas,Comuna 1,A (0-50m)
290,3188.217886683558,85.01914364497445,0.0,11053,BANCO DE LA NACION ARGENTINA,LINK,San Nicolas,Comuna 1,A (0-50m)
291,510.11486186936924,0.0,0.0,11050,BANCO DE LA PROVINCIA DE BUENOS AIRES,LINK,San Nicolas,Comuna 1,A (0-50m)
292,10457.35466832207,2082.9690193018737,51.01148618691662,11400,BANCO DE LA CIUDAD DE BUENOS AIRES,LINK,Monserrat,Comuna 1,A (0-50m)
293,127.52871546734231,42.509571822487224,51.01148618691662,11721,BANCO DE LA NACION ARGENTINA,LINK,,,A (0-50m)
294,3443.2753176182423,680.1531491597956,510.11486186916625,11504,BANCO DE LA CIUDAD DE BUENOS AIRES,LINK,Barracas,Comuna 4,A (0-50m)
295,3060.6891712162155,2167.988162946848,2193.493906037415,11098,CABAL COOP. LTDA.,LINK,Villa Urquiza,Comuna 12,A (0-50m)
296,3443.2753176182423,6886.55063524293,4361.482068981371,11787,BANCO DE LA CIUDAD DE BUENOS AIRES,LINK,Almagro,Comuna 5,B (50-100m)
297,8671.952651779276,6121.37834243816,1632.3675579813319,11789,BANCO DE LA CIUDAD DE BUENOS AIRES,LINK,Palermo,Comuna 14,A (0-50m)
298,5611.263480563061,1657.8733010770018,918.2067513644993,11777,BANCO DE LA CIUDAD DE BUENOS AIRES,LINK,Monte Castro,Comuna 10,A (0-50m)
299,3315.7466021509,2508.0647375267463,1402.8158701402072,11214,CABAL COOP. LTDA.,LINK,Villa Crespo,Comuna 15,A (0-50m)
300,6631.4932043018,3358.2561739764906,2933.160455747706,11701,BANCO DE LA NACION ARGENTINA,LINK,Retiro,Comuna 1,A (0-50m)
301,11860.170538462835,5526.244336923339,1734.3905303551653,11025,BANCO DE LA PROVINCIA DE BUENOS AIRES,LINK,San Nicolas,Comuna 1,A (0-50m)
302,33922.63831431305,3613.313604911414,0.0,11017,BANCO DE LA CIUDAD DE BUENOS AIRES,LINK,,,A (0-50m)
303,637.6435773367116,340.0765745798978,178.54020165420818,11802,BANCO DE LA NACION ARGENTINA,LINK,Palermo,Comuna 14,A (0-50m)
304,9437.124944583331,6503.964488840545,25.50574309345831,11049,BANCO DE LA NACION ARGENTINA,LINK,San Nicolas,Comuna 1,A (0-50m)
305,13900.629985940312,1317.796726497104,51.01148618691662,11080,BANCO DE SAN JUAN S.A.,LINK,San Nicolas,Comuna 1,A (0-50m)
306,0.0,127.52871546746167,0.0,11061,NUEVO BANCO DE ENTRE RIOS S.A.,LINK,San Nicolas,Comuna 1,B (50-100m)
307,127.52871546734231,807.6818646272573,0.0,11062,NUEVO BANCO DE SANTA FE S.A.,LINK,San Nicolas,Comuna 1,B (50-100m)
308,1402.8158701407654,5356.20604963339,586.6320911495412,11715,BANCO DE LA CIUDAD DE BUENOS AIRES,LINK,San Nicolas,Comuna 1,B (50-100m)
309,25123.156947066436,4931.110331408518,2678.103024813123,11785,BANCO DE LA CIUDAD DE BUENOS AIRES,LINK,Palermo,Comuna 14,A (0-50m)
310,3188.217886683558,2295.51687841431,994.7239806448741,11083,BANCO DE LA NACION ARGENTINA,LINK,Monserrat,Comuna 1,A (0-50m)
311,0.0,467.60529004735946,102.02297237383324,10937,BANCO DE LA NACION ARGENTINA,LINK,,,B (50-100m)
312,255.05743093468462,42.509571822487224,459.10337568224963,11794,BANCO DE LA CIUDAD DE BUENOS AIRES,LINK,,,C (100-150m)
313,5101.148618693693,3825.86146402385,2933.160455747706,11690,BANCO DE LA CIUDAD DE BUENOS AIRES,LINK,Parque Patricios,Comuna 4,A (0-50m)
314,0.0,680.1531491597956,1402.8158701402072,11229,BANCO DE LA CIUDAD DE BUENOS AIRES,LINK,Parque Chas,Comuna 15,C (100-150m)
315,4463.505041356981,3018.179599396593,1275.2871546729157,11093,BANCO DE LA NACION ARGENTINA,LINK,Villa Lugano,Comuna 8,A (0-50m)
316,3060.6891712162155,722.6627209822827,102.02297237383324,11425,BANCO DE LA PROVINCIA DE BUENOS AIRES,LINK,Liniers,Comuna 9,A (0-50m)
317,3698.332748552927,1530.34458560954,0.0,10891,BANCO DE LA PROVINCIA DE BUENOS AIRES,LINK,Villa Del Parque,Comuna 11,A (0-50m)
318,5993.849626965089,2210.4977347693357,484.60911877570794,10890,BANCO DE LA NACION ARGENTINA,LINK,Villa Del Parque,Comuna 11,A (0-50m)
319,7524.194212573197,1402.8158701420784,0.0,11210,CABAL COOP. LTDA.,LINK,Villa Crespo,Comuna 15,A (0-50m)
320,255.05743093468462,7056.588922532879,1530.3445856074986,11517,BANCO DE LA CIUDAD DE BUENOS AIRES,LINK,Flores,Comuna 7,B (50-100m)
321,8671.952651779276,1105.2488673846678,943.7124944579575,11505,BANCO DE LA CIUDAD DE BUENOS AIRES,LINK,Barracas,Comuna 4,A (0-50m)
322,765.1722928040539,212.5478591124361,331.57466021495804,11700,BANCO DE LA NACION ARGENTINA,LINK,Puerto Madero,Comuna 1,A (0-50m)
323,1020.2297237387385,127.52871546746167,51.01148618691662,11031,BANCO DE LA PROVINCIA DE BUENOS AIRES,LINK,San Nicolas,Comuna 1,A (0-50m)
324,4718.5624722916655,3740.8423203788757,816.1837789906659,11048,BANCO DE LA CIUDAD DE BUENOS AIRES,LINK,San Nicolas,Comuna 1,A (0-50m)
325,7396.665497105854,340.0765745798978,153.03445856074987,10888,BANCO DE LA PROVINCIA DE BUENOS AIRES,LINK,Nueva Pompeya,Comuna 4,A (0-50m)
326,7779.2516435078805,2253.0073065918227,1530.3445856074986,11696,BANCO DE LA CIUDAD DE BUENOS AIRES,LINK,Parque Patricios,Comuna 4,A (0-50m)
327,6631.4932043018,3740.8423203788757,2550.5743093458314,11088,BANCO DE LA CIUDAD DE BUENOS AIRES,LINK,Barracas,Comuna 4,A (0-50m)
328,46165.394999177915,935.2105800947189,0.0,11060,BANCO DE LA NACION ARGENTINA,LINK,San Nicolas,Comuna 1,A (0-50m)
329,6503.964488834457,42.509571822487224,0.0,11070,BANCO DE LA NACION ARGENTINA,LINK,San Nicolas,Comuna 1,A (0-50m)
330,14920.85970967905,765.17229280477,0.0,11406,BANCO DE LA CIUDAD DE BUENOS AIRES,LINK,San Nicolas,Comuna 1,A (0-50m)
331,3698.332748552927,637.6435773373083,51.01148618691662,11726,BANCO DE LA NACION ARGENTINA,LINK,Retiro,Comuna 1,A (0-50m)
332,5101.148618693693,1530.34458560954,4642.045243009413,11801,BANCO DE LA NACION ARGENTINA,LINK,Palermo,Comuna 14,A (0-50m)
333,35452.98289992116,5058.639046875979,3723.8384916449136,11201,BANCO DE LA CIUDAD DE BUENOS AIRES,LINK,Balvanera,Comuna 3,A (0-50m)
334,255.05743093468462,340.0765745798978,204.04594474766648,11499,BANCO DE LA PROVINCIA DE BUENOS AIRES,LINK,Barracas,Comuna 4,B (50-100m)
335,2933.160455748873,2253.0073065918227,1861.9192458224568,11387,BANCO DE LA NACION ARGENTINA,LINK,Monserrat,Comuna 1,A (0-50m)
336,7141.608066171169,2295.51687841431,2014.9537043832067,11185,BANCO DE LA NACION ARGENTINA,LINK,Balvanera,Comuna 3,A (0-50m)
337,2295.5168784121615,3868.3710358463372,765.1722928037493,11399,BANCO DE LA NACION ARGENTINA,LINK,Monserrat,Comuna 1,B (50-100m)
338,4718.5624722916655,3145.7083148640545,102.02297237383324,11077,BANCO DE LA NACION ARGENTINA,LINK,Monserrat,Comuna 1,A (0-50m)
339,10712.412099256753,6588.98363248552,0.0,11409,BANCO DE LA CIUDAD DE BUENOS AIRES,LINK,Monserrat,Comuna 1,A (0-50m)
340,20787.180621176798,3273.237030331516,6759.021919766453,11183,BANCO DE LA CIUDAD DE BUENOS AIRES,LINK,Balvanera,Comuna 3,A (0-50m)
341,127.52871546734231,340.0765745798978,25.50574309345831,11698,CABAL COOP. LTDA.,LINK,Puerto Madero,Comuna 1,B (50-100m)
342,2423.045593879504,3443.275317621465,1912.9307320093733,11670,BANCO DE LA CIUDAD DE BUENOS AIRES,LINK,Caballito,Comuna 6,B (50-100m)
343,4208.447610422296,2975.6700275741055,510.11486186916625,10994,BANCO DE LA CIUDAD DE BUENOS AIRES,LINK,Recoleta,Comuna 2,A (0-50m)
344,7651.722928040538,1062.7392955621806,127.52871546729156,10962,BANCO DE LA CIUDAD DE BUENOS AIRES,LINK,Belgrano,Comuna 13,A (0-50m)
345,1657.87330107545,1147.758439207155,1453.8273563271239,11092,BANCO DE LA CIUDAD DE BUENOS AIRES,LINK,Villa Soldati,Comuna 8,A (0-50m)
346,7014.079350703827,1657.8733010770018,867.1952651775827,10960,BANCO DE LA CIUDAD DE BUENOS AIRES,LINK,Belgrano,Comuna 13,A (0-50m)
347,20149.537043840086,552.6244336923339,0.0,11172,BANCO DE LA CIUDAD DE BUENOS AIRES,LINK,Balvanera,Comuna 3,A (0-50m)
348,5611.263480563061,170.0382872899489,102.02297237383324,11015,BANCO DE LA NACION ARGENTINA,LINK,San Nicolas,Comuna 1,A (0-50m)
349,13390.515124070942,1827.9115883669506,280.56317402804143,11026,BANCO DE LA CIUDAD DE BUENOS AIRES,LINK,San Nicolas,Comuna 1,A (0-50m)
350,55730.04865922859,2890.650883929131,102.02297237383324,11023,BANCO DE LA NACION ARGENTINA,LINK,San Nicolas,Comuna 1,A (0-50m)
351,4080.918894954954,1062.7392955621806,2423.0455938785394,11220,BANCO DE LA CIUDAD DE BUENOS AIRES,LINK,Villa Devoto,Comuna 11,A (0-50m)
352,2550.5743093468463,765.17229280477,892.7010082710409,11433,CAJERO EXPRESS,LINK,Villa Luro,Comuna 10,A (0-50m)
353,1402.8158701407654,382.586146402385,739.6665497102911,11731,BANCO DE LA NACION ARGENTINA,LINK,Villa Riachuelo,Comuna 8,A (0-50m)
354,765.1722928040539,0.0,0.0,11028,BANCO DE LA PROVINCIA DEL NEUQUEN,LINK,San Nicolas,Comuna 1,A (0-50m)
355,2040.459447477477,85.01914364497445,0.0,11041,CABAL COOP. LTDA.,LINK,San Nicolas,Comuna 1,A (0-50m)
356,10712.412099256753,467.60529004735946,0.0,11408,BANCO DE SANTA CRUZ S.A.,LINK,San Nicolas,Comuna 1,A (0-50m)
357,7524.194212573197,5016.129475053493,7345.654010915994,11779,BANCO DE LA CIUDAD DE BUENOS AIRES,LINK,Palermo,Comuna 14,A (0-50m)
358,4335.976325889638,1105.2488673846678,3494.2868038037886,10995,BANCO DE LA CIUDAD DE BUENOS AIRES,LINK,Recoleta,Comuna 2,A (0-50m)
359,4080.918894954954,1190.2680110296421,612.1378342429995,10889,BANCO DE LA NACION ARGENTINA,LINK,Villa Del Parque,Comuna 11,A (0-50m)
360,1275.2871546734232,297.56700275741053,153.03445856074987,11512,CABAL COOP. LTDA.,LINK,Barracas,Comuna 4,A (0-50m)
361,1275.2871546734232,595.1340055148211,178.54020165420818,11079,BANCO DE LA NACION ARGENTINA,LINK,Monserrat,Comuna 1,A (0-50m)
362,16706.26172622184,4378.485897716184,3851.367207112205,11030,CABAL COOP. LTDA.,LINK,San Nicolas,Comuna 1,A (0-50m)
363,8544.423936311934,1062.7392955621806,1300.792897766374,11730,BANCO DE LA NACION ARGENTINA,LINK,Villa Lugano,Comuna 8,A (0-50m)
364,2550.5743093468463,935.2105800947189,255.05743093458312,11729,BANCO DE LA PROVINCIA DE BUENOS AIRES,LINK,Villa Lugano,Comuna 8,A (0-50m)
365,5993.849626965089,255.05743093492333,0.0,10892,BANCO DE LA CIUDAD DE BUENOS AIRES,LINK,Villa Del Parque,Comuna 11,A (0-50m)
366,3698.332748552927,3060.68917121908,663.1493204299161,11219,BANCO DE LA CIUDAD DE BUENOS AIRES,LINK,Villa Devoto,Comuna 11,A (0-50m)
367,6121.378342432431,3995.899751313799,2423.0455938785394,11218,BANCO DE LA PROVINCIA DE BUENOS AIRES,LINK,Villa Devoto,Comuna 11,A (0-50m)
368,3570.8040330855847,3145.7083148640545,1224.275668485999,10992,BANCO DE LA CIUDAD DE BUENOS AIRES,LINK,Recoleta,Comuna 2,A (0-50m)
369,9309.596229115989,3485.784889443952,2397.5398507850814,11790,BANCO DE LA CIUDAD DE BUENOS AIRES,LINK,Palermo,Comuna 14,A (0-50m)
370,5228.677334161035,382.586146402385,0.0,11027,BANCO DE LA CIUDAD DE BUENOS AIRES,LINK,San Nicolas,Comuna 1,A (0-50m)
371,4335.976325889638,3443.275317621465,2116.97667675704,11528,BANCO DE LA NACION ARGENTINA,LINK,Saavedra,Comuna 12,A (0-50m)
372,637.6435773367116,2167.988162946848,459.10337568224963,11695,BANCO DE LA NACION ARGENTINA,LINK,Parque Patricios,Comuna 4,B (50-100m)
373,2167.988162944819,2975.6700275741055,2729.1145110000393,10986,BANCO DE LA CIUDAD DE BUENOS AIRES,LINK,Recoleta,Comuna 2,B (50-100m)
374,12497.814115799547,1912.930732011925,0.0,11066,BANCO DE LA NACION ARGENTINA,LINK,Monserrat,Comuna 1,A (0-50m)
375,2550.5743093468463,552.6244336923339,0.0,11389,BANCO DE LA CIUDAD DE BUENOS AIRES,LINK,Monserrat,Comuna 1,A (0-50m)
376,4718.5624722916655,2338.0264502367972,25.50574309345831,11395,BANCO DE LA NACION ARGENTINA,LINK,Monserrat,Comuna 1,A (0-50m)
377,13007.928977668915,3443.275317621465,2652.5972817196644,11426,BANCO DE LA CIUDAD DE BUENOS AIRES,LINK,Liniers,Comuna 9,A (0-50m)
378,2167.988162944819,3230.727458509029,1173.2641822990824,11009,BANCO DE LA NACION ARGENTINA,LINK,Recoleta,Comuna 2,B (50-100m)
379,3698.332748552927,6886.55063524293,2703.608767906581,11403,BANCO DE LA NACION ARGENTINA,LINK,,,B (50-100m)
380,1402.8158701407654,0.0,0.0,11024,CABAL COOP. LTDA.,LINK,San Nicolas,Comuna 1,A (0-50m)
381,1020.2297237387385,42.509571822487224,0.0,11054,BANCO HIPOTECARIO S.A.,LINK,San Nicolas,Comuna 1,A (0-50m)
382,382.58614640202694,42.509571822487224,0.0,11076,BANCO DE LA CIUDAD DE BUENOS AIRES,LINK,San Nicolas,Comuna 1,A (0-50m)
383,7269.136781638512,1190.2680110296421,0.0,11032,BANCO DE LA PROVINCIA DE BUENOS AIRES,LINK,San Nicolas,Comuna 1,A (0-50m)
384,510.11486186936924,297.56700275741053,663.1493204299161,11771,BANCO DE LA NACION ARGENTINA,LINK,Paternal,Comuna 15,C (100-150m)
385,2295.5168784121615,2550.5743093492333,1020.2297237383325,11526,BANCO HIPOTECARIO S.A.,LINK,Flores,Comuna 7,B (50-100m)
386,2040.459447477477,4803.581615941056,2116.97667675704,11423,CABAL COOP. LTDA.,LINK,Liniers,Comuna 9,B (50-100m)
387,3315.7466021509,0.0,0.0,11068,BANCO HIPOTECARIO S.A.,LINK,San Nicolas,Comuna 1,A (0-50m)
388,1020.2297237387385,0.0,0.0,11055,BANCO HIPOTECARIO S.A.,LINK,San Nicolas,Comuna 1,A (0-50m)
389,2040.459447477477,42.509571822487224,0.0,11056,BANCO DE LA NACION ARGENTINA,LINK,San Nicolas,Comuna 1,A (0-50m)
390,637.6435773367116,42.509571822487224,0.0,11038,BANCO DE LA PAMPA,LINK,San Nicolas,Comuna 1,A (0-50m)
391,1785.4020165427924,85.01914364497445,0.0,11065,BANCO DE SANTIAGO DEL ESTERO S.A.,LINK,San Nicolas,Comuna 1,A (0-50m)
392,7269.136781638512,1402.8158701420784,102.02297237383324,11034,CABAL COOP. LTDA.,LINK,San Nicolas,Comuna 1,A (0-50m)
393,1785.4020165427924,510.11486186984666,0.0,11035,CABAL COOP. LTDA.,LINK,San Nicolas,Comuna 1,A (0-50m)
394,23082.697499588958,4718.562472296082,3341.2523452430387,11181,BANCO DE LA NACION ARGENTINA,LINK,Balvanera,Comuna 3,A (0-50m)
395,9309.596229115989,1190.2680110296421,867.1952651775827,11521,CABAL COOP. LTDA.,LINK,Flores,Comuna 7,A (0-50m)
396,10074.768521920043,1700.3828728994888,535.6206049626245,11187,BANCO DE LA NACION ARGENTINA,LINK,Balvanera,Comuna 3,A (0-50m)
397,1785.4020165427924,1530.34458560954,229.55168784112482,11780,BANCO DE LA CIUDAD DE BUENOS AIRES,LINK,Palermo,Comuna 14,A (0-50m)
398,8544.423936311934,595.1340055148211,1530.3445856074986,11795,BANCO HIPOTECARIO S.A.,LINK,Palermo,Comuna 14,A (0-50m)
399,3698.332748552927,1530.34458560954,1402.8158701402072,11221,CABAL COOP. LTDA.,LINK,Villa Devoto,Comuna 11,A (0-50m)
400,6376.435773367116,7481.684640757751,5840.815168401953,11000,BANCO DE LA CIUDAD DE BUENOS AIRES,LINK,Recoleta,Comuna 2,B (50-100m)
401,2040.459447477477,85.01914364497445,0.0,11720,BANCO DE LA NACION ARGENTINA,LINK,Retiro,Comuna 1,A (0-50m)
402,4973.61990322635,2508.0647375267463,2984.1719419346223,11706,BANCO DE LA NACION ARGENTINA,LINK,Retiro,Comuna 1,A (0-50m)
403,1402.8158701407654,0.0,0.0,11057,BANCO DE LA PROVINCIA DE BUENOS AIRES,LINK,San Nicolas,Comuna 1,A (0-50m)
404,2040.459447477477,0.0,0.0,11016,BANCO DE LA PROVINCIA DE BUENOS AIRES,LINK,San Nicolas,Comuna 1,A (0-50m)
405,637.6435773367116,0.0,0.0,11075,CABAL COOP. LTDA.,LINK,San Nicolas,Comuna 1,A (0-50m)
406,2933.160455748873,42.509571822487224,0.0,11040,NUEVO BCO. INDUSTRIAL DE AZUL S.A.,LINK,San Nicolas,Comuna 1,A (0-50m)
407,255.05743093468462,42.509571822487224,0.0,11081,BANCO DE CORRIENTES S.A.,LINK,San Nicolas,Comuna 1,A (0-50m)
408,0.0,85.01914364497445,0.0,11063,BANCO PIANO S.A.,LINK,San Nicolas,Comuna 1,B (50-100m)
409,11605.11310752815,4080.9188949587733,127.52871546729156,11707,BANCO DE LA NACION ARGENTINA,LINK,Retiro,Comuna 1,A (0-50m)
410,1402.8158701407654,510.11486186984666,510.11486186916625,11094,BANCO DE LA CIUDAD DE BUENOS AIRES,LINK,Parque Avellaneda,Comuna 9,A (0-50m)
411,14028.158701407654,1912.930732011925,1836.4135027289985,11058,BANCO DE LA CIUDAD DE BUENOS AIRES,LINK,San Nicolas,Comuna 1,A (0-50m)
412,5611.263480563061,42.509571822487224,0.0,11071,NUEVO BCO. INDUSTRIAL DE AZUL S.A.,LINK,San Nicolas,Comuna 1,A (0-50m)
413,21424.824198513506,765.17229280477,0.0,11051,BANCO DE LA CIUDAD DE BUENOS AIRES,LINK,San Nicolas,Comuna 1,A (0-50m)
414,7014.079350703827,42.509571822487224,0.0,11074,BANCO FINANSUR S.A.,LINK,San Nicolas,Comuna 1,A (0-50m)
415,892.7010082713962,42.509571822487224,0.0,11011,BANCO PCIA. DE TIERRA DEL FUEGO,LINK,San Nicolas,Comuna 1,A (0-50m)
416,7779.2516435078805,807.6818646272573,0.0,11019,NUEVO BANCO DEL CHACO S.A.,LINK,San Nicolas,Comuna 1,A (0-50m)
417,5356.206049628377,8756.971795432368,6835.539149046827,11728,BANCO DE LA CIUDAD DE BUENOS AIRES,LINK,Villa Lugano,Comuna 8,B (50-100m)
418,5611.263480563061,16536.22343894753,3162.7121435888307,11072,BANCO DE LA CIUDAD DE BUENOS AIRES,LINK,San Nicolas,Comuna 1,B (50-100m)
419,4591.033756824323,11562.603535716524,2372.034107691623,11021,BANCO DE LA CIUDAD DE BUENOS AIRES,LINK,,,B (50-100m)
420,2295.5168784121615,1020.2297237396933,255.05743093458312,11428,CABAL COOP. LTDA.,LINK,Liniers,Comuna 9,A (0-50m)
421,15048.388425146393,2338.0264502367972,1555.850328700957,11230,BANCO DE LA CIUDAD DE BUENOS AIRES,LINK,Villa Ortuzar,Comuna 15,A (0-50m)
422,5993.849626965089,2763.1221684616694,4004.401665672955,11182,BANCO DE LA CIUDAD DE BUENOS AIRES,LINK,Balvanera,Comuna 3,A (0-50m)
423,4718.5624722916655,16238.656436190118,255.05743093458312,11044,CABAL COOP. LTDA.,LINK,San Nicolas,Comuna 1,B (50-100m)
424,10712.412099256753,2593.083881171721,331.57466021495804,11067,BANCO MERIDIAN S.A.,LINK,San Nicolas,Comuna 1,A (0-50m)
425,6248.9070578997735,3400.7657457989776,918.2067513644993,11692,BANCO DE LA CIUDAD DE BUENOS AIRES,LINK,Parque Patricios,Comuna 4,A (0-50m)
426,1147.7584392060808,1870.4211601894378,178.54020165420818,11694,BANCO DE LA CIUDAD DE BUENOS AIRES,LINK,Parque Patricios,Comuna 4,B (50-100m)
427,0.0,637.6435773373083,178.54020165420818,11693,BANCO DE LA NACION ARGENTINA,LINK,Parque Patricios,Comuna 4,B (50-100m)
428,1785.4020165427924,467.60529004735946,204.04594474766648,11516,BANCO DE LA PROVINCIA DE BUENOS AIRES,LINK,Flores,Comuna 7,A (0-50m)
429,7906.780358975223,7609.213356225213,3162.7121435888307,11524,BANCO DE LA CIUDAD DE BUENOS AIRES,LINK,Flores,Comuna 7,A (0-50m)
430,32009.70758230292,2635.593452994208,5789.803682215037,11531,BANCO HIPOTECARIO S.A.,LINK,Saavedra,Comuna 12,A (0-50m)
431,3060.6891712162155,4718.562472296082,867.1952651775827,11018,BANCO DE LA CIUDAD DE BUENOS AIRES,LINK,San Nicolas,Comuna 1,B (50-100m)
432,9564.653660050673,850.1914364497444,0.0,11036,BANCO DE LA CIUDAD DE BUENOS AIRES,LINK,San Nicolas,Comuna 1,A (0-50m)
433,10839.940814724096,1657.8733010770018,25.50574309345831,11013,CABAL COOP. LTDA.,LINK,San Nicolas,Comuna 1,A (0-50m)
434,510.11486186936924,2082.9690193018737,1071.241209925249,11211,BANCO DE LA NACION ARGENTINA,LINK,Villa Crespo,Comuna 15,B (50-100m)
435,255.05743093468462,680.1531491597956,790.6780358972077,41100,HSBC Bank Argentina,BANELCO,,,C (100-150m)
436,2167.988162944819,170.0382872899489,280.56317402804143,40720,BBVA Banco Francés,BANELCO,,,A (0-50m)
437,765.1722928040539,85.01914364497445,867.1952651775827,40860,Banco Galicia,BANELCO,Liniers,Comuna 9,C (100-150m)
438,6631.4932043018,1530.34458560954,2958.6661988411643,40430,Banco Supervielle,BANELCO,Paternal,Comuna 15,A (0-50m)
439,7269.136781638512,2635.593452994208,1810.90775963554,40776,Banco Galicia,BANELCO,Balvanera,Comuna 3,A (0-50m)
440,1657.87330107545,170.0382872899489,76.51722928037493,40117,Banco Santander Río,BANELCO,San Nicolas,Comuna 1,A (0-50m)
441,1402.8158701407654,255.05743093492333,25.50574309345831,41184,HSBC Bank Argentina,BANELCO,San Nicolas,Comuna 1,A (0-50m)
442,382.58614640202694,1020.2297237396933,1249.7814115794572,40692,BBVA Banco Francés,BANELCO,Nuñez,Comuna 13,C (100-150m)
443,4973.61990322635,1232.7775828521294,535.6206049626245,40686,BBVA Banco Francés,BANELCO,Retiro,Comuna 1,A (0-50m)
444,34050.167029780394,4165.938038603747,612.1378342429995,41169,HSBC Bank Argentina,BANELCO,Villa Soldati,Comuna 8,A (0-50m)
445,2805.6317402815307,4420.995469538671,2014.9537043832067,40618,BBVA Banco Francés,BANELCO,Caballito,Comuna 6,B (50-100m)
446,10074.768521920043,9819.711090994548,6529.470231925327,40549,BBVA Banco Francés,BANELCO,Palermo,Comuna 14,A (0-50m)
447,3188.217886683558,1530.34458560954,892.7010082710409,40590,BBVA Banco Francés,BANELCO,Recoleta,Comuna 2,A (0-50m)
448,7651.722928040538,850.1914364497444,816.1837789906659,41056,CitiBank,BANELCO,Recoleta,Comuna 2,A (0-50m)
449,22700.11135318693,13985.649129598296,6835.539149046827,41158,HSBC Bank Argentina,BANELCO,Balvanera,Comuna 3,A (0-50m)
450,127.52871546734231,1785.4020165444633,892.7010082710409,40594,BBVA Banco Francés,BANELCO,Chacarita,Comuna 15,B (50-100m)
451,10074.768521920043,2763.1221684616694,2882.1489695607893,40246,Banco Santander Río,BANELCO,Parque Avellaneda,Comuna 9,A (0-50m)
452,510.11486186936924,467.60529004735946,25.50574309345831,39913,Banco Macro,BANELCO,Mataderos,Comuna 9,A (0-50m)
453,1402.8158701407654,722.6627209822827,2218.999649130873,40349,Banco Santander Río,BANELCO,Mataderos,Comuna 9,C (100-150m)
454,8927.010082713961,1530.34458560954,535.6206049626245,40096,Banco Santander Río,BANELCO,Mataderos,Comuna 9,A (0-50m)
455,1785.4020165427924,255.05743093492333,178.54020165420818,41195,HSBC Bank Argentina,BANELCO,Mataderos,Comuna 9,A (0-50m)
456,2423.045593879504,3188.2178866865415,943.7124944579575,39966,Banco Macro,BANELCO,Balvanera,Comuna 3,B (50-100m)
457,4846.091187759008,6376.435773373083,561.1263480560829,39766,Banco Comafi,BANELCO,Nueva Pompeya,Comuna 4,B (50-100m)
458,9819.711090985358,85.01914364497445,0.0,40643,BBVA Banco Francés,BANELCO,Retiro,Comuna 1,A (0-50m)
459,637.6435773367116,0.0,0.0,40732,BBVA Banco Francés,BANELCO,Retiro,Comuna 1,A (0-50m)
460,3570.8040330855847,127.52871546746167,51.01148618691662,40319,Banco Santander Río,BANELCO,Retiro,Comuna 1,A (0-50m)
461,1785.4020165427924,0.0,0.0,40942,Banco Galicia,BANELCO,Retiro,Comuna 1,A (0-50m)
462,127.52871546734231,0.0,102.02297237383324,41171,HSBC Bank Argentina,BANELCO,Retiro,Comuna 1,A (0-50m)
463,892.7010082713962,42.509571822487224,0.0,41071,CitiBank,BANELCO,Retiro,Comuna 1,A (0-50m)
464,17088.847872623868,127.52871546746167,229.55168784112482,40876,Banco Galicia,BANELCO,Retiro,Comuna 1,A (0-50m)
465,8416.895220844592,2380.5360220592843,586.6320911495412,41096,HSBC Bank Argentina,BANELCO,San Nicolas,Comuna 1,A (0-50m)
466,3060.6891712162155,42.509571822487224,51.01148618691662,40528,BBVA Banco Francés,BANELCO,San Nicolas,Comuna 1,A (0-50m)
467,1785.4020165427924,297.56700275741053,0.0,41358,ICBC,BANELCO,Retiro,Comuna 1,A (0-50m)
468,3443.2753176182423,0.0,0.0,39916,Banco Macro,BANELCO,Retiro,Comuna 1,A (0-50m)
469,1657.87330107545,425.0957182248722,0.0,41176,HSBC Bank Argentina,BANELCO,Retiro,Comuna 1,A (0-50m)
470,4973.61990322635,807.6818646272573,0.0,39815,Banco Itaú,BANELCO,Retiro,Comuna 1,A (0-50m)
471,510.11486186936924,170.0382872899489,178.54020165420818,40225,Banco Santander Río,BANELCO,Puerto Madero,Comuna 1,A (0-50m)
472,13262.9864086036,1827.9115883669506,790.6780358972077,40066,Banco Patagonia,BANELCO,Parque Patricios,Comuna 4,A (0-50m)
473,1402.8158701407654,2423.0455938817718,1453.8273563271239,40234,Banco Santander Río,BANELCO,Monserrat,Comuna 1,B (50-100m)
474,9054.538798181304,2253.0073065918227,2627.0915386262063,41273,ICBC,BANELCO,Balvanera,Comuna 3,A (0-50m)
475,5356.206049628377,892.7010082722317,1147.758439205624,40937,Banco Galicia,BANELCO,Villa Gral. Mitre,Comuna 11,A (0-50m)
476,382.58614640202694,42.509571822487224,76.51722928037493,41290,ICBC,BANELCO,Nuñez,Comuna 13,A (0-50m)
477,7906.780358975223,2082.9690193018737,714.1608066168327,41124,HSBC Bank Argentina,BANELCO,Paternal,Comuna 15,A (0-50m)
478,7524.194212573197,6546.474060663032,1555.850328700957,40956,Banco Galicia,BANELCO,Versalles,Comuna 10,A (0-50m)
479,2933.160455748873,2423.0455938817718,3927.88443639258,40142,Banco Santander Río,BANELCO,Villa Gral. Mitre,Comuna 11,C (100-150m)
480,5228.677334161035,3188.2178866865415,2729.1145110000393,40525,BBVA Banco Francés,BANELCO,Chacarita,Comuna 15,A (0-50m)
481,2295.5168784121615,212.5478591124361,0.0,40198,Banco Santander Río,BANELCO,Retiro,Comuna 1,A (0-50m)
482,3443.2753176182423,680.1531491597956,1989.4479612897483,40386,Banco Santander Río,BANELCO,Recoleta,Comuna 2,A (0-50m)
483,10329.825952854728,9054.538798189778,3060.6891712149973,40873,Banco Galicia,BANELCO,Recoleta,Comuna 2,A (0-50m)
484,6631.4932043018,7311.646353467802,51.01148618691662,41041,CitiBank,BANELCO,Retiro,Comuna 1,B (50-100m)
485,6121.378342432431,935.2105800947189,51.01148618691662,41049,CitiBank,BANELCO,Recoleta,Comuna 2,A (0-50m)
486,1402.8158701407654,2253.0073065918227,306.06891712149974,41146,HSBC Bank Argentina,BANELCO,Recoleta,Comuna 2,B (50-100m)
487,64657.05874194255,425.0957182248722,153.03445856074987,40016,Banco Patagonia,BANELCO,Balvanera,Comuna 3,A (0-50m)
488,16451.204295287156,11817.660966651449,3417.7695745234137,41168,HSBC Bank Argentina,BANELCO,Balvanera,Comuna 3,A (0-50m)
489,2550.5743093468463,1572.8541574320273,1453.8273563271239,40372,Banco Santander Río,BANELCO,Liniers,Comuna 9,A (0-50m)
490,1275.2871546734232,170.0382872899489,229.55168784112482,41312,ICBC,BANELCO,Puerto Madero,Comuna 1,A (0-50m)
491,1785.4020165427924,850.1914364497444,25.50574309345831,41141,HSBC Bank Argentina,BANELCO,Retiro,Comuna 1,A (0-50m)
492,3443.2753176182423,765.17229280477,4591.033756822496,40976,Banco Galicia,BANELCO,Retiro,Comuna 1,C (100-150m)
493,1657.87330107545,3868.3710358463372,1300.792897766374,41193,HSBC Bank Argentina,BANELCO,Barracas,Comuna 4,B (50-100m)
494,3953.3901794876115,1955.4403038344121,1938.4364751028318,40098,Banco Santander Río,BANELCO,Villa Luro,Comuna 10,A (0-50m)
495,2678.1030248141883,5441.225193278365,3672.827005457997,40124,Banco Santander Río,BANELCO,Palermo,Comuna 14,B (50-100m)
496,9437.124944583331,1700.3828728994888,969.2182375514159,40287,Banco Santander Río,BANELCO,Chacarita,Comuna 15,A (0-50m)
497,4208.447610422296,425.0957182248722,3213.723629775747,40366,Banco Santander Río,BANELCO,Chacarita,Comuna 15,A (0-50m)
498,4463.505041356981,3060.68917121908,3341.2523452430387,40733,BBVA Banco Francés,BANELCO,Caballito,Comuna 6,A (0-50m)
499,765.1722928040539,85.01914364497445,561.1263480560829,41211,HSBC Bank Argentina,BANELCO,Villa Lugano,Comuna 8,A (0-50m)
500,382.58614640202694,0.0,25.50574309345831,40118,Banco Santander Río,BANELCO,Nuñez,Comuna 13,A (0-50m)
501,2933.160455748873,1020.2297237396933,816.1837789906659,41105,HSBC Bank Argentina,BANELCO,Nuñez,Comuna 13,A (0-50m)
502,1530.3445856081078,42.509571822487224,51.01148618691662,40222,Banco Santander Río,BANELCO,Saavedra,Comuna 12,A (0-50m)
503,765.1722928040539,1360.3062983195912,1657.8733010747903,40511,Banco Supervielle,BANELCO,Saavedra,Comuna 12,C (100-150m)
504,3953.3901794876115,1870.4211601894378,1275.2871546729157,40762,Banco Galicia,BANELCO,Parque Patricios,Comuna 4,A (0-50m)
505,637.6435773367116,255.05743093492333,102.02297237383324,40663,BBVA Banco Francés,BANELCO,Flores,Comuna 7,A (0-50m)
506,1147.7584392060808,1317.796726497104,25.50574309345831,39763,Banco Comafi,BANELCO,Flores,Comuna 7,B (50-100m)
507,5611.263480563061,5866.320911503237,1453.8273563271239,39742,Banco Comafi,BANELCO,Parque Chacabuco,Comuna 7,B (50-100m)
508,4591.033756824323,2550.5743093492333,1734.3905303551653,40200,Banco Santander Río,BANELCO,Villa Devoto,Comuna 11,A (0-50m)
509,7141.608066171169,2082.9690193018737,1479.3330994205821,40199,Banco Santander Río,BANELCO,Monte Castro,Comuna 10,A (0-50m)
510,892.7010082713962,1615.3637292545145,1683.3790441682486,40083,Banco Patagonia,BANELCO,Monte Castro,Comuna 10,C (100-150m)
511,1912.9307320101345,1020.2297237396933,1275.2871546729157,40557,BBVA Banco Francés,BANELCO,Monte Castro,Comuna 10,A (0-50m)
512,1912.9307320101345,977.7201519172061,357.08040330841635,40963,Banco Galicia,BANELCO,Retiro,Comuna 1,A (0-50m)
513,2423.045593879504,977.7201519172061,382.58614640187466,40615,BBVA Banco Francés,BANELCO,Retiro,Comuna 1,A (0-50m)
514,6121.378342432431,1955.4403038344121,969.2182375514159,40548,BBVA Banco Francés,BANELCO,Parque Chacabuco,Comuna 7,A (0-50m)
515,3953.3901794876115,2805.631740284157,1402.8158701402072,39941,Banco Macro,BANELCO,Monserrat,Comuna 1,A (0-50m)
516,23975.398507860355,4378.485897716184,3035.1834281215392,40402,Banco Supervielle,BANELCO,Monserrat,Comuna 1,A (0-50m)
517,10202.297237387385,1615.3637292545145,2244.5053922243314,40634,BBVA Banco Francés,BANELCO,Monserrat,Comuna 1,A (0-50m)
518,1657.87330107545,637.6435773373083,153.03445856074987,40108,Banco Santander Río,BANELCO,Monserrat,Comuna 1,A (0-50m)
519,1530.3445856081078,765.17229280477,102.02297237383324,40755,Banco Galicia,BANELCO,Monserrat,Comuna 1,A (0-50m)
520,2933.160455748873,850.1914364497444,178.54020165420818,40407,Banco Supervielle,BANELCO,Boedo,Comuna 5,A (0-50m)
521,7269.136781638512,1615.3637292545145,2193.493906037415,40097,Banco Santander Río,BANELCO,Boedo,Comuna 5,A (0-50m)
522,70013.26479157092,22317.525206805793,28693.9609801406,41202,HSBC Bank Argentina,BANELCO,Constitucion,Comuna 1,A (0-50m)
523,2295.5168784121615,382.586146402385,178.54020165420818,39798,Banco Itaú,BANELCO,Colegiales,Comuna 13,A (0-50m)
524,2805.6317402815307,467.60529004735946,204.04594474766648,40306,Banco Santander Río,BANELCO,Palermo,Comuna 14,A (0-50m)
525,3825.861464020269,1530.34458560954,1198.7699253925407,39990,Banco Patagonia,BANELCO,Palermo,Comuna 14,A (0-50m)
526,1785.4020165427924,850.1914364497444,357.08040330841635,40187,Banco Santander Río,BANELCO,Belgrano,Comuna 13,A (0-50m)
527,13390.515124070942,1572.8541574320273,229.55168784112482,41177,HSBC Bank Argentina,BANELCO,Belgrano,Comuna 13,A (0-50m)
528,3443.2753176182423,637.6435773373083,127.52871546729156,40011,Banco Patagonia,BANELCO,Belgrano,Comuna 13,A (0-50m)
529,22445.053922252246,5653.7730523908,3290.240859056122,39843,Banco Itaú,BANELCO,Belgrano,Comuna 13,A (0-50m)
530,8416.895220844592,807.6818646272573,102.02297237383324,41135,HSBC Bank Argentina,BANELCO,Belgrano,Comuna 13,A (0-50m)
531,20277.06575930743,2763.1221684616694,5815.3094253084955,40360,Banco Santander Río,BANELCO,Belgrano,Comuna 13,A (0-50m)
532,6248.9070578997735,1105.2488673846678,586.6320911495412,40262,Banco Santander Río,BANELCO,Belgrano,Comuna 13,A (0-50m)
533,7651.722928040538,2848.141312106644,867.1952651775827,41347,ICBC,BANELCO,Nuñez,Comuna 13,A (0-50m)
534,9564.653660050673,5823.811339680749,2193.493906037415,40296,Banco Santander Río,BANELCO,Nuñez,Comuna 13,A (0-50m)
535,3315.7466021509,297.56700275741053,790.6780358972077,40520,BBVA Banco Francés,BANELCO,Nuñez,Comuna 13,A (0-50m)
536,2167.988162944819,382.586146402385,1759.8962734486236,39892,Banco Itaú,BANELCO,Saavedra,Comuna 12,A (0-50m)
537,8034.309074442565,7481.684640757751,2397.5398507850814,40153,Banco Santander Río,BANELCO,Saavedra,Comuna 12,A (0-50m)
538,9692.182375518016,255.05743093492333,51.01148618691662,41228,ICBC,BANELCO,Palermo,Comuna 14,A (0-50m)
539,36728.270054594585,1190.2680110296421,357.08040330841635,40370,Banco Santander Río,BANELCO,Palermo,Comuna 14,A (0-50m)
540,7141.608066171169,467.60529004735946,51.01148618691662,41199,HSBC Bank Argentina,BANELCO,Palermo,Comuna 14,A (0-50m)
541,6631.4932043018,552.6244336923339,153.03445856074987,40792,Banco Galicia,BANELCO,Palermo,Comuna 14,A (0-50m)
542,16323.675579819816,3528.2944612664396,331.57466021495804,40447,Banco Supervielle,BANELCO,Recoleta,Comuna 2,A (0-50m)
543,1020.2297237387385,15601.012858852811,229.55168784112482,40029,Banco Patagonia,BANELCO,Recoleta,Comuna 2,B (50-100m)
544,9437.124944583331,11265.036532959113,1606.8618148878736,40923,Banco Galicia,BANELCO,Recoleta,Comuna 2,B (50-100m)
545,1912.9307320101345,0.0,25.50574309345831,39840,Banco Itaú,BANELCO,Recoleta,Comuna 2,A (0-50m)
546,4080.918894954954,1105.2488673846678,1351.8043839532904,39788,Banco Itaú,BANELCO,Recoleta,Comuna 2,A (0-50m)
547,13262.9864086036,4506.014613183645,1683.3790441682486,39778,Banco Comafi,BANELCO,Recoleta,Comuna 2,A (0-50m)
548,5356.206049628377,3995.899751313799,1581.3560717944154,40844,Banco Galicia,BANELCO,San Nicolas,Comuna 1,A (0-50m)
549,21934.939060382876,1275.2871546746167,2142.482419850498,40518,BBVA Banco Francés,BANELCO,Recoleta,Comuna 2,A (0-50m)
550,2167.988162944819,935.2105800947189,1198.7699253925407,41121,HSBC Bank Argentina,BANELCO,Recoleta,Comuna 2,A (0-50m)
551,765.1722928040539,467.60529004735946,892.7010082710409,41345,ICBC,BANELCO,Recoleta,Comuna 2,C (100-150m)
552,7779.2516435078805,2593.083881171721,2499.5628231589144,39735,Banco Comafi,BANELCO,San Nicolas,Comuna 1,A (0-50m)
553,8289.36650537725,2253.0073065918227,1020.2297237383325,40209,Banco Santander Río,BANELCO,Recoleta,Comuna 2,A (0-50m)
554,892.7010082713962,1190.2680110296421,1122.2526961121657,40202,Banco Santander Río,BANELCO,Recoleta,Comuna 2,B (50-100m)
555,7269.136781638512,1742.892444721976,1963.94221819629,40404,Banco Supervielle,BANELCO,Recoleta,Comuna 2,A (0-50m)
556,1402.8158701407654,340.0765745798978,306.06891712149974,40556,BBVA Banco Francés,BANELCO,San Nicolas,Comuna 1,A (0-50m)
557,2423.045593879504,340.0765745798978,76.51722928037493,39919,Banco Macro,BANELCO,Balvanera,Comuna 3,A (0-50m)
558,3953.3901794876115,2848.141312106644,2780.125997186956,40036,Banco Patagonia,BANELCO,San Nicolas,Comuna 1,A (0-50m)
559,14283.216132342339,722.6627209822827,1479.3330994205821,40276,Banco Santander Río,BANELCO,San Nicolas,Comuna 1,A (0-50m)
560,11605.11310752815,2593.083881171721,459.10337568224963,40335,Banco Santander Río,BANELCO,Parque Patricios,Comuna 4,A (0-50m)
561,2805.6317402815307,1062.7392955621806,2423.0455938785394,40874,Banco Galicia,BANELCO,Nueva Pompeya,Comuna 4,A (0-50m)
562,637.6435773367116,340.0765745798978,51.01148618691662,40184,Banco Santander Río,BANELCO,Villa Urquiza,Comuna 12,A (0-50m)
563,1020.2297237387385,3060.68917121908,1122.2526961121657,40300,Banco Santander Río,BANELCO,Villa Urquiza,Comuna 12,B (50-100m)
564,3443.2753176182423,935.2105800947189,2218.999649130873,40176,Banco Santander Río,BANELCO,Retiro,Comuna 1,A (0-50m)
565,18491.663742764635,1530.34458560954,2116.97667675704,39950,Banco Macro,BANELCO,Retiro,Comuna 1,A (0-50m)
566,12880.400262201572,6333.9262015505965,561.1263480560829,40774,Banco Galicia,BANELCO,San Nicolas,Comuna 1,A (0-50m)
567,4080.918894954954,6291.416629728109,510.11486186916625,39938,Banco Macro,BANELCO,San Nicolas,Comuna 1,B (50-100m)
568,41191.77509595157,3188.2178866865415,688.6550635233745,40761,Banco Galicia,BANELCO,Balvanera,Comuna 3,A (0-50m)
569,5738.792196030404,9564.653660059625,76.51722928037493,40012,Banco Patagonia,BANELCO,Balvanera,Comuna 3,B (50-100m)
570,8289.36650537725,722.6627209822827,306.06891712149974,40217,Banco Santander Río,BANELCO,Balvanera,Comuna 3,A (0-50m)
571,5101.148618693693,722.6627209822827,76.51722928037493,39954,Banco Macro,BANELCO,Recoleta,Comuna 2,A (0-50m)
572,21934.939060382876,3868.3710358463372,8365.883734654326,40862,Banco Galicia,BANELCO,Recoleta,Comuna 2,A (0-50m)
573,4463.505041356981,12327.775828521295,994.7239806448741,40466,Banco Supervielle,BANELCO,Retiro,Comuna 1,B (50-100m)
574,30096.776850292787,8374.385649029982,9284.090486018826,40930,Banco Galicia,BANELCO,Almagro,Comuna 5,A (0-50m)
575,17088.847872623868,4293.46675407121,12217.250941766531,40554,BBVA Banco Francés,BANELCO,Palermo,Comuna 14,A (0-50m)
576,11477.584392060808,4931.110331408518,3417.7695745234137,40321,Banco Santander Río,BANELCO,Villa Crespo,Comuna 15,A (0-50m)
577,16196.146864352473,8076.818646272573,229.55168784112482,41205,HSBC Bank Argentina,BANELCO,San Nicolas,Comuna 1,A (0-50m)
578,3698.332748552927,127.52871546746167,25.50574309345831,41337,ICBC,BANELCO,Retiro,Comuna 1,A (0-50m)
579,2805.6317402815307,42.509571822487224,0.0,39756,Banco Comafi,BANELCO,Retiro,Comuna 1,A (0-50m)
580,17216.37658809121,935.2105800947189,816.1837789906659,40757,Banco Galicia,BANELCO,Retiro,Comuna 1,A (0-50m)
581,14538.273563277024,3315.7466021540035,2984.1719419346223,41134,HSBC Bank Argentina,BANELCO,Retiro,Comuna 1,A (0-50m)
582,2423.045593879504,510.11486186984666,3417.7695745234137,40909,Banco Galicia,BANELCO,Palermo,Comuna 14,C (100-150m)
583,1657.87330107545,6291.416629728109,3621.81551927108,40677,BBVA Banco Francés,BANELCO,Recoleta,Comuna 2,B (50-100m)
584,13007.928977668915,1360.3062983195912,1300.792897766374,40569,BBVA Banco Francés,BANELCO,San Nicolas,Comuna 1,A (0-50m)
585,27291.145110011254,10287.316381041908,4795.079701570163,40290,Banco Santander Río,BANELCO,San Nicolas,Comuna 1,A (0-50m)
586,27673.73125641328,340.0765745798978,0.0,40295,Banco Santander Río,BANELCO,San Nicolas,Comuna 1,A (0-50m)
587,9692.182375518016,2890.650883929131,586.6320911495412,40060,Banco Patagonia,BANELCO,San Nicolas,Comuna 1,A (0-50m)
588,5738.792196030404,1572.8541574320273,1632.3675579813319,39998,Banco Patagonia,BANELCO,Balvanera,Comuna 3,A (0-50m)
589,19511.893466503374,382.586146402385,408.09188949533296,40988,Banco Galicia,BANELCO,Balvanera,Comuna 3,A (0-50m)
590,1912.9307320101345,467.60529004735946,280.56317402804143,40662,BBVA Banco Francés,BANELCO,Balvanera,Comuna 3,A (0-50m)
591,17981.548880895265,1870.4211601894378,2116.97667675704,41355,ICBC,BANELCO,Balvanera,Comuna 3,A (0-50m)
592,28056.317402815308,11902.680110296422,1249.7814115794572,40297,Banco Santander Río,BANELCO,Balvanera,Comuna 3,A (0-50m)
593,1020.2297237387385,467.60529004735946,943.7124944579575,40788,Banco Galicia,BANELCO,Balvanera,Comuna 3,A (0-50m)
594,14920.85970967905,4676.0529004735945,6121.3783424299945,41183,HSBC Bank Argentina,BANELCO,Balvanera,Comuna 3,A (0-50m)
595,41319.30381141891,13433.024695905962,7753.745900411327,40646,BBVA Banco Francés,BANELCO,Balvanera,Comuna 3,A (0-50m)
596,3315.7466021509,42.509571822487224,0.0,41240,ICBC,BANELCO,San Nicolas,Comuna 1,A (0-50m)
597,17088.847872623868,3995.899751313799,6682.504690486077,39824,Banco Itaú,BANELCO,Almagro,Comuna 5,A (0-50m)
598,9309.596229115989,3825.86146402385,7804.757386598243,41315,ICBC,BANELCO,Almagro,Comuna 5,A (0-50m)
599,22955.168784121615,127.52871546746167,0.0,39987,Banco Patagonia,BANELCO,San Nicolas,Comuna 1,A (0-50m)
600,510.11486186936924,552.6244336923339,178.54020165420818,40298,Banco Santander Río,BANELCO,Almagro,Comuna 5,B (50-100m)
601,2295.5168784121615,935.2105800947189,76.51722928037493,40890,Banco Galicia,BANELCO,Almagro,Comuna 5,A (0-50m)
602,18874.249889166662,2848.141312106644,1045.7354668317907,39980,Banco Macro,BANELCO,Almagro,Comuna 5,A (0-50m)
603,1785.4020165427924,1062.7392955621806,382.58614640187466,40112,Banco Santander Río,BANELCO,Almagro,Comuna 5,A (0-50m)
604,17598.962734493238,42.509571822487224,0.0,41175,HSBC Bank Argentina,BANELCO,San Nicolas,Comuna 1,A (0-50m)
605,4591.033756824323,1105.2488673846678,1096.7469530187075,40113,Banco Santander Río,BANELCO,Villa Crespo,Comuna 15,A (0-50m)
606,5101.148618693693,2550.5743093492333,255.05743093458312,40694,BBVA Banco Francés,BANELCO,Villa Crespo,Comuna 15,A (0-50m)
607,17981.548880895265,2593.083881171721,637.6435773364578,40777,Banco Galicia,BANELCO,Villa Crespo,Comuna 15,A (0-50m)
608,50246.31389413287,1105.2488673846678,867.1952651775827,41102,HSBC Bank Argentina,BANELCO,Villa Crespo,Comuna 15,A (0-50m)
609,2295.5168784121615,42.509571822487224,25.50574309345831,40040,Banco Patagonia,BANELCO,Villa Crespo,Comuna 15,A (0-50m)
610,17343.905303558553,1020.2297237396933,1122.2526961121657,41241,ICBC,BANELCO,Villa Crespo,Comuna 15,A (0-50m)
611,17981.548880895265,43402.27283075945,561.1263480560829,39847,Banco Itaú,BANELCO,San Nicolas,Comuna 1,B (50-100m)
612,19129.307320101347,8501.914364497445,0.0,40559,BBVA Banco Francés,BANELCO,San Nicolas,Comuna 1,A (0-50m)
613,2423.045593879504,2550.5743093492333,2525.068566252373,40479,Banco Supervielle,BANELCO,Belgrano,Comuna 13,B (50-100m)
614,4080.918894954954,2423.0455938817718,1351.8043839532904,40071,Banco Patagonia,BANELCO,Belgrano,Comuna 13,A (0-50m)
615,1912.9307320101345,4378.485897716184,4514.516527542121,39862,Banco Itaú,BANELCO,Belgrano,Comuna 13,C (100-150m)
616,10712.412099256753,1360.3062983195912,1020.2297237383325,40587,BBVA Banco Francés,BANELCO,Belgrano,Comuna 13,A (0-50m)
617,8799.481367246619,6759.021919775469,2474.0570800654564,41284,ICBC,BANELCO,Nuñez,Comuna 13,A (0-50m)
618,6886.550635236485,2635.593452994208,2627.0915386262063,40065,Banco Patagonia,BANELCO,Nuñez,Comuna 13,A (0-50m)
619,2805.6317402815307,1402.8158701420784,943.7124944579575,40849,Banco Galicia,BANELCO,Villa Pueyrredon,Comuna 12,A (0-50m)
620,1912.9307320101345,765.17229280477,918.2067513644993,39926,Banco Macro,BANELCO,Villa Ortuzar,Comuna 15,A (0-50m)
621,1147.7584392060808,1997.9498756568994,2448.551336971998,40985,Banco Galicia,BANELCO,Parque Chas,Comuna 15,C (100-150m)
622,7524.194212573197,7991.799502627598,4973.619903224371,40619,BBVA Banco Francés,BANELCO,Monserrat,Comuna 1,B (50-100m)
623,5101.148618693693,2763.1221684616694,561.1263480560829,41229,ICBC,BANELCO,Monserrat,Comuna 1,A (0-50m)
624,19256.83603556869,4038.4093231362863,4846.091187757079,40897,Banco Galicia,BANELCO,Monserrat,Comuna 1,A (0-50m)
625,13900.629985940312,9054.538798189778,2525.068566252373,40032,Banco Patagonia,BANELCO,Monserrat,Comuna 1,A (0-50m)
626,18874.249889166662,3358.2561739764906,663.1493204299161,40621,BBVA Banco Francés,BANELCO,Monserrat,Comuna 1,A (0-50m)
627,16833.790441689183,5101.148618698467,3417.7695745234137,40472,Banco Supervielle,BANELCO,Almagro,Comuna 5,A (0-50m)
628,13007.928977668915,3018.179599396593,1504.8388425140404,40192,Banco Santander Río,BANELCO,Almagro,Comuna 5,A (0-50m)
629,4973.61990322635,4463.505041361158,4310.4705827944545,40047,Banco Patagonia,BANELCO,Almagro,Comuna 5,A (0-50m)
630,4973.61990322635,8544.423936319932,3621.81551927108,40560,BBVA Banco Francés,BANELCO,Caballito,Comuna 6,B (50-100m)
631,2423.045593879504,7864.270787160136,4642.045243009413,40120,Banco Santander Río,BANELCO,Flores,Comuna 7,B (50-100m)
632,2678.1030248141883,680.1531491597956,1734.3905303551653,39991,Banco Patagonia,BANELCO,Liniers,Comuna 9,A (0-50m)
633,0.0,127.52871546746167,76.51722928037493,39876,Banco Itaú,BANELCO,Colegiales,Comuna 13,B (50-100m)
634,2550.5743093468463,1785.4020165444633,1224.275668485999,39800,Banco Itaú,BANELCO,Colegiales,Comuna 13,A (0-50m)
635,6759.021919769142,1232.7775828521294,739.6665497102911,40727,BBVA Banco Francés,BANELCO,Colegiales,Comuna 13,A (0-50m)
636,8289.36650537725,637.6435773373083,6784.527662859911,40275,Banco Santander Río,BANELCO,Mataderos,Comuna 9,A (0-50m)
637,4463.505041356981,765.17229280477,1377.310127046749,40797,Banco Galicia,BANELCO,San Cristobal,Comuna 3,A (0-50m)
638,4080.918894954954,7609.213356225213,943.7124944579575,41111,HSBC Bank Argentina,BANELCO,Constitucion,Comuna 1,B (50-100m)
639,6631.4932043018,4548.524185006133,2933.160455747706,40031,Banco Patagonia,BANELCO,Balvanera,Comuna 3,A (0-50m)
640,5483.734765095719,1997.9498756568994,892.7010082710409,40015,Banco Patagonia,BANELCO,Villa Lugano,Comuna 8,A (0-50m)
641,13645.572555005627,2253.0073065918227,1708.8847872617068,40687,BBVA Banco Francés,BANELCO,Mataderos,Comuna 9,A (0-50m)
642,4846.091187759008,1572.8541574320273,739.6665497102911,40041,Banco Patagonia,BANELCO,Villa Real,Comuna 10,A (0-50m)
643,6121.378342432431,1870.4211601894378,1351.8043839532904,39949,Banco Macro,BANELCO,Villa Devoto,Comuna 11,A (0-50m)
644,2040.459447477477,2040.4594474793867,867.1952651775827,41002,Banco Galicia,BANELCO,Villa Devoto,Comuna 11,B (50-100m)
645,1912.9307320101345,1020.2297237396933,1836.4135027289985,40388,Banco Santander Río,BANELCO,Villa Devoto,Comuna 11,A (0-50m)
646,2550.5743093468463,680.1531491597956,382.58614640187466,39753,Banco Comafi,BANELCO,Villa Devoto,Comuna 11,A (0-50m)
647,10202.297237387385,2550.5743093492333,841.6895220841243,40867,Banco Galicia,BANELCO,Villa Devoto,Comuna 11,A (0-50m)
648,3953.3901794876115,977.7201519172061,2065.9651905701235,40368,Banco Santander Río,BANELCO,Villa Riachuelo,Comuna 8,A (0-50m)
649,3825.861464020269,425.0957182248722,1606.8618148878736,40183,Banco Santander Río,BANELCO,Nueva Pompeya,Comuna 4,A (0-50m)
650,4846.091187759008,2040.4594474793867,3468.7810607103306,40553,BBVA Banco Francés,BANELCO,Colegiales,Comuna 13,A (0-50m)
651,6121.378342432431,2975.6700275741055,5254.183077252413,40863,Banco Galicia,BANELCO,Colegiales,Comuna 13,A (0-50m)
652,255.05743093468462,4803.581615941056,943.7124944579575,40507,Banco Supervielle,BANELCO,Villa Riachuelo,Comuna 8,B (50-100m)
653,4463.505041356981,4548.524185006133,4080.91889495333,40215,Banco Santander Río,BANELCO,Recoleta,Comuna 2,B (50-100m)
654,9054.538798181304,1487.8350137870527,1581.3560717944154,39912,Banco Macro,BANELCO,Chacarita,Comuna 15,A (0-50m)
655,6376.435773367116,3188.2178866865415,2678.103024813123,40317,Banco Santander Río,BANELCO,Chacarita,Comuna 15,A (0-50m)
656,1275.2871546734232,42.509571822487224,178.54020165420818,40467,Banco Supervielle,BANELCO,Villa Del Parque,Comuna 11,A (0-50m)
657,1147.7584392060808,2167.988162946848,357.08040330841635,40667,BBVA Banco Francés,BANELCO,Villa Devoto,Comuna 11,B (50-100m)
658,7779.2516435078805,3145.7083148640545,3035.1834281215392,40617,BBVA Banco Francés,BANELCO,Flores,Comuna 7,A (0-50m)
659,16196.146864352473,2380.5360220592843,790.6780358972077,40806,Banco Galicia,BANELCO,Flores,Comuna 7,A (0-50m)
660,2423.045593879504,807.6818646272573,1020.2297237383325,40591,BBVA Banco Francés,BANELCO,Flores,Comuna 7,A (0-50m)
661,5228.677334161035,1105.2488673846678,2652.5972817196644,40640,BBVA Banco Francés,BANELCO,Villa Pueyrredon,Comuna 12,A (0-50m)
662,9054.538798181304,3103.1987430415675,2321.0226215047064,40997,Banco Galicia,BANELCO,Almagro,Comuna 5,A (0-50m)
663,1912.9307320101345,2933.1604557516184,688.6550635233745,41316,ICBC,BANELCO,Mataderos,Comuna 9,B (50-100m)
664,510.11486186936924,42.509571822487224,102.02297237383324,39816,Banco Itaú,BANELCO,Mataderos,Comuna 9,A (0-50m)
665,4208.447610422296,1402.8158701420784,1734.3905303551653,39852,Banco Itaú,BANELCO,Mataderos,Comuna 9,A (0-50m)
666,2805.6317402815307,1530.34458560954,1300.792897766374,39906,Banco Itaú,BANELCO,Mataderos,Comuna 9,A (0-50m)
667,1402.8158701407654,1572.8541574320273,1606.8618148878736,40852,Banco Galicia,BANELCO,Floresta,Comuna 10,C (100-150m)
668,7524.194212573197,3868.3710358463372,2933.160455747706,40439,Banco Supervielle,BANELCO,Caballito,Comuna 6,A (0-50m)
669,4463.505041356981,5058.639046875979,2831.137483373873,40181,Banco Santander Río,BANELCO,Caballito,Comuna 6,B (50-100m)
670,5483.734765095719,892.7010082722317,2193.493906037415,40033,Banco Patagonia,BANELCO,Mataderos,Comuna 9,A (0-50m)
671,1657.87330107545,4973.619903231005,1122.2526961121657,40885,Banco Galicia,BANELCO,Mataderos,Comuna 9,B (50-100m)
672,4208.447610422296,1147.758439207155,1122.2526961121657,40865,Banco Galicia,BANELCO,Villa Gral. Mitre,Comuna 11,A (0-50m)
673,9692.182375518016,4165.938038603747,2856.643226467331,40522,BBVA Banco Francés,BANELCO,Velez Sarsfield,Comuna 10,A (0-50m)
674,9564.653660050673,467.60529004735946,331.57466021495804,39873,Banco Itaú,BANELCO,Belgrano,Comuna 13,A (0-50m)
675,11222.526961126123,3018.179599396593,3111.700657401914,40911,Banco Galicia,BANELCO,Belgrano,Comuna 13,A (0-50m)
676,2933.160455748873,11902.680110296422,5840.815168401953,40104,Banco Santander Río,BANELCO,Parque Chacabuco,Comuna 7,B (50-100m)
677,6886.550635236485,5653.7730523908,2423.0455938785394,40094,Banco Santander Río,BANELCO,Almagro,Comuna 5,A (0-50m)
678,16068.61814888513,2550.5743093492333,2856.643226467331,40837,Banco Galicia,BANELCO,Caballito,Comuna 6,A (0-50m)
679,7779.2516435078805,892.7010082722317,2218.999649130873,40644,BBVA Banco Francés,BANELCO,Almagro,Comuna 5,A (0-50m)
680,3060.6891712162155,3018.179599396593,5050.137132504746,40506,Banco Supervielle,BANELCO,Caballito,Comuna 6,C (100-150m)
681,4463.505041356981,2508.0647375267463,3392.2638314299556,40311,Banco Santander Río,BANELCO,Recoleta,Comuna 2,A (0-50m)
682,9437.124944583331,1190.2680110296421,2678.103024813123,40446,Banco Supervielle,BANELCO,Recoleta,Comuna 2,A (0-50m)
683,3825.861464020269,2125.478591124361,3800.3557209252886,41161,HSBC Bank Argentina,BANELCO,Recoleta,Comuna 2,A (0-50m)
684,2040.459447477477,127.52871546746167,127.52871546729156,41365,ICBC,BANELCO,Palermo,Comuna 14,A (0-50m)
685,12497.814115799547,3485.784889443952,969.2182375514159,39898,Banco Itaú,BANELCO,Palermo,Comuna 14,A (0-50m)
686,27546.20254094594,5398.715621455877,5662.274966747746,40211,Banco Santander Río,BANELCO,Palermo,Comuna 14,A (0-50m)
687,15558.503287015761,2338.0264502367972,484.60911877570794,39948,Banco Macro,BANELCO,Palermo,Comuna 14,A (0-50m)
688,2550.5743093468463,297.56700275741053,0.0,40013,Banco Patagonia,BANELCO,Retiro,Comuna 1,A (0-50m)
689,1402.8158701407654,2253.0073065918227,382.58614640187466,41110,HSBC Bank Argentina,BANELCO,Belgrano,Comuna 13,B (50-100m)
690,11860.170538462835,1402.8158701420784,3009.6776850280808,40736,Banco Galicia,BANELCO,Nuñez,Comuna 13,A (0-50m)
691,5483.734765095719,255.05743093492333,1351.8043839532904,40786,Banco Galicia,BANELCO,Mataderos,Comuna 9,A (0-50m)
692,3953.3901794876115,4038.4093231362863,306.06891712149974,40172,Banco Santander Río,BANELCO,San Nicolas,Comuna 1,B (50-100m)
693,892.7010082713962,1275.2871546746167,127.52871546729156,40768,Banco Galicia,BANELCO,San Nicolas,Comuna 1,B (50-100m)
694,2933.160455748873,8714.46222360988,4489.010784448663,41092,HSBC Bank Argentina,BANELCO,San Nicolas,Comuna 1,B (50-100m)
695,11605.11310752815,3783.3518922013627,0.0,40898,Banco Galicia,BANELCO,Retiro,Comuna 1,A (0-50m)
696,1275.2871546734232,85.01914364497445,51.01148618691662,39883,Banco Itaú,BANELCO,Belgrano,Comuna 13,A (0-50m)
697,4080.918894954954,1317.796726497104,1530.3445856074986,39911,Banco Itaú,BANELCO,Belgrano,Comuna 13,A (0-50m)
698,4080.918894954954,3655.823176733901,306.06891712149974,39970,Banco Macro,BANELCO,Palermo,Comuna 14,A (0-50m)
699,4208.447610422296,722.6627209822827,2040.459447476665,40089,Banco Santander Río,BANELCO,Palermo,Comuna 14,A (0-50m)
700,11605.11310752815,2423.0455938817718,1734.3905303551653,40405,Banco Supervielle,BANELCO,Palermo,Comuna 14,A (0-50m)
701,2423.045593879504,2040.4594474793867,1147.758439205624,40934,Banco Galicia,BANELCO,Palermo,Comuna 14,A (0-50m)
702,4846.091187759008,807.6818646272573,357.08040330841635,40705,BBVA Banco Francés,BANELCO,Palermo,Comuna 14,A (0-50m)
703,4208.447610422296,1275.2871546746167,1020.2297237383325,39884,Banco Itaú,BANELCO,Barracas,Comuna 4,A (0-50m)
704,4335.976325889638,467.60529004735946,331.57466021495804,40593,BBVA Banco Francés,BANELCO,Barracas,Comuna 4,A (0-50m)
705,9564.653660050673,4165.938038603747,3137.2064004953722,40532,BBVA Banco Francés,BANELCO,Belgrano,Comuna 13,A (0-50m)
706,7524.194212573197,3188.2178866865415,2882.1489695607893,40600,BBVA Banco Francés,BANELCO,Barracas,Comuna 4,A (0-50m)
707,2295.5168784121615,2508.0647375267463,1173.2641822990824,40996,Banco Galicia,BANELCO,Barracas,Comuna 4,B (50-100m)
708,8671.952651779276,1190.2680110296421,25.50574309345831,40050,Banco Patagonia,BANELCO,Barracas,Comuna 4,A (0-50m)
709,3825.861464020269,3400.7657457989776,2958.6661988411643,40424,Banco Supervielle,BANELCO,Barracas,Comuna 4,A (0-50m)
710,15175.917140613734,1700.3828728994888,765.1722928037493,40379,Banco Santander Río,BANELCO,Barracas,Comuna 4,A (0-50m)
711,510.11486186936924,1402.8158701420784,612.1378342429995,41215,HSBC Bank Argentina,BANELCO,Villa Devoto,Comuna 11,B (50-100m)
712,5483.734765095719,1147.758439207155,1836.4135027289985,40648,BBVA Banco Francés,BANELCO,Villa Santa Rita,Comuna 11,A (0-50m)
713,2805.6317402815307,3443.275317621465,2423.0455938785394,40910,Banco Galicia,BANELCO,Villa Del Parque,Comuna 11,B (50-100m)
714,892.7010082713962,170.0382872899489,280.56317402804143,40602,BBVA Banco Francés,BANELCO,Monserrat,Comuna 1,A (0-50m)
715,127.52871546734231,850.1914364497444,25.50574309345831,40067,Banco Patagonia,BANELCO,Monserrat,Comuna 1,B (50-100m)
716,17471.434019025895,2890.650883929131,510.11486186916625,40843,Banco Galicia,BANELCO,San Telmo,Comuna 1,A (0-50m)
717,4718.5624722916655,467.60529004735946,459.10337568224963,40652,BBVA Banco Francés,BANELCO,Caballito,Comuna 6,A (0-50m)
718,6121.378342432431,2125.478591124361,1377.310127046749,40508,Banco Supervielle,BANELCO,Caballito,Comuna 6,A (0-50m)
719,3188.217886683558,1785.4020165444633,4795.079701570163,40896,Banco Galicia,BANELCO,Caballito,Comuna 6,C (100-150m)
720,41701.88995782094,1445.3254419645655,1428.3216132336654,40657,BBVA Banco Francés,BANELCO,Recoleta,Comuna 2,A (0-50m)
721,5228.677334161035,6036.359198793186,5764.297939121579,40191,Banco Santander Río,BANELCO,Recoleta,Comuna 2,B (50-100m)
722,2423.045593879504,2635.593452994208,2907.6547126542478,41268,ICBC,BANELCO,Recoleta,Comuna 2,C (100-150m)
723,1530.3445856081078,1020.2297237396933,1249.7814115794572,39831,Banco Itaú,BANELCO,Recoleta,Comuna 2,A (0-50m)
724,9692.182375518016,3825.86146402385,4233.95335351408,40338,Banco Santander Río,BANELCO,Recoleta,Comuna 2,A (0-50m)
725,5483.734765095719,2338.0264502367972,3366.758088336497,41165,HSBC Bank Argentina,BANELCO,Recoleta,Comuna 2,A (0-50m)
726,1147.7584392060808,892.7010082722317,1045.7354668317907,40767,Banco Galicia,BANELCO,Retiro,Comuna 1,A (0-50m)
727,8799.481367246619,1020.2297237396933,331.57466021495804,40827,Banco Galicia,BANELCO,Recoleta,Comuna 2,A (0-50m)
728,4973.61990322635,2593.083881171721,127.52871546729156,39765,Banco Comafi,BANELCO,Recoleta,Comuna 2,A (0-50m)
729,11094.99824565878,1870.4211601894378,663.1493204299161,39905,Banco Itaú,BANELCO,Recoleta,Comuna 2,A (0-50m)
730,3188.217886683558,807.6818646272573,790.6780358972077,39942,Banco Macro,BANELCO,Retiro,Comuna 1,A (0-50m)
731,5101.148618693693,595.1340055148211,0.0,41000,Banco Galicia,BANELCO,Saavedra,Comuna 12,A (0-50m)
732,8416.895220844592,2550.5743093492333,586.6320911495412,41108,HSBC Bank Argentina,BANELCO,Saavedra,Comuna 12,A (0-50m)
733,510.11486186936924,212.5478591124361,25.50574309345831,40832,Banco Galicia,BANELCO,Liniers,Comuna 9,A (0-50m)
734,7906.780358975223,765.17229280477,51.01148618691662,40177,Banco Santander Río,BANELCO,Liniers,Comuna 9,A (0-50m)
735,1657.87330107545,42.509571822487224,25.50574309345831,39915,Banco Macro,BANELCO,Liniers,Comuna 9,A (0-50m)
736,2423.045593879504,127.52871546746167,76.51722928037493,41181,HSBC Bank Argentina,BANELCO,Liniers,Comuna 9,A (0-50m)
737,510.11486186936924,1530.34458560954,280.56317402804143,40001,Banco Patagonia,BANELCO,Liniers,Comuna 9,B (50-100m)
738,39533.90179487612,3188.2178866865415,3239.2293728692057,40471,Banco Supervielle,BANELCO,Liniers,Comuna 9,A (0-50m)
739,3698.332748552927,1785.4020165444633,2754.620254093498,40875,Banco Galicia,BANELCO,Balvanera,Comuna 3,A (0-50m)
740,510.11486186936924,42.509571822487224,0.0,39797,Banco Itaú,BANELCO,Balvanera,Comuna 3,A (0-50m)
741,1530.3445856081078,595.1340055148211,127.52871546729156,39790,Banco Itaú,BANELCO,Balvanera,Comuna 3,A (0-50m)
742,15813.560717950446,2253.0073065918227,51.01148618691662,40638,BBVA Banco Francés,BANELCO,Balvanera,Comuna 3,A (0-50m)
743,24868.09951613175,4378.485897716184,6682.504690486077,39974,Banco Macro,BANELCO,Balvanera,Comuna 3,A (0-50m)
744,3060.6891712162155,3188.2178866865415,1836.4135027289985,40141,Banco Santander Río,BANELCO,Almagro,Comuna 5,B (50-100m)
745,13135.457693136257,2253.0073065918227,4795.079701570163,40866,Banco Galicia,BANELCO,Almagro,Comuna 5,A (0-50m)
746,8799.481367246619,2040.4594474793867,7728.240157317869,41216,HSBC Bank Argentina,BANELCO,Almagro,Comuna 5,A (0-50m)
747,2805.6317402815307,3443.275317621465,918.2067513644993,40626,BBVA Banco Francés,BANELCO,Almagro,Comuna 5,B (50-100m)
748,13390.515124070942,2380.5360220592843,2831.137483373873,40048,Banco Patagonia,BANELCO,Almagro,Comuna 5,A (0-50m)
749,6248.9070578997735,6461.454917018058,6682.504690486077,40312,Banco Santander Río,BANELCO,Almagro,Comuna 5,C (100-150m)
750,10584.88338378941,4931.110331408518,4004.401665672955,39859,Banco Itaú,BANELCO,Caballito,Comuna 6,A (0-50m)
751,22700.11135318693,765.17229280477,357.08040330841635,41190,HSBC Bank Argentina,BANELCO,Caballito,Comuna 6,A (0-50m)
752,4591.033756824323,42.509571822487224,178.54020165420818,40133,Banco Santander Río,BANELCO,Caballito,Comuna 6,A (0-50m)
753,12370.285400332205,637.6435773373083,433.5976325887913,41094,HSBC Bank Argentina,BANELCO,Caballito,Comuna 6,A (0-50m)
754,510.11486186936924,170.0382872899489,25.50574309345831,41346,ICBC,BANELCO,Caballito,Comuna 6,A (0-50m)
755,5356.206049628377,2295.51687841431,331.57466021495804,41305,ICBC,BANELCO,Caballito,Comuna 6,A (0-50m)
756,1785.4020165427924,722.6627209822827,178.54020165420818,39931,Banco Macro,BANELCO,Caballito,Comuna 6,A (0-50m)
757,3315.7466021509,85.01914364497445,0.0,39780,Banco Comafi,BANELCO,Caballito,Comuna 6,A (0-50m)
758,1402.8158701407654,127.52871546746167,0.0,40661,BBVA Banco Francés,BANELCO,Caballito,Comuna 6,A (0-50m)
759,2805.6317402815307,127.52871546746167,0.0,40884,Banco Galicia,BANELCO,Caballito,Comuna 6,A (0-50m)
760,9692.182375518016,1105.2488673846678,408.09188949533296,39899,Banco Itaú,BANELCO,Caballito,Comuna 6,A (0-50m)
761,7906.780358975223,7736.7420716926745,2372.034107691623,39935,Banco Macro,BANELCO,Flores,Comuna 7,A (0-50m)
762,15175.917140613734,2082.9690193018737,739.6665497102911,41247,ICBC,BANELCO,Flores,Comuna 7,A (0-50m)
763,5738.792196030404,85.01914364497445,76.51722928037493,40487,Banco Supervielle,BANELCO,Flores,Comuna 7,A (0-50m)
764,8927.010082713961,467.60529004735946,306.06891712149974,40415,Banco Supervielle,BANELCO,Flores,Comuna 7,A (0-50m)
765,13773.10127047297,2848.141312106644,1530.3445856074986,40613,BBVA Banco Francés,BANELCO,Flores,Comuna 7,A (0-50m)
766,16068.61814888513,2763.1221684616694,1479.3330994205821,41107,HSBC Bank Argentina,BANELCO,Flores,Comuna 7,A (0-50m)
767,3188.217886683558,1105.2488673846678,459.10337568224963,39758,Banco Comafi,BANELCO,Flores,Comuna 7,A (0-50m)
768,33284.99473697634,1530.34458560954,0.0,40244,Banco Santander Río,BANELCO,Flores,Comuna 7,A (0-50m)
769,6248.9070578997735,2253.0073065918227,688.6550635233745,39851,Banco Itaú,BANELCO,Flores,Comuna 7,A (0-50m)
770,18619.192458231977,3358.2561739764906,1045.7354668317907,40812,Banco Galicia,BANELCO,Flores,Comuna 7,A (0-50m)
771,4208.447610422296,8586.93350814242,2958.6661988411643,40442,Banco Supervielle,BANELCO,Flores,Comuna 7,B (50-100m)
772,21042.23805211148,4293.46675407121,5228.677334158954,40805,Banco Galicia,BANELCO,Flores,Comuna 7,A (0-50m)
773,17216.37658809121,3655.823176733901,2372.034107691623,40241,Banco Santander Río,BANELCO,Velez Sarsfield,Comuna 10,A (0-50m)
774,6121.378342432431,1827.9115883669506,3290.240859056122,40277,Banco Santander Río,BANELCO,Villa Luro,Comuna 10,A (0-50m)
775,2933.160455748873,1742.892444721976,2091.4709336635815,40829,Banco Galicia,BANELCO,Villa Riachuelo,Comuna 8,A (0-50m)
776,892.7010082713962,382.586146402385,459.10337568224963,40228,Banco Santander Río,BANELCO,Villa Urquiza,Comuna 12,A (0-50m)
777,5866.320911497746,552.6244336923339,0.0,41231,ICBC,BANELCO,San Nicolas,Comuna 1,A (0-50m)
778,9692.182375518016,5228.677334165928,0.0,39740,Banco Comafi,BANELCO,San Nicolas,Comuna 1,A (0-50m)
779,4846.091187759008,1955.4403038344121,280.56317402804143,40206,Banco Santander Río,BANELCO,San Nicolas,Comuna 1,A (0-50m)
780,9437.124944583331,13135.457693148552,51.01148618691662,40770,Banco Galicia,BANELCO,San Nicolas,Comuna 1,B (50-100m)
781,510.11486186936924,425.0957182248722,790.6780358972077,39964,Banco Macro,BANELCO,Puerto Madero,Comuna 1,C (100-150m)
782,1657.87330107545,297.56700275741053,0.0,39785,Banco Itaú,BANELCO,Palermo,Comuna 14,A (0-50m)
783,1657.87330107545,1487.8350137870527,127.52871546729156,39792,Banco Itaú,BANELCO,Palermo,Comuna 14,A (0-50m)
784,6376.435773367116,11094.998245669165,3825.8614640187466,40637,BBVA Banco Francés,BANELCO,San Cristobal,Comuna 3,B (50-100m)
785,16451.204295287156,2508.0647375267463,892.7010082710409,40138,Banco Santander Río,BANELCO,San Cristobal,Comuna 3,A (0-50m)
786,12242.756684864862,5271.186905988416,3596.309776177622,40752,Banco Galicia,BANELCO,San Cristobal,Comuna 3,A (0-50m)
787,23720.34107692567,4548.524185006133,3672.827005457997,40611,BBVA Banco Francés,BANELCO,Boedo,Comuna 5,A (0-50m)
788,14155.687416874996,3825.86146402385,4361.482068981371,40058,Banco Patagonia,BANELCO,Boedo,Comuna 5,A (0-50m)
789,3315.7466021509,2423.0455938817718,1020.2297237383325,40539,BBVA Banco Francés,BANELCO,Paternal,Comuna 15,A (0-50m)
790,3060.6891712162155,5016.129475053493,2091.4709336635815,39828,Banco Itaú,BANELCO,Paternal,Comuna 15,B (50-100m)
791,127.52871546734231,0.0,0.0,40077,Banco Patagonia,BANELCO,Villa Devoto,Comuna 11,A (0-50m)
792,1785.4020165427924,892.7010082722317,663.1493204299161,40069,Banco Patagonia,BANELCO,Villa Devoto,Comuna 11,A (0-50m)
793,255.05743093468462,42.509571822487224,76.51722928037493,39885,Banco Itaú,BANELCO,Villa Devoto,Comuna 11,A (0-50m)
794,2423.045593879504,637.6435773373083,280.56317402804143,39844,Banco Itaú,BANELCO,Villa Devoto,Comuna 11,A (0-50m)
795,5483.734765095719,2678.103024816695,892.7010082710409,39803,Banco Itaú,BANELCO,Retiro,Comuna 1,A (0-50m)
796,5611.263480563061,2465.555165704259,408.09188949533296,39927,Banco Macro,BANELCO,Retiro,Comuna 1,A (0-50m)
797,19511.893466503374,1402.8158701420784,1020.2297237383325,40917,Banco Galicia,BANELCO,Retiro,Comuna 1,A (0-50m)
798,7524.194212573197,5313.696477810903,2014.9537043832067,40281,Banco Santander Río,BANELCO,Recoleta,Comuna 2,A (0-50m)
799,1530.3445856081078,1020.2297237396933,331.57466021495804,40708,BBVA Banco Francés,BANELCO,Recoleta,Comuna 2,A (0-50m)
800,6503.964488834457,467.60529004735946,331.57466021495804,40622,BBVA Banco Francés,BANELCO,Recoleta,Comuna 2,A (0-50m)
801,7396.665497105854,1020.2297237396933,1198.7699253925407,40144,Banco Santander Río,BANELCO,Recoleta,Comuna 2,A (0-50m)
802,17854.020165427923,2890.650883929131,790.6780358972077,39945,Banco Macro,BANELCO,Recoleta,Comuna 2,A (0-50m)
803,32264.765013237604,3188.2178866865415,2014.9537043832067,40672,BBVA Banco Francés,BANELCO,Recoleta,Comuna 2,A (0-50m)
804,15048.388425146393,3188.2178866865415,1096.7469530187075,39754,Banco Comafi,BANELCO,Recoleta,Comuna 2,A (0-50m)
805,3825.861464020269,5568.753908745826,1096.7469530187075,40887,Banco Galicia,BANELCO,Recoleta,Comuna 2,B (50-100m)
806,9819.711090985358,10627.392955621806,2525.068566252373,39795,Banco Itaú,BANELCO,Recoleta,Comuna 2,B (50-100m)
807,28949.018411086705,10967.469530201703,1581.3560717944154,40463,Banco Supervielle,BANELCO,Recoleta,Comuna 2,A (0-50m)
808,5483.734765095719,2890.650883929131,688.6550635233745,40000,Banco Patagonia,BANELCO,Recoleta,Comuna 2,A (0-50m)
809,8161.837789909908,595.1340055148211,1020.2297237383325,40266,Banco Santander Río,BANELCO,Recoleta,Comuna 2,A (0-50m)
810,11860.170538462835,722.6627209822827,178.54020165420818,41136,HSBC Bank Argentina,BANELCO,Recoleta,Comuna 2,A (0-50m)
811,6376.435773367116,1827.9115883669506,459.10337568224963,40509,Banco Supervielle,BANELCO,Recoleta,Comuna 2,A (0-50m)
812,51649.12976427363,2338.0264502367972,637.6435773364578,40131,Banco Santander Río,BANELCO,Palermo,Comuna 14,A (0-50m)
813,5101.148618693693,2253.0073065918227,76.51722928037493,39868,Banco Itaú,BANELCO,Palermo,Comuna 14,A (0-50m)
814,22572.582637719588,24698.061228865077,867.1952651775827,41348,ICBC,BANELCO,Palermo,Comuna 14,B (50-100m)
815,13135.457693136257,10287.316381041908,2550.5743093458314,41350,ICBC,BANELCO,Palermo,Comuna 14,A (0-50m)
816,13645.572555005627,8756.971795432368,3596.309776177622,40125,Banco Santander Río,BANELCO,Palermo,Comuna 14,A (0-50m)
817,10329.825952854728,425.0957182248722,510.11486186916625,40933,Banco Galicia,BANELCO,Palermo,Comuna 14,A (0-50m)
818,9309.596229115989,1147.758439207155,1428.3216132336654,39995,Banco Patagonia,BANELCO,Palermo,Comuna 14,A (0-50m)
819,20532.123190242113,8416.89522085247,3825.8614640187466,39743,Banco Comafi,BANELCO,Palermo,Comuna 14,A (0-50m)
820,5228.677334161035,18194.09674002453,3953.3901794860385,40422,Banco Supervielle,BANELCO,Palermo,Comuna 14,B (50-100m)
821,5356.206049628377,9819.711090994548,790.6780358972077,40269,Banco Santander Río,BANELCO,Palermo,Comuna 14,B (50-100m)
822,10329.825952854728,3188.2178866865415,4259.459096607538,40656,BBVA Banco Francés,BANELCO,Palermo,Comuna 14,A (0-50m)
823,9182.067513648646,127.52871546746167,0.0,39830,Banco Itaú,BANELCO,Retiro,Comuna 1,A (0-50m)
824,20149.537043840086,552.6244336923339,433.5976325887913,40378,Banco Santander Río,BANELCO,Retiro,Comuna 1,A (0-50m)
825,2167.988162944819,552.6244336923339,102.02297237383324,40608,BBVA Banco Francés,BANELCO,Retiro,Comuna 1,A (0-50m)
826,3060.6891712162155,1402.8158701420784,1530.3445856074986,41320,ICBC,BANELCO,Retiro,Comuna 1,A (0-50m)
827,6248.9070578997735,3358.2561739764906,1224.275668485999,40904,Banco Galicia,BANELCO,Retiro,Comuna 1,A (0-50m)
828,16068.61814888513,7779.251643515162,4744.068215383246,39969,Banco Macro,BANELCO,Palermo,Comuna 14,A (0-50m)
829,63381.771587269126,6674.002776130494,3723.8384916449136,40533,BBVA Banco Francés,BANELCO,Palermo,Comuna 14,A (0-50m)
830,3060.6891712162155,10074.768521929473,1249.7814115794572,40500,Banco Supervielle,BANELCO,Villa Crespo,Comuna 15,B (50-100m)
831,2678.1030248141883,2125.478591124361,2193.493906037415,40111,Banco Santander Río,BANELCO,Villa Ortuzar,Comuna 15,A (0-50m)
832,6886.550635236485,1445.3254419645655,816.1837789906659,40073,Banco Patagonia,BANELCO,Villa Ortuzar,Comuna 15,A (0-50m)
833,2040.459447477477,0.0,0.0,40614,BBVA Banco Francés,BANELCO,Villa Urquiza,Comuna 12,A (0-50m)
834,9819.711090985358,977.7201519172061,204.04594474766648,40505,Banco Supervielle,BANELCO,Villa Urquiza,Comuna 12,A (0-50m)
835,1402.8158701407654,42.509571822487224,102.02297237383324,39808,Banco Itaú,BANELCO,Villa Urquiza,Comuna 12,A (0-50m)
836,6376.435773367116,1360.3062983195912,408.09188949533296,39812,Banco Itaú,BANELCO,Villa Urquiza,Comuna 12,A (0-50m)
837,4080.918894954954,4208.447610426235,1836.4135027289985,40836,Banco Galicia,BANELCO,Villa Urquiza,Comuna 12,B (50-100m)
838,510.11486186936924,170.0382872899489,76.51722928037493,41264,ICBC,BANELCO,Villa Urquiza,Comuna 12,A (0-50m)
839,8544.423936311934,3145.7083148640545,1606.8618148878736,41099,HSBC Bank Argentina,BANELCO,Villa Urquiza,Comuna 12,A (0-50m)
840,7014.079350703827,12370.285400343782,3596.309776177622,40193,Banco Santander Río,BANELCO,Villa Urquiza,Comuna 12,B (50-100m)
841,3443.2753176182423,2635.593452994208,2984.1719419346223,40583,BBVA Banco Francés,BANELCO,Villa Urquiza,Comuna 12,A (0-50m)
842,1020.2297237387385,2550.5743093492333,765.1722928037493,40972,Banco Galicia,BANELCO,Barracas,Comuna 4,B (50-100m)
843,127.52871546734231,892.7010082722317,331.57466021495804,40061,Banco Patagonia,BANELCO,Barracas,Comuna 4,B (50-100m)
844,1020.2297237387385,1445.3254419645655,1530.3445856074986,40816,Banco Galicia,BANELCO,Barracas,Comuna 4,C (100-150m)
845,382.58614640202694,2210.4977347693357,2525.068566252373,41209,HSBC Bank Argentina,BANELCO,Barracas,Comuna 4,C (100-150m)
846,7651.722928040538,127.52871546746167,255.05743093458312,41236,ICBC,BANELCO,Recoleta,Comuna 2,A (0-50m)
847,19129.307320101347,1487.8350137870527,1683.3790441682486,41143,HSBC Bank Argentina,BANELCO,Recoleta,Comuna 2,A (0-50m)
848,2678.1030248141883,170.0382872899489,0.0,40334,Banco Santander Río,BANELCO,San Telmo,Comuna 1,A (0-50m)
849,892.7010082713962,1700.3828728994888,127.52871546729156,41256,ICBC,BANELCO,San Telmo,Comuna 1,B (50-100m)
850,9182.067513648646,3018.179599396593,1708.8847872617068,39922,Banco Macro,BANELCO,Nuñez,Comuna 13,A (0-50m)
851,1020.2297237387385,42.509571822487224,76.51722928037493,39774,Banco Comafi,BANELCO,Villa Del Parque,Comuna 11,A (0-50m)
852,6759.021919769142,2295.51687841431,1275.2871546729157,40828,Banco Galicia,BANELCO,Villa Del Parque,Comuna 11,A (0-50m)
853,2295.5168784121615,1147.758439207155,586.6320911495412,40564,BBVA Banco Francés,BANELCO,Parque Chacabuco,Comuna 7,A (0-50m)
854,3570.8040330855847,4080.9188949587733,1045.7354668317907,40894,Banco Galicia,BANELCO,Boedo,Comuna 5,B (50-100m)
855,1147.7584392060808,1147.758439207155,790.6780358972077,39833,Banco Itaú,BANELCO,Saavedra,Comuna 12,B (50-100m)
856,8799.481367246619,3698.332748556388,2065.9651905701235,41044,CitiBank,BANELCO,Caballito,Comuna 6,A (0-50m)
857,8161.837789909908,6206.397486083135,3902.3786932991216,40979,Banco Galicia,BANELCO,San Telmo,Comuna 1,A (0-50m)
858,2040.459447477477,3443.275317621465,1657.8733010747903,40813,Banco Galicia,BANELCO,Monserrat,Comuna 1,B (50-100m)
859,24613.042085197067,1785.4020165444633,178.54020165420818,40203,Banco Santander Río,BANELCO,Villa Urquiza,Comuna 12,A (0-50m)
860,12370.285400332205,1657.8733010770018,51.01148618691662,41075,Compania Financiera,BANELCO,Caballito,Comuna 6,A (0-50m)
861,5101.148618693693,2040.4594474793867,2474.0570800654564,40411,Banco Supervielle,BANELCO,Belgrano,Comuna 13,A (0-50m)
862,12242.756684864862,3188.2178866865415,484.60911877570794,40576,BBVA Banco Francés,BANELCO,Liniers,Comuna 9,A (0-50m)
863,1785.4020165427924,42.509571822487224,51.01148618691662,40497,Banco Supervielle,BANELCO,San Nicolas,Comuna 1,A (0-50m)
864,765.1722928040539,85.01914364497445,25.50574309345831,39829,Banco Itaú,BANELCO,San Nicolas,Comuna 1,A (0-50m)
865,4080.918894954954,1615.3637292545145,867.1952651775827,39900,Banco Itaú,BANELCO,San Nicolas,Comuna 1,A (0-50m)
866,1275.2871546734232,297.56700275741053,510.11486186916625,40922,Banco Galicia,BANELCO,Belgrano,Comuna 13,A (0-50m)
867,3825.861464020269,5271.186905988416,3137.2064004953722,39791,Banco Itaú,BANELCO,Constitucion,Comuna 1,B (50-100m)
868,2550.5743093468463,2167.988162946848,1147.758439205624,41319,ICBC,BANELCO,Villa Devoto,Comuna 11,A (0-50m)
869,3698.332748552927,1232.7775828521294,943.7124944579575,40891,Banco Galicia,BANELCO,Villa Devoto,Comuna 11,A (0-50m)
870,13262.9864086036,6248.9070579056215,4540.02227063558,40326,Banco Santander Río,BANELCO,Monserrat,Comuna 1,A (0-50m)
871,9054.538798181304,3103.1987430415675,1275.2871546729157,39984,Banco Patagonia,BANELCO,Monserrat,Comuna 1,A (0-50m)
872,10712.412099256753,8544.423936319932,5305.194563439329,40546,BBVA Banco Francés,BANELCO,Balvanera,Comuna 3,A (0-50m)
873,11605.11310752815,4080.9188949587733,3902.3786932991216,40964,Banco Galicia,BANELCO,Balvanera,Comuna 3,A (0-50m)
874,3443.2753176182423,1360.3062983195912,867.1952651775827,39978,Banco Macro,BANELCO,Monserrat,Comuna 1,A (0-50m)
875,1147.7584392060808,297.56700275741053,306.06891712149974,40728,BBVA Banco Francés,BANELCO,Villa Soldati,Comuna 8,A (0-50m)
876,2167.988162944819,850.1914364497444,2780.125997186956,39744,Banco Comafi,BANELCO,Constitucion,Comuna 1,C (100-150m)
877,9309.596229115989,7099.098494355366,3009.6776850280808,40253,Banco Santander Río,BANELCO,Recoleta,Comuna 2,A (0-50m)
878,1912.9307320101345,1360.3062983195912,1708.8847872617068,40161,Banco Santander Río,BANELCO,Saavedra,Comuna 12,A (0-50m)
879,1020.2297237387385,892.7010082722317,382.58614640187466,40519,BBVA Banco Francés,BANELCO,Mataderos,Comuna 9,A (0-50m)
880,5101.148618693693,2975.6700275741055,1657.8733010747903,39959,Banco Macro,BANELCO,Recoleta,Comuna 2,A (0-50m)
881,15175.917140613734,2550.5743093492333,1887.424988915915,40273,Banco Santander Río,BANELCO,Recoleta,Comuna 2,A (0-50m)
882,637.6435773367116,340.0765745798978,510.11486186916625,40750,Banco Galicia,BANELCO,Palermo,Comuna 14,A (0-50m)
883,1147.7584392060808,1700.3828728994888,1096.7469530187075,40702,BBVA Banco Francés,BANELCO,Palermo,Comuna 14,B (50-100m)
884,30224.30556576013,13985.649129598296,1989.4479612897483,41037,CitiBank,BANELCO,Recoleta,Comuna 2,A (0-50m)
885,16706.26172622184,1955.4403038344121,1428.3216132336654,39722,Banco Columbia,BANELCO,Belgrano,Comuna 13,A (0-50m)
886,6886.550635236485,595.1340055148211,0.0,40185,Banco Santander Río,BANELCO,San Nicolas,Comuna 1,A (0-50m)
887,11987.699253930177,2635.593452994208,2167.9881629439565,39994,Banco Patagonia,BANELCO,Nueva Pompeya,Comuna 4,A (0-50m)
888,5738.792196030404,2805.631740284157,1606.8618148878736,39921,Banco Macro,BANELCO,Boedo,Comuna 5,A (0-50m)
889,5483.734765095719,2082.9690193018737,5381.711792719704,39716,Banco Columbia,BANELCO,Floresta,Comuna 10,A (0-50m)
890,8416.895220844592,3358.2561739764906,1759.8962734486236,41207,HSBC Bank Argentina,BANELCO,Barracas,Comuna 4,A (0-50m)
891,6248.9070578997735,2040.4594474793867,433.5976325887913,39713,Banco Columbia,BANELCO,Caballito,Comuna 6,A (0-50m)
892,4463.505041356981,4888.600759586031,1938.4364751028318,40078,Banco Patagonia,BANELCO,Flores,Comuna 7,B (50-100m)
893,10967.469530191438,2890.650883929131,5177.665847972037,40309,Banco Santander Río,BANELCO,Palermo,Comuna 14,A (0-50m)
894,0.0,170.0382872899489,51.01148618691662,41198,HSBC Bank Argentina,BANELCO,San Nicolas,Comuna 1,B (50-100m)
895,8289.36650537725,977.7201519172061,867.1952651775827,40718,BBVA Banco Francés,BANELCO,Retiro,Comuna 1,A (0-50m)
896,1147.7584392060808,1870.4211601894378,3749.344234738372,40263,Banco Santander Río,BANELCO,San Nicolas,Comuna 1,C (100-150m)
897,1147.7584392060808,170.0382872899489,0.0,41218,HSBC Bank Argentina,BANELCO,San Nicolas,Comuna 1,A (0-50m)
898,42849.64839702701,2763.1221684616694,2754.620254093498,39714,Banco Columbia,BANELCO,Flores,Comuna 7,A (0-50m)
899,9054.538798181304,1742.892444721976,3519.792546897247,40698,BBVA Banco Francés,BANELCO,Boca,Comuna 4,A (0-50m)
900,16323.675579819816,2550.5743093492333,14436.250590897405,40582,BBVA Banco Francés,BANELCO,Constitucion,Comuna 1,A (0-50m)
901,19256.83603556869,4888.600759586031,4284.964839700996,40545,BBVA Banco Francés,BANELCO,Boca,Comuna 4,A (0-50m)
902,10329.825952854728,4420.995469538671,637.6435773364578,40817,Banco Galicia,BANELCO,Palermo,Comuna 14,A (0-50m)
903,4463.505041356981,1402.8158701420784,51.01148618691662,39967,Banco Macro,BANELCO,Colegiales,Comuna 13,A (0-50m)
904,23337.754930523643,6163.887914260647,7983.2975882524515,41239,ICBC,BANELCO,Belgrano,Comuna 13,A (0-50m)
905,4973.61990322635,212.5478591124361,357.08040330841635,41269,ICBC,BANELCO,Belgrano,Comuna 13,A (0-50m)
906,6121.378342432431,680.1531491597956,484.60911877570794,41017,CitiBank,BANELCO,Belgrano,Comuna 13,A (0-50m)
907,20787.180621176798,3315.7466021540035,1173.2641822990824,40523,BBVA Banco Francés,BANELCO,Belgrano,Comuna 13,A (0-50m)
908,13518.043839538284,3400.7657457989776,1861.9192458224568,41131,HSBC Bank Argentina,BANELCO,Nuñez,Comuna 13,A (0-50m)
909,11860.170538462835,2167.988162946848,688.6550635233745,39853,Banco Itaú,BANELCO,Nuñez,Comuna 13,A (0-50m)
910,4208.447610422296,2805.631740284157,816.1837789906659,40724,BBVA Banco Francés,BANELCO,Nuñez,Comuna 13,A (0-50m)
911,7651.722928040538,3060.68917121908,892.7010082710409,41033,CitiBank,BANELCO,Belgrano,Comuna 13,A (0-50m)
912,4846.091187759008,8884.50051089983,3264.7351159626637,41050,CitiBank,BANELCO,Belgrano,Comuna 13,B (50-100m)
913,8289.36650537725,2167.988162946848,637.6435773364578,40470,Banco Supervielle,BANELCO,Palermo,Comuna 14,A (0-50m)
914,11222.526961126123,6163.887914260647,2805.6317402804143,40858,Banco Galicia,BANELCO,Belgrano,Comuna 13,A (0-50m)
915,637.6435773367116,3485.784889443952,1887.424988915915,39957,Banco Macro,BANELCO,Colegiales,Comuna 13,B (50-100m)
916,3443.2753176182423,1232.7775828521294,1096.7469530187075,40857,Banco Galicia,BANELCO,Barracas,Comuna 4,A (0-50m)
917,11222.526961126123,2210.4977347693357,2703.608767906581,41188,HSBC Bank Argentina,BANELCO,Barracas,Comuna 4,A (0-50m)
918,5738.792196030404,1317.796726497104,3519.792546897247,40240,Banco Santander Río,BANELCO,Barracas,Comuna 4,A (0-50m)
919,93733.6058684966,4931.110331408518,2754.620254093498,41014,CitiBank,BANELCO,Balvanera,Comuna 3,A (0-50m)
920,3570.8040330855847,4931.110331408518,3672.827005457997,39706,Banco Columbia,BANELCO,Recoleta,Comuna 2,B (50-100m)
921,22827.640068654273,2040.4594474793867,382.58614640187466,41304,ICBC,BANELCO,Balvanera,Comuna 3,A (0-50m)
922,6376.435773367116,1912.930732011925,2423.0455938785394,40140,Banco Santander Río,BANELCO,Balvanera,Comuna 3,A (0-50m)
923,10712.412099256753,4208.447610426235,3392.2638314299556,40294,Banco Santander Río,BANELCO,Constitucion,Comuna 1,A (0-50m)
924,5101.148618693693,2295.51687841431,2754.620254093498,41369,ICBC,BANELCO,Floresta,Comuna 10,A (0-50m)
925,3698.332748552927,977.7201519172061,535.6206049626245,39972,Banco Macro,BANELCO,Villa Del Parque,Comuna 11,A (0-50m)
926,1530.3445856081078,212.5478591124361,25.50574309345831,40042,Banco Patagonia,BANELCO,Palermo,Comuna 14,A (0-50m)
927,5611.263480563061,1530.34458560954,1810.90775963554,41054,CitiBank,BANELCO,Palermo,Comuna 14,A (0-50m)
928,1402.8158701407654,1785.4020165444633,1734.3905303551653,40840,Banco Galicia,BANELCO,Villa Pueyrredon,Comuna 12,B (50-100m)
929,4846.091187759008,2720.6125966391824,2525.068566252373,40270,Banco Santander Río,BANELCO,Velez Sarsfield,Comuna 10,A (0-50m)
930,637.6435773367116,297.56700275741053,255.05743093458312,41005,Banco Galicia,BANELCO,Retiro,Comuna 1,A (0-50m)
931,28821.489695619362,3315.7466021540035,612.1378342429995,41226,ICBC,BANELCO,San Nicolas,Comuna 1,A (0-50m)
932,8927.010082713961,8671.952651787393,3188.217886682289,39718,Banco Columbia,BANELCO,Balvanera,Comuna 3,A (0-50m)
933,1657.87330107545,1742.892444721976,331.57466021495804,41270,ICBC,BANELCO,Puerto Madero,Comuna 1,B (50-100m)
934,7269.136781638512,3273.237030331516,2423.0455938785394,40308,Banco Santander Río,BANELCO,Retiro,Comuna 1,A (0-50m)
935,3060.6891712162155,2550.5743093492333,2116.97667675704,40003,Banco Patagonia,BANELCO,Retiro,Comuna 1,A (0-50m)
936,4846.091187759008,2550.5743093492333,816.1837789906659,39850,Banco Itaú,BANELCO,San Nicolas,Comuna 1,A (0-50m)
937,20022.008328372744,4250.957182248722,0.0,40968,Banco Galicia,BANELCO,San Nicolas,Comuna 1,A (0-50m)
938,5611.263480563061,6631.493204308007,1326.2986408598322,41038,CitiBank,BANELCO,Retiro,Comuna 1,B (50-100m)
939,1275.2871546734232,5271.186905988416,5228.677334158954,39825,Banco Itaú,BANELCO,Palermo,Comuna 14,B (50-100m)
940,2167.988162944819,1402.8158701420784,892.7010082710409,40678,BBVA Banco Francés,BANELCO,Palermo,Comuna 14,A (0-50m)
941,7269.136781638512,1232.7775828521294,280.56317402804143,40119,Banco Santander Río,BANELCO,Palermo,Comuna 14,A (0-50m)
942,2167.988162944819,3783.3518922013627,1887.424988915915,40457,Banco Supervielle,BANELCO,Palermo,Comuna 14,B (50-100m)
943,3188.217886683558,5228.677334165928,1479.3330994205821,39989,Banco Patagonia,BANELCO,Monserrat,Comuna 1,B (50-100m)
944,9182.067513648646,5058.639046875979,5866.320911495412,40722,BBVA Banco Francés,BANELCO,San Telmo,Comuna 1,A (0-50m)
945,4080.918894954954,765.17229280477,306.06891712149974,40093,Banco Santander Río,BANELCO,San Nicolas,Comuna 1,A (0-50m)
946,7269.136781638512,2125.478591124361,2550.5743093458314,41117,HSBC Bank Argentina,BANELCO,Palermo,Comuna 14,A (0-50m)
947,11477.584392060808,3528.2944612664396,2499.5628231589144,40485,Banco Supervielle,BANELCO,Palermo,Comuna 14,A (0-50m)
948,1402.8158701407654,3103.1987430415675,51.01148618691662,41078,Compania Financiera,BANELCO,San Telmo,Comuna 1,B (50-100m)
949,4718.5624722916655,5058.639046875979,1861.9192458224568,40971,Banco Galicia,BANELCO,Floresta,Comuna 10,B (50-100m)
950,9819.711090985358,13305.4959804385,1989.4479612897483,39730,Banco Comafi,BANELCO,Belgrano,Comuna 13,B (50-100m)
951,2423.045593879504,1785.4020165444633,4386.98781207483,41333,ICBC,BANELCO,San Cristobal,Comuna 3,C (100-150m)
952,1402.8158701407654,3698.332748556388,1606.8618148878736,41323,ICBC,BANELCO,Constitucion,Comuna 1,B (50-100m)
953,3188.217886683558,1275.2871546746167,2831.137483373873,41154,HSBC Bank Argentina,BANELCO,Nueva Pompeya,Comuna 4,A (0-50m)
954,2550.5743093468463,2125.478591124361,3494.2868038037886,40445,Banco Supervielle,BANELCO,Boedo,Comuna 5,C (100-150m)
955,892.7010082713962,977.7201519172061,637.6435773364578,41245,ICBC,BANELCO,Parque Patricios,Comuna 4,B (50-100m)
956,255.05743093468462,2253.0073065918227,765.1722928037493,40180,Banco Santander Río,BANELCO,Parque Patricios,Comuna 4,B (50-100m)
957,2167.988162944819,3145.7083148640545,1581.3560717944154,40332,Banco Santander Río,BANELCO,Floresta,Comuna 10,B (50-100m)
958,2550.5743093468463,892.7010082722317,2423.0455938785394,40555,BBVA Banco Francés,BANELCO,Saavedra,Comuna 12,A (0-50m)
959,3188.217886683558,1360.3062983195912,714.1608066168327,40155,Banco Santander Río,BANELCO,Coghlan,Comuna 12,A (0-50m)
960,4463.505041356981,3825.86146402385,1785.4020165420818,40189,Banco Santander Río,BANELCO,Balvanera,Comuna 3,A (0-50m)
961,14283.216132342339,5781.301767858262,306.06891712149974,39747,Banco Comafi,BANELCO,Recoleta,Comuna 2,A (0-50m)
962,31117.006574031522,8374.385649029982,2550.5743093458314,41166,HSBC Bank Argentina,BANELCO,Balvanera,Comuna 3,A (0-50m)
963,5738.792196030404,10414.845096509369,4335.976325887913,40995,Banco Galicia,BANELCO,Balvanera,Comuna 3,B (50-100m)
964,5866.320911497746,1912.930732011925,3213.723629775747,40057,Banco Patagonia,BANELCO,Chacarita,Comuna 15,A (0-50m)
965,1020.2297237387385,4293.46675407121,7447.676983289827,41340,ICBC,BANELCO,Chacarita,Comuna 15,C (100-150m)
966,8927.010082713961,382.586146402385,0.0,40978,Banco Galicia,BANELCO,San Nicolas,Comuna 1,A (0-50m)
967,11477.584392060808,4718.562472296082,0.0,40853,Banco Galicia,BANELCO,San Nicolas,Comuna 1,A (0-50m)
968,77920.04515054615,52371.79248530426,790.6780358972077,40597,BBVA Banco Francés,BANELCO,San Nicolas,Comuna 1,A (0-50m)
969,12242.756684864862,4633.543328651107,1606.8618148878736,41032,CitiBank,BANELCO,Almagro,Comuna 5,A (0-50m)
970,14028.158701407654,2550.5743093492333,1351.8043839532904,40809,Banco Galicia,BANELCO,Chacarita,Comuna 15,A (0-50m)
971,3570.8040330855847,18874.249889184328,459.10337568224963,41081,Compania Financiera,BANELCO,Chacarita,Comuna 15,B (50-100m)
972,12242.756684864862,382.586146402385,0.0,40935,Banco Galicia,BANELCO,San Nicolas,Comuna 1,A (0-50m)
973,4591.033756824323,6121.37834243816,2576.0800524392894,39799,Banco Itaú,BANELCO,Villa Crespo,Comuna 15,B (50-100m)
974,9564.653660050673,6036.359198793186,2576.0800524392894,39979,Banco Macro,BANELCO,San Nicolas,Comuna 1,A (0-50m)
975,5993.849626965089,255.05743093492333,25.50574309345831,40223,Banco Santander Río,BANELCO,San Nicolas,Comuna 1,A (0-50m)
976,48843.498023992106,3485.784889443952,969.2182375514159,41053,CitiBank,BANELCO,San Nicolas,Comuna 1,A (0-50m)
977,54199.70407362048,8204.347361740034,790.6780358972077,40537,BBVA Banco Francés,BANELCO,San Nicolas,Comuna 1,A (0-50m)
978,255.05743093468462,0.0,0.0,40322,Banco Santander Río,BANELCO,Agronomia,Comuna 15,A (0-50m)
979,3953.3901794876115,12880.400262213629,1351.8043839532904,39719,Banco Columbia,BANELCO,Liniers,Comuna 9,B (50-100m)
980,1020.2297237387385,2253.0073065918227,3060.6891712149973,40116,Banco Santander Río,BANELCO,Palermo,Comuna 14,C (100-150m)
981,3443.2753176182423,2210.4977347693357,1606.8618148878736,40731,BBVA Banco Francés,BANELCO,Retiro,Comuna 1,A (0-50m)
982,7524.194212573197,1402.8158701420784,2780.125997186956,40136,Banco Santander Río,BANELCO,Belgrano,Comuna 13,A (0-50m)
983,5228.677334161035,1785.4020165444633,382.58614640187466,40288,Banco Santander Río,BANELCO,Nueva Pompeya,Comuna 4,A (0-50m)
984,4591.033756824323,1147.758439207155,2193.493906037415,40291,Banco Santander Río,BANELCO,Belgrano,Comuna 13,A (0-50m)
985,6503.964488834457,1317.796726497104,790.6780358972077,40573,BBVA Banco Francés,BANELCO,Villa Del Parque,Comuna 11,A (0-50m)
986,1912.9307320101345,340.0765745798978,280.56317402804143,41292,ICBC,BANELCO,Villa Del Parque,Comuna 11,A (0-50m)
987,6121.378342432431,425.0957182248722,306.06891712149974,41210,HSBC Bank Argentina,BANELCO,Villa Del Parque,Comuna 11,A (0-50m)
988,2423.045593879504,3528.2944612664396,4846.091187757079,40330,Banco Santander Río,BANELCO,Flores,Comuna 7,C (100-150m)
989,4463.505041356981,2338.0264502367972,1708.8847872617068,39903,Banco Itaú,BANELCO,Flores,Comuna 7,A (0-50m)
990,765.1722928040539,552.6244336923339,51.01148618691662,41324,ICBC,BANELCO,Puerto Madero,Comuna 1,A (0-50m)
991,20914.70933664414,4803.581615941056,7906.780358972077,39802,Banco Itaú,BANELCO,San Telmo,Comuna 1,A (0-50m)
992,4973.61990322635,1360.3062983195912,637.6435773364578,41170,HSBC Bank Argentina,BANELCO,Barracas,Comuna 4,A (0-50m)
993,1912.9307320101345,4803.581615941056,637.6435773364578,40771,Banco Galicia,BANELCO,Monserrat,Comuna 1,B (50-100m)
994,12880.400262201572,3145.7083148640545,1606.8618148878736,41375,ICBC,BANELCO,Monserrat,Comuna 1,A (0-50m)
995,765.1722928040539,1105.2488673846678,918.2067513644993,40598,BBVA Banco Francés,BANELCO,Nueva Pompeya,Comuna 4,B (50-100m)
996,2933.160455748873,1870.4211601894378,2754.620254093498,40329,Banco Santander Río,BANELCO,Nueva Pompeya,Comuna 4,A (0-50m)
997,1147.7584392060808,127.52871546746167,204.04594474766648,41310,ICBC,BANELCO,Retiro,Comuna 1,A (0-50m)
998,1147.7584392060808,680.1531491597956,102.02297237383324,41151,HSBC Bank Argentina,BANELCO,Retiro,Comuna 1,A (0-50m)
999,7651.722928040538,1487.8350137870527,1122.2526961121657,40925,Banco Galicia,BANELCO,Palermo,Comuna 14,A (0-50m)
1000,5101.148618693693,3613.313604911414,1657.8733010747903,40359,Banco Santander Río,BANELCO,Belgrano,Comuna 13,A (0-50m)
1001,4080.918894954954,2890.650883929131,1377.310127046749,39810,Banco Itaú,BANELCO,Palermo,Comuna 14,A (0-50m)
1002,765.1722928040539,0.0,204.04594474766648,41367,ICBC,BANELCO,Palermo,Comuna 14,A (0-50m)
1003,1020.2297237387385,340.0765745798978,0.0,41140,HSBC Bank Argentina,BANELCO,Palermo,Comuna 14,A (0-50m)
1004,8289.36650537725,1912.930732011925,433.5976325887913,40791,Banco Galicia,BANELCO,Palermo,Comuna 14,A (0-50m)
1005,3060.6891712162155,1657.8733010770018,637.6435773364578,41036,CitiBank,BANELCO,Palermo,Comuna 14,A (0-50m)
1006,3953.3901794876115,1870.4211601894378,790.6780358972077,39977,Banco Macro,BANELCO,Villa Urquiza,Comuna 12,A (0-50m)
1007,49481.14160132882,8799.481367254855,255.05743093458312,40907,Banco Galicia,BANELCO,Monserrat,Comuna 1,A (0-50m)
1008,23592.812361458327,9734.691947349575,3800.3557209252886,40864,Banco Galicia,BANELCO,Monserrat,Comuna 1,A (0-50m)
1009,3315.7466021509,3315.7466021540035,2167.9881629439565,40345,Banco Santander Río,BANELCO,Almagro,Comuna 5,B (50-100m)
1010,382.58614640202694,255.05743093492333,408.09188949533296,40983,Banco Galicia,BANELCO,Villa Devoto,Comuna 11,C (100-150m)
1011,19766.95089743806,3528.2944612664396,484.60911877570794,40977,Banco Galicia,BANELCO,Palermo,Comuna 14,A (0-50m)
1012,5738.792196030404,9649.6728037046,841.6895220841243,40344,Banco Santander Río,BANELCO,Palermo,Comuna 14,B (50-100m)
1013,13773.10127047297,2848.141312106644,841.6895220841243,40778,Banco Galicia,BANELCO,Nueva Pompeya,Comuna 4,A (0-50m)
1014,5483.734765095719,3485.784889443952,2907.6547126542478,41317,ICBC,BANELCO,Parque Patricios,Comuna 4,A (0-50m)
1015,2167.988162944819,935.2105800947189,586.6320911495412,40247,Banco Santander Río,BANELCO,Flores,Comuna 7,A (0-50m)
1016,4846.091187759008,1317.796726497104,841.6895220841243,39965,Banco Macro,BANELCO,Belgrano,Comuna 13,A (0-50m)
1017,25378.21437800112,41531.85167057002,9360.6077152992,41027,CitiBank,BANELCO,Recoleta,Comuna 2,B (50-100m)
1018,3570.8040330855847,9564.653660059625,10890.9523009067,41194,HSBC Bank Argentina,BANELCO,Palermo,Comuna 14,C (100-150m)
1019,18746.72117369932,2593.083881171721,4846.091187757079,40128,Banco Santander Río,BANELCO,Parque Patricios,Comuna 4,A (0-50m)
1020,4080.918894954954,5993.849626970698,3494.2868038037886,41059,CitiBank,BANELCO,San Cristobal,Comuna 3,B (50-100m)
1021,6759.021919769142,8799.481367254855,6376.435773364578,40483,Banco Supervielle,BANELCO,Monserrat,Comuna 1,B (50-100m)
1022,9437.124944583331,3103.1987430415675,1759.8962734486236,40636,BBVA Banco Francés,BANELCO,Monserrat,Comuna 1,A (0-50m)
1023,3315.7466021509,1062.7392955621806,1096.7469530187075,40999,Banco Galicia,BANELCO,Villa Santa Rita,Comuna 11,A (0-50m)
1024,8799.481367246619,1912.930732011925,0.0,40701,BBVA Banco Francés,BANELCO,San Nicolas,Comuna 1,A (0-50m)
1025,13773.10127047297,3825.86146402385,1249.7814115794572,40122,Banco Santander Río,BANELCO,Retiro,Comuna 1,A (0-50m)
1026,28566.432264684678,10542.373811976831,1096.7469530187075,41129,HSBC Bank Argentina,BANELCO,Retiro,Comuna 1,A (0-50m)
1027,6503.964488834457,2253.0073065918227,994.7239806448741,40571,BBVA Banco Francés,BANELCO,San Nicolas,Comuna 1,A (0-50m)
1028,0.0,0.0,25.50574309345831,40382,Banco Santander Río,BANELCO,Boca,Comuna 4,C (100-150m)
1029,382.58614640202694,1700.3828728994888,306.06891712149974,41104,HSBC Bank Argentina,BANELCO,Paternal,Comuna 15,B (50-100m)
1030,3570.8040330855847,1827.9115883669506,688.6550635233745,39762,Banco Comafi,BANELCO,Nueva Pompeya,Comuna 4,A (0-50m)
1031,3060.6891712162155,5823.811339680749,2244.5053922243314,41322,ICBC,BANELCO,Almagro,Comuna 5,B (50-100m)
1032,2040.459447477477,1785.4020165444633,1555.850328700957,40354,Banco Santander Río,BANELCO,Saavedra,Comuna 12,A (0-50m)
1033,892.7010082713962,510.11486186984666,51.01148618691662,40162,Banco Santander Río,BANELCO,Puerto Madero,Comuna 1,A (0-50m)
1034,765.1722928040539,680.1531491597956,918.2067513644993,40358,Banco Santander Río,BANELCO,Puerto Madero,Comuna 1,C (100-150m)
1035,11222.526961126123,722.6627209822827,178.54020165420818,41235,ICBC,BANELCO,Villa Lugano,Comuna 8,A (0-50m)
1036,3570.8040330855847,1955.4403038344121,535.6206049626245,40795,Banco Galicia,BANELCO,Villa Lugano,Comuna 8,A (0-50m)
1037,127.52871546734231,170.0382872899489,969.2182375514159,41237,ICBC,BANELCO,Villa Lugano,Comuna 8,C (100-150m)
1038,2295.5168784121615,4420.995469538671,4004.401665672955,41095,HSBC Bank Argentina,BANELCO,Barracas,Comuna 4,B (50-100m)
1039,2805.6317402815307,637.6435773373083,2576.0800524392894,40649,BBVA Banco Francés,BANELCO,Barracas,Comuna 4,A (0-50m)
1040,765.1722928040539,1487.8350137870527,2167.9881629439565,40713,BBVA Banco Francés,BANELCO,Barracas,Comuna 4,C (100-150m)
1041,3188.217886683558,0.0,0.0,41093,HSBC Bank Argentina,BANELCO,San Nicolas,Comuna 1,A (0-50m)
1042,14410.744847809681,8034.309074450085,0.0,41103,HSBC Bank Argentina,BANELCO,San Nicolas,Comuna 1,A (0-50m)
1043,53179.47434988174,1742.892444721976,2321.0226215047064,40541,BBVA Banco Francés,BANELCO,Retiro,Comuna 1,A (0-50m)
1044,15048.388425146393,2253.0073065918227,1249.7814115794572,40076,Banco Patagonia,BANELCO,Retiro,Comuna 1,A (0-50m)
1045,9692.182375518016,4506.014613183645,688.6550635233745,41023,CitiBank,BANELCO,San Nicolas,Comuna 1,A (0-50m)
1046,19256.83603556869,3613.313604911414,3621.81551927108,40880,Banco Galicia,BANELCO,Chacarita,Comuna 15,A (0-50m)
1047,14155.687416874996,5526.244336923339,1606.8618148878736,40877,Banco Galicia,BANELCO,Recoleta,Comuna 2,A (0-50m)
1048,4463.505041356981,2210.4977347693357,382.58614640187466,40059,Banco Patagonia,BANELCO,Caballito,Comuna 6,A (0-50m)
1049,3315.7466021509,4633.543328651107,2372.034107691623,40868,Banco Galicia,BANELCO,Caballito,Comuna 6,B (50-100m)
1050,1530.3445856081078,1870.4211601894378,2346.528364598165,40991,Banco Galicia,BANELCO,Villa Santa Rita,Comuna 11,C (100-150m)
1051,255.05743093468462,340.0765745798978,255.05743093458312,41123,HSBC Bank Argentina,BANELCO,San Telmo,Comuna 1,B (50-100m)
1052,1912.9307320101345,1700.3828728994888,1071.241209925249,40974,Banco Galicia,BANELCO,San Telmo,Comuna 1,A (0-50m)
1053,8034.309074442565,9012.02922636729,5840.815168401953,41178,HSBC Bank Argentina,BANELCO,Almagro,Comuna 5,B (50-100m)
1054,5993.849626965089,26908.558963634412,535.6206049626245,39968,Banco Macro,BANELCO,Retiro,Comuna 1,B (50-100m)
1055,28183.84611828265,3698.332748556388,1530.3445856074986,40021,Banco Patagonia,BANELCO,Caballito,Comuna 6,A (0-50m)
1056,8161.837789909908,1827.9115883669506,1555.850328700957,41280,ICBC,BANELCO,Monte Castro,Comuna 10,A (0-50m)
1057,127.52871546734231,1402.8158701420784,586.6320911495412,40325,Banco Santander Río,BANELCO,Villa Riachuelo,Comuna 8,B (50-100m)
1058,0.0,85.01914364497445,25.50574309345831,40674,BBVA Banco Francés,BANELCO,Villa Devoto,Comuna 11,B (50-100m)
1059,255.05743093468462,170.0382872899489,102.02297237383324,40769,Banco Galicia,BANELCO,Villa Devoto,Comuna 11,A (0-50m)
1060,255.05743093468462,0.0,25.50574309345831,40068,Banco Patagonia,BANELCO,Villa Devoto,Comuna 11,A (0-50m)
1061,1785.4020165427924,1232.7775828521294,714.1608066168327,41113,HSBC Bank Argentina,BANELCO,Villa Devoto,Comuna 11,A (0-50m)
1062,5738.792196030404,5611.263480568314,4846.091187757079,40763,Banco Galicia,BANELCO,Almagro,Comuna 5,A (0-50m)
1063,1275.2871546734232,1572.8541574320273,127.52871546729156,40243,Banco Santander Río,BANELCO,Puerto Madero,Comuna 1,B (50-100m)
1064,0.0,425.0957182248722,1504.8388425140404,40194,Banco Santander Río,BANELCO,Puerto Madero,Comuna 1,C (100-150m)
1065,382.58614640202694,850.1914364497444,127.52871546729156,41013,CitiBank,BANELCO,Puerto Madero,Comuna 1,B (50-100m)
1066,637.6435773367116,510.11486186984666,127.52871546729156,39708,Banco Columbia,BANELCO,Villa Del Parque,Comuna 11,A (0-50m)
1067,5101.148618693693,807.6818646272573,943.7124944579575,41035,CitiBank,BANELCO,Agronomia,Comuna 15,A (0-50m)
1068,5866.320911497746,7779.251643515162,3545.298289990705,40062,Banco Patagonia,BANELCO,Monserrat,Comuna 1,B (50-100m)
1069,10712.412099256753,5526.244336923339,25.50574309345831,40129,Banco Santander Río,BANELCO,Monserrat,Comuna 1,A (0-50m)
1070,19766.95089743806,6376.435773373083,4361.482068981371,40929,Banco Galicia,BANELCO,Palermo,Comuna 14,A (0-50m)
1071,11222.526961126123,1700.3828728994888,637.6435773364578,41334,ICBC,BANELCO,Barracas,Comuna 4,A (0-50m)
1072,2805.6317402815307,1402.8158701420784,1020.2297237383325,40316,Banco Santander Río,BANELCO,Puerto Madero,Comuna 1,A (0-50m)
1073,510.11486186936924,765.17229280477,459.10337568224963,39993,Banco Patagonia,BANELCO,Puerto Madero,Comuna 1,B (50-100m)
1074,255.05743093468462,1105.2488673846678,0.0,39976,Banco Macro,BANELCO,Monserrat,Comuna 1,B (50-100m)
1075,2167.988162944819,3570.8040330889266,1632.3675579813319,41048,CitiBank,BANELCO,Liniers,Comuna 9,B (50-100m)
1076,637.6435773367116,1572.8541574320273,1606.8618148878736,40758,Banco Galicia,BANELCO,Barracas,Comuna 4,C (100-150m)
1077,1785.4020165427924,1615.3637292545145,1122.2526961121657,41058,CitiBank,BANELCO,Parque Patricios,Comuna 4,A (0-50m)
1078,11987.699253930177,467.60529004735946,637.6435773364578,41063,CitiBank,BANELCO,San Telmo,Comuna 1,A (0-50m)
1079,1402.8158701407654,6291.416629728109,3188.217886682289,40212,Banco Santander Río,BANELCO,Monserrat,Comuna 1,B (50-100m)
1080,382.58614640202694,1912.930732011925,25.50574309345831,39841,Banco Itaú,BANELCO,Liniers,Comuna 9,B (50-100m)
1081,4591.033756824323,18279.115883669507,5764.297939121579,39787,Banco Itaú,BANELCO,Liniers,Comuna 9,B (50-100m)
1082,5483.734765095719,4548.524185006133,2295.516878411248,41159,HSBC Bank Argentina,BANELCO,Villa Devoto,Comuna 11,A (0-50m)
1083,3825.861464020269,1827.9115883669506,2550.5743093458314,40939,Banco Galicia,BANELCO,Barracas,Comuna 4,A (0-50m)
1084,4718.5624722916655,2508.0647375267463,2116.97667675704,40323,Banco Santander Río,BANELCO,Barracas,Comuna 4,A (0-50m)
1085,8034.309074442565,3825.86146402385,1989.4479612897483,40105,Banco Santander Río,BANELCO,Palermo,Comuna 14,A (0-50m)
1086,4846.091187759008,1020.2297237396933,0.0,40265,Banco Santander Río,BANELCO,Palermo,Comuna 14,A (0-50m)
1087,1020.2297237387385,382.586146402385,127.52871546729156,39804,Banco Itaú,BANELCO,Puerto Madero,Comuna 1,A (0-50m)
1088,1147.7584392060808,127.52871546746167,229.55168784112482,39782,Banco Itaú,BANELCO,Puerto Madero,Comuna 1,A (0-50m)
1089,2167.988162944819,3655.823176733901,1989.4479612897483,40468,Banco Supervielle,BANELCO,Palermo,Comuna 14,B (50-100m)
1090,1020.2297237387385,467.60529004735946,0.0,39963,Banco Macro,BANELCO,San Nicolas,Comuna 1,A (0-50m)
1091,4718.5624722916655,3740.8423203788757,5942.838140775787,40220,Banco Santander Río,BANELCO,Retiro,Comuna 1,C (100-150m)
1092,25123.156947066436,5058.639046875979,7371.159754009452,39880,Banco Itaú,BANELCO,Recoleta,Comuna 2,A (0-50m)
1093,4718.5624722916655,6588.98363248552,2448.551336971998,40340,Banco Santander Río,BANELCO,Belgrano,Comuna 13,B (50-100m)
1094,2550.5743093468463,5186.167762343442,3417.7695745234137,39962,Banco Macro,BANELCO,Belgrano,Comuna 13,B (50-100m)
1095,7524.194212573197,4208.447610426235,357.08040330841635,41025,CitiBank,BANELCO,Villa Urquiza,Comuna 12,A (0-50m)
1096,19129.307320101347,3060.68917121908,994.7239806448741,40390,Banco Santander Río,BANELCO,Palermo,Comuna 14,A (0-50m)
1097,7396.665497105854,1955.4403038344121,790.6780358972077,41327,ICBC,BANELCO,Villa Gral. Mitre,Comuna 11,A (0-50m)
1098,5611.263480563061,5016.129475053493,3366.758088336497,41191,HSBC Bank Argentina,BANELCO,Parque Chacabuco,Comuna 7,A (0-50m)
1099,1275.2871546734232,1360.3062983195912,2856.643226467331,40773,Banco Galicia,BANELCO,Flores,Comuna 7,C (100-150m)
1100,127.52871546734231,212.5478591124361,178.54020165420818,40231,Banco Santander Río,BANELCO,Villa Soldati,Comuna 8,B (50-100m)
1101,2678.1030248141883,5101.148618698467,4412.493555168288,40351,Banco Santander Río,BANELCO,Villa Ortuzar,Comuna 15,B (50-100m)
1102,4846.091187759008,3655.823176733901,1734.3905303551653,39909,Banco Itaú,BANELCO,Caballito,Comuna 6,A (0-50m)
1103,5611.263480563061,1445.3254419645655,1479.3330994205821,40489,Banco Supervielle,BANELCO,Belgrano,Comuna 13,A (0-50m)
1104,2423.045593879504,1912.930732011925,1275.2871546729157,39733,Banco Comafi,BANELCO,Villa Urquiza,Comuna 12,A (0-50m)
1105,10839.940814724096,11562.603535716524,3392.2638314299556,41288,ICBC,BANELCO,Balvanera,Comuna 3,B (50-100m)
1106,27546.20254094594,4250.957182248722,4795.079701570163,40339,Banco Santander Río,BANELCO,Recoleta,Comuna 2,A (0-50m)
1107,17088.847872623868,2975.6700275741055,1020.2297237383325,41028,CitiBank,BANELCO,Palermo,Comuna 14,A (0-50m)
1108,15430.974571548419,3868.3710358463372,1912.9307320093733,40759,Banco Galicia,BANELCO,Palermo,Comuna 14,A (0-50m)
1109,5483.734765095719,5653.7730523908,4591.033756822496,40156,Banco Santander Río,BANELCO,San Nicolas,Comuna 1,B (50-100m)
1110,3825.861464020269,10032.258950106985,127.52871546729156,39818,Banco Itaú,BANELCO,San Nicolas,Comuna 1,B (50-100m)
1111,1147.7584392060808,340.0765745798978,51.01148618691662,40007,Banco Patagonia,BANELCO,San Nicolas,Comuna 1,A (0-50m)
1112,6121.378342432431,1317.796726497104,204.04594474766648,39784,Banco Itaú,BANELCO,San Nicolas,Comuna 1,A (0-50m)
1113,637.6435773367116,1572.8541574320273,357.08040330841635,40251,Banco Santander Río,BANELCO,Parque Patricios,Comuna 4,B (50-100m)
1114,2423.045593879504,5738.792196035775,2958.6661988411643,41371,ICBC,BANELCO,Monserrat,Comuna 1,B (50-100m)
1115,4846.091187759008,7906.7803589826235,4514.516527542121,40655,BBVA Banco Francés,BANELCO,Constitucion,Comuna 1,B (50-100m)
1116,2040.459447477477,11094.998245669165,408.09188949533296,40258,Banco Santander Río,BANELCO,Recoleta,Comuna 2,B (50-100m)
1117,1530.3445856081078,2210.4977347693357,1989.4479612897483,40252,Banco Santander Río,BANELCO,Agronomia,Comuna 15,B (50-100m)
1118,9692.182375518016,9437.124944592164,1963.94221819629,41082,Compania Financiera,BANELCO,Nueva Pompeya,Comuna 4,A (0-50m)
1119,382.58614640202694,1700.3828728994888,1912.9307320093733,40053,Banco Patagonia,BANELCO,Barracas,Comuna 4,C (100-150m)
1120,1275.2871546734232,510.11486186984666,51.01148618691662,41156,HSBC Bank Argentina,BANELCO,Puerto Madero,Comuna 1,A (0-50m)
1121,1275.2871546734232,1020.2297237396933,0.0,41064,CitiBank,BANELCO,Retiro,Comuna 1,A (0-50m)
1122,382.58614640202694,0.0,0.0,41366,ICBC,BANELCO,Barracas,Comuna 4,A (0-50m)
1123,1147.7584392060808,382.586146402385,76.51722928037493,40207,Banco Santander Río,BANELCO,Barracas,Comuna 4,A (0-50m)
1124,7269.136781638512,19469.38389469915,12013.204997018865,40099,Banco Santander Río,BANELCO,San Nicolas,Comuna 1,B (50-100m)
1125,1147.7584392060808,425.0957182248722,25.50574309345831,40789,Banco Galicia,BANELCO,Puerto Madero,Comuna 1,A (0-50m)
1126,4080.918894954954,1360.3062983195912,1657.8733010747903,40451,Banco Supervielle,BANELCO,Saavedra,Comuna 12,A (0-50m)
1127,4718.5624722916655,6588.98363248552,2091.4709336635815,40994,Banco Galicia,BANELCO,Retiro,Comuna 1,B (50-100m)
1128,3825.861464020269,10669.902527444292,5152.160104878579,39827,Banco Itaú,BANELCO,Palermo,Comuna 14,B (50-100m)
1129,7014.079350703827,2338.0264502367972,2703.608767906581,41186,HSBC Bank Argentina,BANELCO,Palermo,Comuna 14,A (0-50m)
1130,14793.330994211708,4931.110331408518,2933.160455747706,39960,Banco Macro,BANELCO,Almagro,Comuna 5,A (0-50m)
1131,6376.435773367116,807.6818646272573,892.7010082710409,41301,ICBC,BANELCO,Saavedra,Comuna 12,A (0-50m)
1132,2167.988162944819,977.7201519172061,1606.8618148878736,41097,HSBC Bank Argentina,BANELCO,Paternal,Comuna 15,A (0-50m)
1133,3570.8040330855847,892.7010082722317,127.52871546729156,40914,Banco Galicia,BANELCO,San Nicolas,Comuna 1,A (0-50m)
1134,3570.8040330855847,1445.3254419645655,1657.8733010747903,40982,Banco Galicia,BANELCO,Caballito,Comuna 6,A (0-50m)
1135,3570.8040330855847,1190.2680110296421,1071.241209925249,40179,Banco Santander Río,BANELCO,Belgrano,Comuna 13,A (0-50m)
1136,12497.814115799547,510.11486186984666,816.1837789906659,41016,CitiBank,BANELCO,Belgrano,Comuna 13,A (0-50m)
1137,2040.459447477477,3698.332748556388,1734.3905303551653,40092,Banco Santander Río,BANELCO,Parque Patricios,Comuna 4,B (50-100m)
1138,255.05743093468462,2082.9690193018737,1734.3905303551653,40149,Banco Santander Río,BANELCO,Parque Patricios,Comuna 4,B (50-100m)
1139,7651.722928040538,1997.9498756568994,1453.8273563271239,40448,Banco Supervielle,BANELCO,Barracas,Comuna 4,A (0-50m)
1140,12370.285400332205,4250.957182248722,1734.3905303551653,40416,Banco Supervielle,BANELCO,San Nicolas,Comuna 1,A (0-50m)
1141,6376.435773367116,1190.2680110296421,1759.8962734486236,41206,HSBC Bank Argentina,BANELCO,Retiro,Comuna 1,A (0-50m)
1142,8161.837789909908,7779.251643515162,3672.827005457997,41060,CitiBank,BANELCO,Recoleta,Comuna 2,A (0-50m)
1143,4335.976325889638,5483.734765100851,1377.310127046749,41012,CitiBank,BANELCO,Caballito,Comuna 6,B (50-100m)
1144,5611.263480563061,2040.4594474793867,4055.4131518598715,40103,Banco Santander Río,BANELCO,Balvanera,Comuna 3,A (0-50m)
1145,7396.665497105854,2975.6700275741055,5381.711792719704,39890,Banco Itaú,BANELCO,Monserrat,Comuna 1,A (0-50m)
1146,2678.1030248141883,4633.543328651107,25.50574309345831,40238,Banco Santander Río,BANELCO,Monserrat,Comuna 1,B (50-100m)
1147,5228.677334161035,1997.9498756568994,1632.3675579813319,40480,Banco Supervielle,BANELCO,Monserrat,Comuna 1,A (0-50m)
1148,8289.36650537725,4633.543328651107,484.60911877570794,40531,BBVA Banco Francés,BANELCO,Monserrat,Comuna 1,A (0-50m)
1149,2423.045593879504,3358.2561739764906,3035.1834281215392,40006,Banco Patagonia,BANELCO,Villa Lugano,Comuna 8,B (50-100m)
1150,4335.976325889638,4591.03375682862,2091.4709336635815,40574,BBVA Banco Francés,BANELCO,Villa Lugano,Comuna 8,B (50-100m)
1151,3698.332748552927,1402.8158701420784,739.6665497102911,40235,Banco Santander Río,BANELCO,Villa Del Parque,Comuna 11,A (0-50m)
1152,1275.2871546734232,1147.758439207155,1224.275668485999,39826,Banco Itaú,BANELCO,Villa Del Parque,Comuna 11,A (0-50m)
1153,1020.2297237387385,1275.2871546746167,1402.8158701402072,39751,Banco Comafi,BANELCO,Villa Del Parque,Comuna 11,C (100-150m)
1154,2550.5743093468463,1615.3637292545145,1785.4020165420818,40595,BBVA Banco Francés,BANELCO,Villa Del Parque,Comuna 11,A (0-50m)
1155,1402.8158701407654,170.0382872899489,714.1608066168327,40660,BBVA Banco Francés,BANELCO,Puerto Madero,Comuna 1,A (0-50m)
1156,2167.988162944819,1827.9115883669506,2193.493906037415,41344,ICBC,BANELCO,Nuñez,Comuna 13,C (100-150m)
1157,2805.6317402815307,1317.796726497104,2372.034107691623,40008,Banco Patagonia,BANELCO,Palermo,Comuna 14,A (0-50m)
1158,1402.8158701407654,5228.677334165928,2091.4709336635815,40279,Banco Santander Río,BANELCO,Palermo,Comuna 14,B (50-100m)
1159,255.05743093468462,382.586146402385,127.52871546729156,40232,Banco Santander Río,BANELCO,Puerto Madero,Comuna 1,B (50-100m)
1160,3060.6891712162155,170.0382872899489,102.02297237383324,40280,Banco Santander Río,BANELCO,Puerto Madero,Comuna 1,A (0-50m)
1161,510.11486186936924,425.0957182248722,153.03445856074987,40775,Banco Galicia,BANELCO,Puerto Madero,Comuna 1,A (0-50m)
1162,637.6435773367116,127.52871546746167,25.50574309345831,39845,Banco Itaú,BANELCO,Boca,Comuna 4,A (0-50m)
1163,765.1722928040539,1742.892444721976,841.6895220841243,39936,Banco Macro,BANELCO,Boca,Comuna 4,B (50-100m)
1164,9692.182375518016,3103.1987430415675,765.1722928037493,41127,HSBC Bank Argentina,BANELCO,Retiro,Comuna 1,A (0-50m)
1165,3698.332748552927,1445.3254419645655,892.7010082710409,41116,HSBC Bank Argentina,BANELCO,San Nicolas,Comuna 1,A (0-50m)
1166,10074.768521920043,2338.0264502367972,663.1493204299161,39848,Banco Itaú,BANELCO,San Nicolas,Comuna 1,A (0-50m)
1167,13773.10127047297,13645.572555018398,1351.8043839532904,40973,Banco Galicia,BANELCO,San Nicolas,Comuna 1,A (0-50m)
1168,1275.2871546734232,4420.995469538671,1861.9192458224568,40286,Banco Santander Río,BANELCO,San Nicolas,Comuna 1,B (50-100m)
1169,13135.457693136257,0.0,25.50574309345831,39728,Banco Comafi,BANELCO,San Nicolas,Comuna 1,A (0-50m)
1170,19129.307320101347,2975.6700275741055,1606.8618148878736,40679,BBVA Banco Francés,BANELCO,San Nicolas,Comuna 1,A (0-50m)
1171,2295.5168784121615,1020.2297237396933,51.01148618691662,41046,CitiBank,BANELCO,San Nicolas,Comuna 1,A (0-50m)
1172,2295.5168784121615,425.0957182248722,459.10337568224963,41378,ICBC,BANELCO,Monserrat,Comuna 1,A (0-50m)
1173,892.7010082713962,1572.8541574320273,510.11486186916625,41162,HSBC Bank Argentina,BANELCO,Monserrat,Comuna 1,B (50-100m)
1174,4208.447610422296,6886.55063524293,790.6780358972077,40504,Banco Supervielle,BANELCO,Balvanera,Comuna 3,B (50-100m)
1175,1275.2871546734232,2550.5743093492333,867.1952651775827,40906,Banco Galicia,BANELCO,Paternal,Comuna 15,B (50-100m)
1176,2678.1030248141883,10159.787665574446,1861.9192458224568,40166,Banco Santander Río,BANELCO,Paternal,Comuna 15,B (50-100m)
1177,1147.7584392060808,680.1531491597956,255.05743093458312,40754,Banco Galicia,BANELCO,Saavedra,Comuna 12,A (0-50m)
1178,2040.459447477477,1827.9115883669506,1555.850328700957,40878,Banco Galicia,BANELCO,Mataderos,Comuna 9,A (0-50m)
1179,5228.677334161035,2550.5743093492333,841.6895220841243,40801,Banco Galicia,BANELCO,San Nicolas,Comuna 1,A (0-50m)
1180,11222.526961126123,6461.454917018058,153.03445856074987,41351,ICBC,BANELCO,San Nicolas,Comuna 1,A (0-50m)
1181,4846.091187759008,1615.3637292545145,2627.0915386262063,40998,Banco Galicia,BANELCO,Parque Avellaneda,Comuna 9,A (0-50m)
1182,11987.699253930177,2550.5743093492333,1683.3790441682486,41172,HSBC Bank Argentina,BANELCO,Parque Avellaneda,Comuna 9,A (0-50m)
1183,1147.7584392060808,6844.041063420443,3341.2523452430387,40772,Banco Galicia,BANELCO,Parque Avellaneda,Comuna 9,B (50-100m)
1184,4463.505041356981,1317.796726497104,1912.9307320093733,40314,Banco Santander Río,BANELCO,Mataderos,Comuna 9,A (0-50m)
1185,2040.459447477477,5781.301767858262,3545.298289990705,40237,Banco Santander Río,BANELCO,Parque Avellaneda,Comuna 9,B (50-100m)
1186,11222.526961126123,2380.5360220592843,2142.482419850498,40259,Banco Santander Río,BANELCO,Flores,Comuna 7,A (0-50m)
1187,4591.033756824323,85.01914364497445,0.0,41024,CitiBank,BANELCO,San Nicolas,Comuna 1,A (0-50m)
1188,510.11486186936924,1827.9115883669506,408.09188949533296,39947,Banco Macro,BANELCO,Puerto Madero,Comuna 1,B (50-100m)
1189,7014.079350703827,85.01914364497445,0.0,41342,ICBC,BANELCO,San Nicolas,Comuna 1,A (0-50m)
1190,3060.6891712162155,1317.796726497104,0.0,41004,Banco Galicia,BANELCO,San Nicolas,Comuna 1,A (0-50m)
1191,5101.148618693693,5398.715621455877,2499.5628231589144,41246,ICBC,BANELCO,San Nicolas,Comuna 1,B (50-100m)
1192,1147.7584392060808,340.0765745798978,0.0,39707,Banco Columbia,BANELCO,San Nicolas,Comuna 1,A (0-50m)
1193,0.0,0.0,0.0,40899,Banco Galicia,BANELCO,San Nicolas,Comuna 1,Sin delitos
1194,7269.136781638512,2890.650883929131,0.0,40625,BBVA Banco Francés,BANELCO,San Nicolas,Comuna 1,A (0-50m)
1195,2423.045593879504,2933.1604557516184,3162.7121435888307,39720,Banco Columbia,BANELCO,San Nicolas,Comuna 1,C (100-150m)
1196,18109.077596362607,4888.600759586031,586.6320911495412,41018,CitiBank,BANELCO,Flores,Comuna 7,A (0-50m)
1197,1402.8158701407654,1232.7775828521294,1963.94221819629,40216,Banco Santander Río,BANELCO,Saavedra,Comuna 12,C (100-150m)
1198,637.6435773367116,552.6244336923339,178.54020165420818,40123,Banco Santander Río,BANELCO,Puerto Madero,Comuna 1,A (0-50m)
1199,2295.5168784121615,552.6244336923339,2321.0226215047064,40186,Banco Santander Río,BANELCO,Mataderos,Comuna 9,C (100-150m)
1200,382.58614640202694,1487.8350137870527,1045.7354668317907,41130,HSBC Bank Argentina,BANELCO,Nuñez,Comuna 13,B (50-100m)
1201,2040.459447477477,1020.2297237396933,867.1952651775827,40385,Banco Santander Río,BANELCO,Liniers,Comuna 9,A (0-50m)
1202,3953.3901794876115,637.6435773373083,561.1263480560829,40830,Banco Galicia,BANELCO,Nueva Pompeya,Comuna 4,A (0-50m)
1203,1912.9307320101345,3655.823176733901,2167.9881629439565,40490,Banco Supervielle,BANELCO,Caballito,Comuna 6,B (50-100m)
1204,255.05743093468462,42.509571822487224,0.0,40399,Banco Santander Río,BANELCO,Nueva Pompeya,Comuna 4,A (0-50m)
1205,127.52871546734231,85.01914364497445,331.57466021495804,40412,Banco Supervielle,BANELCO,Nueva Pompeya,Comuna 4,C (100-150m)
1206,1020.2297237387385,467.60529004735946,918.2067513644993,40653,BBVA Banco Francés,BANELCO,Nueva Pompeya,Comuna 4,A (0-50m)
1207,3315.7466021509,170.0382872899489,739.6665497102911,41189,HSBC Bank Argentina,BANELCO,Nueva Pompeya,Comuna 4,A (0-50m)
1208,2933.160455748873,3358.2561739764906,2882.1489695607893,40607,BBVA Banco Francés,BANELCO,Barracas,Comuna 4,B (50-100m)
1209,1785.4020165427924,1742.892444721976,1402.8158701402072,40748,Banco Galicia,BANELCO,Paternal,Comuna 15,A (0-50m)
1210,1147.7584392060808,2550.5743093492333,994.7239806448741,41260,ICBC,BANELCO,Retiro,Comuna 1,B (50-100m)
1211,2678.1030248141883,170.0382872899489,0.0,40377,Banco Santander Río,BANELCO,Retiro,Comuna 1,A (0-50m)
1212,892.7010082713962,42.509571822487224,0.0,40612,BBVA Banco Francés,BANELCO,San Nicolas,Comuna 1,A (0-50m)
1213,3315.7466021509,42.509571822487224,0.0,40482,Banco Supervielle,BANELCO,San Nicolas,Comuna 1,A (0-50m)
1214,2295.5168784121615,4548.524185006133,688.6550635233745,40524,BBVA Banco Francés,BANELCO,San Nicolas,Comuna 1,B (50-100m)
1215,16068.61814888513,3655.823176733901,1479.3330994205821,39750,Banco Comafi,BANELCO,Retiro,Comuna 1,A (0-50m)
1216,4335.976325889638,1190.2680110296421,102.02297237383324,41338,ICBC,BANELCO,Retiro,Comuna 1,A (0-50m)
1217,6503.964488834457,85.01914364497445,0.0,40586,BBVA Banco Francés,BANELCO,San Nicolas,Comuna 1,A (0-50m)
1218,14028.158701407654,1912.930732011925,1836.4135027289985,41180,HSBC Bank Argentina,BANELCO,Boca,Comuna 4,A (0-50m)
1219,5228.677334161035,5271.186905988416,1071.241209925249,40428,Banco Supervielle,BANELCO,Balvanera,Comuna 3,B (50-100m)
1220,15175.917140613734,3740.8423203788757,1096.7469530187075,41133,HSBC Bank Argentina,BANELCO,Balvanera,Comuna 3,A (0-50m)
1221,18236.60631182995,10839.940814734242,1504.8388425140404,39723,Banco Columbia,BANELCO,Caballito,Comuna 6,A (0-50m)
1222,7906.780358975223,8714.46222360988,918.2067513644993,40049,Banco Patagonia,BANELCO,Liniers,Comuna 9,B (50-100m)
1223,8544.423936311934,8459.404792674957,3519.792546897247,40249,Banco Santander Río,BANELCO,Recoleta,Comuna 2,A (0-50m)
1224,10074.768521920043,1827.9115883669506,994.7239806448741,40580,BBVA Banco Francés,BANELCO,San Nicolas,Comuna 1,A (0-50m)
1225,8161.837789909908,3783.3518922013627,1071.241209925249,40610,BBVA Banco Francés,BANELCO,Parque Patricios,Comuna 4,A (0-50m)
1226,14155.687416874996,26610.991960877,2576.0800524392894,41122,HSBC Bank Argentina,BANELCO,San Nicolas,Comuna 1,B (50-100m)
1227,3315.7466021509,1190.2680110296421,1300.792897766374,40282,Banco Santander Río,BANELCO,Caballito,Comuna 6,A (0-50m)
1228,4335.976325889638,3910.8806076688243,2091.4709336635815,40831,Banco Galicia,BANELCO,Monserrat,Comuna 1,A (0-50m)
1229,1147.7584392060808,2082.9690193018737,1683.3790441682486,41126,HSBC Bank Argentina,BANELCO,Retiro,Comuna 1,B (50-100m)
1230,16323.675579819816,1020.2297237396933,0.0,40164,Banco Santander Río,BANELCO,San Nicolas,Comuna 1,A (0-50m)
1231,6886.550635236485,8034.309074450085,2601.585795532748,41006,Banco Galicia,BANELCO,San Nicolas,Comuna 1,B (50-100m)
1232,1275.2871546734232,977.7201519172061,0.0,40313,Banco Santander Río,BANELCO,San Nicolas,Comuna 1,A (0-50m)
1233,2678.1030248141883,170.0382872899489,25.50574309345831,39710,Banco Columbia,BANELCO,Palermo,Comuna 14,A (0-50m)
1234,1912.9307320101345,297.56700275741053,25.50574309345831,40080,Banco Patagonia,BANELCO,Palermo,Comuna 14,A (0-50m)
1235,3060.6891712162155,85.01914364497445,25.50574309345831,41274,ICBC,BANELCO,Palermo,Comuna 14,A (0-50m)
1236,23975.398507860355,1785.4020165444633,739.6665497102911,40440,Banco Supervielle,BANELCO,Palermo,Comuna 14,A (0-50m)
1237,1912.9307320101345,3953.3901794913118,1810.90775963554,40743,Banco Galicia,BANELCO,Monserrat,Comuna 1,B (50-100m)
1238,6503.964488834457,12965.419405858604,5840.815168401953,39777,Banco Comafi,BANELCO,Balvanera,Comuna 3,B (50-100m)
1239,382.58614640202694,0.0,0.0,39819,Banco Itaú,BANELCO,San Nicolas,Comuna 1,A (0-50m)
1240,3443.2753176182423,42.509571822487224,0.0,39917,Banco Macro,BANELCO,San Nicolas,Comuna 1,A (0-50m)
1241,3953.3901794876115,3485.784889443952,459.10337568224963,40285,Banco Santander Río,BANELCO,San Nicolas,Comuna 1,A (0-50m)
1242,3060.6891712162155,722.6627209822827,1402.8158701402072,39955,Banco Macro,BANELCO,San Nicolas,Comuna 1,A (0-50m)
1243,6248.9070578997735,595.1340055148211,306.06891712149974,40949,Banco Galicia,BANELCO,Palermo,Comuna 14,A (0-50m)
1244,8289.36650537725,1445.3254419645655,280.56317402804143,39932,Banco Macro,BANELCO,San Nicolas,Comuna 1,A (0-50m)
1245,2805.6317402815307,6674.002776130494,4514.516527542121,40764,Banco Galicia,BANELCO,Villa Crespo,Comuna 15,B (50-100m)
1246,892.7010082713962,1487.8350137870527,1402.8158701402072,40848,Banco Galicia,BANELCO,Palermo,Comuna 14,B (50-100m)
1247,1020.2297237387385,42.509571822487224,357.08040330841635,40137,Banco Santander Río,BANELCO,Belgrano,Comuna 13,A (0-50m)
1248,4718.5624722916655,1402.8158701420784,178.54020165420818,39982,Banco Macro,BANELCO,Barracas,Comuna 4,A (0-50m)
1249,1785.4020165427924,2720.6125966391824,1045.7354668317907,40796,Banco Galicia,BANELCO,Belgrano,Comuna 13,B (50-100m)
1250,12625.34283126689,2082.9690193018737,357.08040330841635,40347,Banco Santander Río,BANELCO,Retiro,Comuna 1,A (0-50m)
1251,7906.780358975223,4038.4093231362863,3417.7695745234137,40419,Banco Supervielle,BANELCO,Retiro,Comuna 1,A (0-50m)
1252,1275.2871546734232,467.60529004735946,969.2182375514159,40900,Banco Galicia,BANELCO,Belgrano,Comuna 13,A (0-50m)
1253,1657.87330107545,2508.0647375267463,3621.81551927108,40201,Banco Santander Río,BANELCO,Villa Santa Rita,Comuna 11,C (100-150m)
1254,29331.604557488732,8161.837789917547,2193.493906037415,40536,BBVA Banco Francés,BANELCO,Almagro,Comuna 5,A (0-50m)
1255,5228.677334161035,85.01914364497445,0.0,39986,Banco Patagonia,BANELCO,San Nicolas,Comuna 1,A (0-50m)
1256,5611.263480563061,42.509571822487224,0.0,40951,Banco Galicia,BANELCO,San Nicolas,Comuna 1,A (0-50m)
1257,1785.4020165427924,680.1531491597956,0.0,40756,Banco Galicia,BANELCO,San Nicolas,Comuna 1,A (0-50m)
1258,15430.974571548419,1870.4211601894378,0.0,40689,BBVA Banco Francés,BANELCO,San Nicolas,Comuna 1,A (0-50m)
1259,8544.423936311934,1870.4211601894378,1224.275668485999,40604,BBVA Banco Francés,BANELCO,San Nicolas,Comuna 1,A (0-50m)
1260,12880.400262201572,8459.404792674957,2805.6317402804143,41214,HSBC Bank Argentina,BANELCO,San Nicolas,Comuna 1,A (0-50m)
1261,4718.5624722916655,4973.619903231005,1632.3675579813319,40018,Banco Patagonia,BANELCO,San Nicolas,Comuna 1,B (50-100m)
1262,4208.447610422296,5016.129475053493,2065.9651905701235,40629,BBVA Banco Francés,BANELCO,Retiro,Comuna 1,B (50-100m)
1263,892.7010082713962,382.586146402385,51.01148618691662,41174,HSBC Bank Argentina,BANELCO,Retiro,Comuna 1,A (0-50m)
1264,14665.802278744366,425.0957182248722,76.51722928037493,41354,ICBC,BANELCO,Retiro,Comuna 1,A (0-50m)
1265,4208.447610422296,5908.830483325724,2448.551336971998,40462,Banco Supervielle,BANELCO,Retiro,Comuna 1,B (50-100m)
1266,1912.9307320101345,2295.51687841431,2703.608767906581,41364,ICBC,BANELCO,Barracas,Comuna 4,C (100-150m)
1267,8544.423936311934,5866.320911503237,5356.206049626246,40565,BBVA Banco Francés,BANELCO,Nueva Pompeya,Comuna 4,A (0-50m)
1268,2550.5743093468463,8416.89522085247,7549.69995566366,40682,BBVA Banco Francés,BANELCO,Monserrat,Comuna 1,B (50-100m)
1269,4973.61990322635,4378.485897716184,1096.7469530187075,41313,ICBC,BANELCO,San Nicolas,Comuna 1,A (0-50m)
1270,3060.6891712162155,1062.7392955621806,2218.999649130873,41173,HSBC Bank Argentina,BANELCO,San Nicolas,Comuna 1,A (0-50m)
1271,11605.11310752815,3060.68917121908,586.6320911495412,39855,Banco Itaú,BANELCO,San Nicolas,Comuna 1,A (0-50m)
1272,22700.11135318693,3953.3901794913118,11554.101621336615,40630,BBVA Banco Francés,BANELCO,San Nicolas,Comuna 1,A (0-50m)
1273,7141.608066171169,11350.055676604088,4080.91889495333,41208,HSBC Bank Argentina,BANELCO,San Nicolas,Comuna 1,B (50-100m)
1274,9947.2398064527,2167.988162946848,867.1952651775827,40135,Banco Santander Río,BANELCO,San Nicolas,Comuna 1,A (0-50m)
1275,27801.259971880623,8799.481367254855,6529.470231925327,41276,ICBC,BANELCO,Recoleta,Comuna 2,A (0-50m)
1276,637.6435773367116,510.11486186984666,25.50574309345831,40585,BBVA Banco Francés,BANELCO,Puerto Madero,Comuna 1,A (0-50m)
1277,4208.447610422296,1105.2488673846678,459.10337568224963,40631,BBVA Banco Francés,BANELCO,Puerto Madero,Comuna 1,A (0-50m)
1278,2805.6317402815307,1020.2297237396933,2372.034107691623,39781,Banco del Sol,BANELCO,Monserrat,Comuna 1,A (0-50m)
